id,sender_id,receiver_id,amount,start_time
0,5426,12975,100306,1
1,1667,3933,99713,506
2,2423,5047,101305,1011
3,12173,7011,99734,1386
4,8916,6825,99732,3490
5,2987,356,102014,5942
6,5429,5949,98006,6093
7,12219,2577,100654,7351
8,12599,10445,99396,8529
9,6742,11403,99224,8590
10,11426,8724,100198,9136
11,8739,12464,100909,9356
12,9002,3768,99172,10515
13,10192,10860,99714,10549
14,9760,8119,99156,10878
15,5805,10270,99708,10954
16,5827,6105,100558,11293
17,1554,1691,99609,11380
18,8833,11930,99096,12056
19,7604,694,101900,13007
20,1909,12446,98463,14210
21,3005,1331,97576,17204
22,9035,6415,101102,17255
23,9960,6973,100125,17405
24,6699,10310,100958,19742
25,7036,1788,98886,21968
26,10505,4913,100866,22148
27,8487,12068,98607,22994
28,9769,8299,99370,25142
29,8980,8115,101267,25578
30,4539,9931,99172,27840
31,9795,5570,102377,27916
32,1493,10239,97944,28779
33,12255,5310,98653,30218
34,11754,10040,98262,30220
35,10054,8030,99549,31084
36,6858,117,100343,31526
37,6123,11821,100619,32155
38,205,3500,100500,38078
39,911,2242,98875,39435
40,12134,2497,99658,39503
41,2997,9830,101645,39736
42,12010,641,100164,39868
43,2241,258,99659,39981
44,368,6633,99594,41947
45,3756,7011,100300,45378
46,10956,3621,99668,45705
47,1191,7621,100449,46246
48,7300,4786,99362,46511
49,9334,10502,98492,47067
50,11236,9783,99543,47879
51,5574,1775,99457,48045
52,1578,12194,100215,48300
53,8019,9277,100065,49362
54,163,1688,99803,52781
55,4694,7392,99136,52857
56,3283,1979,99309,53074
57,12214,7564,100308,53125
58,11018,9641,99207,53805
59,2659,8066,99425,53845
60,6328,10590,101397,54686
61,5924,4129,100288,54801
62,7543,1900,100174,55601
63,2806,9698,100245,56221
64,3447,1721,98762,57214
65,966,2734,100229,57390
66,865,4638,99574,59023
67,1864,2516,100193,59882
68,6827,10925,100195,60187
69,4222,858,100933,60926
70,10047,9587,100195,60940
71,5553,3049,100743,62351
72,12348,5173,98604,64823
73,104,8348,99821,65171
74,6323,2172,99685,65968
75,5881,12051,98698,66907
76,12533,453,99527,67042
77,1021,1757,100057,67054
78,280,5979,99496,67069
79,6142,2292,99693,67768
80,1704,11524,100151,68190
81,3662,12232,101029,70456
82,11435,3142,97656,71246
83,4505,10391,98330,71381
84,6379,12361,98360,71396
85,12398,7722,99660,71681
86,10505,11239,98915,73914
87,10606,7519,98672,74126
88,10252,7661,99481,74181
89,206,5467,100130,74690
90,11952,7506,98616,78331
91,1070,7868,100316,78566
92,7478,5430,98530,78902
93,9106,7635,101053,78979
94,11168,474,100764,80176
95,11717,11248,100862,80805
96,5866,4681,98635,81334
97,301,5224,98036,81473
98,8092,7305,98781,85115
99,5479,8819,98995,85435
100,5552,130,98837,87032
101,415,11450,100654,87760
102,3515,214,99154,89690
103,7035,6866,100320,89894
104,7449,1087,97233,91367
105,251,7401,99940,93037
106,4459,8279,101476,93119
107,3099,12788,100853,95122
108,11385,951,101087,95964
109,2438,2094,97361,98306
110,4491,6182,100546,99203
111,10914,4063,100877,99832
112,3345,2845,99852,100046
113,6249,6500,101219,100054
114,2709,6577,100794,101962
115,721,5411,100366,102891
116,3040,4153,101470,103539
117,2830,1986,100496,104679
118,7078,2032,100145,104835
119,12856,9778,99604,104884
120,6757,11698,100698,104906
121,4037,4220,100968,104990
122,10991,4581,100325,107981
123,2605,10753,101008,108368
124,1284,615,101300,109583
125,9879,7940,101302,110801
126,449,7616,99087,111101
127,4082,3344,100614,112216
128,4493,10135,100061,112806
129,8005,10185,98186,116248
130,1860,4678,100122,117027
131,5352,12683,100095,117253
132,12932,12918,102018,118000
133,10527,1762,97893,120183
134,341,6947,100266,121551
135,11938,395,98968,122846
136,11220,10477,99799,124020
137,6344,2454,99796,124830
138,7567,3511,99992,125058
139,3589,3223,99259,126098
140,9761,11985,98597,126156
141,11448,6616,98534,127446
142,10391,3940,99897,127473
143,2650,7721,99607,128172
144,9757,10248,100924,128950
145,2856,12484,100800,129248
146,420,7341,99289,129873
147,4841,12329,98252,131058
148,1060,5946,98080,131173
149,10617,8246,101546,131786
150,9969,9573,100673,133655
151,3609,5579,100444,134723
152,8151,146,100436,134804
153,7852,238,99534,135680
154,5967,7462,99700,135708
155,12474,9822,99974,136197
156,9719,10880,100353,136794
157,7616,6220,99690,136884
158,10450,12900,101366,139234
159,12938,482,101189,139272
160,1634,9356,101523,139282
161,7921,7008,100228,141490
162,10357,6643,100237,141647
163,1012,2052,98803,143465
164,8099,9056,100120,148065
165,11205,9253,100861,148372
166,11831,13009,101411,148659
167,8315,2256,98956,150860
168,10573,11379,100130,151166
169,8428,10658,98292,151496
170,12783,12903,100827,152258
171,6527,4091,100200,152390
172,4769,11984,99428,153108
173,2974,12216,101094,153770
174,11593,8458,98074,154164
175,11540,11183,100148,154888
176,8981,3475,101023,155877
177,6479,3774,100178,156105
178,4052,10664,101243,158586
179,6802,5549,99507,161561
180,4831,773,100116,163421
181,4929,11973,98757,163557
182,1138,5292,99351,163934
183,1966,2274,100312,164041
184,5381,12402,99578,164245
185,5717,9132,99519,166359
186,7471,6225,98882,166417
187,3584,2977,100147,166566
188,6470,10131,98677,166758
189,7591,7426,102229,166927
190,12699,3958,100218,167832
191,8157,421,99474,168047
192,850,890,101025,168517
193,4161,12691,98851,171622
194,12657,5410,99310,173360
195,2160,8231,101498,173417
196,6205,4275,101220,174094
197,2723,9499,99098,174673
198,5951,7983,99590,174683
199,1456,9866,98876,179788
200,12808,2157,99801,180201
201,8269,6816,99758,182242
202,1624,1816,101968,183362
203,11334,10021,99104,183867
204,298,11228,100759,185527
205,5865,164,101070,186927
206,5845,7518,101124,186932
207,1361,6303,100882,187762
208,10805,8101,99414,188881
209,10576,7527,99164,189430
210,7293,10482,100547,189864
211,3220,11136,100821,190151
212,3768,8012,99256,190709
213,6821,10509,98473,190745
214,2780,10977,99712,191114
215,12705,9540,99532,191315
216,2786,7043,99360,191468
217,6418,4906,100234,192546
218,10406,8979,100743,192778
219,7830,11936,101296,193507
220,7207,904,99744,195307
221,6307,5664,100691,195413
222,9187,367,99239,195547
223,4890,12700,99422,196069
224,2636,12165,101176,196586
225,5808,1909,101197,197007
226,2455,617,99267,198410
227,11752,2742,100249,200086
228,9745,12494,98596,200995
229,12078,3844,100500,201074
230,5537,12041,99347,201131
231,10292,10868,99249,201758
232,5141,1071,99048,201841
233,991,11771,99726,203117
234,6905,5825,102730,203258
235,2621,2686,99621,205137
236,6609,7398,100657,205578
237,11714,1406,100189,206495
238,1386,10201,101784,206540
239,11970,10241,102088,207417
240,9629,5030,99541,208217
241,5846,2818,101574,210087
242,9406,10615,99445,212067
243,12778,257,100692,213286
244,5246,8446,99253,214548
245,9687,12847,100645,214807
246,9483,10818,102821,216034
247,425,10156,99360,216584
248,10023,2303,100832,217533
249,7775,5229,100947,217596
250,40,9171,99364,219863
251,9410,3113,98955,219962
252,2866,4638,100551,222107
253,2324,7067,99386,222331
254,1800,1589,100883,223282
255,12360,4217,99948,223906
256,5778,906,100339,224461
257,7788,4498,101339,224764
258,2881,4076,100908,225141
259,5269,8156,100680,225940
260,5825,5857,99807,226550
261,1344,8538,99815,226690
262,11831,2087,100984,228145
263,12844,6567,99996,228626
264,10967,6275,100198,229477
265,10576,12267,100036,229568
266,2530,1672,100467,229857
267,12528,9117,101400,232798
268,12346,11150,101468,234618
269,2343,103,99208,234682
270,4191,5713,99785,235261
271,7644,3327,100320,236214
272,6217,6927,100106,238842
273,9681,11658,99898,239122
274,11147,8516,101827,240272
275,885,5178,100123,241040
276,2466,11618,99031,241149
277,7310,1877,101026,241315
278,7345,33,98489,242884
279,11773,9053,99271,243040
280,8428,8477,99692,243428
281,4046,2245,99892,245923
282,3141,11041,100672,249620
283,1259,4168,101809,250364
284,4880,3669,99567,251330
285,5946,3279,101299,252639
286,5633,78,101253,253039
287,405,9074,99903,253336
288,10517,7701,99481,254121
289,11203,6348,100740,255784
290,2399,12142,98499,258068
291,7215,5804,100791,258716
292,3630,5853,100634,259863
293,5075,2969,99475,260429
294,12211,3827,100542,261941
295,9897,2273,99732,263417
296,1881,7350,99183,264618
297,5538,8958,99161,264651
298,9009,6273,100123,265203
299,6994,4839,99560,266219
300,750,3073,98964,267447
301,5056,7984,102204,267628
302,2211,7246,100339,268349
303,1774,11389,99366,272380
304,6022,12264,98129,273067
305,9018,2101,98758,274827
306,3407,11014,100189,276438
307,8760,5551,102482,276446
308,1892,9265,102531,276798
309,2479,11185,100405,278478
310,8242,9384,99719,282788
311,12788,12339,101615,282789
312,1974,6128,100601,283622
313,7303,6098,99867,284674
314,7797,826,99541,286064
315,6398,7538,100737,286446
316,842,6353,101530,286559
317,1319,8115,99431,288939
318,3703,8370,100178,290154
319,2927,8697,99793,290249
320,2448,50,99483,291835
321,9953,6348,101469,292527
322,370,1139,99454,292787
323,121,5645,99920,292948
324,6112,7803,99942,293401
325,9600,10076,100799,295938
326,11569,8772,98771,296219
327,5675,11854,99397,299784
328,12371,33,99283,300256
329,11014,12947,100099,301309
330,404,10605,99434,302305
331,4297,12763,99314,304049
332,9218,4622,99312,304731
333,6187,6877,99466,305188
334,4806,9615,99874,306485
335,927,6206,99389,307426
336,11528,9139,101090,307952
337,71,3498,99573,309334
338,5440,11233,99237,310034
339,5702,12568,99126,310288
340,8757,1921,99855,311789
341,9970,1868,99634,311994
342,10370,9921,99482,313454
343,4427,3777,98679,314624
344,217,5049,98483,315103
345,12286,8579,99559,315981
346,1985,5524,99796,317035
347,9900,5239,99591,317760
348,7259,3791,100097,317800
349,9724,915,99811,318156
350,4543,11173,99816,318828
351,10322,7021,100963,319124
352,5811,1244,99145,319443
353,5158,4272,100327,319825
354,2864,6448,100876,319979
355,12901,1224,99770,320234
356,5022,4662,98900,320980
357,10211,989,100917,321043
358,12376,9421,99475,321376
359,6360,6868,99014,322158
360,7217,3250,99313,323263
361,12245,4241,99971,323914
362,11578,1058,99525,325352
363,1958,6108,98573,326443
364,539,12353,98848,326480
365,6615,9028,100363,326769
366,5601,8433,99388,327536
367,4588,518,99592,327579
368,2516,8246,101169,327632
369,10615,7873,100767,328875
370,8034,2101,101980,330756
371,11338,5908,101031,331075
372,8538,11038,99447,334106
373,1101,662,98470,334829
374,824,838,98728,336822
375,3765,1062,96845,337342
376,1633,12551,100151,339183
377,2264,563,99768,339621
378,3115,5234,100584,343251
379,9181,4487,98579,345926
380,3068,10762,100172,347078
381,3377,844,101095,348209
382,9126,7932,99922,349527
383,157,3297,102402,349836
384,10599,9032,100062,349975
385,10239,10961,101900,351176
386,6913,10889,100191,351525
387,12380,11355,99268,352913
388,838,6744,99353,354663
389,8130,11473,99802,354737
390,7787,5162,99305,355717
391,6656,11125,99414,357079
392,11499,5406,98183,357201
393,8385,2953,101107,358491
394,3115,11652,99689,358667
395,6137,10993,100320,360663
396,12537,2836,101211,361568
397,5353,7794,101733,362362
398,770,3875,100776,365322
399,6698,6957,99200,366358
400,9797,8600,99979,366755
401,5649,11939,100338,367806
402,11127,11883,99442,369535
403,9553,11443,98792,371916
404,1599,1099,99850,372496
405,6843,1649,100135,376001
406,469,3049,100430,377553
407,8548,157,98640,379486
408,278,12114,99394,379833
409,7123,12087,100034,381752
410,5916,9386,100701,382058
411,6313,3972,99797,384253
412,3180,1168,100451,385443
413,1743,936,100430,387400
414,9798,5910,99697,388792
415,4018,1041,98262,389973
416,5799,8318,98790,390568
417,4532,9164,100390,391291
418,9071,7907,98748,391454
419,12915,9899,100379,392722
420,11764,8423,100704,392916
421,7985,5088,99078,393684
422,10610,8425,98433,395111
423,6198,5564,99031,398277
424,4858,10940,99446,399192
425,8817,8963,99799,399420
426,1147,2156,99228,400039
427,6991,2584,101758,402066
428,9432,10421,100541,403920
429,2363,5574,100749,405448
430,8549,5728,101225,405672
431,5090,6890,99884,406345
432,11332,11361,101070,407494
433,6567,11700,101052,409376
434,2483,9770,99765,410475
435,1630,4480,98806,410557
436,8267,11556,100376,411546
437,4769,12443,100159,413210
438,2574,11442,98861,413620
439,11174,12907,99507,414565
440,12917,11019,101376,414754
441,1467,970,98225,416906
442,1605,12448,99570,417440
443,3486,12893,99575,417551
444,6006,1252,98102,419066
445,1430,6339,98146,419459
446,3409,1354,100239,419481
447,8809,10684,98735,419996
448,8923,12586,98847,423653
449,6570,1597,99165,425414
450,11573,3168,99432,425783
451,1836,9,99945,426191
452,1891,5483,100650,428457
453,1683,11360,100707,428760
454,6122,1593,99180,429211
455,2917,3586,100383,433227
456,5035,10179,99770,433520
457,120,11515,97612,434027
458,3872,2598,99598,434238
459,1510,1537,100379,435345
460,9682,8970,98531,435623
461,4451,8109,100508,437265
462,4262,7169,99826,439389
463,12769,5984,101485,440593
464,3303,11294,100386,441153
465,2594,4971,98365,441978
466,1032,7,100588,443331
467,1740,8002,100990,447288
468,109,11548,100396,447987
469,756,3004,98813,448060
470,2407,4618,100483,452110
471,995,11889,98102,452586
472,10152,5412,102175,454281
473,8364,6294,101141,456473
474,10243,3437,98858,456928
475,3589,7863,100536,457214
476,5111,2391,100549,458777
477,12391,8393,99763,459770
478,8964,3481,99272,459916
479,4087,5863,98731,460006
480,2836,7383,100028,461176
481,3692,7791,101536,461874
482,7052,7191,99178,464541
483,9209,11224,99926,465701
484,3423,12220,99962,465970
485,8555,8595,99131,467435
486,2742,12691,97872,467545
487,11821,5060,101002,468216
488,4413,304,98065,468985
489,8242,5082,101205,469974
490,8828,6030,99131,470798
491,623,4659,102438,471881
492,12175,9256,101650,475772
493,7464,5738,101394,476006
494,489,2034,98688,476011
495,12685,3606,100253,476127
496,9992,9254,100051,476923
497,10203,10422,101830,478406
498,12120,1362,100057,478730
499,6583,11961,101077,481170
500,7803,5529,100503,483433
501,8176,12657,99730,483766
502,917,12673,99879,483780
503,1518,12645,99799,484023
504,10952,5004,100457,484691
505,3769,4511,99089,485368
506,3302,867,100188,486661
507,10363,337,99988,486696
508,3660,8892,99574,487096
509,2316,10364,99519,487124
510,4006,1305,97924,490159
511,5130,11554,100047,490751
512,4850,4323,100612,491359
513,3039,7875,101516,492673
514,4349,7836,99448,493421
515,10080,5427,98791,493869
516,11191,11909,100000,493928
517,3812,75,99719,494386
518,724,5301,99234,494826
519,11524,12409,99710,495028
520,3620,7599,96946,496059
521,12194,1447,101504,496636
522,11085,10427,100543,497222
523,5196,1321,99857,497322
524,12638,7101,99586,499701
525,7905,11587,100804,500878
526,2031,9985,99699,501877
527,4666,2740,98043,505713
528,2080,6102,98918,505800
529,12601,2151,99476,506698
530,8991,10014,98180,508764
531,11193,3183,102318,509420
532,448,2624,102218,511409
533,1627,12805,98860,511721
534,2912,2145,99133,511767
535,3336,3621,101366,512798
536,3834,3617,99120,513690
537,6425,4951,100923,514355
538,6455,7067,98655,514693
539,3762,1733,100567,515787
540,12205,11211,100427,518492
541,4635,12176,98170,519007
542,3573,11117,100505,519211
543,9510,5752,98810,519715
544,12327,3509,102905,523036
545,9400,8391,99985,524210
546,12591,4024,99752,525210
547,1616,8612,99875,527691
548,772,12041,99268,528316
549,1492,10497,99845,532917
550,3125,12777,100783,537510
551,1193,2308,100959,537668
552,3005,8077,100394,540403
553,6508,11561,98704,541103
554,12332,8226,99681,541673
555,12031,6090,100387,542429
556,2056,10936,100902,542444
557,2490,8776,101142,542674
558,4185,4140,99605,542954
559,12567,3803,99473,543368
560,11320,4296,100243,544519
561,11503,1566,100137,545818
562,11803,5724,101046,545845
563,4778,10420,101028,547293
564,8713,2579,100484,549570
565,4353,5905,100186,551737
566,6585,2360,99776,552885
567,2717,6770,100300,553064
568,10733,2142,99189,553260
569,12257,12619,101508,553804
570,3380,10781,99249,556910
571,4086,1050,102359,557418
572,2921,8850,99351,558257
573,6142,8668,101083,558976
574,5331,12491,100034,559439
575,8363,8745,98658,559556
576,11655,11062,99288,560077
577,8809,9677,98750,561071
578,4091,3036,101468,563180
579,12014,3312,100622,564352
580,13,11378,101681,565422
581,2160,10973,99242,565942
582,11140,9484,100924,568170
583,7040,360,100375,571144
584,7930,8964,101597,571329
585,5399,8456,98765,571978
586,4209,11387,101110,573030
587,7578,11008,101314,574051
588,7523,9338,98365,577450
589,8052,2004,100827,579162
590,4046,4551,97954,580307
591,7186,3076,98999,581775
592,6616,7434,99326,582954
593,12314,1548,99606,583290
594,12318,496,102010,583378
595,10845,2634,100936,585642
596,9185,3905,100478,586392
597,10897,8462,101185,586542
598,3011,4210,101411,586827
599,12971,11003,100076,587418
600,4295,5121,99772,587716
601,729,8470,99374,589627
602,3836,8046,100246,592482
603,7042,7983,98606,592799
604,12223,6419,99758,593036
605,6928,10802,99468,593136
606,8218,5011,98986,594492
607,3124,5078,100875,594866
608,7643,4733,100235,595004
609,7262,1369,99609,596176
610,1645,10978,99427,596216
611,8099,3143,101031,596659
612,12702,11137,100507,598263
613,4775,10547,101143,598309
614,5966,154,99580,601033
615,12324,8055,100327,601838
616,424,6800,99190,602671
617,6942,6407,99558,604801
618,4252,12536,100605,605048
619,9721,10405,100012,605335
620,1082,11105,102319,606679
621,12082,6706,97522,606953
622,12833,5021,99977,609624
623,11323,5086,99053,610968
624,8057,12959,100056,612593
625,12409,3304,99367,613132
626,11917,4872,100918,615118
627,7847,4587,98993,615771
628,3836,5344,102365,617097
629,7920,8338,101473,617364
630,665,5043,99969,618166
631,5360,12542,98294,620023
632,7835,2825,99894,621011
633,3869,3911,100797,622652
634,908,6259,99886,622702
635,6725,1957,99827,623142
636,12431,9265,99928,624184
637,6712,6865,99701,624363
638,2578,3262,99868,624407
639,6156,9279,100472,624418
640,5774,4353,100924,624534
641,2032,12214,100879,624646
642,8575,11858,101370,625184
643,12084,6273,100917,625578
644,6218,2587,100440,627660
645,6213,12351,101912,628880
646,9739,9424,99650,631381
647,2959,10887,100052,631494
648,11289,10741,100311,631634
649,12446,6974,100114,631713
650,10030,12582,101665,635524
651,8490,3263,98781,638592
652,12416,2129,100496,640897
653,10838,150,98706,641370
654,3064,11844,98952,642709
655,10429,9421,99761,643699
656,4752,3638,100985,644461
657,3161,7164,102415,644590
658,5148,2483,99372,644879
659,6968,8532,100430,645116
660,46,11361,100503,645231
661,10634,7075,101279,645751
662,3161,3189,100255,646724
663,9198,3014,99030,647556
664,7224,10166,98516,647847
665,12471,8450,101443,648139
666,6820,3092,99399,649817
667,1508,10507,101975,649874
668,5869,7300,101718,651951
669,1522,9146,102519,652424
670,11825,3688,99669,654291
671,5121,10672,99922,654411
672,489,2028,99903,656970
673,4762,574,98295,657086
674,8054,4096,99392,661053
675,46,2029,100950,661603
676,8041,10827,99673,662230
677,1010,6389,100656,664057
678,8253,7175,101188,665156
679,11112,5899,100067,665622
680,8569,3531,99957,667173
681,4030,7844,98479,671143
682,6067,10477,101306,672437
683,11858,5382,101749,673610
684,12310,8706,99541,677101
685,2520,189,99524,677931
686,9985,12556,100224,684377
687,5705,5069,100867,685352
688,2453,6419,100242,685972
689,9299,6670,100520,686774
690,5729,8287,100178,686894
691,7453,1967,100124,687761
692,11030,6268,101295,687839
693,2848,5539,100994,688221
694,5535,8235,100147,689438
695,2241,6119,100498,689697
696,174,2036,100072,692064
697,4194,10502,100755,692800
698,3499,8499,100314,693360
699,9990,11052,99201,693790
700,12171,5563,98701,697737
701,6655,8372,99844,698526
702,4355,10386,97995,698861
703,2298,1590,101988,700125
704,8865,3280,100405,700267
705,3841,10391,100920,701317
706,8412,5400,100538,701620
707,4420,5445,100038,702490
708,6212,8595,102167,704321
709,60,11321,101222,704889
710,11421,576,101761,708214
711,6853,7892,101170,709231
712,4154,10743,100674,709284
713,8394,1750,100504,709451
714,2281,1456,100409,709496
715,10017,3041,100034,711335
716,1965,8170,101169,714208
717,11128,11264,99894,714375
718,3693,610,100124,714650
719,9039,3308,101047,714715
720,5828,10776,100906,716049
721,12157,10363,99855,717178
722,2395,3280,99811,717209
723,9639,12318,101211,718289
724,11390,7698,98462,718578
725,7993,3853,102539,718653
726,12518,11536,100310,719366
727,10738,4473,100455,723511
728,10446,9060,101605,723739
729,2380,872,99035,723974
730,7791,1474,99663,724111
731,3528,12467,100273,724800
732,9654,12621,98258,725558
733,454,8837,100004,726045
734,3892,4126,99698,726380
735,3031,10004,102151,727701
736,10426,4691,100924,727965
737,7819,8171,99668,728151
738,384,739,98544,728706
739,2335,9645,98781,729821
740,4194,10346,100221,730505
741,8245,10727,100464,730873
742,7752,1268,100474,731079
743,11822,9673,98553,733093
744,7019,8547,100506,733352
745,3116,2270,98876,733479
746,11078,8083,99702,733732
747,11569,426,100219,736363
748,3014,2834,101720,736513
749,9405,4908,99322,737018
750,6154,3412,98574,737126
751,7030,10052,99890,737798
752,3538,6884,98982,738914
753,4639,6737,98929,738952
754,6104,8340,100062,740171
755,4309,2941,101063,744256
756,6847,363,102076,744548
757,8149,2422,99961,745536
758,12775,8528,99606,745869
759,8507,10417,101366,748769
760,3627,3587,100633,749313
761,7591,7843,101083,755984
762,11155,12614,99453,756254
763,3515,12045,99381,758946
764,3968,7016,100355,759080
765,2454,8242,99320,761793
766,9542,12905,102612,763420
767,12915,5165,99583,764181
768,8444,5677,99543,764509
769,11998,5873,100938,764732
770,11346,3475,98982,765625
771,12197,10635,100309,765887
772,32,12510,98453,766711
773,2939,9549,98383,766938
774,3638,5288,99045,767627
775,8717,8588,99974,767759
776,8073,2361,100516,768318
777,3819,64,98837,768453
778,4166,8181,99661,769398
779,5600,6507,99729,770324
780,8500,7032,100607,770329
781,12594,9563,99932,770348
782,9080,7530,100081,770822
783,5924,9056,99303,771950
784,2548,11821,97911,772920
785,12878,9760,99376,773193
786,8127,5303,98754,774301
787,11034,2648,100679,775152
788,2240,12658,101786,775355
789,9343,8306,101393,775522
790,10083,2958,98387,780073
791,12564,6703,99970,780093
792,9751,8992,101818,780543
793,4772,6366,98644,783810
794,5121,8398,99929,784430
795,7977,3571,100114,784512
796,380,8177,102021,784858
797,3245,7514,100450,786766
798,5729,8653,99428,787039
799,4414,12993,99566,787472
800,12242,2812,99437,788160
801,3063,10685,101823,788964
802,9181,10879,98293,790367
803,5607,11970,99945,791070
804,6869,9702,99108,791699
805,10503,11647,99732,792287
806,9513,12448,100745,793219
807,5665,387,99711,793593
808,63,2694,98774,795635
809,8826,7117,100264,796128
810,8011,2721,99374,796584
811,4729,7481,98947,796862
812,4261,8344,99143,797278
813,3483,619,99104,798565
814,2522,33,97405,799573
815,3562,11453,100928,799613
816,3996,6204,100826,799944
817,7613,4795,99896,800037
818,5382,9203,100533,800421
819,679,1586,100488,800573
820,6557,6143,99774,801944
821,10653,5955,100610,802809
822,8171,9657,100645,803546
823,10882,9268,98084,804277
824,162,9303,99528,805870
825,6870,12101,102175,807827
826,1728,10953,99525,808575
827,5432,9809,100490,810125
828,11115,656,100258,812082
829,1737,12010,98303,815370
830,1093,3620,100529,816144
831,8229,7053,101022,817268
832,450,12635,101095,818153
833,698,8350,99669,818610
834,6628,5522,99848,819443
835,2840,8628,97646,820275
836,12649,7461,100297,820713
837,8690,8503,100795,824482
838,11503,3249,100832,824596
839,4300,2488,99485,828143
840,11113,3282,99625,829119
841,346,5309,99402,830471
842,9691,2288,99005,830979
843,10979,4908,101228,831708
844,1123,7899,101497,831723
845,12446,12791,100199,831900
846,4998,12675,100090,833093
847,8676,11786,98911,838779
848,9973,2415,99723,841930
849,8295,9138,100146,844075
850,12110,3306,100993,845550
851,2354,7438,100570,846478
852,1907,11158,98852,846805
853,10808,11917,98931,847742
854,3717,11201,101322,848557
855,9274,7463,100769,851092
856,4520,9577,98080,852997
857,637,7505,102134,854876
858,3622,11621,102754,855846
859,8551,1735,99760,856035
860,1475,11736,101068,856059
861,9543,8148,99492,856383
862,3265,5304,98648,856506
863,10208,3520,100416,856712
864,4923,8178,99201,857314
865,8072,12114,98338,857515
866,7999,8285,98755,857720
867,11226,6581,101314,858338
868,1256,7461,101237,858364
869,12456,91,99530,860528
870,12045,3495,101694,860605
871,4913,11207,100057,860685
872,4149,9157,100002,863469
873,10899,3383,98875,863513
874,7662,2045,101181,864395
875,7563,2111,99401,864422
876,9906,12190,99862,864731
877,11823,8971,99563,866084
878,3741,5349,99750,866533
879,9488,10503,99178,867148
880,8305,11439,100420,869098
881,749,8400,98749,869948
882,9700,2352,99067,870610
883,11249,11547,99302,873799
884,12548,10541,99788,874051
885,40,10495,99819,874671
886,8500,1661,100931,876019
887,10151,6017,100815,876556
888,3241,9620,99387,877024
889,6554,9845,100792,880847
890,3404,2786,99755,881792
891,7807,7115,99364,883139
892,1319,3187,99411,883231
893,5972,11269,100046,885601
894,9218,8288,98856,886802
895,7140,5139,100592,886908
896,10232,572,99714,887290
897,6851,4475,97854,887384
898,7373,2601,98830,887609
899,7719,5419,99899,890231
900,4537,9127,98668,890429
901,10821,886,102922,893783
902,7753,8210,99447,894120
903,12310,10809,100173,894463
904,7392,1238,101257,894894
905,7111,12479,100133,896094
906,8493,10144,96841,897134
907,4570,7875,99207,897914
908,4354,9493,99681,898050
909,130,4724,98587,899748
910,11027,9769,98924,900005
911,4612,5311,102004,900804
912,853,7903,99731,901989
913,11411,9788,101372,904041
914,11440,3332,99186,906533
915,6982,1961,98450,906774
916,7113,2585,100846,907947
917,3781,749,100190,908172
918,12629,5961,100157,910485
919,8236,1662,99030,912275
920,940,6169,97749,914416
921,1540,6919,101364,915211
922,2452,1460,99626,915418
923,11680,712,98236,916988
924,7223,5184,99350,917099
925,116,5080,100018,918261
926,4531,7617,100210,919821
927,6104,11203,99200,921161
928,7482,3302,99776,921176
929,8635,1375,99063,921502
930,5232,6746,100952,921602
931,5704,1544,99312,922277
932,12371,12863,100115,923652
933,11342,3359,99638,923696
934,1987,1760,101857,925106
935,11765,9483,99017,925523
936,6234,5089,100399,927345
937,3159,4162,100462,929917
938,3547,4489,101535,930130
939,3014,11022,100004,930225
940,6859,1008,100915,930942
941,6212,25,98994,931244
942,3694,10686,100250,931981
943,5419,10259,99857,932038
944,7725,11186,99684,932179
945,9330,9529,101562,934462
946,2333,9755,101479,935363
947,10327,1630,100508,935460
948,8067,11806,101564,936668
949,12394,12845,101212,936793
950,11247,8996,99344,937855
951,4780,12039,101931,938599
952,3943,9443,100266,939031
953,9931,4194,100756,939944
954,2086,12271,99129,942856
955,3250,4995,99057,945710
956,6100,8052,100315,947559
957,2415,10771,99242,948707
958,13010,6381,100119,949380
959,8868,10279,101280,949652
960,6350,6234,99608,950671
961,11014,9639,101780,951261
962,8182,7925,99672,951629
963,7058,7637,99733,952340
964,8639,7344,100396,952550
965,8365,11753,98968,952621
966,12271,11604,98464,954182
967,9774,6698,101056,954310
968,4262,10397,100384,954552
969,10738,427,99303,955286
970,11392,8842,99991,956503
971,5167,11960,98578,956659
972,277,6097,98923,957031
973,3123,6146,100378,959173
974,4864,4075,99676,960468
975,12212,12417,99690,962404
976,12194,12084,102730,963432
977,2633,9585,100389,963916
978,5156,12691,100172,965615
979,7695,9336,100708,965933
980,12746,8527,100065,966191
981,8075,9316,100764,967086
982,7848,4490,99158,967500
983,9722,6436,99655,967650
984,7097,4344,98951,967898
985,10399,6315,99270,968861
986,460,6399,100385,968915
987,3165,11584,99945,968939
988,12091,2579,100433,969018
989,9101,3191,99288,969352
990,9768,9697,99415,969915
991,8209,11362,100198,973771
992,1342,1524,99997,974994
993,11866,12740,100824,976191
994,9950,8882,100450,977778
995,5128,520,99063,978068
996,9048,4357,100284,979190
997,8177,2293,100645,979414
998,11754,8489,100209,979735
999,4293,9608,101041,980724
1000,7525,11649,100080,981260
1001,8227,1793,100668,983347
1002,9948,10508,102789,983951
1003,10043,1273,98061,984296
1004,1569,9305,99494,985083
1005,1747,2957,99231,986273
1006,3388,5801,99653,986763
1007,11992,3871,101204,987002
1008,456,6452,100567,989863
1009,9070,10445,99949,991039
1010,3030,12784,99647,993180
1011,1227,3094,98891,995038
1012,430,11193,100418,996333
1013,12754,1157,99231,997186
1014,12340,7328,99588,997276
1015,4679,7736,98887,998011
1016,6675,6390,99706,998199
1017,12195,146,100724,1001343
1018,458,1322,100395,1002397
1019,1484,3718,102065,1003983
1020,4004,3825,99965,1007533
1021,4489,2146,100833,1007829
1022,11173,10827,99334,1007847
1023,4573,12119,100769,1009415
1024,7748,3903,99723,1009605
1025,10023,7507,99611,1009851
1026,3905,6070,99968,1010061
1027,10169,6030,100577,1010250
1028,6656,6262,99443,1011828
1029,2565,7610,98374,1012069
1030,11625,5202,99585,1012120
1031,2248,12530,99827,1013023
1032,7457,4636,101788,1014821
1033,11679,5005,99138,1015733
1034,7568,9124,99739,1019954
1035,6975,11304,100600,1021301
1036,10552,12228,99455,1021992
1037,10061,10766,102066,1023346
1038,8483,4876,99250,1023371
1039,2146,9580,98856,1023763
1040,4902,4824,100697,1024833
1041,11802,2640,101281,1025142
1042,4947,9455,98857,1028535
1043,6793,7349,99007,1028539
1044,8054,9043,98418,1029141
1045,2314,9528,100455,1030997
1046,6236,5916,99820,1031840
1047,1629,3187,101190,1033970
1048,3549,12956,98901,1034352
1049,12358,4086,99441,1036058
1050,6953,12399,100555,1036145
1051,7836,1412,100119,1036180
1052,8589,11001,100961,1036555
1053,3681,491,99522,1038300
1054,2941,553,99003,1041337
1055,11786,5089,98406,1043769
1056,7205,2139,100428,1045353
1057,7498,8910,99738,1045401
1058,8983,6229,100548,1045734
1059,1408,10121,98322,1045785
1060,80,12395,99379,1046021
1061,9631,8346,99191,1049334
1062,1068,4184,98432,1050096
1063,6640,12533,101271,1053071
1064,4235,1511,101995,1053480
1065,3565,282,100905,1053597
1066,5008,11651,101673,1055006
1067,744,12242,100220,1055113
1068,4103,6971,100203,1055189
1069,2494,4159,101208,1056819
1070,9045,9658,99557,1056905
1071,9953,3975,100172,1057311
1072,9819,1281,98650,1057649
1073,3469,8121,98849,1057810
1074,8492,568,100355,1058828
1075,9894,7360,98671,1058910
1076,11408,3422,100606,1059762
1077,3178,1838,99928,1061777
1078,4773,3083,99146,1062367
1079,7687,7945,98529,1063820
1080,1459,677,100830,1064508
1081,9747,6373,100316,1064803
1082,5680,4481,99933,1065044
1083,7630,7041,99898,1066258
1084,12590,10627,100689,1066836
1085,8567,2192,100432,1067194
1086,10324,2205,100579,1070986
1087,960,12501,102792,1073376
1088,8406,9382,99192,1076414
1089,4859,8715,100681,1076541
1090,144,2317,99548,1078047
1091,9291,8912,100977,1080229
1092,2037,1262,100296,1080330
1093,1454,9198,101015,1080622
1094,6396,6811,100525,1081928
1095,9662,4107,100934,1084190
1096,2345,3462,99893,1087721
1097,4259,3961,100864,1094865
1098,10958,11754,98539,1095317
1099,12114,3675,98439,1096791
1100,11979,12443,98593,1099530
1101,3985,10915,99506,1100795
1102,7472,640,99277,1101315
1103,11310,63,99493,1103957
1104,10916,10852,99085,1104678
1105,6904,6482,98183,1105680
1106,7852,5812,99597,1106004
1107,6116,10992,99682,1106831
1108,6518,11812,99241,1107130
1109,9964,11992,100892,1107619
1110,8053,2319,100649,1108809
1111,10993,3346,100300,1109372
1112,149,11031,99723,1110188
1113,6300,9268,99334,1110789
1114,11422,11781,98735,1112249
1115,6763,6437,101139,1114823
1116,2926,11649,99780,1118686
1117,3811,10604,98261,1119092
1118,7622,9834,101528,1119285
1119,2499,5449,98896,1120032
1120,216,10525,99369,1122569
1121,732,10776,100102,1122991
1122,4146,2929,99264,1126115
1123,5705,7346,99020,1126702
1124,3246,978,99397,1126814
1125,6306,2393,101431,1128093
1126,9222,1544,98897,1129671
1127,5482,6733,99480,1130347
1128,1528,11091,99542,1131304
1129,1834,12811,100500,1131736
1130,8493,10159,99972,1133214
1131,9465,12384,102662,1134568
1132,8959,6689,99945,1139084
1133,4279,4143,100917,1148548
1134,35,8739,99073,1148957
1135,237,11474,100582,1150463
1136,12849,3686,100157,1152557
1137,11822,4159,99611,1154788
1138,11260,2223,100865,1155331
1139,4384,8406,100964,1155332
1140,5477,863,98447,1155462
1141,9199,6946,99464,1157647
1142,9821,11076,100006,1157721
1143,10391,12872,101278,1158907
1144,2964,11945,98074,1159342
1145,6903,7111,100692,1159758
1146,10373,3386,99974,1161010
1147,12926,3842,100243,1161914
1148,11011,5442,98236,1162824
1149,2181,2499,98525,1163018
1150,2004,11432,100522,1163136
1151,4902,6652,100452,1163939
1152,1590,9634,98715,1164011
1153,7559,6841,100046,1164463
1154,8008,6020,100418,1164731
1155,739,8043,98920,1166474
1156,1155,10796,99144,1166548
1157,12298,12472,100961,1167359
1158,1320,10644,98656,1169783
1159,9806,6447,98482,1169789
1160,4777,9391,100661,1169891
1161,10921,4307,100895,1169901
1162,6070,5534,100356,1170215
1163,6038,4616,99507,1174081
1164,7179,11296,99437,1174271
1165,6647,12224,98652,1174774
1166,7639,10110,100068,1174925
1167,4091,1253,99123,1176579
1168,6718,7560,99551,1178721
1169,6560,8218,102453,1179642
1170,123,8871,98375,1179664
1171,3674,4085,99942,1182649
1172,7487,4190,98928,1183151
1173,1838,6591,99235,1183757
1174,2039,12426,99985,1184157
1175,925,8382,100385,1184771
1176,11704,10357,99640,1185356
1177,5240,2664,100382,1185671
1178,8286,9364,99240,1188051
1179,6401,10182,100369,1189435
1180,7819,10676,99667,1190488
1181,12820,10598,100687,1192478
1182,11927,5392,100868,1192778
1183,11464,4343,100128,1196525
1184,10616,11558,98370,1197232
1185,10947,4535,100313,1197894
1186,87,930,101132,1197918
1187,9624,10646,98935,1199612
1188,398,5811,101297,1202847
1189,382,1218,99823,1204435
1190,11449,10759,99438,1206149
1191,11492,6087,97228,1207257
1192,5218,9475,98823,1208562
1193,290,10205,101359,1208850
1194,7318,9104,100769,1209235
1195,10155,3724,98413,1209497
1196,8883,6272,99277,1210407
1197,229,2899,99167,1214723
1198,9963,2895,99488,1216294
1199,6691,9357,98872,1216357
1200,7220,8750,101185,1217634
1201,8152,6033,99876,1217666
1202,4007,4893,99215,1217763
1203,7330,8404,100558,1218177
1204,8943,5526,99991,1218753
1205,4086,1594,100123,1219625
1206,12748,12348,99323,1220094
1207,173,10589,98990,1220584
1208,10448,11953,99996,1220702
1209,5136,6909,101214,1220883
1210,4896,5075,98997,1222272
1211,6604,1279,97858,1223050
1212,7334,10981,100623,1224882
1213,11262,9965,100255,1225104
1214,1386,7436,102059,1226913
1215,7701,11472,100217,1227486
1216,10987,12605,98624,1227717
1217,13008,8997,100106,1229327
1218,3425,1929,99825,1230446
1219,11174,11428,101006,1231113
1220,1406,8766,100775,1231448
1221,836,3536,98935,1233128
1222,5794,12888,99456,1234800
1223,6550,11840,97372,1235673
1224,9221,2421,101245,1235724
1225,11847,1046,98846,1236324
1226,12772,2227,99773,1236635
1227,9416,9189,100154,1237498
1228,563,484,98595,1238984
1229,289,1021,100385,1240773
1230,12112,10286,99551,1240897
1231,4430,7354,101379,1241869
1232,11554,2355,99704,1242194
1233,4989,7706,100802,1243527
1234,10110,10925,100471,1244461
1235,1278,3740,99742,1244913
1236,11439,9743,99493,1247554
1237,12091,2233,98123,1248237
1238,1219,9017,100998,1248716
1239,8803,8232,98391,1250498
1240,9338,728,100501,1250974
1241,4917,5700,99628,1252944
1242,11887,9282,100916,1253377
1243,8680,2800,98597,1254248
1244,5072,10486,98513,1254574
1245,12822,3376,100220,1255909
1246,11843,2659,100369,1256110
1247,6421,1732,100328,1256139
1248,2784,6019,100324,1257841
1249,7718,4113,100282,1259386
1250,1935,11407,100973,1259738
1251,5931,8263,101370,1260232
1252,10998,12085,99419,1261660
1253,3497,9263,100076,1262183
1254,8459,11099,99771,1262341
1255,3701,5407,100552,1263138
1256,2183,3797,98442,1263827
1257,7775,12166,98251,1266696
1258,11581,1331,99668,1268300
1259,818,5983,100277,1268389
1260,3079,7821,100147,1268549
1261,11941,7282,99950,1271401
1262,10893,8383,98404,1272936
1263,7035,5208,98482,1274666
1264,10243,8647,101519,1275352
1265,1087,7512,101330,1275412
1266,7564,3063,101732,1275587
1267,3503,9135,99139,1275689
1268,6066,7748,98781,1276477
1269,11027,825,100074,1278860
1270,8516,8859,99882,1281991
1271,11503,2552,101398,1283180
1272,3569,3999,99515,1283586
1273,11734,6047,98943,1284056
1274,9466,10129,100585,1285621
1275,5268,9313,99693,1286427
1276,1419,3604,98837,1286518
1277,2272,8527,100443,1288592
1278,9832,1568,100851,1293536
1279,12303,4070,101685,1293682
1280,9323,12639,100832,1294140
1281,7398,2709,99747,1294244
1282,3073,2023,99315,1296646
1283,9274,9282,98975,1298328
1284,2140,1736,99675,1299906
1285,7283,499,102281,1301530
1286,5953,715,100547,1301570
1287,10479,4298,99152,1302467
1288,8895,3885,98991,1303118
1289,184,3770,100773,1303780
1290,605,6989,100304,1304673
1291,9518,10281,102496,1304705
1292,9505,5678,99879,1305398
1293,1227,12870,99911,1307284
1294,62,2126,100467,1308531
1295,11333,2077,101256,1311070
1296,2682,9103,99664,1311332
1297,8161,10509,98273,1312121
1298,11370,10544,100395,1312812
1299,12236,10105,100389,1313600
1300,8762,422,100291,1315026
1301,11574,971,102919,1315874
1302,6411,4100,100000,1315883
1303,10767,3278,100188,1315884
1304,7031,38,101119,1316230
1305,9608,2633,101409,1317211
1306,4110,6195,98889,1318878
1307,3013,7968,99936,1325309
1308,2301,10394,99579,1325973
1309,12758,12889,98409,1326481
1310,2155,568,99277,1326718
1311,6581,989,99291,1326956
1312,3704,11602,99762,1327071
1313,9270,11066,99841,1327082
1314,9371,5987,101307,1327172
1315,1401,11780,101080,1327337
1316,4808,9717,99688,1327380
1317,56,4857,100992,1328286
1318,6875,6559,100052,1329860
1319,7589,3405,98846,1331229
1320,12925,3217,99287,1331478
1321,12863,8928,100328,1332899
1322,8337,10583,100189,1333177
1323,9991,11331,101727,1333748
1324,2183,588,99421,1334575
1325,2504,10753,99260,1335980
1326,11871,10097,100840,1336094
1327,1999,727,98988,1336107
1328,489,1373,98464,1337223
1329,417,5991,100753,1337564
1330,6519,5138,99398,1338928
1331,10910,6527,101848,1340323
1332,5812,6751,98951,1340365
1333,11599,6366,99308,1340676
1334,1854,10822,98582,1341534
1335,12106,4463,98773,1342471
1336,9647,8881,100854,1342551
1337,802,10941,99270,1343157
1338,5677,11216,100086,1343462
1339,7350,1664,99166,1343792
1340,3024,9733,99895,1344651
1341,7141,11191,98526,1345282
1342,734,5974,101913,1345514
1343,6747,6753,100341,1345670
1344,3829,11653,100313,1345694
1345,4711,5470,99536,1346830
1346,8060,1704,99786,1347508
1347,8902,1076,100746,1351097
1348,4756,12784,101455,1352107
1349,3135,12821,99663,1353389
1350,4093,592,99259,1355944
1351,12286,7171,100187,1356072
1352,8901,3397,101263,1359189
1353,9822,11380,101644,1362216
1354,2897,6489,100355,1362465
1355,8398,2674,100962,1365039
1356,8627,6636,98134,1365096
1357,4330,4725,100386,1365286
1358,9050,5836,98943,1366399
1359,9509,3449,100592,1367484
1360,3770,9321,98947,1369806
1361,1934,8480,100932,1369808
1362,1334,4416,98694,1370326
1363,11233,8416,98193,1370352
1364,4984,4564,100150,1370575
1365,2464,3110,100179,1374757
1366,9286,1531,100550,1375236
1367,3338,11091,101561,1375425
1368,9280,12052,99437,1376416
1369,2573,5494,102310,1376705
1370,7335,5565,101640,1377094
1371,555,7220,99339,1377265
1372,8455,9176,100376,1377508
1373,7849,3823,100819,1377610
1374,11497,10435,100499,1378005
1375,9153,11741,101197,1378931
1376,8562,7070,99839,1380459
1377,12132,5526,99728,1381102
1378,5125,9894,101323,1381537
1379,5189,11263,100549,1381582
1380,4270,4504,99451,1382584
1381,1957,3154,100728,1383489
1382,2785,9043,100706,1383645
1383,9736,1389,101687,1384281
1384,6848,9638,102065,1385786
1385,10120,4667,100628,1386145
1386,12519,6668,100955,1386681
1387,6864,9433,100948,1387431
1388,9255,1293,100113,1389580
1389,963,4774,100176,1390100
1390,6958,1630,101181,1392355
1391,6230,7817,100526,1393735
1392,5403,5909,101424,1396290
1393,11752,8047,101058,1396504
1394,8604,1200,98742,1396731
1395,3614,5306,99227,1398502
1396,10752,4492,99146,1399014
1397,7065,2230,101820,1399738
1398,12967,2814,99792,1399825
1399,2594,9690,101035,1400547
1400,6395,5342,100408,1400590
1401,7227,7990,99606,1402497
1402,2778,10290,99852,1404822
1403,3701,6661,102121,1404854
1404,9990,1151,99399,1405468
1405,9523,7461,100672,1406558
1406,10957,1003,100800,1407973
1407,11498,10570,100718,1409038
1408,10509,4592,99923,1409578
1409,7078,8039,100581,1409878
1410,10016,10535,100049,1413569
1411,1547,7348,99883,1414611
1412,10871,446,99798,1416065
1413,4046,2498,101733,1417353
1414,7896,5038,98038,1419352
1415,4694,7071,99957,1419735
1416,5440,10906,100051,1420184
1417,9210,1207,102849,1420534
1418,8334,9992,100403,1421535
1419,12835,2434,101590,1422267
1420,7141,9333,99997,1422292
1421,5863,3887,100591,1423013
1422,12137,1320,99906,1424459
1423,6470,3815,102079,1425517
1424,3007,2440,99514,1425698
1425,11019,9843,101071,1425700
1426,6759,5984,98873,1427519
1427,8754,2338,101529,1429697
1428,7326,8971,99987,1430539
1429,6829,7614,100471,1432165
1430,11745,9284,99075,1432388
1431,3283,6052,99668,1432827
1432,885,12069,99431,1435174
1433,10744,12693,100472,1435855
1434,9,8512,99093,1435877
1435,9410,2193,99183,1439047
1436,8945,7476,98932,1440360
1437,2063,11025,99052,1440897
1438,1137,5020,100854,1441414
1439,2712,3596,101444,1442007
1440,4187,9627,100483,1444429
1441,10644,6677,99864,1444623
1442,1191,3175,100367,1446800
1443,2661,3200,100902,1446978
1444,6441,171,99743,1449274
1445,11948,881,100470,1450114
1446,12647,12607,100059,1450508
1447,12950,955,100570,1450853
1448,9544,8318,98614,1451913
1449,4124,7372,99469,1453833
1450,11980,8723,101099,1454310
1451,11997,11012,99879,1455606
1452,5869,9599,101048,1455843
1453,6575,6874,101180,1456288
1454,7010,7430,100582,1457200
1455,993,10948,99390,1457977
1456,3364,5454,99718,1459253
1457,6581,1022,98873,1460194
1458,10029,9387,101381,1460536
1459,3366,8379,100225,1461300
1460,489,9989,99002,1462404
1461,3007,11294,99244,1462460
1462,9274,3528,100310,1462518
1463,12410,8858,99787,1462590
1464,9861,12063,100013,1462846
1465,2326,10310,101415,1462942
1466,11349,9270,100875,1463477
1467,12510,763,99754,1463750
1468,3532,5374,97477,1466321
1469,444,5421,98974,1467973
1470,11913,3725,99630,1469350
1471,9933,2047,100382,1470979
1472,4255,2756,99209,1471234
1473,1433,11736,99472,1472075
1474,6203,6249,99772,1472205
1475,7798,6545,100320,1474457
1476,8813,6738,101139,1475697
1477,11824,12158,100717,1478120
1478,3462,3919,99432,1478937
1479,8427,4958,99802,1479397
1480,10325,4274,99747,1483008
1481,1059,9168,100208,1484790
1482,10171,11231,99069,1487646
1483,3637,3293,99473,1490835
1484,2611,4173,101416,1491088
1485,7552,10869,99917,1491572
1486,9705,12698,100372,1492549
1487,12543,9300,98491,1494096
1488,5635,5446,100897,1494236
1489,1966,1869,99612,1495495
1490,2972,12866,98897,1495657
1491,3593,1257,100757,1496435
1492,4500,5403,99077,1497227
1493,161,5860,100256,1497508
1494,4314,9932,100123,1497578
1495,6851,7480,97918,1498289
1496,3969,2387,101374,1498556
1497,9462,3829,98212,1498911
1498,88,3050,99811,1498961
1499,4939,11377,101251,1499892
1500,7746,415,100266,1501076
1501,5749,7686,99249,1501526
1502,5264,3585,98813,1502449
1503,1533,12501,98799,1502669
1504,8628,6580,100790,1503209
1505,10620,12647,99216,1503955
1506,4710,9629,98326,1503996
1507,4706,5186,100329,1505306
1508,7521,5690,99538,1506329
1509,11344,619,100170,1506572
1510,1973,6222,98349,1506921
1511,6653,7510,100123,1507201
1512,4581,7786,100060,1508592
1513,6611,11578,99972,1509899
1514,7799,4760,98309,1510261
1515,489,6837,99716,1510656
1516,2785,12328,101535,1510669
1517,12582,5796,101183,1511570
1518,1085,12063,98995,1511825
1519,12699,1534,97815,1511842
1520,8811,10147,100411,1511886
1521,10618,11148,97087,1515499
1522,11148,3984,100197,1516224
1523,9838,5914,99720,1517177
1524,1218,6220,99495,1518033
1525,7598,6203,100395,1518741
1526,920,5372,99670,1519604
1527,9913,11404,99416,1519827
1528,1290,4793,99015,1520644
1529,1097,169,100842,1520830
1530,11029,10472,98111,1521203
1531,8335,5266,98677,1521639
1532,2941,4514,100813,1522792
1533,6754,8597,101090,1523129
1534,2821,10798,100248,1524714
1535,11704,7310,99859,1524715
1536,2058,4802,99380,1525777
1537,8243,2765,99206,1526106
1538,6475,2935,100026,1528205
1539,7843,11373,98770,1528861
1540,10928,8328,99554,1531060
1541,10801,4405,101846,1532296
1542,788,758,98461,1533856
1543,4641,9245,101503,1534060
1544,6930,12925,101754,1535096
1545,1393,8998,98410,1535592
1546,9808,847,99818,1537279
1547,4738,9506,100499,1537611
1548,90,3000,99491,1538029
1549,5865,9544,100225,1538039
1550,9536,6278,98706,1540577
1551,7375,4914,102048,1542053
1552,19,7418,100200,1542402
1553,8940,5035,96840,1543725
1554,10366,8871,99770,1543811
1555,1981,6784,100381,1544924
1556,5214,6765,100823,1546421
1557,1547,8009,100314,1547179
1558,6361,7789,101029,1548272
1559,9468,3715,99743,1548608
1560,8481,3330,100311,1549237
1561,6488,9566,100573,1549322
1562,278,279,99490,1552121
1563,730,12827,99275,1552525
1564,11528,5118,100471,1552972
1565,4456,4699,99441,1554105
1566,4616,6439,98007,1554186
1567,7613,4851,100177,1554330
1568,1746,10316,100923,1554407
1569,2146,10509,98290,1554859
1570,5342,7400,101416,1555222
1571,9670,1662,100949,1555243
1572,8866,4591,100810,1555339
1573,24,1606,98219,1556640
1574,638,3988,99558,1557284
1575,7908,12178,99799,1557338
1576,9227,8248,98199,1561077
1577,7323,2318,101164,1561115
1578,4559,5981,100004,1561550
1579,6476,12735,100301,1562137
1580,357,5032,99640,1562195
1581,1447,10311,101479,1563162
1582,363,8737,99708,1563515
1583,591,7346,100819,1563695
1584,11546,3824,100863,1563871
1585,11365,351,100726,1564924
1586,6968,3001,101307,1565458
1587,8821,7674,99856,1568908
1588,5799,647,98545,1569585
1589,7772,769,100882,1569770
1590,4932,8907,101902,1572471
1591,8211,5178,100940,1573012
1592,10370,6999,99671,1573189
1593,7110,7691,99230,1574413
1594,7632,6148,99886,1574485
1595,12511,1405,100855,1574802
1596,343,6313,98839,1575156
1597,11798,11300,101040,1576805
1598,12980,6534,98316,1577630
1599,4805,4360,98714,1578075
1600,5560,1811,100189,1578628
1601,10604,1384,101757,1580263
1602,3882,7385,101764,1580480
1603,10128,8858,100448,1582027
1604,2867,625,99188,1583014
1605,6462,4044,101082,1583037
1606,11095,11775,101366,1583491
1607,6232,215,100327,1584825
1608,2007,8272,100236,1584879
1609,6822,2332,99179,1585068
1610,461,871,100311,1585557
1611,484,813,99876,1591018
1612,1408,4130,100017,1592158
1613,10140,5559,99302,1594563
1614,582,822,99396,1595262
1615,1672,5952,101429,1595547
1616,2084,993,102591,1595699
1617,7273,2464,99622,1596055
1618,1897,6840,100837,1596662
1619,7157,12258,100100,1598943
1620,1342,7829,101311,1599488
1621,11589,6514,99393,1599834
1622,4678,1294,100990,1600787
1623,9480,3715,100017,1603058
1624,3624,5439,101504,1603476
1625,1580,10919,101043,1603982
1626,10619,7723,100478,1604186
1627,2125,7060,99955,1605867
1628,7001,11281,99228,1606259
1629,8596,2990,101911,1606907
1630,9795,4384,100155,1607541
1631,3741,10375,100438,1609627
1632,298,133,100864,1612714
1633,12304,11491,98839,1613404
1634,11849,8598,101411,1613629
1635,7857,3532,99462,1613995
1636,723,6234,101861,1616344
1637,12375,6841,100491,1617070
1638,2953,12144,100701,1619136
1639,11273,12860,99625,1619866
1640,5768,12909,100844,1620634
1641,8449,8022,99936,1620904
1642,2392,12440,100891,1620937
1643,10023,11632,100226,1621070
1644,1230,4473,101140,1621208
1645,4610,1546,99346,1621488
1646,9926,11831,101497,1621782
1647,11702,6738,100463,1625220
1648,2411,5106,99763,1627277
1649,10438,8710,99093,1629176
1650,1680,7389,100666,1629315
1651,220,10744,100065,1631886
1652,3792,2787,98026,1632187
1653,459,7605,99409,1633626
1654,6746,2947,99568,1634660
1655,11608,1225,99312,1634685
1656,5078,2697,99679,1636904
1657,6536,388,99577,1638346
1658,2294,7136,99769,1638556
1659,1070,9550,99878,1639627
1660,10594,8457,100779,1641306
1661,10911,9911,100492,1641783
1662,4379,1779,99227,1644329
1663,9301,10549,100573,1649040
1664,12339,984,100975,1649620
1665,2569,1380,100258,1650189
1666,4472,11854,98813,1651361
1667,3764,12006,100936,1653275
1668,4425,3799,100711,1653921
1669,7749,9503,100609,1654556
1670,82,2005,100523,1655323
1671,10671,6971,99325,1660971
1672,11497,7925,100162,1661117
1673,3668,3059,100005,1663174
1674,4717,9358,100569,1666006
1675,1251,2374,99938,1666559
1676,11635,6303,99485,1666785
1677,4541,12814,99951,1668796
1678,11556,7340,99560,1668905
1679,338,4553,99993,1669976
1680,11436,12734,101212,1671499
1681,10908,11173,99570,1673715
1682,2588,5377,100697,1674545
1683,7235,2011,100821,1677191
1684,4685,5944,98742,1677197
1685,364,7683,100532,1679162
1686,4497,3028,100802,1679718
1687,7615,5506,98898,1681915
1688,9642,5195,101706,1686256
1689,1899,10402,98288,1686287
1690,3033,6597,100381,1686805
1691,2107,6452,100422,1686816
1692,10943,9666,99231,1687373
1693,1812,5517,100467,1687543
1694,12228,9514,99672,1688337
1695,10987,9282,100868,1688643
1696,10171,1598,99369,1691001
1697,11659,8518,101600,1691603
1698,8817,6796,99050,1691715
1699,12053,8971,101640,1693684
1700,7264,12205,99942,1694201
1701,12646,11269,100093,1694747
1702,11643,7479,100632,1695487
1703,413,9364,99588,1696245
1704,11181,12314,98406,1696364
1705,5769,9448,99790,1696611
1706,12495,1668,100174,1697816
1707,904,7584,100992,1700595
1708,6996,6937,98397,1703596
1709,3489,11948,99863,1704219
1710,5341,6774,101075,1704441
1711,9855,4371,98526,1706087
1712,8720,6625,99234,1707003
1713,11044,10975,101261,1707574
1714,7619,1947,99894,1708085
1715,12812,925,99256,1708908
1716,5244,12739,100643,1710531
1717,7932,9084,100343,1712920
1718,5016,8193,99045,1713653
1719,756,4596,100043,1713917
1720,11577,8249,99131,1714148
1721,9200,10411,101414,1714478
1722,10397,2218,99385,1715427
1723,6322,8487,99034,1717496
1724,11953,3189,99132,1718661
1725,11116,12079,100275,1719225
1726,12211,1504,99003,1719412
1727,5559,9484,98878,1719879
1728,4145,8313,100389,1721441
1729,9852,12348,100341,1721812
1730,10046,1759,99595,1722071
1731,599,12950,100903,1724099
1732,7509,5735,98638,1725931
1733,1857,11901,99192,1727243
1734,11133,9516,97989,1727621
1735,9330,1556,99555,1728809
1736,12187,8638,100531,1729858
1737,12373,3111,101822,1730062
1738,1699,980,99301,1730573
1739,5612,9195,100939,1731250
1740,5576,12071,100852,1731399
1741,9505,1308,99973,1731521
1742,9895,10247,99308,1733177
1743,3207,3284,100107,1735278
1744,12,2465,99014,1736621
1745,2680,12664,100478,1738357
1746,6430,1222,99789,1739121
1747,8094,1845,100755,1740200
1748,7496,9223,99324,1741427
1749,8488,4333,100519,1743447
1750,10143,11853,98596,1743556
1751,4268,8450,99068,1747416
1752,8373,9681,99881,1749433
1753,7705,6221,100468,1749458
1754,2949,3779,101133,1750900
1755,11669,11104,99836,1756045
1756,12105,8046,98273,1756095
1757,5311,5892,100684,1756435
1758,4519,11767,100648,1758285
1759,1531,10641,98478,1758369
1760,5251,122,99486,1759700
1761,2778,7366,100142,1761019
1762,6520,7251,100569,1761732
1763,6380,7391,98860,1762990
1764,7083,8217,99870,1763802
1765,7142,1840,98692,1763962
1766,9951,7130,100054,1764422
1767,5604,11422,99262,1765234
1768,1482,8081,99942,1765527
1769,11873,5489,100186,1765811
1770,4485,6207,99701,1766278
1771,7351,7430,99623,1767141
1772,4712,11490,99118,1767496
1773,4153,4550,100726,1768650
1774,10784,11084,100442,1769950
1775,3267,7023,99981,1771669
1776,4997,7119,100483,1772561
1777,4313,9975,99006,1773815
1778,105,1635,100729,1774017
1779,4820,7941,100677,1775669
1780,5330,9895,100623,1775891
1781,1749,10521,99658,1775934
1782,2236,2580,99735,1778742
1783,1963,11820,99901,1779874
1784,12215,10758,100578,1779924
1785,5880,7251,100071,1780673
1786,6136,9074,97946,1781517
1787,10069,12015,98458,1783456
1788,11399,2055,100531,1783538
1789,8372,10870,98690,1784817
1790,4368,3945,100541,1785981
1791,847,11075,99290,1786102
1792,4826,2897,100383,1787729
1793,6169,9329,100221,1789464
1794,8833,11294,100317,1791609
1795,7199,8137,99310,1792693
1796,5245,12964,99921,1795175
1797,1401,8945,98243,1795400
1798,12294,64,100328,1797571
1799,6555,1,99955,1797670
1800,1591,10502,98144,1798342
1801,8299,6335,100508,1798632
1802,7085,11082,100035,1800163
1803,4846,4199,100710,1800819
1804,1889,7912,102559,1801417
1805,1250,2948,100407,1802801
1806,7072,5258,100832,1803530
1807,6456,4270,99300,1803869
1808,8831,5222,100749,1803901
1809,2997,12781,99124,1804954
1810,7990,9952,100013,1805689
1811,7001,1214,101300,1805872
1812,10057,529,98584,1805886
1813,4046,546,98783,1806525
1814,12648,2674,100388,1807915
1815,4102,3659,99586,1808282
1816,3355,10105,99193,1808290
1817,7189,12845,100557,1809069
1818,7831,741,101479,1809113
1819,1286,6135,100306,1810991
1820,8756,3632,101896,1811047
1821,2444,8068,101966,1811384
1822,7099,3347,99982,1811977
1823,5526,7853,99222,1814651
1824,11064,7777,99514,1816384
1825,7567,2984,98357,1816398
1826,9118,407,100803,1816549
1827,12638,4977,100178,1817055
1828,8527,12711,100489,1817076
1829,2388,4801,100023,1817453
1830,9656,229,100275,1818070
1831,3432,2753,101181,1818591
1832,4681,8105,101122,1818760
1833,946,10393,100649,1819111
1834,6447,11572,98987,1819210
1835,12733,2104,101387,1820155
1836,3183,9396,100904,1820250
1837,11282,12633,100811,1822799
1838,7231,3092,99275,1824695
1839,8642,6898,99453,1824832
1840,5640,9182,99222,1825120
1841,5684,7,101685,1825493
1842,10069,9514,99536,1827700
1843,5854,8564,101552,1828634
1844,7339,2593,100679,1829317
1845,1675,11592,98569,1830286
1846,198,6644,99699,1831310
1847,3522,9502,100059,1831386
1848,7255,753,101414,1832912
1849,7325,9848,101700,1833250
1850,12516,6687,99362,1837063
1851,4465,7680,100086,1837280
1852,8315,11301,99746,1837313
1853,9918,10255,100637,1838734
1854,1028,1242,100029,1839893
1855,2745,6961,99532,1839963
1856,728,8194,101183,1840018
1857,9811,2779,100007,1840838
1858,1223,11640,98918,1840858
1859,9311,1554,100699,1842383
1860,7271,8235,98906,1842857
1861,4835,9929,100663,1843022
1862,6460,10223,100764,1844256
1863,4370,12378,98666,1846192
1864,7304,2795,100026,1848758
1865,2589,12299,100017,1849560
1866,7626,3079,100476,1849846
1867,953,4931,98566,1850373
1868,7010,631,98557,1850419
1869,6575,8880,99976,1851111
1870,3858,1110,100911,1853095
1871,5518,10683,99671,1854024
1872,8914,12795,100167,1854395
1873,3177,2075,100344,1855878
1874,7941,9489,100819,1857146
1875,1287,8423,98811,1857812
1876,11522,10217,100971,1858172
1877,8391,827,99992,1859675
1878,5386,1673,101520,1860183
1879,6637,506,99735,1860805
1880,3204,6850,99454,1861322
1881,4037,9585,98745,1862015
1882,6861,12255,100521,1862584
1883,2557,1072,101174,1864720
1884,11923,6645,99591,1865361
1885,1588,10949,98613,1867243
1886,7946,7354,101239,1867749
1887,1645,10271,97478,1868886
1888,6048,12886,100751,1869143
1889,12804,8623,99930,1870036
1890,9352,4080,99463,1871565
1891,8121,3426,99862,1874312
1892,1092,989,100014,1875136
1893,3221,6637,100311,1876494
1894,11721,2713,98508,1876725
1895,9184,7344,98983,1876786
1896,8465,8575,97679,1878638
1897,2186,1714,99444,1879077
1898,7775,6675,99202,1879609
1899,9444,11718,101381,1882090
1900,7037,5992,100638,1882596
1901,1693,1483,98772,1884114
1902,1988,5328,101490,1884721
1903,8956,963,100360,1884998
1904,9089,5128,102235,1885073
1905,5147,2337,99194,1888046
1906,7592,960,100180,1888530
1907,8126,1914,99875,1889668
1908,8136,4599,100310,1891931
1909,6224,5432,100134,1892735
1910,10675,429,100338,1892844
1911,6778,1728,100077,1894012
1912,8907,12903,100231,1894793
1913,3816,8787,100656,1894809
1914,4401,5769,100303,1895326
1915,6518,8329,100559,1895610
1916,5594,5507,100911,1896013
1917,3577,7530,100980,1896538
1918,3690,1462,99494,1897270
1919,2156,2941,99944,1897291
1920,2172,9265,99963,1898217
1921,6051,1352,98903,1898830
1922,1859,10798,101663,1899840
1923,1175,10790,99674,1901012
1924,10012,4134,101496,1904597
1925,10368,1557,100906,1905025
1926,10299,2948,99392,1905774
1927,8711,12821,100656,1906872
1928,9928,10891,102161,1907649
1929,6324,10468,98928,1907953
1930,3338,2971,100320,1908754
1931,7273,12379,99209,1914447
1932,10430,2109,100061,1915152
1933,10365,3695,98736,1915426
1934,5100,631,97574,1916908
1935,6290,12513,98690,1918630
1936,2117,12684,99668,1918718
1937,8985,11142,100174,1920274
1938,11168,230,100316,1920437
1939,11271,7243,99788,1920784
1940,3529,2141,100036,1921507
1941,8026,247,99919,1921549
1942,6419,7137,99099,1921550
1943,12437,1473,99946,1922891
1944,8110,5669,100560,1923426
1945,1671,12060,100328,1927568
1946,23,5592,98846,1927807
1947,2801,198,100427,1927837
1948,7181,7465,99338,1927929
1949,8478,4628,98631,1927961
1950,7403,7532,98860,1929484
1951,3735,2434,102308,1929581
1952,8384,9405,97663,1930397
1953,1070,12677,101596,1930484
1954,4957,10052,101568,1931731
1955,3152,1219,101009,1932512
1956,1488,6429,100087,1933610
1957,11298,2174,100155,1934242
1958,9766,8241,100234,1935087
1959,7246,8394,101205,1935337
1960,2621,9056,100031,1935872
1961,4368,6423,103047,1936712
1962,12222,3352,99321,1937384
1963,11188,4473,101850,1937475
1964,10011,823,97687,1937517
1965,1071,3058,99773,1941681
1966,4265,8954,97878,1943216
1967,10641,6925,99897,1943449
1968,9081,9989,99529,1943822
1969,12588,7284,100674,1944153
1970,2370,7996,99649,1945017
1971,9686,3417,98875,1945545
1972,4671,1460,99745,1947579
1973,4690,6688,99719,1947786
1974,10414,6477,99700,1948890
1975,10234,10869,100456,1950673
1976,1650,8720,102238,1952574
1977,10751,6995,101397,1953012
1978,10220,1974,99489,1954110
1979,135,11681,101541,1955151
1980,12291,4128,99483,1957210
1981,9638,7750,99587,1957581
1982,10584,8290,98611,1957716
1983,419,12603,100763,1957882
1984,7303,8491,100385,1963967
1985,3060,2098,100053,1967487
1986,5087,11192,97880,1967596
1987,7704,5734,97122,1967681
1988,7753,8034,100763,1968572
1989,1248,9490,100175,1969024
1990,5765,6607,97963,1969586
1991,11189,2733,99088,1970316
1992,5951,11942,99338,1971826
1993,7930,5476,100221,1973029
1994,2160,11930,100430,1974185
1995,3244,10267,99414,1974383
1996,8621,6865,100564,1974632
1997,8877,3154,99603,1976085
1998,5314,9999,99463,1979030
1999,345,8229,99033,1980504
2000,5464,12934,98902,1981469
2001,12243,12167,97024,1982111
2002,6511,1781,99904,1984767
2003,1844,11769,100047,1986076
2004,8325,5253,101648,1986248
2005,8203,8112,99678,1988783
2006,1701,11183,100654,1989159
2007,5876,12380,101045,1989360
2008,6009,3308,101598,1990807
2009,9679,1280,100204,1991166
2010,9007,11884,99756,1993561
2011,6484,7190,99325,1993813
2012,1408,9357,99305,1993865
2013,11471,6639,97869,1993919
2014,3073,10075,98023,1994496
2015,8230,10898,98891,1995324
2016,12232,2712,101627,1995352
2017,6112,1033,100068,1995835
2018,2742,9816,99959,1996052
2019,1838,9690,99174,1998480
2020,11447,12317,99283,1999293
2021,12035,872,101316,2002772
2022,10569,10523,100821,2003571
2023,3227,8218,99226,2004360
2024,4005,1397,100569,2005832
2025,5317,12163,102035,2005873
2026,6951,817,99647,2005918
2027,3104,3938,98087,2006722
2028,404,12776,101037,2009545
2029,5504,10373,100127,2010221
2030,8803,3587,99452,2010523
2031,10332,3586,100702,2011400
2032,8772,8083,99573,2011556
2033,8295,6666,100807,2012246
2034,93,9539,101129,2013009
2035,5880,8987,98572,2013328
2036,6869,7574,100397,2013872
2037,9672,12778,100537,2015777
2038,8691,3005,98829,2016401
2039,2527,7272,99272,2017819
2040,2235,2499,101345,2022282
2041,10702,6717,100847,2022516
2042,6760,6065,100613,2023380
2043,7061,12463,100775,2024769
2044,355,11090,98584,2025773
2045,10936,7378,98314,2026855
2046,9489,8636,99354,2027094
2047,2716,8622,100122,2027120
2048,2320,1887,100965,2027897
2049,586,2785,99880,2028595
2050,8858,4531,102201,2030174
2051,7505,4301,100062,2030607
2052,10865,4845,100067,2030803
2053,2138,11077,99784,2031199
2054,4007,10854,100004,2031712
2055,8234,1200,99878,2034686
2056,793,9550,100790,2036270
2057,768,10218,100493,2038538
2058,601,5962,99490,2040182
2059,4701,208,99474,2040472
2060,11262,12705,101465,2040842
2061,1369,7667,100086,2041055
2062,8647,8220,98413,2043080
2063,1347,4866,99350,2043688
2064,2102,2462,99210,2045816
2065,8378,9519,98636,2046596
2066,10319,7410,101971,2047117
2067,2559,2677,99550,2051522
2068,1031,7831,100614,2052617
2069,10710,4567,101299,2052877
2070,8602,8359,99711,2053422
2071,10213,8392,99589,2053847
2072,4459,4714,99653,2054601
2073,11797,12019,98670,2055344
2074,2795,12268,99617,2055448
2075,11574,6137,101115,2056366
2076,9026,9922,101237,2056546
2077,7207,7167,100277,2056832
2078,10476,4255,99859,2058073
2079,5511,12707,98601,2059193
2080,12444,4998,99311,2060904
2081,762,1944,100148,2063277
2082,4736,9484,99514,2063474
2083,11792,7543,99760,2063930
2084,6711,8197,99740,2065347
2085,11445,1195,100059,2066767
2086,8587,11183,99114,2067576
2087,2795,1396,101460,2067861
2088,8724,8356,99327,2070822
2089,12117,5889,100328,2072885
2090,8497,5872,101448,2073682
2091,11028,8426,100601,2076438
2092,10108,7976,98814,2076470
2093,4331,113,98217,2076590
2094,398,11465,102327,2076593
2095,6393,6255,99311,2076973
2096,11050,5693,100407,2079719
2097,3929,1018,100557,2081715
2098,6693,5603,101174,2082658
2099,1756,11946,100371,2083673
2100,3710,8889,100372,2085568
2101,11831,1583,101007,2085880
2102,5260,9224,99771,2086403
2103,5399,3876,99699,2087219
2104,2833,1557,99522,2088627
2105,7160,12729,98993,2088683
2106,12800,10794,101542,2089489
2107,3098,4538,101686,2090050
2108,6502,3486,101322,2090848
2109,1505,327,101155,2095715
2110,1730,3378,97963,2095800
2111,11265,11567,99574,2097979
2112,5599,6075,100708,2098148
2113,935,7482,101426,2098150
2114,4792,5332,99717,2099732
2115,858,6085,100247,2099813
2116,11873,12629,98955,2099958
2117,7049,7068,99390,2100869
2118,9997,12875,99493,2101179
2119,9229,12422,100465,2101446
2120,5651,8465,98388,2102818
2121,1868,7754,99708,2103055
2122,6287,5113,101159,2103883
2123,2647,11408,99163,2104363
2124,12970,4042,99547,2106194
2125,3983,9659,100971,2107283
2126,7610,11895,99230,2107943
2127,8116,11221,100373,2107949
2128,2257,525,101622,2109353
2129,7072,12670,101836,2109525
2130,5631,3277,99415,2109674
2131,4162,2483,100239,2113321
2132,2731,12144,98473,2115748
2133,8875,9945,99391,2115810
2134,9009,8643,100121,2116807
2135,11006,12804,99539,2116825
2136,241,12342,101115,2116844
2137,6041,5924,100317,2119074
2138,8401,11020,99422,2119872
2139,12092,3258,100564,2119897
2140,11452,10251,98755,2120779
2141,8268,8123,101731,2120893
2142,7688,8884,99649,2122630
2143,8201,7241,100986,2123379
2144,2640,5972,101405,2124373
2145,4813,1334,101409,2124396
2146,6241,9830,101400,2124997
2147,6019,4783,98608,2125017
2148,11917,1567,100292,2125202
2149,3582,1517,100052,2127262
2150,9134,10655,99740,2129713
2151,3123,11317,98566,2131211
2152,1327,2040,99697,2131237
2153,9659,8280,101665,2131833
2154,2186,11415,99085,2131963
2155,6854,3735,99671,2132050
2156,8450,1442,98738,2135106
2157,12285,9822,100437,2135179
2158,7332,3018,98970,2135897
2159,8784,9860,99919,2136720
2160,11764,9029,100426,2136969
2161,1612,9579,102509,2138104
2162,6838,3206,101261,2139103
2163,11639,929,99776,2140764
2164,2593,2270,101063,2141083
2165,10705,5678,101232,2141134
2166,11114,8563,101952,2143744
2167,87,410,100712,2144530
2168,4536,5929,100452,2147492
2169,563,11604,101924,2147527
2170,8720,4193,100034,2148152
2171,8993,1353,101008,2148261
2172,340,1841,99921,2149104
2173,1420,8556,100508,2149234
2174,5085,3759,98724,2149971
2175,3905,10631,99382,2150669
2176,8158,1207,98153,2152641
2177,6801,8950,98365,2153334
2178,1746,2074,98187,2157345
2179,11231,4552,100293,2158020
2180,2476,5956,101009,2158055
2181,7308,7677,101597,2158354
2182,8717,8035,101358,2158472
2183,10425,8344,100577,2160465
2184,10868,12778,100164,2160904
2185,10067,8050,101664,2162854
2186,2575,4467,101425,2163669
2187,8505,11524,100306,2165613
2188,4739,9561,98402,2165908
2189,10596,986,100825,2166205
2190,2966,8174,98565,2168078
2191,661,1342,100140,2168575
2192,8761,6767,99211,2172537
2193,5524,7192,101368,2173860
2194,8883,12776,98540,2175466
2195,8467,4497,99523,2177471
2196,1016,9139,97961,2178215
2197,7490,3473,99071,2178321
2198,781,12227,99659,2179007
2199,684,6031,98242,2179709
2200,7223,11043,100489,2180164
2201,1198,2211,102109,2180593
2202,1062,7196,100404,2181350
2203,8562,7150,99733,2182620
2204,8376,2152,100479,2183908
2205,11532,12039,101039,2187327
2206,3395,10447,100069,2190977
2207,2572,7249,100128,2191183
2208,1905,6710,99807,2192363
2209,8701,5021,100153,2193948
2210,11118,8121,99986,2194825
2211,2725,910,99029,2197605
2212,1201,9479,99539,2198382
2213,5297,7953,99860,2199369
2214,12168,7162,101467,2200337
2215,4866,11164,99778,2201071
2216,834,2412,99212,2202930
2217,2971,6769,99416,2204363
2218,1283,10299,100237,2204570
2219,3072,9725,99016,2204930
2220,8908,2752,101593,2204934
2221,7941,9138,100803,2205712
2222,4404,4945,102605,2205761
2223,7751,2948,100750,2208319
2224,1836,2112,100573,2209505
2225,9522,889,100291,2210346
2226,8484,10347,99190,2211119
2227,2476,1025,98705,2212345
2228,2639,2826,98746,2213401
2229,9392,8003,99628,2215909
2230,2344,2987,96681,2215929
2231,9021,9578,101936,2218143
2232,2066,7496,98792,2224245
2233,12791,550,101291,2224467
2234,1006,12486,100142,2224915
2235,4925,8673,100424,2225342
2236,9278,10260,99335,2225353
2237,11258,2868,101212,2225697
2238,10240,11671,99924,2227766
2239,2684,6212,100437,2228469
2240,2840,7414,100468,2229056
2241,789,12864,98600,2234316
2242,1411,5106,100894,2235459
2243,1057,1752,100205,2235929
2244,9686,7945,100337,2237469
2245,11610,7080,100553,2241135
2246,10470,12642,98292,2241173
2247,6741,12627,98499,2241504
2248,12426,7211,99955,2241901
2249,9909,9925,100454,2242548
2250,11013,5245,99608,2243074
2251,4154,9479,100243,2244306
2252,12246,6149,98207,2245267
2253,1111,1073,98817,2245554
2254,1587,7697,100732,2245573
2255,5045,12244,100791,2245817
2256,8835,3819,100737,2245963
2257,7784,9247,102955,2247946
2258,1345,4670,101716,2248099
2259,7648,5505,101338,2248718
2260,9060,179,99236,2249146
2261,11690,990,99456,2249877
2262,969,9271,98638,2251571
2263,1662,4439,100027,2252443
2264,8112,11583,99397,2252586
2265,7248,8059,100001,2252607
2266,9778,5638,99672,2253258
2267,1814,12441,98384,2257500
2268,9246,5063,99913,2258589
2269,4357,3246,99422,2259049
2270,4816,6878,101261,2260191
2271,310,4028,98929,2261484
2272,9901,9286,98777,2261549
2273,1932,599,98889,2261727
2274,6109,2461,101444,2262851
2275,7038,1241,99793,2263858
2276,11919,5608,100777,2267906
2277,8063,1645,101356,2269433
2278,12759,319,99072,2270106
2279,3588,2279,102403,2270161
2280,3160,8709,97627,2270425
2281,5774,5994,99282,2271269
2282,1320,10912,99887,2272527
2283,11943,688,99533,2273070
2284,12188,5779,100600,2273245
2285,2996,4616,101223,2273273
2286,6129,4213,98647,2275541
2287,5773,12666,100395,2276032
2288,10843,12428,101099,2278837
2289,10819,5890,98689,2280190
2290,7759,6300,98953,2280765
2291,710,4857,101426,2281154
2292,3379,4477,99414,2282009
2293,9914,4359,100258,2282469
2294,558,1676,98944,2283374
2295,7224,3737,98838,2285734
2296,11229,2153,98464,2286755
2297,7086,1361,99345,2286950
2298,9359,6944,99133,2287541
2299,2884,510,99370,2287838
2300,1151,8780,100316,2287984
2301,3527,8565,102463,2288172
2302,9454,2841,98501,2288369
2303,5102,9551,100808,2289373
2304,7106,8128,99317,2289446
2305,5426,1147,98033,2290466
2306,3014,3424,99385,2291401
2307,4983,1241,101059,2291424
2308,11920,4102,100105,2292922
2309,7514,1953,99675,2293277
2310,9732,6924,98675,2293361
2311,770,7302,97968,2293617
2312,3130,11436,101604,2294678
2313,5193,11862,100930,2296051
2314,12710,2792,101959,2296203
2315,12463,5334,101451,2297029
2316,2746,868,99039,2299967
2317,4913,5325,101482,2300386
2318,5256,3967,101336,2300528
2319,11505,259,99909,2300831
2320,9495,790,99845,2301081
2321,9795,404,101201,2305301
2322,4968,3064,100334,2306831
2323,4472,3629,98750,2306989
2324,12166,583,99503,2307027
2325,11642,12440,99475,2307455
2326,5387,9438,100591,2307895
2327,7987,1364,100687,2309361
2328,1686,9028,100553,2309511
2329,2377,2884,101775,2310576
2330,1239,7391,99073,2312994
2331,25,8197,98362,2315591
2332,10922,12741,100860,2316419
2333,8022,7555,98983,2316615
2334,10560,2830,98531,2319421
2335,11477,8013,100212,2321687
2336,3227,4723,101021,2323351
2337,10973,1987,100182,2324627
2338,7941,12095,99404,2324696
2339,6712,10143,99456,2327962
2340,6281,6708,98537,2328357
2341,9923,12851,100361,2328779
2342,1796,547,98756,2329044
2343,6584,1256,98101,2330903
2344,1217,1070,101494,2331083
2345,2937,9355,99603,2333525
2346,9613,8727,99890,2333565
2347,7588,6421,100582,2333836
2348,8900,2628,100858,2334619
2349,5387,7151,101843,2337788
2350,2031,2084,99941,2338497
2351,12065,12409,99600,2338979
2352,7973,6792,100341,2341283
2353,3766,307,100982,2342198
2354,8538,12318,102048,2343371
2355,5693,5369,101093,2345987
2356,8913,5589,99519,2346115
2357,11618,2996,99532,2346675
2358,8727,7011,100860,2347408
2359,7403,10684,100814,2347984
2360,9166,4358,100278,2348353
2361,6022,10287,100322,2354143
2362,499,1313,97917,2354417
2363,11905,6428,100063,2354443
2364,2720,9895,99620,2354738
2365,8832,9285,101146,2354853
2366,12132,503,100668,2355843
2367,12982,7754,99549,2356475
2368,4689,9110,98985,2356802
2369,595,10117,101981,2357066
2370,11838,6553,99612,2357547
2371,8793,7512,98153,2359743
2372,4528,245,101688,2359817
2373,12247,503,101195,2360771
2374,95,8140,99956,2361360
2375,4716,12615,100134,2361808
2376,5199,6539,101504,2361945
2377,1043,4744,98696,2361966
2378,4112,1176,98718,2363945
2379,3440,1277,100324,2364830
2380,11979,3261,100733,2365054
2381,6316,9998,99856,2365523
2382,291,11327,100051,2365698
2383,860,3202,98432,2365704
2384,940,7965,99636,2366249
2385,10231,1589,101297,2368365
2386,3148,11346,100108,2368859
2387,11379,5628,100268,2368863
2388,9893,1572,100362,2369496
2389,11275,11512,98110,2369878
2390,4682,1731,100092,2371745
2391,9558,9410,99023,2372398
2392,7798,6486,101723,2373327
2393,12264,158,99787,2373596
2394,674,7541,99808,2375019
2395,6792,3591,100912,2378132
2396,8164,5742,100554,2378776
2397,3594,1867,99344,2378810
2398,10318,10171,100421,2378944
2399,11946,12584,99518,2379184
2400,8873,4316,101023,2379374
2401,11351,3550,101679,2379678
2402,11131,11992,99329,2380104
2403,9497,5329,101261,2381898
2404,9757,7062,99376,2382680
2405,1220,9976,99981,2383464
2406,7228,2622,100671,2384540
2407,6499,937,99279,2384654
2408,5210,2574,98904,2387623
2409,11062,2851,100113,2387840
2410,10438,3863,98570,2389182
2411,8839,1515,100658,2389530
2412,4050,8888,99509,2389618
2413,5690,8941,100189,2389923
2414,6293,5795,99751,2390031
2415,2640,1504,99988,2390850
2416,8093,12703,100065,2390914
2417,11816,12836,99903,2391792
2418,8205,7525,99128,2391907
2419,5184,1426,100752,2394984
2420,4217,3274,99088,2396220
2421,1339,6100,99658,2396574
2422,11578,379,100517,2397139
2423,659,5932,100031,2400781
2424,4924,235,96447,2401420
2425,11132,3719,100637,2401737
2426,613,8920,101404,2403224
2427,9440,6317,100113,2405721
2428,6279,8881,99657,2405728
2429,7687,6181,99164,2407596
2430,9485,6445,99355,2407696
2431,2497,4102,99723,2408212
2432,8517,6546,100211,2409428
2433,8647,4203,99516,2411398
2434,4886,2040,99792,2412579
2435,9576,8615,99642,2412855
2436,2350,8206,99648,2413253
2437,11176,11315,99360,2415359
2438,2187,8849,101329,2416286
2439,6442,726,98806,2417034
2440,10851,8619,99059,2417466
2441,788,1486,98598,2417479
2442,3181,8667,98564,2417909
2443,7014,10225,99817,2418465
2444,7592,5143,100797,2419690
2445,11798,11942,99059,2422519
2446,6624,2216,100393,2423515
2447,10631,256,99102,2424371
2448,8507,7230,100615,2425029
2449,12532,699,100578,2425149
2450,6558,9316,99063,2425644
2451,12225,10874,98046,2426841
2452,11239,2866,100321,2428597
2453,3699,8859,100223,2429210
2454,2624,5735,100312,2429470
2455,8292,10994,101133,2430273
2456,11308,8926,101320,2430440
2457,8350,12599,99845,2431142
2458,9497,3916,99253,2431296
2459,3831,10984,99394,2431537
2460,12048,10963,99657,2434345
2461,7111,573,98318,2434487
2462,10969,1072,100865,2435763
2463,12585,3608,99663,2437588
2464,7671,8369,101401,2438293
2465,1618,7031,101321,2438821
2466,8594,11884,100342,2440272
2467,1764,2347,100591,2442224
2468,10209,12016,99916,2444300
2469,6929,8863,99630,2445072
2470,6500,10143,100006,2445127
2471,9988,2494,99179,2446357
2472,7003,4327,99800,2447080
2473,9431,10881,101230,2448223
2474,477,5377,99885,2448995
2475,8072,1840,100497,2449369
2476,3219,7421,98635,2450337
2477,7158,12657,98738,2450435
2478,11864,10848,99254,2450611
2479,12669,5476,101047,2452737
2480,5316,5421,100661,2454463
2481,11471,2176,98111,2455645
2482,2674,1042,99808,2456388
2483,2869,2765,100902,2459738
2484,598,981,100307,2460624
2485,194,11211,99904,2460701
2486,6520,10446,99920,2461250
2487,4194,384,100154,2465299
2488,12097,12638,100075,2467143
2489,1852,9730,99171,2467743
2490,6741,7356,101037,2468699
2491,11942,2773,97320,2470047
2492,10267,11141,97828,2471166
2493,1811,11513,100217,2471301
2494,12813,10709,99989,2471825
2495,1343,4876,99493,2472259
2496,916,12100,100229,2474224
2497,11161,507,98649,2476173
2498,4509,5674,101299,2477001
2499,5949,10359,100923,2478168
2500,6335,7298,101429,2479985
2501,2063,74,99599,2480477
2502,2882,10196,101046,2481741
2503,8602,3285,100018,2482814
2504,9619,8795,100883,2483445
2505,9173,9189,100202,2483715
2506,1020,3979,99964,2483891
2507,2751,5436,100073,2484350
2508,7392,278,100621,2486688
2509,11716,8811,99265,2487143
2510,8712,12031,100366,2487233
2511,2912,4683,98847,2487611
2512,5895,11744,99994,2489642
2513,2861,3687,98602,2490023
2514,4028,6904,100875,2490682
2515,10638,8195,99539,2490800
2516,4870,9705,99396,2491259
2517,9670,10922,99840,2491390
2518,12263,12145,101005,2491849
2519,8297,8493,100381,2492046
2520,4608,3737,97306,2493137
2521,7571,733,100076,2494217
2522,9717,8047,100276,2495241
2523,2043,9513,100870,2496737
2524,4701,12869,98963,2497558
2525,4135,4394,98534,2498923
2526,11781,5309,99228,2499581
2527,2237,12740,99748,2499666
2528,4807,379,99700,2499861
2529,5338,1709,99424,2500896
2530,2066,12730,98898,2502060
2531,10400,10909,98358,2502587
2532,4594,1689,99518,2504091
2533,9361,2303,99848,2504408
2534,38,11091,99689,2506644
2535,10645,747,99624,2506727
2536,3452,11755,98450,2506998
2537,2232,10812,101408,2507028
2538,6201,12185,100842,2507132
2539,12573,9849,98240,2507560
2540,6542,10715,99446,2508274
2541,8431,5750,99515,2508617
2542,8261,8872,99266,2509764
2543,10675,9921,99730,2511070
2544,8821,9345,99665,2511884
2545,9829,11167,100420,2512676
2546,11572,10260,99874,2514255
2547,3293,441,99955,2516166
2548,5151,5461,100314,2519051
2549,2450,10145,101476,2519205
2550,6401,2839,97810,2520075
2551,3359,7763,100948,2520467
2552,1572,9854,101756,2525875
2553,7210,6264,100924,2526145
2554,8644,6847,100529,2526425
2555,5106,8761,99607,2527195
2556,245,10624,99366,2529991
2557,169,4236,98120,2530263
2558,677,6939,100866,2531542
2559,9766,11759,99671,2532046
2560,1425,7419,100058,2533102
2561,7350,11912,98146,2535239
2562,8722,6004,99559,2535787
2563,12408,2002,98673,2535976
2564,7136,911,100505,2538199
2565,4932,7556,101416,2538354
2566,11216,11990,100188,2541514
2567,12552,8165,99090,2546391
2568,12889,7143,99663,2546682
2569,11239,415,100104,2548759
2570,7191,1371,99919,2549452
2571,7747,10465,99227,2549469
2572,7324,9077,101575,2550271
2573,1336,4664,98242,2550844
2574,4499,6674,100604,2553414
2575,4812,1357,99871,2553650
2576,8928,3809,100154,2556330
2577,2323,766,99096,2556548
2578,1004,714,99079,2557457
2579,10235,9513,100359,2557462
2580,4596,10249,100857,2557511
2581,4632,10660,98380,2558034
2582,2884,728,100576,2558155
2583,5990,3821,98987,2560085
2584,10900,2855,100604,2560567
2585,11972,5604,99222,2562279
2586,4123,6232,101174,2562347
2587,8147,4396,99994,2565746
2588,87,1110,101323,2565992
2589,1386,2776,98893,2568674
2590,1669,9325,99563,2569512
2591,9509,2231,98535,2570550
2592,8806,2556,98478,2570721
2593,2632,1073,100850,2571203
2594,3147,147,100015,2573432
2595,12721,2081,100013,2573878
2596,1547,148,99820,2575069
2597,9266,3533,100481,2575170
2598,10920,455,99989,2575665
2599,2288,1616,100134,2576223
2600,2109,29,100272,2576520
2601,11249,6643,100960,2579023
2602,7004,8443,100764,2580952
2603,9805,3189,99039,2582250
2604,7289,7566,99438,2582645
2605,915,12335,98052,2582929
2606,6104,5461,99460,2584043
2607,7870,3478,98908,2584676
2608,4345,3080,100385,2585048
2609,11814,8606,97884,2585211
2610,7674,11319,99615,2586098
2611,10933,6466,101117,2587129
2612,10383,10521,100048,2590097
2613,10793,11934,99803,2590682
2614,9591,4436,100196,2592021
2615,4086,4889,100662,2593233
2616,11350,8139,99023,2593535
2617,12923,6519,99215,2594140
2618,7520,4391,101855,2594424
2619,4812,5812,98878,2595394
2620,6802,7387,99972,2597130
2621,11714,57,99151,2597617
2622,332,11584,101086,2601561
2623,5260,5990,99736,2601749
2624,5311,10749,99770,2602620
2625,2894,1553,99647,2602999
2626,1905,761,101063,2603129
2627,2753,1127,101395,2603728
2628,5351,9905,98414,2605237
2629,12393,11302,101395,2605549
2630,2785,8543,98884,2605553
2631,12507,10354,98509,2606626
2632,12839,1971,98349,2606800
2633,3393,9152,99659,2607747
2634,6073,3226,101079,2609780
2635,3142,6108,101216,2609816
2636,10498,3051,99189,2610303
2637,11029,8940,100625,2614814
2638,2367,2682,100684,2614994
2639,218,4217,101465,2615240
2640,3338,10231,100714,2616048
2641,12399,12925,101138,2619008
2642,8811,8184,100110,2619461
2643,1436,6534,101452,2620138
2644,8326,10922,99209,2622548
2645,3012,7394,100388,2624726
2646,1472,345,97834,2624833
2647,4131,9660,101046,2625376
2648,6807,9216,101820,2625445
2649,6992,7346,99468,2626360
2650,1071,6222,100369,2627720
2651,7817,4828,98663,2629362
2652,6673,7150,100460,2630008
2653,10544,12504,99018,2630712
2654,9081,716,99419,2632009
2655,12430,6004,100088,2632378
2656,8004,8026,99855,2637820
2657,10640,3316,100937,2639372
2658,1645,11459,99702,2640047
2659,6941,3753,100009,2640613
2660,1329,5502,98928,2640925
2661,228,7571,98758,2643994
2662,12521,6919,102146,2645204
2663,5064,12131,99304,2645308
2664,6710,9850,100675,2645379
2665,4650,9800,99840,2647125
2666,9069,3821,99928,2648218
2667,6377,12646,98614,2649400
2668,3371,2275,100000,2649777
2669,3259,10832,100073,2650068
2670,5017,5150,99441,2653798
2671,3280,9647,98363,2654660
2672,12001,7576,98279,2654968
2673,2608,6266,99619,2655318
2674,3936,9522,99094,2656889
2675,3607,4596,98819,2657208
2676,12531,9453,99130,2658478
2677,6996,11075,100819,2659271
2678,2817,11631,102012,2660209
2679,11763,7697,98896,2660835
2680,6919,12141,98332,2661788
2681,12398,6048,99999,2661795
2682,6413,3735,100724,2662037
2683,7095,4994,98330,2665260
2684,3881,10084,100799,2665530
2685,11988,5582,100589,2665678
2686,2476,3297,100109,2665774
2687,7718,8616,99100,2666440
2688,5966,11061,101267,2668872
2689,11534,10940,99103,2669941
2690,11458,961,99409,2670157
2691,3498,8749,100521,2670784
2692,8491,1997,101554,2670828
2693,935,4931,99664,2671293
2694,3177,3331,97615,2671510
2695,6640,12145,98684,2671972
2696,9240,2855,100649,2672106
2697,3591,5510,98271,2672916
2698,7237,12551,99758,2673308
2699,1018,2717,98940,2673666
2700,4778,8003,100234,2675616
2701,5210,12738,99841,2677213
2702,3855,10914,100788,2678502
2703,2926,11299,99333,2678602
2704,5191,4431,100685,2678853
2705,2792,6274,100807,2678922
2706,7867,9483,100639,2679599
2707,11649,12755,99910,2680246
2708,5405,11568,99389,2682211
2709,6950,10003,99841,2684694
2710,3416,11027,100628,2685506
2711,10825,4203,98745,2685591
2712,8186,5017,101390,2686182
2713,4104,5513,100138,2687014
2714,873,4879,100929,2689767
2715,7317,1926,101010,2692471
2716,2584,3813,102414,2693146
2717,1715,3055,100523,2695652
2718,10891,2655,99445,2696356
2719,4917,6094,99969,2696385
2720,624,3752,100833,2697663
2721,12454,7036,101796,2697874
2722,11586,10907,99091,2699037
2723,5578,4454,100507,2700007
2724,11440,8676,100437,2700765
2725,3024,12875,99301,2703467
2726,1085,773,98387,2705395
2727,1371,5186,101217,2706310
2728,3822,4720,99681,2706424
2729,3253,11306,100069,2706927
2730,7167,5174,99731,2707150
2731,3123,11219,98971,2709263
2732,10731,12126,100227,2714676
2733,3516,6134,100560,2714940
2734,1070,11670,100271,2715115
2735,7640,5869,100563,2715655
2736,9451,8238,100806,2716128
2737,11798,838,100360,2716873
2738,5868,2616,98304,2716949
2739,8918,2521,100544,2718106
2740,11907,11115,101400,2718967
2741,2844,4455,99573,2719890
2742,6615,958,101325,2723317
2743,2583,9914,98889,2723857
2744,3118,1302,100749,2724071
2745,8094,9133,100153,2724880
2746,907,4550,99485,2725148
2747,7115,9816,100034,2726891
2748,5480,11155,99457,2726986
2749,7873,3237,100161,2733226
2750,11479,8366,100337,2733529
2751,12681,8244,100028,2734300
2752,5814,1801,100264,2734713
2753,10967,7533,99032,2734955
2754,10543,7596,100976,2736713
2755,2931,11991,99786,2738260
2756,3409,8856,99309,2738359
2757,8863,8572,100497,2738622
2758,6464,8666,98653,2738759
2759,2142,4351,98247,2739133
2760,6971,2830,98394,2740941
2761,8135,9124,99951,2740969
2762,7800,11831,101444,2741214
2763,1497,9658,100553,2742077
2764,9233,1346,99142,2742392
2765,8726,1331,101501,2742602
2766,5766,2080,100348,2742662
2767,11658,8513,99298,2745100
2768,11422,2332,98222,2748578
2769,7977,1120,97504,2749088
2770,3714,6291,99773,2750325
2771,6008,7318,98447,2751933
2772,1361,11046,99482,2753224
2773,12078,2642,99875,2753899
2774,7981,3857,101464,2754515
2775,48,9189,100371,2754998
2776,2452,11688,100314,2756164
2777,4630,8259,99897,2756932
2778,1306,10374,98347,2758428
2779,5750,120,98095,2761786
2780,2605,3324,100314,2762698
2781,12319,8946,100885,2762920
2782,7649,11830,100052,2763555
2783,860,2268,100739,2763682
2784,12705,4146,101230,2765305
2785,4208,8812,100046,2765960
2786,1879,317,98605,2767487
2787,11308,7698,98709,2771552
2788,9603,4842,99764,2771797
2789,1497,11259,99216,2772403
2790,189,12041,100384,2772540
2791,5357,3344,100027,2772688
2792,7305,7239,101227,2773825
2793,4000,11573,99361,2775067
2794,1687,11486,100493,2775487
2795,6021,4051,100369,2775829
2796,12347,11930,101568,2779931
2797,9229,12385,99379,2780201
2798,3921,345,99617,2781080
2799,9790,2277,99445,2781636
2800,7093,4241,99251,2782561
2801,8459,3311,98380,2783997
2802,7987,4444,99459,2784341
2803,3568,12786,100636,2784810
2804,2998,4128,100860,2785967
2805,3209,12660,99797,2786398
2806,308,9599,100506,2787013
2807,1325,7582,100539,2787701
2808,8210,9023,100021,2788168
2809,12305,11226,102299,2789437
2810,4286,9340,100287,2789726
2811,5683,3905,101829,2789818
2812,4016,5707,98783,2791103
2813,3808,12222,98777,2791569
2814,6895,5195,99787,2792333
2815,12393,10217,101512,2792661
2816,10001,3479,100660,2794816
2817,396,5912,96826,2796874
2818,1909,2100,100631,2797188
2819,11611,9595,99399,2798975
2820,9409,2678,98418,2801638
2821,2601,9437,101835,2802142
2822,988,7580,102254,2803581
2823,5327,3797,99909,2807852
2824,3926,5910,102024,2808131
2825,1788,7360,98776,2810274
2826,5705,10825,99447,2810667
2827,12804,7504,98357,2811255
2828,10564,9668,99650,2813053
2829,4343,4570,99524,2814449
2830,7869,2961,100209,2815802
2831,3893,5031,98648,2817491
2832,3833,76,100380,2818549
2833,6045,554,100101,2821033
2834,5920,10727,100553,2822309
2835,1709,1182,99549,2822686
2836,2089,3716,100994,2822906
2837,1159,6170,100591,2823339
2838,10287,11548,100913,2825280
2839,1032,3760,100488,2826292
2840,248,7312,99311,2826423
2841,6217,1644,100025,2827148
2842,11605,5484,100100,2827808
2843,888,11519,100507,2828215
2844,12891,1300,100126,2829095
2845,11272,5008,101044,2834135
2846,2873,2235,100342,2835792
2847,8705,3546,100043,2836436
2848,5494,259,99432,2838090
2849,2110,7002,100366,2838281
2850,534,12270,101190,2839251
2851,12314,10175,100287,2840121
2852,7290,676,98879,2840326
2853,2148,1927,99493,2840900
2854,11536,1588,101257,2841970
2855,8665,3986,98368,2841970
2856,7769,4792,100320,2844710
2857,4937,10457,98973,2847788
2858,6339,1632,100793,2848130
2859,2871,12509,98042,2850140
2860,10876,1866,99254,2850343
2861,3469,8925,100026,2850373
2862,9471,7825,98773,2853346
2863,2197,12881,99954,2853932
2864,9835,7058,100190,2855606
2865,2578,5850,100372,2856352
2866,4546,12999,100061,2856632
2867,11266,12529,99882,2857560
2868,1616,5165,101186,2857573
2869,5760,10395,100324,2857912
2870,11062,12426,99589,2858006
2871,6679,9014,101261,2859538
2872,8217,9353,99256,2860535
2873,6276,11589,100332,2861034
2874,1561,9660,99358,2861292
2875,10600,1443,100506,2863772
2876,5823,5733,100584,2866172
2877,3744,887,101950,2866572
2878,7199,873,98784,2867211
2879,8003,149,100258,2868487
2880,10180,8710,100553,2869065
2881,11964,9168,100648,2870419
2882,11895,486,100521,2870647
2883,2704,12877,101131,2870956
2884,665,9148,100244,2871493
2885,7935,11555,100740,2871572
2886,8757,9874,97539,2871998
2887,9660,11710,100345,2872487
2888,12307,7144,101302,2872753
2889,12900,9410,101071,2874233
2890,7070,8757,99007,2875892
2891,12497,10404,98816,2877238
2892,2605,11901,100736,2878071
2893,11703,3498,99945,2878588
2894,8778,4522,100016,2880310
2895,9296,4745,100844,2880786
2896,7196,3515,101734,2881293
2897,2854,7974,100159,2881381
2898,3040,2844,99871,2881931
2899,8231,6095,98739,2882349
2900,4035,5472,99087,2882379
2901,7658,8525,100446,2883430
2902,6228,3532,100070,2884595
2903,1815,843,101343,2885262
2904,509,9256,99069,2886589
2905,3463,6578,98176,2890874
2906,2422,10766,98795,2893723
2907,7166,2066,99295,2893862
2908,12896,10196,100464,2895248
2909,12808,547,99563,2895482
2910,418,8884,98823,2896040
2911,10237,10290,98425,2896939
2912,3545,1730,98671,2898057
2913,4310,12771,99625,2898329
2914,9688,8024,100437,2899452
2915,11073,10142,100984,2900925
2916,7767,824,100893,2901109
2917,2134,10167,99663,2901135
2918,12995,2932,97967,2901144
2919,4857,5449,98397,2901233
2920,691,1122,100774,2901613
2921,7654,10683,100333,2901868
2922,854,12959,100913,2902084
2923,3673,10104,98839,2906602
2924,5253,12177,101169,2906687
2925,5982,1750,99259,2906779
2926,5952,2267,99332,2907912
2927,1494,632,99029,2908302
2928,7452,3210,100615,2908508
2929,9674,1336,98899,2908531
2930,791,4546,101585,2910180
2931,10407,10466,101865,2911058
2932,7049,5333,100581,2914280
2933,5517,3772,98653,2915127
2934,7486,10796,98861,2916248
2935,9629,10080,99498,2917653
2936,8183,7415,100619,2917970
2937,12745,12076,99877,2918124
2938,8302,5046,99729,2918412
2939,10175,1314,99667,2921358
2940,12018,9561,100344,2921656
2941,12668,3586,99838,2921704
2942,1059,1201,98609,2922382
2943,1534,5359,100213,2924726
2944,11546,174,100012,2925021
2945,7004,3040,99279,2925186
2946,3379,5153,99929,2925377
2947,1093,10155,100825,2925550
2948,9389,719,101059,2926548
2949,9946,10021,99902,2928168
2950,8060,9954,99136,2930498
2951,8171,9790,98949,2931229
2952,2984,2641,98915,2931494
2953,6692,8092,99485,2933503
2954,11976,1908,101080,2935390
2955,876,2988,100610,2935776
2956,2457,12469,98970,2936247
2957,9662,507,100325,2938136
2958,5368,3649,99374,2939244
2959,9774,4981,99844,2940038
2960,12368,11879,97999,2941284
2961,5592,9756,100048,2942502
2962,5816,11101,100364,2943039
2963,5078,6507,99910,2944366
2964,7794,8755,99696,2944616
2965,1445,5012,100359,2945760
2966,10605,12795,100373,2947061
2967,1332,6402,99657,2947135
2968,3778,7652,100368,2947210
2969,9233,7561,100948,2947844
2970,3060,2220,98866,2949904
2971,310,10509,99868,2950637
2972,6456,4470,99060,2951499
2973,11643,9820,101322,2957215
2974,4358,5716,100946,2957446
2975,2071,9641,101257,2958190
2976,8074,1032,96832,2958931
2977,10040,12121,99565,2958998
2978,7683,11407,99193,2961383
2979,12942,3505,100136,2961968
2980,4558,10706,99879,2962365
2981,8072,4221,101157,2963107
2982,9196,12110,97830,2963856
2983,7152,1376,99903,2964384
2984,2983,7440,101202,2971469
2985,1752,1003,100127,2971675
2986,3955,2875,99701,2971851
2987,6539,18,99836,2971910
2988,8811,5165,100660,2972121
2989,8636,4712,100506,2972728
2990,4290,11009,99404,2972769
2991,1388,9825,99552,2973785
2992,9947,9718,99590,2974392
2993,10863,11169,100671,2975076
2994,12742,9856,98926,2975245
2995,9672,8415,99409,2977310
2996,8871,1032,99821,2983620
2997,2599,5463,98946,2984900
2998,2688,12084,100233,2985847
2999,376,7486,98457,2985941
3000,1737,5437,101440,2987248
3001,12551,5528,101152,2988184
3002,4371,9819,100107,2991260
3003,12207,637,99159,2992124
3004,7914,1671,99070,2993392
3005,7544,6308,98673,2995161
3006,9435,334,98917,2996370
3007,4539,3722,103023,2996685
3008,93,11136,101479,2997125
3009,3036,1326,98935,2997960
3010,3865,6184,101340,2998496
3011,10266,731,101913,2999324
3012,871,3388,99570,3002002
3013,3922,9129,101586,3002847
3014,4635,8071,101491,3004565
3015,3478,10136,100375,3005948
3016,6916,12554,100694,3006193
3017,8884,6747,100648,3007125
3018,3603,11280,99443,3008181
3019,339,1057,98919,3012683
3020,7722,9829,98303,3012823
3021,4316,10523,100454,3014081
3022,12697,9457,99580,3014757
3023,9376,2534,99119,3014954
3024,2588,877,100363,3016126
3025,9535,3802,99991,3017885
3026,11462,5752,97387,3019109
3027,1452,1965,99963,3020653
3028,11591,7888,100556,3020712
3029,11912,3021,100227,3020806
3030,9257,1524,100376,3021459
3031,4574,1131,100407,3021553
3032,3647,11035,99570,3022941
3033,9977,9175,99027,3024169
3034,2715,9384,99369,3025703
3035,993,7171,100037,3028403
3036,9662,1350,101178,3028821
3037,242,10985,101517,3030964
3038,6928,5451,100929,3030988
3039,482,8406,97075,3034274
3040,11653,7263,100539,3034394
3041,9732,8043,100447,3034437
3042,12866,6195,100068,3036814
3043,10517,7683,99510,3037141
3044,12108,10004,102243,3037783
3045,5702,7084,100087,3038695
3046,8607,6423,101130,3038884
3047,9955,6604,99922,3040539
3048,1244,427,100119,3042390
3049,3148,2663,99008,3043688
3050,7349,4080,100108,3047558
3051,8603,4481,98180,3047723
3052,12074,3520,100802,3048242
3053,6519,2391,99244,3048477
3054,11883,3606,99734,3049983
3055,7014,2109,101118,3051795
3056,3569,11130,99548,3051853
3057,3247,8615,101872,3058243
3058,4550,9744,100901,3058784
3059,8806,7227,98971,3059384
3060,3613,5515,100681,3059431
3061,12440,11046,98531,3059579
3062,2476,4070,98738,3064767
3063,10297,10873,101030,3065757
3064,6678,1054,99345,3068215
3065,1964,821,100043,3069305
3066,5606,5705,100233,3069740
3067,3349,7506,99802,3070470
3068,6608,6509,99627,3070532
3069,2,11910,99732,3070688
3070,9487,5241,100925,3071996
3071,3351,10206,102790,3074149
3072,1443,8359,99899,3076084
3073,1335,12151,100986,3076845
3074,2406,5671,100959,3077098
3075,3906,9794,101332,3078968
3076,8101,3316,100778,3081092
3077,11998,11194,101098,3082370
3078,4951,9420,101394,3082571
3079,7798,10307,99034,3083857
3080,5873,186,100218,3083966
3081,8273,12978,100435,3084338
3082,1639,1521,101086,3085202
3083,4784,10168,99147,3085253
3084,1158,4797,100039,3085807
3085,11263,10658,100823,3085854
3086,10902,8796,99572,3085950
3087,8332,5762,100342,3087072
3088,1825,4461,100077,3087247
3089,2925,3000,99770,3088344
3090,881,10612,101088,3088673
3091,11514,1993,99683,3089137
3092,6496,10861,99124,3089481
3093,5575,6334,101476,3092794
3094,12261,8809,100155,3093267
3095,520,11277,101002,3093702
3096,10747,4601,99701,3093802
3097,5048,4589,99743,3094199
3098,12808,2900,99435,3094527
3099,9620,5475,99621,3094566
3100,10165,1510,100107,3094571
3101,13008,4666,100786,3096926
3102,7268,11222,98518,3097922
3103,12437,9934,100280,3099957
3104,12721,6579,98960,3102457
3105,11567,9417,99000,3103411
3106,7407,10879,98553,3106216
3107,7213,9012,100139,3106460
3108,11954,1256,100221,3106830
3109,12363,4767,100213,3107337
3110,5017,6782,102398,3107391
3111,12637,12758,100396,3107609
3112,4067,8684,100049,3107721
3113,10764,1447,99815,3107769
3114,9716,4566,101877,3109098
3115,11528,2542,98739,3109967
3116,4781,9816,98688,3110326
3117,7403,7153,97981,3113725
3118,8913,9646,100072,3113924
3119,1244,3827,98293,3114290
3120,10779,2295,99936,3114320
3121,7988,4871,99709,3114605
3122,11099,5239,101197,3115838
3123,4111,4456,99178,3117922
3124,7263,12495,101466,3119787
3125,10063,3299,100554,3120425
3126,1886,5001,98728,3120650
3127,7875,1459,99381,3120672
3128,5769,10009,97783,3121020
3129,810,9242,99590,3121173
3130,4028,12148,100306,3121965
3131,4261,717,100431,3122686
3132,3828,8256,99479,3123823
3133,3313,2560,98643,3124156
3134,9469,4325,100421,3125076
3135,1321,1702,99733,3125536
3136,3806,7258,98578,3125614
3137,10828,1086,101628,3127002
3138,10707,4098,100686,3127715
3139,5399,7897,98318,3127825
3140,12179,7955,100755,3128347
3141,8282,652,99788,3128581
3142,309,863,99128,3128822
3143,10723,2882,99242,3129410
3144,10919,11589,101761,3130193
3145,8103,7557,99349,3130828
3146,832,3110,99973,3131161
3147,3884,1846,99788,3131622
3148,11329,6095,100301,3131810
3149,2753,4849,98952,3131959
3150,7529,9768,98331,3134536
3151,589,6262,101520,3135244
3152,5747,12832,100886,3136167
3153,10749,10974,100559,3136667
3154,2701,147,99092,3139192
3155,3553,6390,99843,3139351
3156,627,3216,98341,3143257
3157,9489,1970,100556,3143296
3158,8385,3578,100615,3143789
3159,8116,12418,100364,3143868
3160,1136,5318,100617,3144427
3161,9467,8750,98546,3145042
3162,6768,12828,100220,3145636
3163,8324,7451,100432,3146641
3164,12108,5833,99696,3148160
3165,9582,1509,100168,3148568
3166,5365,8010,101230,3148635
3167,6090,3507,100757,3149074
3168,651,5665,98846,3151128
3169,2127,9034,99552,3152640
3170,1235,12634,100719,3153474
3171,7243,4041,99729,3156634
3172,10001,8016,100260,3157513
3173,7014,6618,100140,3159705
3174,4675,8266,101241,3162697
3175,3882,12339,97210,3163542
3176,9655,7761,99188,3165995
3177,11026,9582,99688,3166019
3178,787,1349,100226,3166399
3179,6438,6430,100944,3166594
3180,6734,3756,100107,3167039
3181,10508,4701,98830,3167569
3182,479,11034,99863,3168006
3183,9663,2547,99989,3168238
3184,10668,10108,99454,3168362
3185,12647,6715,99562,3169115
3186,8925,9638,99489,3169450
3187,5888,5465,101597,3169986
3188,3707,4657,99084,3170013
3189,7075,7329,100850,3170134
3190,8869,6108,98434,3170637
3191,8564,11395,99596,3171797
3192,1866,4972,101037,3171990
3193,1472,13008,99251,3174576
3194,921,5794,98910,3176175
3195,11876,9796,98963,3176926
3196,9635,8905,99315,3177149
3197,1093,7245,100187,3179371
3198,11769,10607,99738,3179397
3199,8298,1811,101720,3179501
3200,10039,1528,99878,3179686
3201,9259,12725,101503,3180135
3202,10542,1500,100187,3182725
3203,3290,3156,100617,3183295
3204,9447,7888,100175,3184145
3205,11737,2767,99568,3184167
3206,5775,7181,99770,3186619
3207,1404,12615,98875,3188629
3208,3276,10656,99382,3190075
3209,3366,10963,99194,3190913
3210,389,5378,100264,3191087
3211,1139,12299,100501,3192796
3212,7523,4333,100759,3193232
3213,7097,8580,98650,3193338
3214,5658,1390,99270,3193373
3215,1293,2847,99622,3193856
3216,9929,293,101602,3194405
3217,11346,7152,99745,3195865
3218,10547,3817,98289,3196732
3219,3897,12636,99130,3197485
3220,5784,5661,100357,3197838
3221,5847,3688,100819,3198642
3222,12518,2292,100322,3199139
3223,12497,8476,99789,3200799
3224,12245,12211,100143,3201753
3225,1016,12605,98264,3201994
3226,4704,10440,100401,3203012
3227,6633,11617,97873,3205498
3228,1618,10662,98831,3206483
3229,8573,9561,100343,3207446
3230,2464,10737,99024,3209819
3231,10978,12665,100691,3212153
3232,1679,11808,101189,3213026
3233,6210,1827,102960,3213067
3234,6080,7464,100815,3213221
3235,1448,4600,98887,3213606
3236,6130,3545,100574,3213626
3237,9903,2961,100204,3213683
3238,775,8880,98366,3220049
3239,2624,7817,99333,3220143
3240,1622,1638,101897,3220447
3241,5964,6640,98478,3220562
3242,8980,10995,98372,3222113
3243,5783,6345,101122,3222833
3244,2724,12650,99291,3223613
3245,9999,10703,100641,3223895
3246,3132,11491,100030,3226314
3247,1672,9686,99953,3228373
3248,7128,4092,100407,3229229
3249,8447,7489,102134,3229436
3250,11974,5251,98405,3229711
3251,8332,7094,99035,3230243
3252,973,3565,100361,3231527
3253,6247,1091,101491,3232342
3254,6832,8061,101958,3232374
3255,9574,12496,100062,3233330
3256,1647,12263,99119,3236320
3257,3823,3373,99690,3236945
3258,5817,3766,99977,3237785
3259,9321,5849,100957,3238278
3260,2795,2993,99473,3238962
3261,5304,6722,99147,3239139
3262,3081,1067,99093,3242412
3263,420,3336,99066,3243209
3264,409,4561,99921,3243529
3265,5076,777,100949,3244073
3266,12090,10100,98405,3244466
3267,592,8962,99488,3245965
3268,7176,11794,98889,3246850
3269,11638,10868,101969,3247687
3270,11481,339,100890,3247974
3271,5127,2447,99822,3248128
3272,8554,7899,99281,3248309
3273,8440,3372,98737,3248919
3274,2963,7992,100249,3249704
3275,11778,10880,98423,3253270
3276,11874,4979,99002,3255018
3277,5787,12034,101682,3255715
3278,10024,5716,100215,3255924
3279,10741,4086,99730,3256686
3280,6054,10214,99288,3256761
3281,502,4208,100987,3257079
3282,38,7340,100990,3257154
3283,12993,9248,100428,3258204
3284,12730,7154,98468,3258458
3285,9629,2970,99819,3259225
3286,12118,2806,98850,3259425
3287,9302,6714,99816,3259521
3288,11308,449,100228,3259766
3289,5986,9880,100516,3259956
3290,7422,9129,99693,3260431
3291,11212,3120,99904,3260616
3292,3813,4631,99085,3263094
3293,8745,8736,100373,3264777
3294,11969,2007,97810,3266132
3295,10550,12889,100096,3266717
3296,9461,3254,100195,3269364
3297,8930,1079,100615,3270320
3298,9889,4502,100838,3270355
3299,12465,7720,99452,3270434
3300,11458,8894,99749,3270476
3301,10074,2529,100727,3271075
3302,6852,4443,99380,3271577
3303,10277,3208,101324,3272189
3304,3207,4377,100166,3274321
3305,5594,2913,99698,3274337
3306,7921,605,99175,3276696
3307,10087,6298,100234,3278057
3308,609,3888,99046,3278148
3309,1323,5209,98854,3278848
3310,6486,9505,99471,3279060
3311,1452,7830,99770,3280870
3312,4964,2386,100696,3283806
3313,10666,7953,99174,3284775
3314,3471,689,100415,3286017
3315,5015,6629,98516,3287537
3316,7554,9015,98195,3287615
3317,750,12032,100435,3287712
3318,3361,12057,100084,3287931
3319,921,11846,99241,3289091
3320,4001,7905,101686,3290984
3321,6599,4896,100306,3291111
3322,9514,10582,100214,3293900
3323,6793,11351,97654,3294296
3324,7167,10190,101327,3294960
3325,2911,11893,99479,3295709
3326,12894,2367,100893,3295872
3327,5302,3428,99454,3296253
3328,12672,4886,100363,3297195
3329,194,5827,100550,3297745
3330,698,7071,101108,3297840
3331,11977,6030,100648,3298573
3332,11348,203,98637,3299284
3333,5310,3346,98087,3299505
3334,6459,1817,98786,3300373
3335,10192,6046,101264,3300629
3336,5324,4571,99975,3302421
3337,7012,6308,99909,3304339
3338,2300,12451,98433,3304493
3339,9580,536,100386,3305587
3340,3408,11130,99810,3306751
3341,9416,4865,100382,3308420
3342,9192,2974,100884,3308677
3343,12077,10193,99218,3310191
3344,10255,7523,100001,3310710
3345,8016,80,99010,3313848
3346,8820,8764,99559,3316258
3347,12697,5467,102277,3316421
3348,6402,3111,102166,3317590
3349,9584,8807,98140,3319155
3350,11417,6217,99988,3321077
3351,7595,12194,99465,3321580
3352,9333,10176,99925,3321941
3353,11057,6285,99809,3323128
3354,2582,5794,99293,3325722
3355,8204,1299,99665,3326548
3356,8691,234,100919,3327998
3357,12580,1244,97616,3328018
3358,3807,5908,101888,3328163
3359,228,5803,100052,3329066
3360,4478,1476,102030,3330318
3361,12021,8638,99893,3330476
3362,996,238,100378,3333083
3363,12527,3046,99860,3334063
3364,8006,4259,100424,3334988
3365,8253,8830,100518,3336290
3366,10974,2992,101545,3336323
3367,9081,12135,97332,3336545
3368,6079,6532,101529,3336868
3369,3408,11833,101402,3336909
3370,1736,313,98913,3337148
3371,4797,5768,99384,3339174
3372,1274,8686,99462,3339318
3373,4313,455,99992,3339322
3374,7867,12537,100617,3339753
3375,4231,5901,99694,3341334
3376,4398,7474,99118,3342420
3377,129,5067,99817,3344224
3378,3369,3108,98312,3344761
3379,7156,5948,99358,3345276
3380,6658,12144,99103,3346048
3381,10273,6708,98115,3346498
3382,2982,12112,99766,3346999
3383,9905,10606,100591,3349311
3384,8482,11163,100306,3350001
3385,5451,5487,100631,3351218
3386,7526,4386,99999,3352863
3387,10116,2629,99424,3353150
3388,11376,5323,100021,3354697
3389,2977,12731,100381,3356169
3390,1682,1115,101745,3356531
3391,7211,11587,99860,3359215
3392,624,9840,100034,3360047
3393,1787,3706,99187,3361908
3394,1800,5229,99652,3362184
3395,4394,4325,103410,3362221
3396,12748,10807,99991,3363313
3397,5545,8733,98735,3363867
3398,3134,9383,98924,3364496
3399,9934,4217,100716,3365875
3400,3590,6221,100212,3366005
3401,10530,11992,99505,3366563
3402,2511,6010,98097,3368703
3403,3423,4001,100848,3369762
3404,4410,3128,100027,3370741
3405,9264,3097,100822,3373581
3406,8032,6442,99764,3373889
3407,6256,613,101103,3374178
3408,9945,328,99373,3374454
3409,4699,4680,101517,3378862
3410,12836,4155,100151,3379492
3411,8899,5209,101365,3379729
3412,6886,10789,98840,3380415
3413,8752,8918,99212,3381418
3414,11804,7499,100387,3381447
3415,1492,1587,101765,3381916
3416,10522,6821,99726,3382483
3417,7240,7552,100235,3386751
3418,11447,1563,101412,3390007
3419,8160,1783,100036,3390014
3420,9302,8626,99320,3390421
3421,7485,11420,99755,3390509
3422,1087,474,100737,3392763
3423,10492,12054,97660,3393162
3424,4443,9743,99154,3393798
3425,10965,12584,99948,3395583
3426,3110,6334,100608,3398196
3427,2600,8951,101881,3398937
3428,7662,1192,99131,3398984
3429,11490,4634,99241,3400318
3430,4238,2606,99734,3400393
3431,258,11697,98076,3400899
3432,1168,1220,99727,3401057
3433,9894,9170,101608,3401199
3434,5103,2677,100395,3401262
3435,4914,4040,100912,3401285
3436,3388,10534,99842,3401562
3437,4509,10243,98157,3402790
3438,11554,12617,100844,3403648
3439,3482,200,101108,3403859
3440,436,6512,99032,3404688
3441,8478,12080,100578,3404814
3442,3238,4376,99021,3405007
3443,6640,2246,99521,3405917
3444,6077,8904,99007,3406468
3445,2028,12860,102111,3410133
3446,7316,4662,99992,3410735
3447,3850,907,99941,3411689
3448,202,2516,101527,3412816
3449,7960,7855,99330,3413164
3450,861,461,100217,3414626
3451,3377,1552,101715,3415032
3452,10060,9249,101690,3415037
3453,7070,8144,100260,3416075
3454,10199,1699,101870,3417562
3455,7512,12798,99776,3420955
3456,467,5540,102481,3421389
3457,11194,2290,98954,3422634
3458,8513,11950,99689,3424225
3459,4262,3358,101821,3425611
3460,8170,10980,100761,3425899
3461,5179,6558,99410,3425929
3462,2346,5591,102635,3428360
3463,12784,7390,101349,3432401
3464,7146,7227,99665,3432534
3465,8575,9582,98880,3433278
3466,9242,10603,100993,3435201
3467,4719,6337,99455,3435768
3468,2490,10981,100553,3436956
3469,1073,7540,100138,3439339
3470,4806,7010,101333,3440543
3471,1747,5885,102017,3440629
3472,4860,3241,100419,3440922
3473,9533,9677,99698,3442698
3474,2965,2342,99726,3443236
3475,12659,6953,99855,3443246
3476,3042,7423,100306,3443302
3477,5547,11357,99564,3443502
3478,7012,6311,100054,3443685
3479,2656,7752,101142,3444221
3480,1039,9078,97898,3445790
3481,5116,9391,101226,3446030
3482,7574,1222,100802,3446359
3483,4469,4414,100648,3448487
3484,6978,8875,98800,3449795
3485,3446,5147,99046,3449819
3486,1399,29,100538,3450123
3487,6179,11945,101031,3451588
3488,8504,5230,100332,3455058
3489,686,7687,100205,3455771
3490,3820,2770,97481,3456290
3491,3717,7804,98059,3459049
3492,3730,2857,101488,3460685
3493,3491,1024,99579,3462786
3494,8392,8499,100010,3464870
3495,12052,9030,100310,3465422
3496,6809,10734,99946,3465588
3497,9259,12437,99256,3466567
3498,4383,7363,100849,3468300
3499,661,3748,100012,3469001
3500,6064,9481,101077,3469749
3501,424,1047,98987,3471203
3502,4371,9183,99970,3471784
3503,3972,12508,101670,3475048
3504,606,2152,100345,3475062
3505,5352,9661,97529,3475297
3506,6946,11782,99333,3477657
3507,11824,12841,100592,3478086
3508,33,12127,100698,3478426
3509,6475,9234,98096,3479805
3510,7232,76,100702,3479923
3511,113,6682,99833,3480345
3512,3329,7364,99034,3482278
3513,6904,5810,98506,3483530
3514,12186,4716,100447,3485529
3515,372,1667,98566,3490024
3516,11158,5882,99716,3492121
3517,4366,8138,101387,3492459
3518,8789,2586,98554,3492647
3519,12360,8464,99682,3495963
3520,765,5306,97746,3496541
3521,5190,11381,100090,3497070
3522,3393,10529,97649,3497500
3523,6021,7512,99664,3498026
3524,6665,9353,101260,3499011
3525,8104,4856,98048,3499057
3526,3047,9810,100080,3500537
3527,6079,10330,99503,3500976
3528,2094,9990,99930,3503389
3529,5199,4803,101566,3504274
3530,2472,6254,100097,3506015
3531,11742,3253,100561,3509935
3532,9573,763,99807,3510565
3533,9391,1751,99006,3511446
3534,6892,6709,101523,3511479
3535,12327,275,99205,3511530
3536,4788,2326,100663,3512986
3537,2830,11007,101650,3516617
3538,11508,7188,99395,3519428
3539,9106,11799,99764,3519805
3540,6242,5304,98749,3522652
3541,7327,3816,98587,3524814
3542,1417,3191,100829,3525585
3543,12674,12754,98938,3527318
3544,7117,8850,101323,3529121
3545,3451,3113,99043,3529332
3546,10440,8029,100914,3529686
3547,7345,12120,101940,3531238
3548,11406,10373,100453,3531384
3549,7312,9100,100431,3531551
3550,9834,1967,99407,3534388
3551,9979,847,100460,3535676
3552,6501,6547,99917,3536028
3553,10284,4368,97790,3536275
3554,4233,543,99268,3536599
3555,2648,9746,99874,3536698
3556,2132,6272,99269,3537057
3557,5775,2931,99565,3539406
3558,9044,2032,98787,3539606
3559,12437,3442,101225,3540031
3560,11164,8363,98220,3540274
3561,4906,4207,101154,3540883
3562,9120,626,100817,3542084
3563,4410,9376,98931,3547353
3564,7929,220,98972,3547720
3565,12856,9695,100169,3548305
3566,11770,11909,98919,3548609
3567,5545,10578,100031,3549503
3568,11631,12680,102006,3551720
3569,4398,5851,101013,3552079
3570,10572,7762,98635,3552919
3571,7531,11690,99491,3554829
3572,7684,12137,99820,3556976
3573,8005,9859,100336,3557227
3574,10659,5598,98747,3558016
3575,6356,11170,99089,3559299
3576,9291,2822,100910,3559765
3577,9431,11916,100829,3561271
3578,8695,11745,100466,3561955
3579,12936,6614,99903,3563529
3580,5689,12673,100712,3563739
3581,1046,7599,100685,3565006
3582,6603,11933,98566,3565349
3583,96,10928,98730,3565620
3584,9361,2128,101729,3567869
3585,12778,1944,101341,3569726
3586,8977,7162,99355,3570329
3587,6279,2972,99489,3571370
3588,3959,4838,99802,3572140
3589,7723,7333,98871,3572273
3590,10854,8011,100558,3574377
3591,10207,1711,101130,3574737
3592,678,4525,100798,3576905
3593,6916,4935,101208,3577178
3594,7021,12343,98086,3581314
3595,10382,12540,99106,3583162
3596,4738,918,100433,3583756
3597,8567,1644,100036,3585224
3598,11262,11999,101338,3585393
3599,1351,3998,100893,3587143
3600,1187,12688,100850,3588491
3601,4523,117,101402,3588744
3602,4171,11029,98677,3588799
3603,12968,7240,99695,3589893
3604,6801,6511,98781,3590736
3605,3648,888,99245,3591762
3606,6774,3562,100530,3593241
3607,12106,5764,99504,3594611
3608,3550,11925,99357,3595276
3609,3169,2099,99460,3595583
3610,9861,12788,101718,3596401
3611,5907,2684,100581,3597941
3612,12155,1479,99051,3598824
3613,4022,11259,100575,3599151
3614,2331,12862,98985,3599502
3615,5481,774,99482,3599581
3616,9925,9990,100647,3599949
3617,3209,9568,101097,3600360
3618,3079,7331,99816,3601332
3619,8467,12282,99292,3601392
3620,3607,9831,101106,3601594
3621,8643,9526,101338,3603300
3622,5921,6455,100675,3603468
3623,1940,8594,99271,3604798
3624,5787,3602,99965,3607105
3625,3056,4141,98713,3607660
3626,5969,4749,98858,3608195
3627,12116,735,101117,3608274
3628,11523,5574,101827,3609787
3629,6298,5194,99017,3611070
3630,3527,3748,98988,3611111
3631,11099,5002,100695,3613042
3632,9025,7060,100049,3614563
3633,530,2295,98862,3614981
3634,12273,8630,98868,3615288
3635,1657,2213,98855,3616628
3636,11840,9058,99265,3616967
3637,12663,9723,100761,3617133
3638,7985,3126,100176,3618063
3639,8478,1330,100274,3619816
3640,12840,8186,99873,3621131
3641,4257,12538,99846,3621453
3642,2138,10179,99797,3621577
3643,1648,5916,100101,3622921
3644,9033,4742,100912,3623785
3645,10134,1090,99412,3624808
3646,9931,88,100249,3625499
3647,7116,7529,100421,3625565
3648,5011,545,101400,3626062
3649,6051,3289,102249,3626952
3650,12079,5057,100435,3628382
3651,9958,5497,100241,3630252
3652,7783,12385,100651,3630300
3653,7209,903,97091,3630596
3654,9932,7516,99583,3631826
3655,9112,12335,100828,3632523
3656,10513,7217,100106,3634242
3657,7012,6783,101794,3637770
3658,6838,11444,100753,3638354
3659,6609,1387,101334,3640043
3660,8921,12281,100082,3641782
3661,403,8647,99725,3642093
3662,5371,1181,99720,3643040
3663,4873,3820,100945,3644132
3664,9079,6216,100618,3644757
3665,9175,6436,99337,3646565
3666,3671,2738,101420,3648294
3667,12160,12469,101735,3648359
3668,4705,9277,100656,3651438
3669,7094,6427,99035,3651661
3670,7542,3801,99734,3652783
3671,22,10189,101780,3655503
3672,901,5146,100247,3655590
3673,9549,11838,100517,3657422
3674,3788,250,99540,3658420
3675,5912,11238,101181,3662196
3676,3530,3798,102275,3663782
3677,10876,7861,99690,3664118
3678,9699,969,100353,3669115
3679,1470,1092,98596,3669986
3680,4932,7754,100443,3670011
3681,5131,10206,98042,3670572
3682,4507,1854,100523,3674503
3683,8204,6474,97590,3675857
3684,1507,710,99712,3676237
3685,5992,10181,100879,3677064
3686,656,7831,98755,3677115
3687,8328,2546,99812,3678676
3688,10571,4391,98918,3678983
3689,5625,259,99505,3679525
3690,1128,1215,97443,3679604
3691,4533,7523,101706,3680683
3692,8778,3752,100208,3680720
3693,4906,2374,100607,3681709
3694,9945,1373,99479,3683330
3695,8659,12416,99964,3683471
3696,7323,7806,98499,3683798
3697,2546,2540,100143,3685061
3698,10393,97,100205,3685101
3699,9991,5760,100002,3685321
3700,12682,8252,99052,3687201
3701,3293,11064,101059,3687709
3702,5400,726,99775,3689937
3703,4987,790,99571,3690318
3704,9228,4375,99970,3692335
3705,7734,7529,101291,3692819
3706,8031,9561,97213,3694024
3707,2759,4331,100534,3694216
3708,2095,3953,100037,3694230
3709,7698,12608,100113,3694424
3710,2188,12044,101045,3695397
3711,4172,11048,100571,3696510
3712,8306,3939,100355,3699206
3713,11826,8564,99747,3699731
3714,12284,9195,99868,3700604
3715,12941,2513,99654,3701190
3716,8630,3067,98765,3702113
3717,10873,8539,100920,3702482
3718,3331,1556,100229,3702786
3719,12669,6850,100111,3703079
3720,8688,12350,100554,3704281
3721,12572,11591,100229,3706390
3722,8763,6969,99384,3708771
3723,7073,7858,99854,3708784
3724,5193,5218,99854,3711743
3725,11024,1255,101259,3712223
3726,4276,1881,100437,3714019
3727,6032,4165,100290,3715995
3728,10323,10123,99171,3717391
3729,5600,9861,100003,3718412
3730,1893,9994,98482,3718560
3731,25,7642,99908,3718976
3732,8837,7265,99135,3721425
3733,830,2235,100488,3721495
3734,11223,9045,100001,3722762
3735,12219,3335,99743,3723104
3736,5477,5193,101446,3725698
3737,8582,10462,99070,3726659
3738,6069,2395,99616,3726682
3739,5816,9772,101128,3728250
3740,1467,5975,100395,3728577
3741,7485,3323,99901,3728640
3742,5481,11042,101680,3729700
3743,10919,2585,100207,3730527
3744,7364,10926,99088,3732414
3745,12467,7897,100117,3732867
3746,9581,8980,98044,3733836
3747,5818,4630,100774,3736583
3748,12231,508,101589,3737392
3749,2995,1056,100147,3739079
3750,6524,1846,102652,3739865
3751,12293,8950,101224,3740085
3752,4537,2317,99381,3741020
3753,10716,10072,102387,3741103
3754,6071,1694,99047,3741214
3755,12232,5082,100417,3743064
3756,629,3629,98001,3743121
3757,7366,1835,100052,3743595
3758,12363,283,100011,3744078
3759,4206,1823,100455,3745186
3760,4911,12394,98739,3745757
3761,1229,1418,100914,3747139
3762,2116,6520,100735,3748148
3763,11149,5962,99634,3748904
3764,6886,8468,98475,3749890
3765,12831,4020,100762,3750362
3766,12419,11987,101774,3751590
3767,11803,7458,101409,3752610
3768,3224,2419,99283,3753000
3769,12753,11751,100735,3754732
3770,355,110,99675,3755037
3771,5891,6003,99654,3756956
3772,11621,6493,100669,3757155
3773,8386,931,99529,3758083
3774,6623,5255,99681,3758634
3775,8812,4594,98204,3759145
3776,2431,1921,99613,3759594
3777,5552,1860,100567,3761720
3778,5022,4994,99310,3761973
3779,2844,3383,101263,3762511
3780,4697,2436,100047,3762870
3781,7272,9575,101462,3763046
3782,8024,7822,99469,3764271
3783,906,1430,100802,3764494
3784,10425,4231,100835,3765092
3785,1530,11759,99388,3766498
3786,11955,11113,99946,3767013
3787,4468,9695,100742,3769688
3788,8904,7794,100494,3771250
3789,12024,12626,101181,3771542
3790,1734,6087,99186,3771921
3791,11058,6954,99712,3772910
3792,12485,8991,99673,3773712
3793,7335,5089,101764,3775985
3794,4742,12852,99110,3777900
3795,7314,3571,100820,3778728
3796,4418,5784,100852,3779899
3797,7884,11318,100491,3780508
3798,358,5910,99693,3780846
3799,9323,3566,100639,3781203
3800,10867,10069,99123,3781662
3801,10357,918,101752,3782936
3802,9854,10944,100238,3783091
3803,4888,3258,100431,3783665
3804,2820,2690,99985,3785386
3805,5360,12866,99466,3785998
3806,8606,6172,100983,3786615
3807,2948,6098,99260,3787794
3808,10547,10419,99928,3788504
3809,10693,6136,100296,3788770
3810,9856,6866,100588,3789404
3811,2682,2094,98965,3789464
3812,11333,9067,100290,3792116
3813,1970,235,99669,3794249
3814,6907,2540,100357,3795438
3815,11163,8438,101518,3796473
3816,11309,7611,99765,3798441
3817,2712,4747,100586,3802101
3818,6097,10662,100054,3802744
3819,9813,11139,100348,3805095
3820,3446,11966,101065,3806911
3821,8009,11195,99819,3807014
3822,5664,4693,96928,3807965
3823,5585,119,99829,3808995
3824,3645,6140,98737,3809378
3825,3807,7059,98840,3809569
3826,4663,877,100046,3810173
3827,12708,727,99535,3812364
3828,3739,12658,100389,3812909
3829,10483,2694,100230,3813361
3830,1827,3460,100382,3813860
3831,11378,3235,100669,3816099
3832,9247,10673,98558,3816521
3833,12102,8493,100089,3816944
3834,11315,5743,100916,3817165
3835,5273,7778,100693,3817900
3836,8110,8824,99183,3817937
3837,6442,2483,99319,3818983
3838,10840,10014,101811,3820541
3839,8761,9198,100669,3821977
3840,3133,10237,101255,3822838
3841,1488,9128,100534,3822934
3842,3486,3953,100048,3823221
3843,6234,5021,100020,3823626
3844,10505,7860,99800,3823648
3845,12766,4806,99746,3824208
3846,3368,7631,102583,3824691
3847,7196,12164,100059,3824796
3848,5818,2161,98243,3825747
3849,9149,10484,100508,3826472
3850,7232,9136,100446,3829058
3851,1984,8393,100286,3831023
3852,9030,8684,97966,3832032
3853,8335,2021,101189,3833606
3854,373,10376,100853,3834759
3855,6349,3604,99031,3835233
3856,2815,2163,100343,3837099
3857,10018,1399,99641,3837652
3858,5000,630,98565,3838664
3859,3484,2586,101234,3839662
3860,1694,755,100185,3841710
3861,12157,12098,99362,3846500
3862,9836,8794,98518,3847078
3863,10115,3954,100440,3847275
3864,4765,7425,101419,3847878
3865,10981,9400,98482,3848854
3866,1093,3173,99484,3851146
3867,2399,8153,101583,3854957
3868,12073,11963,99477,3855259
3869,6544,7853,99969,3856413
3870,12636,6967,99321,3859078
3871,6751,5925,99479,3861160
3872,12464,2902,99971,3861765
3873,5199,2030,99049,3863912
3874,8830,2939,101133,3869786
3875,4503,10900,98407,3871500
3876,4416,254,102158,3871534
3877,8078,2024,98160,3873915
3878,2074,2981,100268,3874765
3879,8691,4130,100062,3875443
3880,7107,9309,100854,3879419
3881,9331,5871,99014,3880303
3882,9005,652,99314,3881034
3883,6840,2834,100877,3885082
3884,8652,6582,99420,3885194
3885,5825,2237,101329,3887132
3886,365,4916,100053,3888457
3887,10190,8248,101305,3888599
3888,10311,6935,100699,3888935
3889,4135,1701,97988,3889602
3890,4833,655,100746,3890088
3891,5034,11869,100977,3891651
3892,12833,5843,102567,3891997
3893,2057,1540,98983,3895873
3894,9588,12757,100797,3896824
3895,9821,1157,99286,3897331
3896,317,698,101965,3897403
3897,11630,10579,99387,3897558
3898,3741,9444,100455,3898337
3899,9130,6436,99171,3898752
3900,10196,7075,101731,3899841
3901,1635,10355,98433,3901423
3902,9730,10388,99452,3902003
3903,1553,3267,100175,3904433
3904,588,3899,97309,3905747
3905,5811,6789,101331,3906284
3906,6678,7034,99828,3906742
3907,3554,2651,98723,3907392
3908,12318,1229,99332,3907884
3909,8420,2455,99546,3907936
3910,8740,5065,98583,3908381
3911,2976,255,101485,3908495
3912,6505,10934,101167,3908516
3913,1583,12622,99648,3908551
3914,6461,6739,98655,3908968
3915,4725,12298,100608,3909505
3916,11129,4076,100829,3910513
3917,172,5392,100175,3910612
3918,8616,7439,99321,3910863
3919,3460,9754,98655,3912133
3920,8429,9036,99680,3912209
3921,6831,5777,100417,3913517
3922,10580,4813,100831,3914653
3923,6055,4013,99757,3915914
3924,5606,9549,99302,3916271
3925,10620,7072,98641,3917179
3926,10142,5070,99281,3919130
3927,9685,5737,101201,3921651
3928,9089,2504,98238,3926269
3929,7793,6036,101025,3926811
3930,7645,6306,98626,3927188
3931,2601,5342,99009,3927380
3932,4205,1450,100921,3927867
3933,73,11373,100890,3928107
3934,9608,1138,99355,3928966
3935,5324,6632,100308,3930118
3936,3225,3772,99552,3930930
3937,6222,931,101208,3931245
3938,6301,10734,99934,3931563
3939,2588,957,102247,3931691
3940,6852,1084,99322,3932518
3941,1957,8940,99658,3935306
3942,6625,6143,101438,3936138
3943,2521,12621,100361,3936440
3944,8646,12257,99253,3940825
3945,564,3011,98889,3941537
3946,5532,4002,101460,3943288
3947,1288,9693,99139,3944507
3948,6428,786,101252,3945741
3949,7549,6541,101679,3946027
3950,11658,11827,100924,3947668
3951,8115,9696,99918,3949150
3952,9103,9502,98586,3950642
3953,4823,2845,99807,3951708
3954,10124,9506,101075,3952329
3955,8507,10731,100781,3952498
3956,6894,10518,99346,3952621
3957,7755,6308,99811,3955080
3958,2665,2545,99981,3955918
3959,9058,6790,99921,3957153
3960,12315,5014,99266,3958209
3961,2945,312,99083,3960643
3962,3621,778,100756,3961353
3963,9667,12507,99323,3961373
3964,4382,10165,100984,3962439
3965,7716,12880,100653,3966679
3966,5463,10231,99513,3968308
3967,7841,9223,99768,3968757
3968,12131,4960,99653,3970970
3969,12599,3123,100789,3974949
3970,6135,12781,99020,3975829
3971,3107,5612,101332,3976040
3972,4963,12479,99160,3977416
3973,8942,12475,98919,3978914
3974,6253,9671,100155,3982736
3975,6459,7127,98348,3983335
3976,2715,12335,99620,3984346
3977,3045,9387,99891,3985941
3978,7840,6679,100273,3986384
3979,2812,10090,101937,3988970
3980,2565,7921,101194,3990146
3981,158,9310,100888,3990975
3982,11241,1004,99995,3993105
3983,7819,4546,98996,3993418
3984,20,10805,99524,3993854
3985,8113,100,99942,3995100
3986,4584,4112,101118,3995712
3987,9392,6214,100830,3996350
3988,7849,6926,99699,3997339
3989,4100,12189,100011,3997942
3990,6703,1162,101069,3999902
3991,7632,12943,98699,4000201
3992,11370,7017,102354,4000409
3993,3140,2895,100086,4001068
3994,10164,1919,99689,4002510
3995,7516,5672,100016,4002753
3996,2847,1811,101005,4003682
3997,12367,27,100874,4003718
3998,12126,10487,102636,4003807
3999,8392,8016,102073,4004694
4000,9822,3665,100466,4006186
4001,1265,133,98982,4006357
4002,704,194,99585,4006410
4003,7583,3179,99546,4006718
4004,5969,9917,98595,4006718
4005,7443,8717,100518,4007880
4006,3885,4041,100796,4008259
4007,7930,8084,97977,4008383
4008,3315,6847,100637,4009193
4009,872,8226,100305,4009286
4010,8592,5667,98802,4009519
4011,122,12621,99263,4010922
4012,3982,12770,100133,4012163
4013,801,8739,100465,4012745
4014,10770,7098,97580,4012746
4015,4038,1364,101125,4012848
4016,9621,8145,97456,4014819
4017,826,3247,101502,4014938
4018,10431,7810,99672,4015104
4019,3755,5776,101063,4016582
4020,58,9517,100578,4017466
4021,9128,5979,100107,4018033
4022,3447,10541,99875,4018183
4023,10944,4605,98900,4018743
4024,6782,7095,99662,4018860
4025,6051,12544,99413,4019912
4026,12938,4885,99746,4020235
4027,10126,11650,98890,4020397
4028,6211,6700,102013,4020482
4029,1981,5256,100284,4021452
4030,10088,7356,100599,4022391
4031,12720,1762,101279,4022692
4032,5036,2866,98473,4023315
4033,1877,483,98525,4023738
4034,12071,12680,99986,4026012
4035,4957,5044,99820,4028172
4036,7987,5725,99677,4030400
4037,12272,10595,100477,4031301
4038,3181,12518,99195,4031375
4039,3421,1379,99611,4031640
4040,5711,5345,98681,4032498
4041,3626,896,99642,4034632
4042,1559,3407,101049,4035978
4043,8350,1632,101764,4036667
4044,12791,12141,97671,4036749
4045,3992,11420,99615,4037226
4046,3420,11935,99721,4037783
4047,9953,12373,101391,4038300
4048,6301,11077,101111,4038638
4049,6776,5373,100359,4039183
4050,12506,169,100210,4039597
4051,754,5650,100038,4040081
4052,9659,9250,102093,4040219
4053,7094,7889,97641,4041568
4054,5018,10583,100210,4042283
4055,693,4440,99739,4042597
4056,3736,4145,100402,4042652
4057,8342,12113,100529,4043370
4058,7558,3480,100431,4044497
4059,708,884,100245,4045861
4060,2127,1243,101320,4045978
4061,11136,670,99356,4046301
4062,11937,11125,99743,4048114
4063,521,6531,97513,4048608
4064,2799,7289,100563,4049201
4065,12253,5291,101183,4050832
4066,6399,10093,100898,4055419
4067,3466,1731,100779,4055854
4068,5567,7044,100600,4056149
4069,8587,11633,100389,4058035
4070,4542,8573,99456,4059103
4071,915,8167,100789,4060166
4072,196,11807,98342,4061324
4073,5918,12150,98930,4062882
4074,10951,7415,100138,4064416
4075,12265,10845,99670,4064659
4076,4168,4056,98908,4065105
4077,8760,12581,99315,4067378
4078,12001,8626,99469,4068153
4079,3252,821,101617,4071603
4080,13004,63,101927,4072137
4081,12498,4864,99854,4072201
4082,5641,11562,99955,4072908
4083,3724,10953,99597,4072928
4084,8229,7210,98802,4073450
4085,12925,3436,99914,4073483
4086,8625,12608,99663,4073701
4087,12212,4843,100228,4074231
4088,8197,246,98228,4075913
4089,8396,5923,98864,4077219
4090,6949,12875,99492,4077651
4091,9098,6499,100299,4079682
4092,10075,2786,100623,4079801
4093,5662,11302,101055,4080354
4094,9501,11394,99590,4080458
4095,10742,11301,99161,4081329
4096,3432,594,100501,4081388
4097,11794,299,100811,4082134
4098,12624,11114,100226,4082634
4099,8574,8694,98412,4082830
4100,6839,8941,101782,4083187
4101,11095,9973,101179,4085994
4102,509,1859,99910,4086718
4103,8774,10789,101013,4086830
4104,11612,12167,101291,4087192
4105,12156,5795,100553,4089377
4106,9097,5438,101143,4089549
4107,4155,3192,100783,4093509
4108,10719,12186,101109,4094185
4109,6046,3560,98909,4095623
4110,3437,8225,99962,4095890
4111,8970,8369,99139,4096911
4112,12991,9235,99572,4096979
4113,11481,553,100540,4097209
4114,8428,2437,98192,4098352
4115,12551,11661,100805,4098861
4116,7735,7762,99684,4098993
4117,2411,9323,100621,4100458
4118,4317,11528,100460,4100628
4119,10286,11272,99759,4100856
4120,5,88,100288,4102598
4121,8488,2133,101568,4104254
4122,4142,2491,100989,4107262
4123,10745,2285,99421,4107937
4124,8117,2934,100827,4109580
4125,9886,4017,98837,4109837
4126,7426,7236,100683,4110616
4127,3484,2279,99187,4112193
4128,8576,11755,100191,4112998
4129,3154,9956,100095,4113446
4130,3335,1784,98893,4114312
4131,11012,11937,99327,4116182
4132,1293,3288,100511,4117277
4133,4086,4702,101202,4118185
4134,5996,8289,100057,4118195
4135,3836,10805,101003,4118589
4136,12301,8423,100192,4119233
4137,9951,7245,99560,4120403
4138,4020,11835,99422,4121352
4139,1246,7378,100965,4121369
4140,11789,1371,100885,4122027
4141,4367,6066,99719,4124289
4142,862,11515,99386,4124330
4143,848,12459,101371,4126254
4144,765,7601,98798,4126289
4145,8699,2604,99405,4126296
4146,11291,5782,101205,4126355
4147,9169,12678,98681,4129512
4148,9797,11090,98576,4130030
4149,9775,12841,102480,4131278
4150,12313,4965,99180,4131360
4151,906,9909,100193,4131724
4152,4974,704,99712,4132128
4153,9106,2975,100245,4132828
4154,8940,9363,100822,4134867
4155,4324,4122,101149,4140165
4156,128,1398,97938,4140837
4157,3801,2358,100685,4140929
4158,3214,12332,99074,4141060
4159,10418,2109,98575,4141457
4160,3146,1656,101131,4141537
4161,9537,2453,101249,4141982
4162,11077,11669,100461,4143922
4163,9077,12278,99993,4145069
4164,11158,11372,100052,4145486
4165,1913,1475,100228,4145623
4166,7487,7076,98795,4147080
4167,461,6369,97553,4148050
4168,5728,11441,99685,4148088
4169,12964,9055,99595,4150119
4170,8649,5697,99735,4150791
4171,5849,3828,101947,4151206
4172,10940,9524,99618,4155630
4173,11359,11358,100844,4156918
4174,9724,5019,98975,4157538
4175,2832,1730,97596,4158920
4176,11929,11509,100469,4160875
4177,6897,12771,99667,4161790
4178,10666,2050,99603,4161827
4179,11556,10127,101130,4162112
4180,6687,10871,99459,4163075
4181,12817,5998,100973,4163121
4182,11296,1251,99719,4166092
4183,9418,10137,99969,4166266
4184,1603,6411,100702,4167599
4185,8848,7189,100346,4168201
4186,12278,8711,99214,4168469
4187,1819,11682,98150,4168576
4188,12571,6188,98943,4168722
4189,1124,8336,100039,4169849
4190,7578,6867,100355,4170404
4191,6268,1807,100870,4171799
4192,1190,10107,100437,4173198
4193,11805,4156,99298,4173217
4194,6656,3482,100348,4173219
4195,8534,5112,100836,4173278
4196,4806,10398,100657,4173557
4197,1365,675,99534,4174464
4198,10281,7190,98073,4177005
4199,4989,11943,101654,4177359
4200,3095,11710,100184,4178447
4201,4178,570,99845,4178618
4202,6123,10943,100249,4178849
4203,8455,4144,99265,4178917
4204,3065,12849,100609,4180053
4205,10822,9859,99860,4183019
4206,6320,1878,100131,4183879
4207,11946,4462,100745,4184018
4208,314,9055,99935,4184118
4209,12885,3006,101228,4184811
4210,63,4735,99791,4186225
4211,8715,10353,100992,4188681
4212,1758,6386,99775,4189438
4213,10581,2400,99827,4192705
4214,1431,9309,99536,4193692
4215,3439,4835,99585,4194094
4216,7487,11767,100490,4195437
4217,9481,1718,100444,4195831
4218,774,9420,98607,4197542
4219,8624,1297,99758,4199370
4220,2105,2113,100756,4199426
4221,5843,6721,100206,4199764
4222,1799,11626,99597,4199895
4223,2769,9442,101299,4202568
4224,11985,9474,100000,4203033
4225,741,4209,100735,4203816
4226,1076,8350,99320,4205033
4227,1672,6047,99284,4205277
4228,9188,1627,100137,4205927
4229,10750,104,100413,4206465
4230,10695,11770,98716,4206690
4231,3236,8471,99999,4207178
4232,6775,7147,102317,4207444
4233,4276,3369,100465,4208849
4234,3006,9003,100181,4209628
4235,522,5908,102028,4209821
4236,3497,7466,99321,4212979
4237,9436,456,99051,4213224
4238,7101,10786,100491,4214155
4239,6943,3917,99117,4215759
4240,2238,12996,99854,4216083
4241,10842,7348,100509,4216130
4242,332,12550,99080,4216638
4243,6725,906,99864,4217146
4244,10721,9551,100357,4218382
4245,2097,11748,99308,4218450
4246,2246,7424,99108,4218562
4247,11154,9715,100268,4219381
4248,8057,8255,100518,4220274
4249,760,1276,98045,4220553
4250,5550,5830,99793,4222232
4251,5636,1072,99749,4222967
4252,11953,5609,99839,4225909
4253,12274,5173,98882,4225955
4254,6626,3538,100267,4229881
4255,2791,9839,101681,4231249
4256,7971,4624,100445,4231951
4257,10143,10928,100086,4232507
4258,10041,12630,100824,4239704
4259,3252,6624,101087,4239854
4260,12005,12922,100321,4240277
4261,5116,1487,100070,4240686
4262,10520,4429,99625,4241104
4263,12273,8312,101518,4244005
4264,929,11900,100771,4244987
4265,7222,711,99934,4245248
4266,5647,6001,99195,4246721
4267,6358,10717,100667,4247756
4268,11072,7492,101238,4248262
4269,11533,11456,99445,4248284
4270,7827,7078,101193,4252187
4271,1615,10294,100046,4252430
4272,11260,4105,98690,4252644
4273,5124,4521,100802,4254386
4274,7352,8370,98858,4255050
4275,11755,12146,102119,4256157
4276,671,8476,101144,4256497
4277,7651,2912,99173,4256548
4278,12950,12691,101701,4263048
4279,11710,1121,101199,4263312
4280,3282,2242,100446,4264249
4281,2118,5415,98190,4266274
4282,12306,9648,100293,4266899
4283,4054,9362,100658,4267469
4284,9549,7540,101893,4267731
4285,10136,136,100727,4267769
4286,9955,12633,99091,4268419
4287,6742,9703,102407,4268502
4288,252,3187,100388,4268599
4289,4618,12378,100582,4270676
4290,4538,5489,98250,4272344
4291,2581,7277,101433,4272532
4292,3001,503,100567,4274654
4293,9709,350,98348,4279711
4294,3708,8413,100129,4279860
4295,2313,7082,99898,4279872
4296,8069,10353,101289,4281216
4297,12337,1809,101229,4281255
4298,1262,646,99518,4283391
4299,10246,685,100263,4286865
4300,7179,4939,101008,4290270
4301,6427,1842,101261,4292230
4302,4586,3361,100435,4293508
4303,8187,12040,100111,4294184
4304,1990,2674,99070,4295532
4305,10349,6838,99398,4296246
4306,9986,8629,101585,4297756
4307,11679,11155,100326,4298144
4308,4732,4791,99766,4298553
4309,9027,10501,102037,4299107
4310,8478,3085,100490,4299441
4311,3994,9481,99456,4299474
4312,7958,6160,100464,4301447
4313,3081,12980,101775,4302901
4314,3060,11949,99883,4304576
4315,5135,6211,100574,4307857
4316,11108,9195,100969,4308942
4317,9707,147,102176,4309766
4318,3958,8710,100042,4311214
4319,3520,12555,99443,4312123
4320,10694,8339,99168,4312159
4321,3330,5975,101308,4313771
4322,7019,12402,100616,4315508
4323,12064,3691,100308,4316279
4324,7121,5540,98812,4318270
4325,6056,9247,100610,4318416
4326,12545,12844,98731,4319496
4327,12249,3200,99496,4319932
4328,9520,12733,98120,4319999
4329,9517,7972,100514,4320723
4330,9143,12618,99638,4322135
4331,7468,6562,100748,4322614
4332,416,10113,99457,4324326
4333,1444,6454,99099,4324809
4334,3902,10865,101708,4325472
4335,6987,8994,97970,4325964
4336,4249,6776,98994,4326007
4337,2893,7552,99694,4327337
4338,3429,1113,100624,4327413
4339,5648,4579,98956,4328074
4340,9936,11917,100117,4328955
4341,11817,5123,101052,4329339
4342,2885,11082,100272,4329862
4343,7331,969,99393,4330715
4344,136,12394,98840,4330929
4345,3661,8604,98925,4332062
4346,10289,9961,99354,4333606
4347,7384,3023,100033,4334019
4348,5886,4734,100879,4335421
4349,4328,5010,101305,4336442
4350,3268,2536,99971,4337938
4351,12933,7673,98931,4339137
4352,8981,2784,99475,4339710
4353,6106,10659,99616,4339943
4354,5673,8156,100040,4342887
4355,4871,5017,101343,4343629
4356,12262,10608,99833,4343755
4357,9573,12269,99386,4345016
4358,5523,8529,101172,4347344
4359,235,10316,99453,4347624
4360,9342,3839,100573,4348865
4361,1642,8606,99803,4349593
4362,7632,9750,101392,4350012
4363,3117,10617,101233,4350842
4364,300,7912,99175,4351686
4365,876,5362,101219,4352063
4366,2085,680,99424,4354727
4367,1622,8643,99643,4354789
4368,4527,8240,100240,4358049
4369,12535,10553,100025,4362553
4370,513,5864,99996,4363304
4371,5312,9278,98850,4363381
4372,10034,7146,102174,4363918
4373,9443,3262,100341,4365349
4374,6756,1467,101165,4366019
4375,3734,11308,100567,4371704
4376,11575,12800,102125,4371827
4377,9034,4708,98161,4372882
4378,5140,10752,100699,4375334
4379,1466,10572,101274,4376149
4380,1429,5567,99172,4376153
4381,6282,11359,98494,4376661
4382,9769,4978,99955,4377328
4383,10501,3251,99680,4377425
4384,4432,10986,98997,4377471
4385,2958,6396,99944,4378565
4386,8298,686,99371,4380068
4387,12432,4257,100417,4380579
4388,503,544,99744,4381490
4389,8390,357,101110,4381524
4390,9478,839,99410,4383675
4391,8750,11274,100283,4384072
4392,1629,9747,99866,4385709
4393,2135,6342,99078,4387454
4394,4584,6199,101175,4387538
4395,9396,7164,102183,4387696
4396,2658,5004,98852,4388611
4397,2137,1200,100915,4389154
4398,7060,9637,99865,4389601
4399,7034,204,99596,4391895
4400,8049,12487,100157,4392947
4401,5558,245,99216,4393083
4402,12499,696,99854,4393240
4403,5223,9927,99838,4394073
4404,10269,5745,102063,4394263
4405,3334,3166,98736,4395369
4406,9882,7258,99524,4397127
4407,11656,5019,100880,4399421
4408,8187,9280,99325,4403784
4409,3581,2855,100840,4404287
4410,8194,11626,99289,4405119
4411,9255,8141,100731,4405138
4412,2364,7329,101421,4408019
4413,4373,5164,99001,4408257
4414,6272,6551,98736,4409319
4415,691,3920,100097,4410015
4416,12332,5274,99214,4410541
4417,3355,2876,99153,4411282
4418,1888,4369,98978,4411799
4419,6533,7316,100584,4412453
4420,6231,13010,99022,4412823
4421,839,746,100428,4413784
4422,179,12473,99716,4413825
4423,5169,8512,98776,4414303
4424,7554,2041,100678,4415305
4425,8113,27,99694,4417191
4426,809,2576,100723,4418444
4427,13009,8280,101268,4419405
4428,3833,1959,99690,4419960
4429,4522,9330,101984,4422100
4430,11514,2241,100553,4422739
4431,9646,9539,98860,4422933
4432,8676,791,100095,4424838
4433,10501,5725,100591,4425102
4434,120,4264,98798,4425262
4435,12744,9995,100732,4425338
4436,279,9645,99571,4425655
4437,764,6146,101447,4426809
4438,4392,681,100336,4427579
4439,10286,9211,97883,4428075
4440,9211,1999,99532,4428119
4441,8060,8408,101153,4429611
4442,1408,10907,100724,4430560
4443,10792,12876,100838,4432580
4444,6908,7075,99612,4433676
4445,7632,9444,101631,4435162
4446,445,4946,100962,4436002
4447,9078,9254,99995,4437106
4448,3620,10663,99927,4437114
4449,2515,4457,99357,4438194
4450,7177,12533,100604,4438617
4451,5312,15,100031,4438989
4452,1173,9382,100743,4441966
4453,7424,11048,99705,4442993
4454,8877,7713,99744,4443103
4455,5864,466,101411,4443165
4456,6464,10096,99813,4445260
4457,6435,12939,101724,4445792
4458,792,329,102183,4445829
4459,11770,5635,99424,4446001
4460,10246,12870,99010,4446453
4461,1721,2672,101143,4447961
4462,6432,5121,99996,4449741
4463,2174,2595,100856,4450023
4464,6722,2023,99384,4452373
4465,2919,5950,100965,4454137
4466,1184,6867,100962,4454144
4467,1655,3170,100683,4454913
4468,9479,7002,101504,4455440
4469,11822,12186,97404,4456849
4470,6010,4549,101446,4457017
4471,11626,8452,97657,4458154
4472,11862,11859,100257,4458535
4473,3230,6207,99325,4458955
4474,7843,10938,99552,4459222
4475,9349,5936,99569,4461521
4476,2968,6358,101730,4461895
4477,11170,282,100799,4462012
4478,378,6949,99175,4462374
4479,249,5270,100158,4462642
4480,8941,3873,100434,4463629
4481,6424,10538,99557,4465104
4482,12652,3693,99491,4466657
4483,4937,79,99587,4467757
4484,7491,5229,97865,4468098
4485,5657,5899,100541,4469510
4486,2737,11335,99709,4469822
4487,5929,10626,99595,4470980
4488,5404,6208,100735,4471559
4489,4675,12088,100442,4472908
4490,8503,4921,99740,4474128
4491,119,6329,99158,4474939
4492,2029,12018,98596,4476112
4493,7971,2008,99462,4476130
4494,9168,4760,101343,4476330
4495,7230,1510,100005,4476409
4496,5950,5824,98124,4477073
4497,5602,1461,99663,4478534
4498,7677,9769,100135,4478649
4499,6174,10765,99316,4478706
4500,8116,11777,98541,4481196
4501,7640,3367,98994,4481227
4502,5874,8046,102009,4481247
4503,6119,12900,98265,4482340
4504,622,4051,99696,4484581
4505,8482,5112,100930,4485596
4506,2092,5054,98566,4487037
4507,11949,9195,100907,4487579
4508,2908,263,100309,4488025
4509,1778,7064,100804,4489307
4510,2136,11910,97872,4489783
4511,3980,2065,101126,4490994
4512,12948,2608,99913,4491214
4513,11295,9938,102550,4492152
4514,2846,11598,99670,4492742
4515,12302,1114,100076,4493131
4516,1074,5620,99738,4495783
4517,4869,10603,98560,4495880
4518,9304,1461,100757,4496221
4519,8552,4891,101422,4497166
4520,8842,2805,99340,4497811
4521,4098,11729,99381,4499825
4522,6867,2910,100004,4500497
4523,12668,10718,98694,4502134
4524,2864,9256,99295,4502365
4525,2120,2243,99616,4503128
4526,5547,4370,99680,4503598
4527,5611,10182,98690,4503754
4528,3916,5845,100532,4506081
4529,6133,10344,100329,4506456
4530,2132,2792,100766,4507353
4531,4385,3690,99928,4508003
4532,10107,1450,99923,4508081
4533,8606,8758,98138,4508727
4534,5630,600,99701,4508782
4535,1455,3521,98717,4508895
4536,1336,5750,99036,4509249
4537,7598,8058,100414,4509400
4538,1312,6097,99885,4510736
4539,7216,1083,100080,4511748
4540,1398,10190,100849,4512121
4541,11827,3353,100147,4512313
4542,9337,6227,99382,4513005
4543,4644,12031,100361,4514650
4544,8745,2363,100686,4514967
4545,9309,5951,101637,4515576
4546,4457,8462,98715,4516472
4547,6472,65,98354,4518562
4548,10705,9071,98539,4518620
4549,916,6466,101855,4518816
4550,5993,9950,101866,4519665
4551,9718,7444,102378,4520503
4552,8661,806,98810,4521083
4553,1202,6834,99321,4522414
4554,3984,10090,99922,4523178
4555,3808,12716,99703,4523906
4556,9415,1248,99753,4526830
4557,11687,2404,99983,4526953
4558,4712,1127,100827,4530831
4559,5527,343,102806,4532344
4560,11339,6707,100588,4532635
4561,1079,1917,99792,4532871
4562,901,5959,99846,4534267
4563,8157,10849,98607,4535595
4564,9416,10266,100605,4536582
4565,12056,10037,101303,4537100
4566,9782,11296,102096,4538148
4567,1354,9283,98948,4538334
4568,8727,838,99638,4538698
4569,11360,10722,98736,4538743
4570,12429,7082,98549,4538930
4571,3210,6732,99467,4539072
4572,5151,4536,101054,4541439
4573,6005,3623,101736,4542306
4574,7382,9134,100792,4542426
4575,8333,6434,101833,4543674
4576,4155,8617,100338,4543817
4577,7819,7264,99973,4544150
4578,6337,2138,100384,4544183
4579,3808,12143,99024,4544235
4580,1619,2615,101198,4545685
4581,7446,1178,99556,4545819
4582,11592,4039,100142,4546134
4583,3206,4364,99191,4546936
4584,2208,5088,99391,4547313
4585,4868,10275,99324,4548979
4586,10250,10418,100296,4550864
4587,5464,9175,100804,4552337
4588,2200,7652,100182,4552500
4589,5866,1764,100982,4553384
4590,8852,7490,99248,4554254
4591,2898,8718,101228,4554534
4592,11339,1451,101366,4556332
4593,5427,5000,99254,4557420
4594,4021,6051,100445,4558665
4595,8227,12069,98655,4558820
4596,6521,8394,98723,4559080
4597,6417,9484,99805,4560650
4598,7309,7590,100545,4561052
4599,6599,2606,99502,4565561
4600,11191,12631,100139,4566921
4601,10701,5193,100575,4567067
4602,3191,6539,102208,4567630
4603,1488,1727,100927,4567746
4604,3238,4945,100489,4567819
4605,6459,4593,100740,4568322
4606,4570,261,100895,4568688
4607,7147,11396,101366,4568949
4608,3850,3784,99572,4570678
4609,10124,11149,100891,4571642
4610,4176,11864,98880,4572492
4611,1251,6257,100293,4573033
4612,2992,10729,99124,4573078
4613,5268,5642,100349,4573875
4614,8657,12038,100624,4574218
4615,897,2160,98262,4574310
4616,940,6620,100047,4574535
4617,5003,6861,101450,4574635
4618,4046,11858,100313,4575179
4619,2987,12028,101498,4575652
4620,5462,8649,99576,4577182
4621,12995,992,99026,4577324
4622,1840,12919,99163,4580161
4623,7492,10681,101353,4581517
4624,11436,7534,100087,4582487
4625,11173,4947,101267,4582789
4626,9888,12328,99044,4582800
4627,1867,453,98994,4583235
4628,9751,12023,101360,4584194
4629,9801,4263,99733,4585901
4630,5959,9702,99626,4586807
4631,12325,11404,98551,4587237
4632,1264,12302,100217,4589389
4633,7037,937,100734,4590655
4634,7319,4345,100236,4591834
4635,7716,10133,100742,4592227
4636,5091,12885,101321,4594891
4637,1964,6758,99021,4594893
4638,3991,5071,100773,4595498
4639,2925,6994,99807,4596156
4640,2738,6497,99883,4596380
4641,11183,399,99638,4597195
4642,12354,1518,98703,4597224
4643,4883,10097,100081,4598618
4644,10370,7919,101303,4599597
4645,7482,3411,99874,4600224
4646,164,9830,101540,4601215
4647,12308,12149,99559,4602810
4648,8780,11947,102130,4603939
4649,8150,10318,100403,4607463
4650,9284,1060,99231,4608043
4651,3162,2724,100249,4608113
4652,11623,12402,98542,4610586
4653,3412,6521,100664,4610870
4654,8754,9420,100348,4610956
4655,2394,1592,100054,4611189
4656,10711,72,99318,4613377
4657,4082,8119,99882,4613892
4658,2419,115,100095,4614299
4659,9201,6076,101165,4615659
4660,12036,8099,99444,4616318
4661,5232,4087,101230,4619028
4662,11119,8873,100888,4620191
4663,976,11398,100345,4621680
4664,1514,6486,98822,4622092
4665,1318,10247,99819,4622236
4666,10524,1777,101598,4622497
4667,8325,8811,100004,4622953
4668,10212,1211,98059,4623296
4669,2728,10923,99877,4623305
4670,4482,1300,99265,4626062
4671,8705,8034,100623,4626942
4672,3272,9467,100482,4628294
4673,8074,12342,98961,4628430
4674,4699,4976,98552,4629770
4675,8148,8825,100302,4629836
4676,4673,6421,99454,4630417
4677,8071,10530,100743,4630419
4678,2062,7228,99707,4630626
4679,4363,4471,99094,4632123
4680,8690,4,100766,4632164
4681,8665,6957,100490,4632568
4682,11770,1369,100457,4632869
4683,5816,3463,99450,4634222
4684,2804,8059,99523,4634402
4685,8438,4703,100884,4635501
4686,11001,5683,99090,4636117
4687,10282,153,100377,4638187
4688,1102,12527,100244,4641447
4689,9672,3552,99950,4642403
4690,347,156,99304,4642415
4691,8766,10632,100377,4642759
4692,11000,12478,99405,4642778
4693,4881,2255,101460,4643411
4694,95,11231,100907,4645188
4695,2986,4364,101643,4645523
4696,9123,10956,100301,4645631
4697,6310,11661,100701,4647091
4698,5447,3331,100900,4649500
4699,3919,4118,101629,4649742
4700,5416,4347,99010,4649878
4701,11270,3200,99388,4650133
4702,5356,3634,99485,4650312
4703,5675,5490,101827,4650682
4704,5003,3028,100091,4652470
4705,4783,11450,99325,4653307
4706,10888,10964,98548,4654285
4707,2001,1961,100072,4654461
4708,995,9342,99875,4655342
4709,8667,1271,99290,4656457
4710,12243,7710,100487,4658101
4711,6947,12370,100087,4658399
4712,6651,5033,100028,4662576
4713,2879,7841,98912,4663420
4714,4371,4914,100925,4663498
4715,10901,4743,98985,4663948
4716,1011,11351,100413,4665451
4717,10228,1803,100841,4666294
4718,11351,5651,100956,4666373
4719,2231,12544,98018,4667298
4720,6142,7291,99284,4668046
4721,2676,2308,99959,4669906
4722,3358,5638,99867,4670257
4723,8397,10224,100411,4670691
4724,5820,312,101224,4670972
4725,12855,8988,101001,4671873
4726,4718,4694,98646,4672867
4727,12992,11727,98302,4673291
4728,12044,6510,100751,4673334
4729,10701,10827,97328,4673648
4730,2007,10616,100153,4675371
4731,1487,9050,98260,4677201
4732,10934,5481,101522,4677998
4733,2170,9677,99154,4678745
4734,8079,9089,99864,4680619
4735,2022,10783,98412,4682310
4736,5343,10524,98860,4683111
4737,8464,6747,101779,4683139
4738,7625,5379,99920,4685033
4739,9848,3509,100477,4685620
4740,11060,500,99953,4686458
4741,1946,9378,100077,4689430
4742,12387,10804,99377,4692173
4743,5765,12908,99202,4692212
4744,1915,5681,100215,4693194
4745,3904,4600,100537,4694020
4746,8773,8443,100014,4694421
4747,10824,11102,100269,4699657
4748,3714,4117,101297,4700026
4749,11714,4006,99844,4700517
4750,9873,8465,100020,4701292
4751,1129,12472,101273,4701962
4752,3105,11614,98440,4702597
4753,3631,6984,99703,4702873
4754,9988,12097,100783,4703093
4755,1644,11232,100194,4703167
4756,10822,7046,98936,4703228
4757,5439,8759,99802,4703871
4758,8977,1037,98966,4703932
4759,2577,7175,100720,4706025
4760,1794,7619,97568,4706281
4761,12455,9327,98981,4709860
4762,1770,3200,100618,4711608
4763,11283,7373,101094,4712242
4764,11843,12042,100055,4713271
4765,9322,3878,98988,4714837
4766,11378,1998,100820,4714974
4767,1101,10760,100402,4715209
4768,5405,4990,99619,4715385
4769,3096,9719,100116,4715577
4770,9221,4576,100271,4718724
4771,12302,3685,99759,4718852
4772,8941,11822,99200,4719703
4773,11487,2911,99657,4719999
4774,5358,9505,100065,4720227
4775,4268,11768,98388,4721026
4776,9076,12033,99782,4721121
4777,148,5562,97843,4721696
4778,8573,12813,100325,4722773
4779,3164,5231,99525,4724423
4780,490,2655,100995,4725161
4781,5981,7520,100590,4725566
4782,11119,2973,100029,4726504
4783,7310,2340,100822,4727343
4784,10365,12227,100867,4727400
4785,7156,3631,99833,4727916
4786,1879,518,100063,4728024
4787,2435,3075,100283,4731789
4788,11195,11198,101856,4733405
4789,5306,1044,101455,4735772
4790,9185,160,101085,4735807
4791,11331,4665,99346,4736308
4792,1011,2177,100451,4737195
4793,3271,3749,98585,4737584
4794,6937,9453,98058,4738385
4795,11821,8925,99883,4738415
4796,9336,9915,100269,4738428
4797,11177,3056,100145,4738588
4798,4811,2757,99389,4739218
4799,6443,10577,102114,4739274
4800,6727,9556,98957,4740914
4801,5074,7833,99778,4741431
4802,12343,6249,101135,4743393
4803,9550,234,99808,4745578
4804,12520,369,98413,4747471
4805,11463,6284,101842,4747586
4806,3560,3857,99142,4748678
4807,1864,5808,101951,4750152
4808,4770,4277,99496,4750981
4809,407,5765,99981,4751043
4810,4095,12038,100248,4752079
4811,7403,6441,100904,4752322
4812,6110,6304,100861,4753028
4813,5648,7147,99835,4753192
4814,10744,2394,100359,4753649
4815,3210,3579,101384,4756576
4816,2904,6671,98571,4758715
4817,8977,2920,100274,4759153
4818,4264,6822,98789,4760262
4819,11831,8621,98244,4761843
4820,11537,5702,101185,4762020
4821,5094,3026,100685,4763054
4822,2686,7135,98709,4763756
4823,488,504,99292,4764412
4824,5933,188,101033,4765207
4825,12489,1432,100913,4767681
4826,2451,3811,100803,4768213
4827,7043,8807,99361,4768552
4828,12020,276,99950,4770762
4829,8383,406,98872,4770783
4830,11439,4029,101584,4771086
4831,7655,11335,97805,4771390
4832,3650,4131,101617,4773217
4833,10771,6983,99072,4775546
4834,5575,5042,100460,4775743
4835,747,11470,98740,4776904
4836,6728,9926,99304,4777304
4837,11947,7729,99832,4777664
4838,7523,8448,99530,4781537
4839,10447,5385,97954,4782895
4840,12279,9124,100297,4783157
4841,4949,11061,99691,4783206
4842,8734,8383,101185,4784581
4843,1435,6436,101425,4785569
4844,910,4786,99969,4786172
4845,511,3261,101953,4786409
4846,36,4496,101334,4787780
4847,10258,1158,100271,4788181
4848,723,8779,99513,4788577
4849,5701,2873,98827,4788805
4850,2646,173,99712,4788835
4851,5220,5275,99377,4789139
4852,4685,4536,100641,4789225
4853,7289,6695,99496,4789836
4854,2287,2037,99167,4789998
4855,8402,9351,99457,4790957
4856,8497,7515,101109,4791409
4857,2807,12204,98845,4792082
4858,3876,6,99296,4793403
4859,638,1796,99991,4794315
4860,3866,2721,100975,4794466
4861,6599,10852,100161,4795136
4862,12751,4979,99911,4796447
4863,795,1040,98827,4796528
4864,6129,4732,99750,4796617
4865,2137,12445,100632,4797513
4866,9336,436,99284,4799709
4867,458,11615,101422,4800322
4868,11158,4745,100682,4801356
4869,1101,1744,100321,4803687
4870,5649,6943,99885,4805139
4871,6573,5537,101337,4807532
4872,12832,9999,99260,4808141
4873,9807,11216,99326,4808529
4874,10467,6478,98626,4810422
4875,4603,3768,99241,4810425
4876,5079,1886,99533,4811134
4877,8538,6501,100492,4811443
4878,7659,1923,100924,4811853
4879,10703,10063,101545,4811974
4880,1225,8212,99035,4814555
4881,2897,6484,100575,4814600
4882,6799,554,98855,4815142
4883,5691,3349,101950,4816228
4884,2787,4804,100864,4816549
4885,5705,5859,99813,4816897
4886,7003,7943,99382,4817575
4887,8734,12198,102026,4817869
4888,9102,6097,100407,4819229
4889,1008,10578,100804,4819314
4890,6147,6902,99366,4821400
4891,12039,2018,100459,4822925
4892,4225,3186,100759,4824503
4893,6899,10508,99861,4826399
4894,8993,4162,97570,4826606
4895,2417,10183,97730,4827209
4896,10883,5159,100148,4827689
4897,2415,6764,101230,4827935
4898,12456,11909,100998,4829155
4899,4996,837,99900,4829693
4900,10261,8714,97835,4832070
4901,7307,9986,98884,4832773
4902,1368,6436,100342,4834513
4903,10924,6916,98238,4834547
4904,6728,2737,99144,4835908
4905,7614,418,100805,4836273
4906,1183,11540,100479,4837892
4907,1792,12612,99618,4838150
4908,4955,4841,97961,4838562
4909,4103,7166,99620,4838685
4910,7252,379,99910,4839774
4911,1311,11317,100066,4840940
4912,2143,8817,100196,4840968
4913,11034,8637,100096,4840970
4914,124,12447,99312,4842205
4915,12388,7512,100536,4842342
4916,7646,724,100221,4843136
4917,12072,949,100083,4843391
4918,4479,12186,98770,4844886
4919,2052,12163,100475,4845320
4920,4521,4852,98820,4845381
4921,12137,6379,100801,4848333
4922,12397,12829,100672,4848738
4923,3299,11383,99314,4849396
4924,10985,8666,100759,4850128
4925,9332,5601,100024,4850491
4926,1049,12413,99861,4851199
4927,6679,6424,101189,4851926
4928,3029,12324,100897,4852407
4929,11299,10608,99865,4853141
4930,3667,5444,100317,4853519
4931,9779,7617,100565,4854258
4932,2749,4678,99570,4854419
4933,3948,9451,98187,4855450
4934,4706,6707,99657,4862129
4935,9561,6955,99281,4862353
4936,6891,10477,101830,4862525
4937,3873,4226,99097,4862889
4938,7440,1300,98437,4865105
4939,11547,12044,99538,4866786
4940,6765,11814,101319,4866834
4941,2852,10137,99184,4868032
4942,4528,5378,99563,4868804
4943,8517,11437,98031,4868887
4944,5225,3137,100083,4869578
4945,3252,4407,101134,4871436
4946,12817,666,102020,4872185
4947,10436,1731,99637,4873721
4948,11644,5340,98831,4874877
4949,8336,1344,98650,4876391
4950,4751,4554,99178,4876631
4951,7840,10027,100521,4877082
4952,12765,4686,100224,4878577
4953,10488,3138,98099,4883115
4954,5059,6450,101110,4883901
4955,2073,4429,99051,4884914
4956,11283,9317,99758,4885194
4957,9974,8410,99372,4885558
4958,9358,11742,99904,4886471
4959,8733,11477,99211,4887786
4960,11260,12095,99336,4888803
4961,1793,4267,101210,4889444
4962,121,7887,99857,4890399
4963,1546,4556,101138,4891420
4964,6810,6215,99256,4891838
4965,11679,298,100162,4892141
4966,5666,9415,101281,4892789
4967,5924,6037,100192,4893877
4968,5517,4714,99778,4893917
4969,3693,3891,101007,4894267
4970,11344,689,99101,4895230
4971,2837,9898,101185,4895786
4972,1180,2437,99995,4896665
4973,7830,8274,99307,4899631
4974,1008,3555,100223,4900927
4975,10364,3725,100151,4902376
4976,2455,2257,99312,4902611
4977,8242,5448,99159,4903381
4978,7349,12774,99887,4903478
4979,9387,10463,99851,4903601
4980,7845,7700,99667,4903714
4981,6017,3705,99031,4904627
4982,5771,8760,101073,4904741
4983,8461,550,99715,4905923
4984,3674,11407,98725,4906477
4985,11906,10534,100561,4909840
4986,3718,7996,100227,4911922
4987,6182,8677,100376,4911962
4988,8816,8880,100891,4914301
4989,8440,4171,100987,4914685
4990,2533,7017,99195,4915043
4991,10055,5132,98940,4916568
4992,1396,11162,99269,4917631
4993,6458,7502,100473,4918265
4994,356,4143,101386,4919849
4995,4651,11582,99512,4920037
4996,12658,8381,99919,4920167
4997,1518,12457,99085,4920265
4998,12485,8920,100966,4920948
4999,7219,7425,99980,4921178
