id,open_edges
0,0-8998-14587-21454-32046-35078-42942-45399-49347-50079-52484-52833-53398-58272-63644-74624-74644-78468-79404-81640-81762-87148-100040-106847
1,1-36293-103479
2,2-6-3436-4130-5324-5428-5790-5888-6212-6258-6778-9960-10956-11206-11332-11346-14134-15202-15876-18792-20234-21446-23738-24294-24494-25098-25146-26696-27932-30164-31882-32772-33104-34780-37294-39396-39398-42512-46264-46710-47752-48992-50844-53962-55066-60608-60924-64896-69582-72322-72942-74380-77236-78382-78934-80754-82016-86276-88318-97138-102576-105088-108952-112204-113234-114404
3,3-186-296-347-512-604-732-778-916-946-1004-1024-1118-1135-1226-1254-1318-1341-1746-1960-1990-2032-2114-2247-2277-2400-2499-2527-2768-2810-2865-2877-2920-2923-3008-3087-3265-3437-3571-3659-3776-3862-3872-3982-3986-4128-4131-4138-4304-4431-4632-4857-4894-4940-5014-5204-5429-5791-5889-5904-5912-6213-6259-6267-6685-6712-6757-6772-6997-7062-7084-7095-7106-7164-7174-7368-7604-7688-7761-7912-7921-8053-8143-8288-8310-8616-8695-8800-8842-8847-9054-9108-9145-9156-9322-9479-9780-9811-9830-9915-9940-9961-10059-10079-10260-10548-10570-10586-10648-10714-11029-11078-11144-11258-11276-11333-11347-11462-11529-11717-11865-11890-11974-12007-12066-12128-12223-12510-12752-12782-12972-13050-13106-13205-13352-13383-13488-13683-13727-13837-13966-14135-14150-14260-14396-14488-14757-14759-14828-14832-15194-15203-15268-15357-15523-15722-15790-15806-15877-15975-16021-16196-16390-16550-16558-16795-16838-17066-17322-17582-17711-17717-17944-17954-17994-18327-18378-18479-18654-18780-18793-18879-18920-19041-19101-19260-19352-19396-19486-19628-19716-19919-19980-20021-20235-20281-20299-20305-20395-20418-20654-20769-20850-21011-21028-21182-21268-21441-21447-21523-21558-21768-21837-21935-22076-22308-22398-22502-22510-22532-22572-22642-22686-22729-22918-22954-23214-23276-23297-23434-23442-23739-23760-23790-23928-24002-24018-24073-24112-24212-24295-24298-24495-24523-24542-24582-24878-24915-25070-25099-25192-25279-25361-25418-25605-25839-25841-26232-26546-26555-26697-26753-26868-27055-27133-27149-27212-27263-27477-27527-27840-27933-28161-28191-28332-28355-28724-28796-28934-28951-28994-29112-29159-29183-29264-29320-29322-29343-29479-29515-29688-30165-30332-30391-30666-30816-31117-31251-31383-31655-31660-31829-31832-31876-31883-31894-31916-32122-32196-32300-32316-32647-32773-33047-33105-33148-33248-33481-33630-33638-33767-34123-34255-34356-34646-34781-34814-34822-35026-35110-35215-35235-35303-35543-35761-36024-36084-36154-36287-36308-36368-36436-36620-36716-36721-36792-36803-36970-37048-37088-37295-37329-113430
4,4-17571-61156-61648-76112-77266-97405-114272
5,5
6,7-9290-11797-13168-13179-17709-21325-21907-22987-23837-30057-30505-32831-33841-37361-37389-37562-39089-40223-41115-42155-42294-42305-42513-43691-44125-44172-44241-45157-45284-46265-47031-47753-48139-48977-49489-50127-50247-50649-50865-52295-53373-53753-53963-54264-54407-54717-55155-55861-56217-56678-57517-57613-58275-58475-60303-60467-60602-60925-61014-61681-62757-63661-63809-64723-65450-65565-67375-67549-68000-68351-68383-68532-68623-69594-69979-70122-72323-73193-73611-74016-74107-74571-76127-76565-76749-77118-77419-77989-78249-78250-78307-79389-80351-80739-81179-81303-81523-82017-82959-84527-84991-85627-86875-87395-88243-88277-88554-89945-90078-91019-92079-92107-92840-92855-92969-93118-93658-94569-95021-95368-95473-96317-97063-98737-99415-99786-101678-101917-102101-102720-103051-103101-103145-103763-104262-105114-106187-107923-108159-109072-109229-111245-112618-113039-114501-114646-114809
7,8-13555-22920-37386-37526-37617-37750-37769-37879-37934-37958-38265-38453-38749-39072-39164-39581-39797-39945-40076-40175-40459-40992-41504-41570-41878-42080-42170-42354-42618-42668-43049-43614-43618-43662-44015-44267-44417-44535-44540-44676-44696-45549-46188-46361-46818-46854-47032-47394-47672-47731-47834-47869-48715-48827-48897-48921-48940-49659-50150-50302-50388-50704-51161-51242-51518-51684-51802-51948-52128-52280-52358-52412-52512-52689-52768-53256-53460-53906-53972-54255-54547-54937-55040-55149-55248-55311-55417-55724-56266-56654-56708-56730-56829-57153-57286-57336-57642-57732-57995-58045-58498-58526-58618-58708-58742-58845-59394-59511-59618-59702-59795-59858-60149-60310-60362-60641-60870-61075-61320-61725-61752-62276-62282-62291-62534-62539-62689-62874-63052-63545-63629-63968-64172-64189-64538-64654-64816-64821-65050-65155-65231-65255-65492-65630-65692-66329-66487-66611-66877-66994-67187-67320-67586-67621-67934-68049-68053-68166-68467-68689-68776-68864-69086-69471-69843-70094-70102-70487-70642-71000-71228-71462-71494-71541-72937-73029-73124-73528-73840-73852-74092-74127-74154-74265-74760-74782-74801-74886-75046-75364-75603-75633-75656-75709-75872-76132-76635-76897-77037-77228-77596-77612-77716-77840-77892-78359-78416-78657-78798-79182-79280-79602-80286-80302-80506-80779-80781-80960-81378-81869-82020-82076-82284-82394-83510-83565-84141-84147-84919-85224-85425-85971-86082-86176-86194-86610-86779-86825-86838-87206-87374-87439-87520-87590-87630-87892-88023-88185-88379-88884-89602-89796-89895-90286-90368-90528-90638-90673-91124-91252-91318-91554-91648-91672-91830-91996-92038-92083-92477-92592-93327-93402-93588-93733-93870-94208-94374-94462-94804-95318-95628-96172-96207-96232-96385-96417-96824-97005-97094-97149-97296-97764-98084-98258-98520-98963-99505-100718-100948-101418-102467-102621-102640-102828-102944-103346-103430-103435-103698-104298-104574-104627-104759-104863-104941-105048-105250-105342-105647-106334-106608-106758-106875-107295-107309-107342-107935-108074-108538-108674-108810-108942-108976-108996-109004-109060-109074-109140-109260-109332-109390-109444-109539-109579-109674-110299-111029-111337-111488-111575-111764-111841-111886-112068-112093-112262-112535-112617-112624-112981-112999-113164-113681-113748-113801-114022-114044-114507-114660-114846
8,9-949-2102-3931-4254-16044-20190-20572-22240-23656-31181-35063-37637-38450-39249-39425-40863-42522-47445-53901-54630-57633-61641-67447-68280-71426-73989-74711-81857-84508-88479-92585-93302-95251-100843-104158-104934-105528-105921-111062-112060-113231-113371-113516-114309
9,10-9600-29567-31766-33700-41152-57050-62824-69403-91539-98290
10,11-71-115-203-305-427-469-527-661-849-1028-1207-1213-1222-1305-1485-1621-1644-1829-2001-2049-2167-2245-2249-2485-2579-2625-2695-2791-2901-2908-3269-3523-4047-4089-4093-4103-4150-4255-4477-4611-4843-4949-4967-5025-5075-5113-5195-5301-5325-5491-5737-5779-5817-5910-5929-5937-6079-6177-6279-6365-6413-6507-6537-6623-6771-6779-6793-6803-6915-7049-7103-7175-7209-7651-7941-7959-8260-8385-8402-8435-8443-8713-8873-8889-8905-9037-9039-9343-9429-9787-9887-9965-10049-10243-10263-10405-10495-10507-10569-10587-10695-10957-11207-11261-11383-11429-11453-11877-11966-12141-12495-12501-12529-12593-12715-12897-13019-13029-13123-13136-13277-13483-13507-13508-13549-13627-13911-14031-14099-14161-14235-14483-14625-14853-14968-15115-15321-15581-15751-15849-15883-15925-16017-16111-16451-16457-16607-16670-16769-16903-17132-17179-17243-17415-17487-17541-17693-17967-18007-18247-18293-18329-18335-18445-18481-18483-18497-18549-18799-18933-19251-19354-19495-20107-20289-20319-20325-20469-20585-20589-20599-21029-21064-21069-21151-21311-21393-21403-21483-21703-21845-21981-22039-22068-22129-22323-22341-22519-22847-22889-23041-23322-23377-23573-23658-24150-24559-24793-24939-25147-25362-25369-25415-25753-25809-25873-26080-26192-26215-26245-26645-26843-27025-27231-27315-27417-27564-27601-27617-27779-27956-28209-28232-28463-28505-28905-28933-29017-29527-29729-29935-29937-29945-30073-30191-30437-30491-30687-30903-31259-31291-31309-31315-31713-31907-31915-31997-32034-32038-32089-32097-32105-32265-32275-32323-32665-32720-32827-33031-33101-33141-33233-33269-33653-33796-33833-33929-33980-34133-34185-34275-34495-34521-34575-34582-34601-34610-34653-34769-35011-35035-35106-35207-35311-35339-35421-35485-35489-35596-35674-35701-35911-36018-36076-36280-36327-36355-36479-36489-37081
11,12-1342-1632-4978-5286-5758-10136-11704-14242-14758-15394-17962-18120-19780-20066-20752-22394-22694-23926-24034-24616-25508-25570-25716-27464-29192-31186-34680-35234-38190-38592-38638-38726-38984-39006-39065-39104-39158-39162-40222-40302-40350-40756-41972-42578-42712-43552-43874-44134-44566-44879-45952-46088-47019-47194-47260-47468-48816-49246-49542-49962-51062-51296-51738-51864-52478-52488-52915-53064-54318-54428-54510-54716-54920-55154-55414-55496-55794-56608-57391-57612-58090-58427-58449-58786-58916-59536-59814-60466-60836-61391-61664-61704-62118-62782-63264-63328-63411-63674-63837-64460-64586-64606-65028-65290-65885-66416-66832-66974-67530-67567-67584-68214-68380-68828-69178-69200-69762-70056-70224-70246-70660-70688-71126-71148-71824-72012-72036-72247-72328-72404-72422-73775-74970-75413-75640-75717-75882-76035-76062-76172-77333-77511-77820-77842-77936-77964-78694-79194-79415-79582-80130-80452-80596-80864-81048-81164-81272-82140-82710-82970-83624-83901-83928-84426-84526-84546-84926-85502-86088-86972-88203-88448-88486-88552-88647-89168-89944-90754-91098-91192-91232-91474-91794-92772-92906-92972-93202-93246-93740-93778-93780-94590-94952-95090-95300-95696-96280-97404-97606-98682-98985-99427-100166-100254-100308-100946-100952-101152-101356-101590-101756-101790-101847-101916-101934-102180-102256-102412-102852-103194-103522-103762-103976-104123-104244-104252-104748-104752-105445-105484-105531-106148-106598-107812-107922-108718-108926-109756-109962-109986-110032-110169-111244-111308-111496-111562-111632-111686-111826-111960-111980-112498-112663-112774-112871-113034-113386-114170-114358-114510-114836-114850-114870
12,13-33-63-91-99-103-139-253-257-312-365-382-441-462-485-529-557-633-780-793-803-858-871-883-914-986-1057-1059-1065-1069-1077-1091-1157-1165-1175-1201-1259-1343-1373-1387-1401-1422-1438-1463-1466-1472-1552-1678-1681-1695-1705-1742-1748-1794-1801-1814-1876-1883-1890-1905-1946-2035-2047-2064-2075-2084-2112-2119-2120-2132-2170-2327-2414-2422-2461-2502-2531-2545-2572-2577-2644-2671-2689-2907-2933-2937-2943-2953-2971-3111-3135-3147-3213-3233-3235-3236-3263-3446-3541-3592-3607-3611-3662-3687-3759-3820-3843-3905-3932-3940-4066-4137-4161-4177-4188-4205-4213-4217-4231-4333-4350-4419-4455-4498-4501-4515-4599-4600-4608-4648-4721-4724-4732-4784-4821-4823-4841-4849-4872-4893-4915-4927-5005-5009-5011-5021-5083-5093-5221-5333-5365-5369-5449-5471-5485-5508-5602-5605-5615-5617-5665-5795-5799-5826-5837-5854-5907-5919-5939-5955-6025-6053-6085-6119-6157-6164-6183-6204-6230-6243-6270-6283-6377-6425-6429-6444-6457-6487-6555-6557-6607-6645-6648-6686-6716-6720-6726-6796-6799-6847-6876-6895-6935-6938-6942-6947-6963-6993-7007-7031-7139-7150-7277-7323-7328-7417-7501-7527-7543-7552-7613-7670-7725-7731-7747-7773-7777-7826-7841-7854-7861-7897-7945-7967-8031-8043-8048-8089-8100-8133-8161-8173-8203-8219-8236-8277-8300-8388-8414-8458-8549-8575-8581-8589-8651-8689-8768-8781-8816-8886-8913-8978-9106-9153-9206-9243-9405-9527-9565-9570-9572-9605-9653-9672-9687-9691-9749-10095-10134-10139-10144-10172-10180-10194-10214-10314-10332-10351-10389-10401-10431-10443-10512-10538-10545-10553-10573-10609-10679-10701-10741-10799-10802-10814-10847-10877-10939-10948-10952-10960-11035-11105-11151-11239-11247-11253-11306-11365-11403-11455-11492-11515-11534-11616-11620-11699-11711-11787-11828-11840-11858-11869-11935-11947-11948-12003-12130-12153-12290-12417-12419-12612-12654-12736-12742-12785-12829-12855-12946-12984-13021-13104-13178-13199-13259-13333-13335-13355-13396-13536-13551-13595-13603-13620-13661-13678-13691-13720-13750-13814-13817-13851-13978-13984-13986-14024-14166-14171-14196-14206-14208-14214-14229-14303-14307-14406-14409-14423-14451-14503-14506-14516-14580-14722-14729-14769-14923-14962-15011-15059-15064-15099-15111-15118-15123-15143-15146-15149-15206-15219-15283-15329-15336-15354-15414-15416-15459-15470-15555-15560-15591-15861-15989-16014-16121-16131-16233-16249-16275-16285-16323-16378-16435-16469-16497-16515-16530-16545-16555-16646-16680-16683-16721-16756-16835-16845-16867-16875-16945-16971-17010-17028-17031-17037-17055-17112-17129-17156-17162-17188-17214-17277-17310-17371-17430-17444-17461-17501-17516-17605-17633-17651-17681-17697-17868-17889-17975-18019-18101-18102-18155-18218-18275-18276-18296-18316-18361-18367-18380-18426-18430-18437-18450-18533-18537-18595-18658-18740-18789-18834-18891-18909-18955-19030-19060-19067-19093-19193-19292-19304-19344-19460-19474-19524-19683-19745-19781-19807-19812-19881-19883-19908-19961-20022-20041-20061-20071-20109-20111-20156-20188-20220-20229-20351-20431-20570-20574-20613-20758-20888-20961-21080-21087-21099-21211-21234-21251-21259-21283-21287-21293-21340-21369-21375-21507-21543-21629-21685-21715-21723-21726-21761-21799-21823-21839-21909-21922-21967-21991-22089-22109-22139-22155-22163-22209-22361-22385-22412-22527-22557-22634-22660-22689-22708-22715-22717-22741-22766-22774-22815-22859-22882-22907-22921-22961-22965-23013-23016-23022-23115-23121-23186-23249-23348-23386-23391-23433-23460-23504-23511-23525-23554-23563-23628-23703-23733-23751-23822-23870-23910-23925-24079-24131-24235-24318-24389-24433-24566-24682-24744-24800-24867-24885-24900-24917-25111-25119-25142-25148-25169-25261-25319-25339-25443-25479-25569-25574-25611-25617-25619-25637-25664-25686-25708-25713-25739-25855-25892-25923-25949-25984-26022-26070-26186-26248-26321-26393-26451-26542-26551-26573-26580-26593-26630-26725-26731-26755-26772-26834-26861-26889-26925-26999-27043-27084-27086-27097-27155-27194-27254-27279-27329-27339-27446-27489-27505-27531-27559-27563-27582-27609-27671-27698-27711-27724-27788-27795-27798-27804-27810-27990-28017-28044-28120-28125-28181-28305-28349-28368-28377-28429-28493-28555-28618-28639-28719-28783-28789-28868-28889-28947-29034-29082-29093-29121-29151-29168-29203-29231-29303-29317-29377-29473-29503-29505-29576-29587-29681-29687-29699-29735-29753-29780-29817-29839-29849-29858-29915-29923-29928-29963-30085-30146-30148-30150-30205-30225-30255-30340-30352-30372-30399-30465-30521-30558-30574-30602-30634-30717-30718-30759-30835-30859-30938-30989-31034-31229-31307-31335-31418-31432-31494-31501-31505-31546-31550-31564-31706-31711-31775-31794-31839-31853-31980-32014-32032-32127-32133-32271-32349-32400-32405-32470-32478-32524-32555-32570-32653-32695-32705-32761-32775-32829-32853-32925-32951-32977-33037-33043-33045-33048-33077-33090-33213-33285-33339-33415-33446-33469-33507-33556-33614-33619-33659-33698-33710-33754-33771-33774-33802-33853-33865-33893-33895-33978-33985-34028-34136-34156-34194-34292-34305-34313-34325-34342-34372-34462-34475-34508-34523-34529-34531-34539-34578-34599-34640-34648-34683-34697-34710-34906-35025-35037-35041-35065-35104-35257-35269-35301-35321-35447-35463-35494-35510-35550-35564-35655-35663-35769-35847-35893-35898-35943-36002-36032-36069-36120-36139-36147-36251-36384-36448-36501-36518-36629-36698-36821-36851-36883-36991-37033-37045-37051-37075-37106-37347
13,14-18-21-39-41-53-59-69-111-121-163-168-205-227-243-245-270-289-294-316-345-393-408-417-422-425-445-499-515-545-549-553-559-578-594-648-673-697-726-783-829-836-847-852-861-901-905-911-939-945-992-1000-1019-1062-1070-1072-1087-1107-1137-1141-1149-1179-1185-1193-1211-1253-1270-1303-1329-1347-1365-1429-1467-1479-1481-1499-1539-1555-1570-1580-1600-1649-1655-1657-1672-1697-1715-1721-1739-1759-1774-1781-1797-1838-1844-1854-1869-1917-1925-1943-1957-1965-1973-2013-2019-2025-2057-2067-2071-2093-2135-2143-2144-2164-2185-2213-2215-2269-2275-2345-2347-2349-2357-2358-2367-2369-2406-2418-2429-2433-2489-2515-2540-2567-2581-2589-2594-2661-2669-2675-2679-2690-2715-2727-2751-2763-2775-2785-2796-2805-2851-2856-2885-2910-2929-2941-2973-2977-2990-3003-3012-3022-3037-3047-3064-3097-3127-3129-3180-3189-3193-3203-3205-3239-3257-3258-3267-3300-3303-3306-3315-3329-3350-3367-3388-3399-3420-3424-3434-3483-3492-3553-3590-3617-3627-3637-3644-3679-3681-3695-3741-3761-3765-3769-3771-3780-3791-3801-3810-3813-3819-3836-3847-3890-3909-3927-3928-3937-3941-3955-3957-3973-3989-3991-3995-4035-4070-4073-4121-4123-4126-4132-4147-4157-4197-4219-4229-4239-4303-4310-4313-4327-4354-4369-4379-4381-4384-4402-4443-4447-4473-4506-4516-4525-4540-4544-4554-4557-4619-4624-4647-4673-4677-4683-4687-4715-4716-4751-4768-4791-4793-4865-4885-4886-4919-4934-4945-4956-4974-4989-5007-5013-5036-5061-5067-5105-5151-5157-5198-5207-5234-5283-5289-5314-5317-5326-5331-5337-5339-5357-5363-5379-5398-5404-5417-5425-5439-5473-5492-5505-5524-5561-5572-5575-5606-5651-5661-5663-5693-5699-5725-5730-5742-5747-5801-5803-5812-5823-5829-5876-5887-5894-5909-5917-5933-5935-5963-5975-5987-6003-6005-6034-6043-6045-6054-6089-6132-6139-6155-6172-6195-6199-6227-6257-6265-6301-6311-6325-6341-6358-6375-6381-6408-6414-6438-6459-6483-6529-6542-6549-6551-6597-6619-6654-6695-6711-6714-6733-6795-6818-6828-6843-6851-6856-6871-6883-6885-6932-6986-7005-7009-7023-7025-7033-7038-7043-7097-7099-7121-7147-7171-7197-7225-7229-7275-7281-7282-7287-7300-7331-7363-7387-7397-7444-7495-7537-7559-7634-7641-7657-7674-7707-7713-7715-7733-7749-7788-7800-7847-7853-7868-7882-7885-7899-7923-7929-7946-7950-7952-7956-7963-7993-8006-8013-8041-8056-8075-8093-8127-8159-8180-8196-8220-8259-8271-8284-8291-8292-8297-8337-8339-8343-8349-8371-8440-8456-8481-8488-8506-8510-8611-8653-8671-8675-8679-8681-8683-8731-8735-8746-8755-8784-8802-8838-8909-8917-8923-8948-8958-8967-8970-8972-8983-9034-9043-9045-9047-9057-9077-9139-9141-9143-9159-9176-9179-9198-9217-9255-9289-9295-9297-9311-9317-9321-9323-9326-9329-9351-9372-9375-9381-9389-9395-9422-9455-9489-9492-9506-9539-9550-9589-9620-9675-9679-9695-9729-9733-9741-9745-9757-9761-9769-9783-9784-9815-9818-9825-9836-9877-9909-9925-9956-9975-9997-10006-10013-10015-10017-10023-10040-10087-10100-10167-10182-10185-10202-10251-10273-10291-10341-10345-10349-10397-10445-10459-10486-10496-10527-10528-10533-10539-10560-10576-10581-10632-10657-10708-10723-10742-10763-10770-10775-10788-10797-10822-10829-10851-10857-10873-10896-10903-10913-10929-10963-10965-10975-11007-11011-11019-11023-11025-11032-11040-11054-11059-11091-11093-11101-11126-11138-11183-11221-11259-11275-11281-11285-11310-11372-11385-11413-11476-11518-11525-11537-11540-11585-11589-11614-11628-11630-11636-11652-11687-11715-11736-11745-11754-11761-11773-11831-11850-11861-11875-11881-11894-11921-11928-11939-11951-11955-11963-12023-12083-12084-12093-12127-12159-12171-12190-12201-12211-12240-12259-12263-12269-12272-12281-12295-12327-12368-12370-12379-12385-12386-12389-12393-12404-12421-12437-12468-12470-12499-12522-12534-12537-12547-12577-12582-12622-12637-12642-12645-12661-12667-12670-12707-12708-12720-12731-12738-12775-12791-12792-12810-12819-12853-12867-12903-12905-12916-12983-13000-13010-13015-13034-13038-13041-13043-13077-13133-13160-13185-13189-13203-13210-13227-13263-13292-13294-13304-13322-13391-13395-13405-13419-13433-13435-13477-13490-13515-13517-13613-13643-13649-13653-13665-13666-13677-13711-13732-13735-13788-13854-13868-13961-13995-14000-14017-14040-14047-14056-14059-14060-14078-14129-14145-14147-14163-14175-14181-14193-14217-14253-14257-14273-14293-14313-14344-14353-14371-14391-14399-14474-14491-14492-14514-14520-14529-14530-14569-14573-14589-14619-14631-14643-14663-14674-14677-14697-14730-14771-14810-14815-14821-14837-14854-14860-14879-14881-14889-14939-14940-14942-14948-14960-14965-14972-14986-14992-15000-15006-15037-15047-15053-15073-15101-15124-15133-15179-15191-15249-15251-15252-15255-15271-15278-15280-15284-15326-15407-15438-15441-15450-15461-15547-15574-15578-15585-15587-15601-15602-15604-15613-15620-15643-15644-15658-15718-15721-15725-15771-15828-15836-15839-15841-15855-15867-15869-15919-15921-15927-15941-15949-15967-15994-16003-16007-16011-16027-16071-16073-16133-16146-16158-16167-16177-16184-16203-16225-16231-16234-16263-16265-16319-16327-16332-16337-16351-16357-16367-16373-16382-16433-16448-16459-16487-16489-16524-16563-16566-16581-16611-16627-16642-16687-16700-16719-16821-16959-17014-17017-17023-17032-17058-17071-17099-17103-17105-17111-17142-17190-17218-17247-17273-17305-17325-17378-17390-17410-17417-17433-17441-17464-17468-17479-17482-17495-17523-17535-17537-17564-17589-17591-17607-17611-17683-17685-17688-17695-17743-17754-17763-17771-17799-17819-17855-17858-17891-17905-17991-18016-18021-18045-18060-18062-18065-18077-18091-18134-18139-18188-18235-18261-18266-18369-18395-18401-18423-18432-18441-18491-18494-18557-18646-18649-18650-18661-18672-18714-18745-18759-18768-18770-18784-18806-18825-18839-18861-18863-18867-18918-18935-18937-18949-18970-18980-18985-19035-19039-19053-19073-19096-19124-19161-19181-19262-19265-19266-19269-19282-19285-19301-19317-19356-19377-19431-19442-19457-19465-19483-19517-19526-19531-19565-19587-19596-19602-19613-19648-19657-19660-19668-19699-19718-19727-19739-19775-19808-19841-19843-19871-19894-19914-19937-19938-19941-19949-19963-19968-19996-20005-20014-20028-20069-20072-20083-20094-20131-20155-20171-20217-20236-20257-20262-20273-20293-20321-20338-20405-20435-20443-20451-20465-20472-20508-20511-20549-20553-20586-20618-20621-20637-20663-20669-20672-20677-20692-20704-20716-20722-20737-20763-20781-20795-20800-20806-20833-20865-20869-20891-20929-20931-20949-20967-21032-21061-21091-21093-21097-21105-21121-21124-21141-21189-21199-21217-21257-21260-21281-21313-21329-21339-21411-21416-21425-21463-21479-21487-21488-21526-21533-21539-21561-21562-21582-21584-21599-21619-21633-21638-21647-21657-21661-21676-21721-21734-21745-21763-21776-21814-21821-21856-21858-21896-21914-21937-21971-22001-22003-22009-22024-22037-22043-22060-22073-22090-22123-22133-22134-22166-22183-22193-22219-22225-22241-22253-22257-22281-22287-22313-22315-22316-22342-22363-22379-22433-22434-22469-22486-22493-22542-22558-22563-22569-22657-22726-22742-22765-22771-22793-22800-22833-22854-22922-22970-22979-22980-23009-23011-23028-23045-23051-23076-23107-23136-23168-23171-23175-23183-23195-23209-23241-23243-23291-23294-23325-23341-23416-23445-23475-23506-23529-23536-23547-23556-23571-23597-23620-23642-23645-23651-23675-23684-23694-23767-23797-23860-23867-23891-23907-23921-23939-23969-23973-23995-24010-24028-24041-24043-24054-24115-24143-24164-24175-24179-24231-24238-24241-24248-24254-24256-24271-24273-24305-24334-24342-24371-24397-24418-24421-24453-24475-24556-24603-24648-24653-24657-24658-24664-24713-24725-24730-24753-24790-24797-24801-24824-24875-24903-24919-24936-24944-24971-24995-25012-25105-25137-25150-25164-25170-25173-25174-25186-25191-25215-25225-25228-25241-25299-25311-25323-25325-25332-25335-25349-25372-25374-25388-25432-25476-25491-25511-25621-25650-25654-25741-25745-25761-25853-25868-25883-25886-25895-25899-25931-25977-26132-26134-26159-26165-26174-26177-26190-26225-26240-26289-26306-26345-26361-26421-26431-26444-26466-26471-26485-26504-26509-26511-26529-26569-26597-26624-26663-26672-26679-26683-26692-26703-26736-26739-26776-26831-26930-26965-26974-27020-27035-27051-27071-27081-27094-27114-27119-27138-27153-27179-27181-27183-27187-27207-27245-27247-27283-27285-27299-27317-27334-27347-27349-27359-27361-27368-27414-27419-27440-27444-27457-27459-27480-27542-27593-27623-27631-27638-27672-27685-27689-27690-27695-27727-27751-27753-27783-27817-27818-27829-27872-27897-27903-27917-27919-27929-27931-27939-27946-27949-27967-27968-27971-27973-27999-28043-28063-28103-28129-28131-28155-28165-28166-28193-28213-28222-28238-28247-28269-28283-28291-28344-28378-28381-28391-28417-28421-28434-28449-28451-28466-28476-28485-28497-28507-28571-28572-28579-28609-28611-28615-28665-28677-28679-28696-28712-28761-28816-28835-28871-28875-28906-28913-28941-28967-28971-28981-28993-29032-29043-29049-29057-29079-29099-29111-29138-29141-29157-29201-29207-29213-29221-29269-29275-29291-29292-29305-29310-29335-29354-29381-29385-29401-29451-29467-29475-29483-29542-29551-29557-29573-29601-29607-29623-29625-29628-29631-29632-29638-29693-29701-29709-29720-29722-29747-29751-29771-29799-29820-29875-29897-29918-29927-29953-29959-29965-29975-30007-30067-30092-30101-30107-30117-30119-30169-30175-30176-30188-30207-30219-30222-30229-30253-30261-30269-30274-30307-30312-30319-30349-30350-30385-30406-30415-30424-30426-30485-30513-30540-30598-30605-30648-30682-30685-30688-30721-30726-30745-30763-30843-30853-30861-30863-30867-30907-30943-30954-30992-30995-31004-31019-31022-31049-31060-31097-31161-31179-31213-31241-31287-31299-31339-31357-31373-31449-31461-31495-31496-31521-31523-31554-31563-31575-31578-31621-31656-31666-31715-31716-31736-31764-31769-31781-31788-31811-31818-31820-31845-31873-31890-31966-31973-32004-32042-32070-32139-32147-32150-32203-32204-32213-32219-32232-32241-32253-32256-32289-32295-32330-32342-32391-32397-32461-32463-32500-32552-32565-32603-32605-32639-32659-32662-32678-32709-32738-32804-32874-32898-32955-32982-32992-33018-33021-33067-33089-33108-33110-33113-33117-33121-33123-33131-33139-33204-33234-33239-33263-33283-33297-33317-33323-33383-33438-33479-33493-33537-33543-33545-33549-33551-33558-33562-33579-33602-33605-33611-33661-33668-33675-33689-33709-33729-33734-33751-33755-33791-33828-33857-33858-33873-33896-33903-33917-33923-33933-33945-33962-33968-33977-34011-34041-34047-34049-34055-34075-34076-34093-34110-34125-34135-34161-34170-34201-34215-34364-34375-34379-34381-34382-34417-34434-34437-34443-34545-34580-34587-34624-34637-34666-34671-34699-34729-34765-34767-34771-34772-34789-34803-34806-34808-34812-34824-34891-34917-34922-34924-34926-34939-35000-35033-35079-35081-35115-35127-35131-35148-35171-35184-35203-35237-35239-35267-35277-35283-35309-35318-35324-35328-35347-35351-35357-35400-35407-35408-35413-35450-35490-35503-35524-35532-35557-35566-35568-35570-35573-35577-35588-35598-35601-35621-35629-35659-35668-35678-35717-35749-35759-35811-35833-35837-35852-35864-35890-35929-35934-35967-35993-35995-36058-36060-36081-36101-36131-36132-36157-36161-36165-36197-36221-36231-36235-36239-36243-36257-36260-36264-36275-36283-36292-36303-36345-36347-36359-36361-36382-36434-36440-36460-36473-36481-36504-36512-36538-36575-36577-36603-36655-36667-36670-36682-36685-36704-36713-36727-36749-36751-36778-36781-36804-36841-36886-36910-36922-36964-36981-37001-37078-37105-37118-37135-37137-37150-37191-37193-37204-37219-37229-37231-37254-37275-37290-37307-37325-37332-37345
14,15-3259-4629-8583-21187-31771-36025-39167-39444-40140-40441-42781-43231-43797-44329-45226-45485-45763-45809-45895-48114-48429-49297-49405-51103-51257-55187-55279-56381-56483-58709-60395-61523-64023-65045-67371-68557-69291-70879-73467-74061-74533-75925-80963-81451-82145-82879-85231-87761-88753-89169-90227-92100-93048-94111-94706-94826-95098-95285-97547-98437-101011-102307-102586-104429-106442-108381
15,16-30-140-260-285-315-366-478-590-602-740-808-843-942-1080-1085-1145-1196-1221-1569-1675-1709-1760-1788-1937-2107-2134-2223-2228-2304-2436-2440-2454-2512-2528-2619-2629-2652-2682-2827-2894-2976-2979-3028-3057-3132-3230-3247-3262-3310-3562-3618-3772-3898-3921-3930-4033-4076-4110-4220-4252-4260-4283-4468-4518-4569-4574-4616-4684-4735-4828-4851-4898-4947-5056-5152-5155-5190-5346-5632-5874-5893-6012-6044-6090-6191-6286-6383-6391-6400-6514-6552-6601-6620-6688-6759-6852-6866-6898-6925-7240-7243-7350-7394-7411-7450-7522-7548-7572-7621-7667-7729-7769-7793-8011-8015-8095-8168-8175-8254-8346-8352-8485-8595-8612-8658-8702-8720-8758-8806-8861-8875-8928-9090-9171-9208-9211-9251-9410-9413-9416-9426-9434-9460-9522-9529-9553-9580-9614-9684-9722-9764-9881-9903-9912-9938-9995-10117-10124-10303-10566-10736-10762-10920-11026-11072-11128-11134-11216-11251-11301-11367-11484-11510-11513-11516-11601-11662-11682-11697-11705-11738-11932-11960-11998-12015-12037-12038-12050-12164-12302-12426-12475-12478-12484-12486-12513-12596-12665-12803-12835-12844-12920-12938-13032-13036-13252-13255-13414-13487-13554-13674-13871-13918-13932-13983-14110-14190-14194-14222-14226-14236-14262-14296-14393-14460-14566-14998-15071-15152-15163-15221-15258-15402-15429-15455-15490-15599-15623-15647-15740-15858-15871-15950-15986-16082-16101-16144-16194-16278-16286-16303-16306-16548-16573-16584-16685-16698-16708-16712-16724-16861-16869-16892-16976-17049-17052-17085-17140-17220-17226-17300-17318-17420-17601-17678-17708-17733-17856-17866-17900-18066-18084-18187-18237-18249-18250-18298-18312-18416-18630-18696-18718-18876-19118-19150-19154-19320-19418-19424-19496-19542-19546-19548-19624-19627-19758-19771-19862-20039-20075-20080-20158-20187-20209-20316-20528-20756-21228-21238-21277-21305-21314-21356-21512-21719-21770-21800-21956-22028-22044-22105-22376-22507-22578-22605-22702-22706-22760-22788-22819-22835-22860-22878-22946-23025-23049-23134-23138-23508-23631-23744-23852-23955-24012-24181-24210-24356-24377-24383-24450-24469-24507-24591-24617-24621-24628-24779-24786-24815-24830-24839-24858-24932-25025-25048-25102-25108-25176-25453-25509-25514-25659-25677-25723-25943-25992-26028-26046-26128-26184-26207-26256-26310-26328-26436-26534-26538-26609-26622-26766-26780-26803-26914-26948-27130-27169-27184-27293-27366-27473-27574-27856-27878-27901-27940-28050-28058-28060-28082-28331-28373-28660-28675-28742-28756-28766-28795-28846-29028-29030-29044-29087-29142-29195-29224-29235-29253-29380-29383-29396-29509-29585-29696-29702-29716-29738-29812-29993-30420-30554-30628-30698-30738-30850-30930-31007-31140-31200-31222-31239-31249-31256-31273-31277-31294-31300-31312-31347-31361-31412-31557-31618-31724-31792-31799-31816-31861-31887-31945-31994-32008-32037-32087-32125-32141-32156-32163-32263-32286-32296-32306-32324-32345-32373-32410-32419-32469-32480-32494-32533-32608-32649-32684-32823-33024-33315-33441-33514-33604-33706-33818-33854-33876-33890-34023-34204-34298-34327-34329-34355-34404-34414-34454-34591-34736-34748-34755-34830-35061-35062-35092-35160-35163-35224-35314-35361-35539-35704-35782-35792-35821-35844-35937-36004-36008-36109-36122-36175-36301-36332-36356-36411-36421-36551-36574-36589-36607-36742-36878-37034-37128-37172-37196-37258
16,17-28-146-151-158-165-182-184-297-307-325-328-331-343-358-370-374-381-400-421-534-537-605-678-691-695-714-717-763-791-935-995-999-1005-1181-1218-1255-1368-1405-1410-1412-1515-1579-1623-1750-1755-1834-1858-2033-2063-2094-2099-2128-2163-2196-2221-2255-2339-2341-2477-2516-2599-2621-2637-2654-2663-2725-2745-2812-3058-3066-3093-3123-3148-3152-3221-3234-3244-3282-3297-3319-3369-3451-3472-3487-3495-3515-3525-3531-3579-3643-3652-3706-3734-3748-3775-3829-3842-3849-3855-3976-4002-4014-4017-4023-4079-4081-4154-4170-4299-4345-4535-4563-4581-4594-4603-4607-4689-4695-4723-4801-4838-4855-4921-4937-4941-5003-5038-5095-5101-5108-5226-5297-5366-5371-5426-5441-5475-5611-5625-5740-5841-5965-5994-6006-6029-6030-6041-6072-6103-6203-6209-6214-6275-6295-6329-6342-6367-6437-6540-6546-6661-6699-6729-6744-6825-6896-6899-6968-6974-7107-7153-7157-7178-7232-7288-7367-7400-7481-7518-7571-7591-7626-7683-7686-7701-7754-7764-7791-7864-7901-7942-8009-8097-8109-8145-8201-8205-8224-8311-8333-8364-8369-8384-8419-8487-8522-8536-8544-8633-8748-8766-8772-8799-8809-8840-8885-8899-8988-9001-9064-9073-9128-9135-9173-9187-9201-9222-9242-9258-9269-9299-9309-9337-9400-9467-9470-9481-9485-9503-9560-9585-9623-9645-9688-9703-9706-9789-9859-9878-9928-9946-9964-9990-10030-10121-10137-10282-10330-10346-10371-10386-10425-10429-10468-10564-10621-10661-10685-10718-10724-10752-10758-10769-10861-10868-10987-11000-11053-11172-11305-11312-11319-11325-11328-11337-11349-11437-11448-11459-11463-11471-11603-11642-11691-11739-11891-11924-11931-11964-11969-11993-12071-12086-12148-12177-12213-12231-12261-12289-12335-12341-12342-12358-12433-12446-12497-12638-12680-12714-12769-12870-12971-12993-13016-13121-13125-13213-13271-13318-13341-13363-13365-13438-13446-13513-13566-13619-13628-13707-13745-13791-13799-13864-13883-13897-13913-13941-13999-14035-14065-14066-14130-14142-14261-14287-14320-14329-14478-14562-14564-14648-14653-14664-14694-14754-14762-14807-14839-14847-15038-15075-15196-15317-15349-15365-15368-15372-15464-15476-15521-15544-15562-15589-15661-15683-15757-15773-15913-16054-16061-16069-16092-16175-16212-16220-16222-16247-16335-16399-16414-16420-16472-16502-16511-16575-16586-16605-16624-16739-16744-16801-16822-16841-16927-16972-16999-17081-17116-17134-17166-17175-17284-17328-17342-17395-17423-17475-17490-17498-17543-17545-17569-17801-17885-17903-17915-17952-17971-18033-18037-18121-18126-18193-18270-18301-18331-18403-18415-18473-18710-18725-18732-18762-18775-18880-18951-18956-18987-19003-19085-19088-19190-19230-19239-19241-19277-19308-19338-19359-19417-19487-19568-19575-19582-19619-19633-19646-19655-19762-19766-19831-19942-19945-20016-20062-20126-20160-20212-20225-20345-20420-20423-20507-20578-20623-20729-20750-20799-20815-20821-20827-20857-20881-20906-20983-21022-21101-21263-21290-21362-21391-21404-21510-21600-21648-21769-21782-21786-21795-21813-21853-21865-21891-21898-21954-21972-22106-22121-22131-22148-22165-22175-22177-22195-22214-22278-22522-22597-22667-22722-22749-22759-22795-22810-22853-22884-22933-22975-22976-23065-23086-23101-23102-23262-23264-23272-23313-23320-23334-23347-23424-23462-23478-23492-23565-23647-23722-23757-23789-23868-23892-23909-23929-23937-23977-23981-24008-24313-24406-24467-24521-24613-24622-24632-24693-24829-24904-24909-24969-24975-25021-25040-25046-25068-25071-25127-25130-25167-25252-25257-25318-25345-25364-25462-25495-25513-25541-25627-25660-25666-25767-25790-25797-25802-25814-25849-25897-25907-25909-26017-26168-26211-26231-26258-26285-26357-26367-26370-26379-26419-26450-26461-26463-26575-26647-26667-26674-26794-26801-26867-26906-26934-26971-26979-26988-27079-27090-27104-27236-27243-27301-27356-27376-27400-27491-27496-27518-27536-27611-27643-27715-27721-27744-28113-28122-28186-28347-28402-28412-28479-28495-28503-28542-28603-28631-28648-28684-28717-28723-28824-29040-29114-29172-29388-29433-29437-29608-29689-29749-29776-29815-29835-29865-29911-29936-29942-29982-30031-30032-30056-30180-30256-30258-30264-30290-30329-30388-30429-30447-30555-30663-30667-30693-30715-30756-30767-30827-30871-30921-30960-31020-31067-31099-31153-31221-31244-31247-31270-31337-31384-31391-31403-31407-31463-31469-31516-31539-31653-31673-31677-31738-31774-31785-31803-31815-31895-31961-31962-31969-32010-32020-32053-32074-32115-32135-32190-32221-32231-32437-32489-32490-32670-32686-32717-32816-32830-32850-32884-32887-32900-32903-32923-32926-33008-33023-33149-33182-33287-33320-33327-33335-33340-33348-33367-33375-33410-33504-33518-33552-33564-33597-33607-33633-33635-33664-33695-33760-33777-33840-33921-33959-34070-34103-34289-34303-34314-34366-34410-34507-34608-34613-34645-34665-34709-34823-34828-34844-34879-34962-34991-35012-35182-35211-35271-35288-35383-35518-35527-35554-35558-35582-35605-35649-35677-35777-35825-35895-35901-35945-36021-36127-36140-36142-36177-36237-36288-36380-36503-36523-36529-36547-36555-36565-36569-36703-36783-36969-36971-36992-37036-37049-37058-37139-37177-37215-37279
17,19-654-12104-17038-18443-65694-79041-85736-99232-104537
18,20-5418-56001-92312
19,22-44311-50504-63711-65840-69995-70045-78590-86781-90089-92673-104047
20,23-44-67-77-95-113-137-143-167-171-180-191-277-281-327-332-369-429-464-471-486-507-516-525-567-577-584-613-618-655-664-674-719-747-761-801-814-835-838-864-873-913-958-967-976-1031-1093-1129-1171-1173-1208-1245-1286-1307-1322-1327-1333-1351-1352-1382-1418-1421-1483-1486-1509-1527-1551-1619-1669-1699-1725-1765-1767-1803-1897-1926-1938-1949-1996-2006-2040-2051-2053-2058-2073-2110-2156-2187-2252-2290-2303-2313-2383-2402-2411-2427-2452-2491-2681-2698-2721-2736-2881-2962-3006-3031-3051-3075-3082-3139-3165-3167-3237-3279-3284-3304-3322-3330-3337-3345-3376-3382-3490-3551-3595-3728-3757-3853-3938-3958-3967-3970-4001-4004-4007-4107-4124-4179-4187-4201-4245-4278-4317-4322-4339-4357-4425-4426-4487-4489-4505-4536-4546-4551-4592-4635-4662-4666-4754-4825-4866-4868-4889-4907-4931-4973-5033-5055-5063-5148-5159-5161-5173-5181-5215-5224-5249-5255-5275-5281-5306-5311-5313-5349-5351-5352-5354-5452-5481-5489-5503-5522-5526-5544-5549-5563-5641-5642-5694-5700-5717-5752-5769-5772-5783-5830-5851-5949-5976-6011-6026-6051-6105-6225-6236-6238-6245-6276-6313-6317-6335-6346-6362-6415-6443-6472-6477-6498-6513-6534-6562-6599-6637-6674-6678-6724-6735-6765-6785-6787-6830-6833-6860-6890-6907-6923-6936-6945-6953-6956-7003-7017-7073-7081-7158-7205-7231-7255-7273-7327-7338-7357-7371-7383-7409-7430-7448-7505-7506-7516-7545-7575-7623-7662-7676-7680-7722-7781-7806-7886-7894-7909-7914-7978-8113-8125-8199-8251-8331-8361-8374-8386-8399-8408-8410-8477-8482-8499-8503-8517-8521-8539-8582-8698-8709-8725-8771-8815-8865-8868-8881-8897-8985-8987-9011-9013-9023-9098-9103-9104-9127-9180-9189-9227-9229-9267-9284-9324-9367-9379-9385-9409-9469-9532-9562-9579-9597-9627-9665-9676-9771-9889-9896-9911-9919-9979-9987-10018-10055-10081-10093-10112-10257-10267-10309-10324-10342-10352-10360-10375-10391-10446-10452-10454-10481-10489-10493-10515-10543-10558-10606-10611-10734-10755-10806-10808-10862-10867-10874-10883-10891-10919-10934-10988-11008-11039-11068-11074-11077-11192-11215-11231-11268-11303-11352-11375-11411-11420-11434-11487-11531-11547-11559-11573-11624-11633-11638-11724-11734-11740-11804-11817-11849-11867-11905-11910-11913-11959-11982-11989-12005-12042-12053-12055-12061-12068-12079-12193-12198-12221-12233-12243-12251-12276-12283-12296-12329-12366-12415-12477-12483-12505-12519-12524-12531-12562-12591-12601-12614-12633-12648-12653-12691-12693-12747-12756-12771-12813-12814-12824-12830-12832-12849-12873-12912-12926-12930-12939-12947-12965-12977-13073-13081-13149-13163-13175-13190-13207-13242-13251-13268-13297-13326-13347-13374-13399-13422-13453-13484-13501-13503-13505-13519-13526-13528-13598-13617-13625-13630-13635-13685-13753-13755-13846-13860-13902-13923-13993-14002-14007-14038-14042-14091-14097-14118-14155-14168-14204-14258-14316-14323-14340-14364-14366-14382-14440-14471-14559-14570-14679-14685-14702-14848-14894-14956-14958-15017-15018-15042-15077-15151-15165-15200-15227-15276-15293-15297-15315-15401-15420-15423-15431-15444-15453-15472-15487-15489-15513-15517-15556-15571-15607-15651-15656-15669-15676-15691-15735-15738-15784-15796-15812-15825-15874-15893-15915-15992-15997-15999-16025-16041-16047-16050-16053-16059-16063-16099-16171-16205-16238-16252-16271-16293-16317-16349-16371-16377-16405-16423-16453-16471-16568-16623-16651-16655-16679-16743-16759-16783-16787-16805-16806-16827-16828-16843-16853-16898-16928-16937-17008-17013-17027-17046-17082-17120-17122-17177-17200-17203-17248-17260-17306-17308-17326-17374-17380-17393-17403-17412-17514-17527-17602-17642-17687-17715-17788-17824-17863-17867-17887-17909-17917-17938-17941-18001-18023-18088-18113-18131-18156-18201-18207-18245-18304-18333-18343-18352-18362-18397-18449-18466-18500-18510-18512-18514-18558-18585-18603-18609-18619-18621-18625-18636-18685-18752-18766-18817-18833-18905-18928-18945-18963-18964-19022-19032-19044-19099-19127-19151-19167-19174-19219-19220-19243-19246-19273-19295-19313-19330-19342-19347-19351-19365-19389-19410-19435-19439-19455-19477-19485-19491-19503-19523-19579-19593-19640-19709-19712-19748-19769-19791-19819-19860-19865-19884-19917-19921-19926-19975-20001-20002-20057-20059-20089-20116-20132-20191-20205-20223-20261-20279-20290-20302-20369-20379-20383-20389-20485-20499-20501-20505-20519-20565-20577-20615-20632-20644-20675-20685-20715-20725-20742-20770-20773-20788-20819-20822-20829-20861-20887-20895-20913-20943-20974-21015-21016-21051-21054-21102-21144-21173-21186-21201-21206-21209-21248-21273-21278-21299-21335-21350-21376-21394-21423-21429-21430-21464-21471-21505-21553-21573-21737-21754-21779-21793-21802-21943-22011-22026-22033-22059-22065-22117-22140-22185-22196-22201-22275-22371-22419-22457-22471-22499-22599-22616-22632-22646-22695-22738-22768-22777-22825-22838-22871-22898-22909-22938-23058-23122-23126-23141-23165-23229-23235-23255-23261-23314-23316-23327-23343-23351-23369-23414-23423-23439-23582-23600-23602-23617-23623-23627-23655-23671-23696-23727-23736-23754-23785-23805-23809-23817-23824-23831-23849-23899-24001-24023-24050-24059-24104-24192-24216-24331-24361-24362-24372-24380-24391-24408-24423-24458-24465-24470-24488-24510-24515-24532-24568-24578-24593-24601-24605-24645-24679-24699-24707-24709-24746-24763-24776-24780-24809-24835-24836-24851-24935-24981-24983-24986-25014-25052-25058-25076-25093-25121-25209-25210-25230-25265-25296-25391-25397-25417-25426-25438-25445-25460-25471-25493-25503-25565-25581-25582-25614-25638-25646-25648-25692-25719-25726-25768-25781-25783-25793-25844-25856-25885-25927-25933-26003-26012-26038-26048-26050-26056-26058-26069-26076-26079-26100-26103-26105-26119-26143-26146-26162-26180-26212-26277-26295-26325-26337-26343-26347-26353-26432-26438-26452-26521-26536-26653-26743-26784-26789-26805-26807-26929-26959-26967-26969-26993-27018-27141-27271-27280-27289-27305-27313-27319-27355-27385-27386-27389-27438-27452-27503-27514-27534-27541-27597-27661-27665-27676-27712-27743-27763-27764-27801-27862-27890-27908-27981-27987-28002-28053-28055-28086-28089-28100-28203-28214-28224-28334-28353-28392-28401-28423-28482-28511-28515-28523-28531-28538-28546-28556-28559-28580-28621-28627-28628-28671-28673-28686-28744-28753-28814-28828-28843-28848-28860-28917-28955-28976-28979-28985-28990-29015-29131-29170-29205-29210-29232-29247-29263-29273-29345-29371-29393-29431-29459-29523-29530-29532-29570-29590-29602-29619-29627-29653-29659-29670-29678-29706-29710-29741-29760-29765-29778-29809-29844-29901-29909-29940-29961-29977-30036-30053-30062-30135-30154-30157-30183-30263-30285-30335-30345-30367-30375-30387-30466-30473-30506-30509-30539-30565-30590-30615-30643-30645-30680-30690-30700-30725-30730-30829-30849-30878-30887-30891-30912-30951-30971-30978-30983-30997-31011-31029-31073-31091-31129-31138-31175-31218-31268-31275-31348-31398-31428-31438-31465-31477-31478-31486-31508-31543-31561-31571-31603-31625-31629-31633-31732-31742-31744-31867-31884-31937-31946-31958-31978-31984-32007-32018-32027-32047-32051-32067-32101-32120-32144-32152-32184-32223-32247-32273-32279-32281-32283-32298-32302-32305-32337-32364-32366-32393-32417-32431-32506-32508-32510-32529-32536-32546-32572-32599-32622-32629-32637-32683-32696-32727-32768-32778-32781-32786-32789-32813-32861-32877-32881-32896-32931-32949-32962-32990-33028-33059-33069-33129-33185-33300-33303-33305-33329-33373-33406-33435-33449-33547-33568-33586-33671-33685-33691-33692-33697-33733-33738-33743-33759-33785-33805-33912-33971-33993-34017-34033-34058-34065-34130-34139-34209-34243-34247-34253-34323-34335-34359-34368-34409-34446-34467-34607-34633-34686-34787-34858-34884-34928-34948-34975-35015-35049-35073-35095-35097-35101-35157-35222-35233-35262-35265-35274-35285-35287-35291-35298-35334-35336-35342-35358-35381-35418-35445-35459-35469-35473-35547-35579-35584-35615-35627-35729-35797-35815-35823-35858-35863-35888-36026-36029-36082-36102-36135-36144-36159-36162-36186-36208-36247-36249-36268-36277-36290-36297-36319-36321-36331-36373-36415-36417-36422-36454-36470-36545-36591-36665-36880-36898-36917-36958-36983-36987-37004-37054-37064-37124-37159-37161-37195-37211-37237-37241-37296-37342
21,24-26-377-414-677-706-1334-1638-1867-2105-2307-2378-2717-2954-3084-3141-3471-3521-3603-3701-3893-4055-4191-4273-4397-4464-4702-4997-5189-5520-5672-5748-5927-6035-6077-6560-6582-6737-6805-6972-7000-7077-7257-7466-8083-8366-8821-8843-8965-9003-9204-9300-9482-9799-9820-9873-9894-9933-10156-10277-10295-10630-10671-10844-10899-11245-11297-11909-12029-12097-12493-12571-12741-12859-12884-13084-13324-13336-13343-13849-14107-14419-14583-14688-14726-14845-14971-15169-15208-15323-15436-15575-16192-16201-16565-16591-17041-17504-17550-17615-17659-17933-18010-18289-18389-18475-18785-18800-19172-19337-19472-19720-19847-19982-20048-20163-20282-20362-20377-20455-21166-21520-21541-21557-21583-21679-21887-21999-22481-22489-22501-22559-22856-23287-23345-23405-23459-23718-23919-24392-24861-25193-25351-25408-25434-25824-25953-26155-26157-26626-26669-26705-26708-26797-26899-26916-27159-27199-27436-27877-27911-28011-28179-28267-28632-29315-29324-29357-29801-29869-29870-30121-30360-30400-30469-30733-30737-30771-30825-30933-31023-31054-31102-31444-31700-31855-31864-32702-32941-32961-33325-33397-33427-33648-33687-33769-34306-34452-34588-34900-35029-35103-35795-35868-35932-35949-35955-35987-36085-36210-36341-36463-36585-36930-36940-36967-37157-37239-38416-40153-40394-41477-45611-45826-45953-46595-48510-48517-48667-49305-50027-50425-51151-53145-53869-55866-56814-57082-57253-58407-59045-59750-60537-60571-61575-65343-65521-68671-70057-70225-73265-74251-75441-80967-82136-82437-82999-83478-84391-84694-84696-85305-88899-89034-90820-92733-93585-94263-96123-99057-100772-101351-101997-102585-103176-104445-104601-105657-105781-107188-107288-108261-108683-109044-109533-110011-111743-111909-112007-112783-112986-113202-113667-114687
22,25-27-413-415-433-453-457-467-569-601-609-707-765-779-885-1003-1075-1234-1281-1335-1426-1445-1451-1517-1519-1529-1541-1639-1643-1733-1757-1827-1851-1901-1947-2079-2125-2145-2169-2191-2231-2251-2296-2321-2379-2431-2438-2463-2523-2533-2584-2627-2752-2779-2787-2811-2843-2869-2925-2927-2948-2955-3027-3045-3071-3077-3085-3089-3173-3287-3357-3444-3457-3465-3501-3573-3589-3717-3805-3815-3817-3835-3867-3881-3887-3999-4039-4041-4051-4139-4153-4181-4237-4241-4263-4289-4309-4329-4342-4351-4387-4445-4465-4490-4497-4511-4601-4637-4643-4703-4707-4711-4753-4779-4781-4819-4845-4925-4983-5015-5223-5287-5459-5501-5521-5567-5627-5631-5647-5657-5673-5683-5703-5715-5739-5749-5765-5775-5815-5820-5833-5861-5901-5905-5915-6037-6063-6093-6137-6151-6307-6321-6449-6450-6461-6511-6525-6561-6583-6587-6603-6627-6683-6693-6789-6791-6967-6973-7001-7029-7045-7125-7127-7195-7199-7212-7217-7263-7267-7369-7413-7419-7467-7473-7493-7541-7547-7565-7605-7631-7649-7659-7689-7691-7703-7735-7815-7817-7879-7903-7913-7917-7969-7981-7985-8049-8134-8149-8211-8237-8289-8309-8319-8321-8357-8367-8431-8479-8531-8535-8561-8573-8717-8791-8805-8811-8867-8915-9017-9019-9079-9124-9185-9205-9225-9283-9301-9315-9335-9369-9483-9501-9545-9581-9595-9685-9701-9795-9797-9813-9821-9827-9831-9847-9863-9895-9969-9977-9981-10047-10077-10157-10181-10227-10237-10239-10301-10385-10399-10441-10449-10451-10457-10485-10557-10605-10627-10631-10689-10696-10711-10845-10853-10879-10933-11079-11131-11145-11277-11314-11321-11369-11397-11443-11469-11499-11548-11555-11707-11749-11785-11791-11803-11823-11887-11915-11957-11985-12045-12051-12103-12111-12139-12145-12185-12189-12279-12337-12357-12375-12395-12399-12443-12575-12581-12603-12629-12725-12783-12795-12797-12851-12883-12885-12891-12895-12907-12925-13049-13061-13085-13091-13113-13165-13193-13265-13321-13325-13337-13353-13373-13379-13409-13415-13427-13455-13465-13547-13553-13565-13605-13641-13650-13705-13757-13839-13905-13909-13935-13990-13997-14073-14093-14219-14279-14359-14369-14379-14458-14489-14577-14603-14655-14669-14686-14689-14709-14715-14727-14761-14773-14829-14835-14856-14863-14867-14893-14901-14953-15009-15015-15031-15061-15207-15209-15245-15263-15265-15287-15289-15319-15371-15437-15447-15471-15483-15529-15541-15609-15635-15681-15761-15801-15819-15823-15929-15959-16043-16137-16185-16193-16197-16325-16347-16391-16413-16475-16481-16498-16519-16535-16559-16589-16633-16653-16659-16693-16741-16757-16793-16855-16917-16933-16987-16989-17067-17079-17087-17127-17163-17169-17217-17223-17295-17336-17347-17363-17405-17426-17505-17510-17551-17553-17557-17665-17701-17879-18011-18049-18053-18081-18093-18097-18099-18165-18173-18178-18205-18283-18309-18325-18379-18387-18485-18553-18563-18568-18587-18627-18791-18801-19027-19113-19115-19123-19147-19171-19173-19189-19209-19353-19397-19423-19425-19447-19473-19505-19533-19545-19599-19671-19689-19691-19717-19721-19746-19845-19893-19929-19983-20009-20027-20043-20049-20087-20099-20135-20146-20207-20271-20283-20295-20311-20313-20357-20363-20365-20373-20419-20475-20489-20515-20537-20689-20731-20747-20779-20851-20893-20917-20957-20989-20993-20997-21007-21027-21167-21171-21213-21245-21269-21275-21315-21323-21359-21407-21413-21494-21498-21501-21521-21537-21545-21549-21567-21581-21681-21729-21733-21741-21751-21797-21925-21945-21962-21992-22012-22045-22049-22053-22099-22127-22191-22227-22259-22260-22263-22267-22277-22285-22311-22415-22477-22503-22511-22517-22573-22629-22664-22703-22705-22773-22857-22875-22877-22955-22967-23027-23111-23131-23133-23135-23139-23151-23156-23277-23281-23339-23357-23371-23465-23483-23499-23518-23531-23533-23577-23587-23593-23595-23619-23705-23719-23761-23811-23857-23864-23877-23885-23901-24003-24019-24049-24093-24095-24139-24141-24145-24187-24269-24297-24299-24337-24393-24405-24429-24461-24479-24485-24583-24783-24811-24857-24879-24943-24957-24973-25019-25141-25157-25281-25315-25329-25341-25353-25355-25367-25379-25383-25409-25435-25487-25523-25525-25553-25555-25731-25765-25771-25825-25851-25863-26018-26041-26061-26062-26067-26093-26109-26129-26141-26161-26171-26263-26333-26359-26387-26391-26407-26475-26545-26547-26557-26567-26585-26615-26627-26649-26709-26733-26751-26881-26917-26923-26973-27045-27063-27083-27125-27163-27165-27203-27213-27225-27257-27265-27351-27393-27412-27437-27471-27513-27533-27547-27579-27619-27735-27747-27807-27813-27815-27855-27871-27975-27983-27985-27995-28001-28057-28073-28119-28148-28152-28219-28245-28255-28259-28265-28296-28299-28333-28365-28383-28397-28399-28465-28473-28575-28585-28589-28613-28633-28647-28725-28771-28774-28797-28867-28885-29001-29059-29063-29294-29325-29337-29352-29391-29415-29445-29491-29517-29529-29563-29575-29637-29725-29850-29871-29877-29883-29904-29925-30003-30041-30043-30059-30069-30090-30103-30230-30245-30267-30283-30287-30301-30361-30395-30401-30411-30423-30451-30483-30523-30537-30601-30635-30654-30755-30817-30869-30875-30885-30899-30929-31055-31103-31111-31123-31295-31327-31343-31409-31435-31445-31511-31515-31533-31645-31647-31684-31701-31755-31767-31807-31824-31858-31865-31913-31933-31987-32054-32079-32123-32143-32177-32301-32328-32357-32413-32439-32449-32451-32453-32635-32703-32731-32765-32841-32873-32883-32969-33033-33087-33133-33249-33265-33355-33379-33387-33475-33535-33561-33583-33609-33643-33649-33679-33753-33793-33837-33846-33869-33879-33935-33983-33995-34035-34149-34229-34307-34357-34361-34453-34527-34577-34589-34663-34689-34703-34758-34815-34835-34869-34901-34943-34993-35027-35051-35083-35109-35139-35189-35193-35208-35253-35255-35415-35431-35433-35537-35631-35638-35712-35787-35809-35849-35869-35896-35933-35975-36063-36091-36201-36211-36232-36263-36371-36378-36427-36445-36492-36507-36531-36543-36571-36649-36701-36747-36787-36793-36795-36796-36813-36833-36857-36891-36919-36921-36931-36941-36947-36951-36997-37017-37027-37089-37181-37257-37265-37319-37338
23,29-1923-2089-4491-7403-17117-17249-17427-23215-23515-28389-30179-32483-32587-33007-35107-37079-39821-43909-44731-45811-48505-50273-51293-51681-52515-55355-56265-57193-57595-57757-58893-63847-63999-66657-68187-68979-78507-78619-78887-78995-79313-79360-79503-80385-86639-87041-87489-88433-92917-92989-94993-97313-98083-98351-100605-104245-104621-105953-107407-107503-113379-113489-113619
24,31-12135-55192
25,32-1378-1642-3174-3529-6148-7730-8179-9500-15074-17710-18548-22652-23210-24884-28035-30206-35161-36601-38071-38320-38462-38476-38593-38878-39236-39369-39384-39510-39938-41248-41292-42583-43796-44242-44386-44450-44635-46602-46770-46912-47069-47685-47725-47801-48078-48194-50193-50694-51827-52398-52500-53016-53861-55348-55409-55874-56227-56885-57130-57457-58359-58767-58792-59327-60122-61722-61920-62032-62583-62921-63498-63558-64179-65358-65496-65890-65993-66030-66032-66402-67217-67329-67793-67903-68502-68677-68752-68783-70218-70884-71098-71366-72313-72381-72579-73120-73814-73886-74091-74308-74693-74908-74921-74940-75423-75628-75659-76275-76714-77403-77494-78230-78678-78908-78986-79371-80410-80757-81198-81278-82306-82641-83680-83718-84787-85072-85161-85290-85617-86755-87463-88843-89308-89568-90000-90041-91205-91911-92051-92396-92811-95010-96078-96350-96410-96770-96775-97009-97682-98527-98931-99021-99425-99733-99932-99949-100836-101269-101348-101564-101744-102418-102538-102571-102924-103260-103432-104052-104948-105839-106908-107210-107479-107837-108917-109438-110849-111139-111227-111712-112404-113016-113746-114071-114742
26,34-46-60-82-192-208-210-216-222-232-250-274-282-298-300-310-372-448-474-488-497-554-634-636-680-684-686-692-700-702-722-752-772-776-796-804-825-880-886-906-924-950-970-972-978-980-990-1014-1016-1034-1039-1042-1108-1120-1122-1130-1142-1150-1154-1202-1225-1240-1242-1260-1274-1296-1308-1310-1344-1354-1406-1408-1430-1490-1510-1512-1524-1560-1608-1612-1634-1636-1640-1660-1700-1702-1706-1768-1787-1792-1816-1822-1836-1860-1862-1906-1932-1954-1977-1980-1988-2002-2010-2038-2116-2122-2130-2172-2176-2178-2182-2188-2198-2202-2210-2284-2292-2300-2322-2350-2370-2390-2392-2424-2446-2448-2450-2458-2472-2478-2494-2496-2506-2520-2524-2552-2556-2570-2586-2611-2616-2622-2638-2640-2656-2666-2693-2702-2732-2740-2742-2758-2766-2776-2809-2820-2858-2860-2871-2882-2892-2896-2898-2918-2964-2986-2994-3000-3011-3020-3024-3034-3052-3072-3100-3106-3142-3160-3178-3184-3186-3194-3196-3200-3214-3224-3274-3312-3334-3346-3348-3390-3392-3404-3442-3480-3484-3496-3502-3506-3510-3556-3574-3584-3596-3654-3684-3698-3710-3714-3722-3724-3788-3802-3870-3882-3946-3948-3952-3980-4026-4086-4090-4098-4162-4184-4206-4270-4274-4280-4286-4319-4364-4372-4404-4428-4432-4440-4452-4470-4474-4484-4492-4590-4661-4664-4668-4680-4692-4708-4758-4783-4798-4814-4826-4832-4928-4932-4952-4958-4976-5030-5042-5048-5078-5106-5128-5174-5202-5218-5242-5268-5294-5322-5402-5421-5494-5514-5518-5568-5580-5592-5648-5658-5708-5712-5762-5796-5852-5866-5920-5978-5992-6000-6018-6032-6066-6114-6126-6142-6160-6180-6188-6218-6246-6268-6332-6402-6426-6430-6440-6468-6518-6522-6566-6590-6592-6608-6612-6640-6646-6656-6668-6704-6708-6718-6766-6810-6836-6838-6858-6872-6886-6912-6916-6920-6926-6958-6976-7014-7068-7082-7086-7088-7092-7100-7128-7130-7160-7166-7172-7182-7186-7236-7260-7270-7292-7294-7298-7316-7340-7358-7389-7428-7432-7440-7482-7489-7498-7502-7524-7528-7530-7532-7568-7592-7594-7611-7616-7624-7628-7636-7654-7660-7678-7692-7704-7736-7742-7756-7767-7784-7812-7842-7926-7932-7976-8002-8022-8032-8164-8188-8190-8208-8226-8262-8278-8305-8306-8312-8341-8372-8407-8462-8466-8494-8496-8500-8562-8566-8602-8646-8648-8656-8664-8666-8692-8710-8726-8736-8752-8764-8788-8794-8826-8830-8848-8852-8854-8870-8882-8900-8930-8940-8946-8956-9030-9132-9136-9146-9162-9174-9218-9232-9252-9341-9356-9396-9436-9464-9476-9508-9535-9542-9566-9576-9612-9638-9682-9698-9710-9712-9720-9724-9730-9736-9746-9762-9772-9792-9804-9854-9860-9864-9866-9922-9992-10026-10084-10088-10106-10108-10122-10126-10142-10170-10174-10200-10206-10228-10248-10254-10258-10268-10286-10304-10312-10334-10408-10434-10437-10474-10520-10522-10574-10588-10618-10622-10640-10654-10662-10664-10668-10672-10690-10716-10730-10744-10756-10760-10778-10810-10824-10838-10900-10906-10922-10924-10966-11014-11050-11060-11066-11087-11094-11110-11116-11154-11166-11168-11184-11212-11218-11222-11242-11270-11286-11326-11354-11356-11376-11394-11500-11505-11520-11570-11580-11606-11622-11640-11654-11678-11722-11768-11770-11776-11778-11812-11814-11834-11862-11916-11970-11976-11994-11996-12026-12074-12080-12094-12106-12120-12134-12172-12204-12244-12246-12264-12267-12284-12316-12351-12352-12382-12428-12430-12434-12452-12454-12516-12532-12560-12584-12586-12594-12606-12620-12674-12676-12682-12696-12710-12772-12776-12856-12877-12898-12908-12922-12932-12941-12944-12952-12957-12980-12988-12990-13006-13030-13064-13070-13078-13088-13114-13118-13134-13154-13186-13218-13224-13288-13308-13310-13356-13368-13448-13456-13472-13480-13496-13520-13560-13608-13688-13692-13700-13713-13716-13722-13728-13762-13766-13768-13776-13778-13792-13797-13800-13859-13862-13874-13886-13892-13920-13938-13959-13974-14008-14020-14054-14068-14094-14100-14102-14114-14188-14230-14280-14282-14288-14294-14360-14466-14476-14545-14594-14614-14632-14650-14680-14706-14716-14718-14738-14742-14750-14752-14780-14784-14818-14823-14824-14827-14830-14850-14890-14909-14911-14914-14917-14924-14936-14946-14950-14981-15066-15078-15080-15096-15112-15130-15134-15136-15138-15156-15166-15172-15222-15240-15266-15272-15346-15366-15386-15396-15466-15484-15498-15514-15518-15524-15568-15572-15614-15628-15694-15696-15698-15726-15752-15766-15768-15780-15786-15842-15864-15890-15898-15908-15910-15922-15930-15932-15956-16001-16004-16056-16078-16080-16096-16108-16116-16122-16124-16198-16226-16240-16242-16268-16304-16328-16362-16364-16374-16442-16500-16506-16516-16520-16536-16576-16578-16594-16596-16616-16630-16656-16690-16710-16728-16750-16780-16796-16810-16836-16848-16858-16878-16883-16900-16908-16942-16978-16982-17018-17074-17090-17144-17158-17160-17164-17182-17209-17210-17236-17238-17240-17274-17286-17352-17360-17364-17366-17428-17438-17450-17452-17458-17466-17506-17528-17546-17554-17576-17578-17596-17626-17628-17636-17670-17720-17776-17790-17802-17820-17846-17848-17870-17880-17894-17918-17924-17942-17958-17960-18014-18030-18040-18054-18094-18128-18144-18190-18194-18224-18318-18320-18370-18424-18456-18470-18487-18502-18508-18516-18518-18522-18542-18546-18561-18622-18634-18642-18688-18690-18726-18728-18756-18786-18794-18820-18842-18900-18914-18917-18958-18982-19006-19042-19068-19104-19120-19148-19200-19233-19234-19236-19248-19296-19306-19310-19318-19391-19398-19412-19440-19458-19462-19508-19510-19534-19554-19556-19570-19572-19588-19590-19594-19600-19604-19630-19650-19652-19664-19666-19700-19752-19756-19784-19798-19804-19810-19836-19850-19854-19858-19872-19874-19896-19906-19924-19946-19956-19970-19998-20018-20078-20112-20114-20144-20150-20164-20176-20180-20182-20184-20218-20232-20252-20254-20326-20392-20410-20424-20428-20432-20446-20478-20486-20502-20516-20524-20539-20546-20558-20561-20568-20581-20596-20602-20604-20616-20642-20648-20678-20710-20721-20727-20740-20744-20748-20786-20804-20812-20830-20834-20852-20866-20876-20898-20910-20950-20958-20986-21002-21008-21020-21030-21047-21052-21082-21094-21136-21146-21164-21174-21192-21202-21204-21220-21224-21232-21270-21306-21320-21330-21352-21364-21378-21386-21396-21414-21442-21460-21468-21472-21474-21480-21482-21502-21578-21588-21592-21596-21612-21634-21670-21672-21674-21698-21700-21752-21810-21832-21860-21869-21878-21882-21892-21894-21900-21920-21926-21932-21952-21984-22004-22054-22082-22096-22156-22206-22222-22238-22248-22270-22282-22292-22302-22326-22364-22366-22372-22392-22407-22420-22422-22430-22494-22508-22512-22544-22548-22550-22576-22620-22636-22640-22650-22654-22696-22698-22732-22892-22896-22916-22958-22984-22988-22990-22992-23032-23034-23043-23046-23080-23082-23090-23108-23148-23154-23178-23218-23232-23236-23238-23244-23256-23282-23284-23298-23300-23382-23392-23402-23436-23446-23450-23496-23541-23552-23604-23624-23636-23640-23648-23664-23672-23690-23708-23712-23724-23764-23914-23946-23974-24026-24062-24070-24100-24152-24158-24194-24200-24218-24260-24267-24274-24284-24320-24338-24358-24398-24412-24438-24442-24446-24472-24516-24536-24540-24548-24550-24562-24596-24608-24619-24630-24634-24660-24718-24736-24748-24822-24826-24846-24854-24870-24880-24924-24946-25000-25010-25016-25030-25034-25054-25196-25204-25212-25219-25249-25284-25308-25330-25380-25386-25400-25406-25422-25450-25456-25458-25468-25472-25474-25480-25484-25488-25500-25526-25528-25566-25578-25588-25624-25642-25678-25680-25684-25700-25703-25750-25762-25828-25870-25874-25890-25920-25928-25934-25950-25954-25960-25964-25978-25981-26000-26020-26094-26120-26152-26194-26196-26220-26222-26228-26234-26238-26242-26278-26280-26312-26314-26354-26372-26408-26410-26416-26426-26512-26518-26526-26549-26558-26562-26582-26588-26612-26616-26634-26656-26684-26718-26720-26744-26746-26748-26756-26758-26782-26790-26844-26852-26856-26872-26885-26919-26920-26956-26990-27048-27052-27099-27172-27174-27190-27222-27258-27260-27290-27296-27322-27324-27370-27374-27402-27404-27430-27462-27482-27494-27506-27508-27510-27544-27548-27570-27576-27584-27586-27646-27662-27674-27702-27708-27716-27732-27756-27768-27781-27796-27830-27858-27880-27892-27936-27976-28008-28012-28018-28024-28028-28032-28046-28092-28094-28108-28144-28156-28172-28196-28240-28302-28308-28360-28404-28424-28436-28458-28460-28470-28521-28548-28560-28566-28616-28638-28654-28662-28728-28736-28746-28750-28826-28840-28850-28863-28864-28886-28890-28892-28896-28900-28908-28926-28930-28952-28964-29002-29038-29060-29081-29088-29096-29106-29126-29132-29154-29160-29162-29184-29186-29208-29218-29240-29242-29260-29306-29362-29374-29416-29424-29438-29452-29460-29464-29493-29506-29554-29558-29616-29620-29668-29732-29736-29788-29790-29792-29794-29806-29810-29830-29842-29846-29852-29878-29886-29902-29912-29939-29954-29968-29980-30012-30018-30026-30038-30060-30094-30138-30140-30202-30214-30220-30226-30236-30302-30304-30342-30418-30470-30486-30492-30510-30514-30534-30556-30566-30570-30638-30670-30706-30728-30746-30750-30774-30778-30790-30796-30805-30814-30854-30880-30924-30946-30956-30962-30964-30990-31052-31070-31106-31150-31158-31162-31164-31202-31214-31216-31236-31280-31282-31302-31304-31320-31371-31376-31380-31386-31424-31436-31452-31472-31482-31502-31518-31548-31568-31580-31587-31606-31608-31662-31668-31692-31718-31720-31734-31790-31840-31874-31898-31904-31908-31918-31934-32016-32044-32058-32062-32085-32108-32192-32198-32200-32242-32276-32326-32340-32350-32358-32382-32388-32420-32474-32496-32512-32518-32526-32544-32576-32590-32610-32614-32626-32630-32632-32680-32744-32754-32782-32784-32790-32824-32920-32936-32966-32980-32988-33065-33102-33118-33126-33186-33192-33196-33208-33216-33226-33274-33308-33312-33336-33352-33390-33404-33436-33456-33462-33464-33486-33510-33516-33566-33612-33620-33622-33646-33702-33712-33748-33756-33762-33778-33794-33798-33807-33827-33844-33848-33870-33881-33882-33946-33954-33996-34004-34030-34083-34094-34114-34140-34142-34144-34152-34154-34162-34164-34178-34192-34198-34210-34230-34238-34270-34272-34308-34336-34341-34344-34348-34362-34388-34396-34426-34448-34456-34458-34486-34534-34546-34548-34550-34622-34690-34704-34706-34720-34744-34750-34756-34760-34774-34800-34818-34870-34872-34902-34908-34988-34998-35002-35022-35030-35044-35046-35056-35098-35116-35146-35150-35154-35166-35196-35216-35242-35250-35272-35278-35294-35296-35330-35372-35392-35416-35422-35426-35428-35434-35448-35452-35486-35496-35498-35500-35504-35520-35534-35606-35612-35616-35650-35656-35688-35698-35726-35738-35742-35744-35880-35882-35964-35970-35972-36034-36052-36086-36098-36104-36124-36168-36170-36178-36202-36252-36310-36328-36338-36392-36402-36428-36482-36516-36524-36532-36578-36580-36608-36622-36624-36634-36646-36650-36660-36668-36710-36724-36737-36752-36772-36790-36816-36844-36846-36902-36956-36974-36976-36978-36984-36994-36998-37006-37008-37014-37028-37062-37092-37140-37164-37168-37170-37182-37208-37232-37268-37280-37282-37292-37300-117702-117712-117720
27,35-98693
28,36-50-105-117-144-176-318-360-390-396-406-598-610-614-622-630-640-688-713-720-728-742-748-768-784-822-856-878-889-899-922-952-1010-1115-1138-1216-1290-1336-1388-1458-1506-1548-1572-1596-1604-1624-1646-1713-1782-1790-1810-1840-1870-1951-1962-2026-2029-2060-2086-2101-2138-2150-2154-2238-2242-2266-2270-2272-2332-2354-2362-2376-2380-2388-2412-2474-2548-2554-2574-2604-2642-2664-2705-2712-2739-2772-2816-2854-2862-2876-2950-2956-2958-2980-3017-3068-3104-3130-3198-3206-3242-3248-3352-3386-3400-3477-3488-3526-3528-3536-3580-3582-3646-3666-3794-3831-3884-3916-3923-4134-4158-4174-4258-4300-4388-4412-4494-4522-4526-4576-4622-4626-4628-4640-4644-4700-4736-4746-4772-4788-4816-4922-4960-4968-4994-5044-5116-5126-5197-5212-5230-5276-5302-5372-5388-5406-5412-5422-5516-5623-5674-5871-5942-5996-6070-6074-6110-6120-6158-6168-6192-6232-6250-6252-6280-6290-6293-6351-6356-6454-6462-6490-6492-6530-6571-6584-6594-6624-6633-6638-6642-6666-6774-6840-6854-7012-7054-7060-7123-7162-7181-7210-7220-7244-7259-7284-7296-7303-7304-7307-7336-7344-7406-7426-7454-7468-7484-7668-7710-7774-7794-7802-7804-7880-7893-7999-8005-8111-8138-8176-8214-8242-8246-8268-8324-8354-8376-8380-8398-8425-8426-8444-8546-8550-8570-8606-8624-8638-8684-8690-8728-8776-8834-8876-8924-8938-9004-9026-9094-9114-9116-9190-9192-9196-9213-9230-9262-9280-9338-9358-9418-9456-9490-9496-9512-9569-9666-9668-9697-9758-9775-9808-9822-9828-9832-9898-9906-9926-9944-9988-10032-10104-10128-10177-10178-10221-10310-10319-10328-10336-10461-10465-10466-10473-10518-10616-10653-10680-10764-10792-10794-10800-10830-10832-10840-10842-10859-10904-10950-10972-10994-11037-11056-11070-11096-11120-11143-11164-11179-11190-11194-11196-11203-11204-11234-11236-11241-11282-11292-11294-11386-11390-11422-11430-11432-11466-11483-11506-11551-11596-11610-11634-11670-11676-11694-11727-11730-11752-11762-11836-11856-11878-11899-11902-11942-11945-11980-11990-12025-12072-12090-12187-12235-12237-12248-12314-12338-12346-12380-12412-12440-12450-12466-12490-12550-12553-12558-12627-12640-12658-12698-12700-12716-12748-12759-12822-12836-12838-12843-12874-12880-12959-13022-13083-13098-13110-13158-13222-13344-13441-13450-13499-13522-13574-13586-13736-13760-13812-13852-13888-13900-13906-13916-13936-14018-14070-14116-14148-14274-14291-14354-14402-14405-14452-14469-14472-14554-14557-14586-14610-14638-14712-14732-14788-15048-15106-15108-15116-15126-15155-15174-15330-15340-15342-15359-15382-15392-15408-15424-15468-15496-15500-15558-15610-15636-15702-15704-15728-15736-15762-15792-15830-15895-16210-16236-16276-16280-16294-16331-16338-16343-16358-16387-16394-16406-16446-16454-16460-16533-16560-16608-16618-16620-16688-16752-16760-16779-16846-16886-16888-16896-16961-17072-17184-17258-17270-17335-17424-17442-17463-17471-17570-17616-17640-17654-17724-17736-17757-17773-17787-17812-17816-17833-17851-17865-17876-17906-17931-17936-17980-18025-18108-18114-18123-18148-18152-18163-18240-18242-18302-18340-18420-18428-18462-18530-18572-18588-18656-18668-18670-18698-18706-18709-18749-18778-18782-18826-18910-18924-18930-18941-18968-18976-19012-19019-19054-19062-19078-19082-19138-19140-19156-19179-19202-19228-19303-19363-19421-19512-19551-19576-19620-19658-19711-19725-19750-19772-19801-19838-19856-19887-19922-19950-19966-19992-19994-20033-20084-20128-20136-20152-20194-20200-20322-20342-20358-20380-20406-20415-20426-20439-20492-20535-20556-20702-20718-20790-20824-20838-20875-20878-21004-21038-21040-21066-21070-21088-21142-21284-21344-21382-21400-21409-21444-21450-21452-21518-21546-21575-21609-21614-21746-21772-21780-21790-21816-21828-21848-21851-21877-21910-21968-22018-22050-22066-22153-22160-22204-22244-22350-22368-22388-22401-22444-22581-22586-22590-22612-22618-22624-22630-22668-22736-22750-22778-22797-22842-22868-22886-22895-22924-22942-23006-23014-23036-23054-23068-23096-23119-23124-23152-23176-23190-23198-23204-23216-23224-23384-23394-23398-23440-23560-23566-23568-23574-23580-23588-23666-23683-23700-23720-23821-23833-23839-23863-23882-23889-23916-23996-24038-24046-24053-24076-24082-24108-24116-24253-24264-24290-24292-24306-24310-24366-24374-24378-24454-24492-24526-24606-24642-24704-24722-24754-24844-24862-24876-24890-24895-24898-24906-24910-24960-24988-25085-25086-25088-25158-25188-25202-25221-25254-25440-25454-25530-25584-25662-25822-25912-25914-25974-25997-26045-26052-26072-26114-26182-26188-26208-26218-26255-26318-26338-26348-26363-26403-26532-26570-26576-26654-26686-26688-26691-26712-26717-26786-26847-26850-26859-26886-26912-26942-27068-27101-27103-27106-27108-27160-27218-27238-27309-27336-27364-27396-27410-27460-27492-27552-27566-27591-27612-27659-27770-27790-27803-27822-27842-27844-27852-27884-27898-27944-27960-28022-28030-28074-28126-28176-28198-28200-28210-28216-28230-28248-28272-28278-28292-28408-28410-28490-28508-28528-28644-28700-28710-28720-28754-28764-28791-28858-28894-28902-28920-29046-29124-29174-29226-29270-29331-29418-29420-29422-29518-29545-29594-29745-29756-29758-29823-29826-29920-29956-30096-30110-30114-30166-30178-30187-30196-30208-30248-30276-30278-30294-30308-30338-30346-30376-30380-30474-30500-30526-30532-30562-30578-30584-30616-30623-30624-30641-30696-30742-30788-30803-30823-30836-30846-30876-30986-31016-31124-31170-31224-31285-31318-31332-31392-31443-31454-31458-31558-31601-31638-31648-31686-31694-31704-31709-31728-31746-31857-31925-31988-32029-32049-32060-32072-32090-32092-32137-32211-32216-32226-32228-32260-32310-32312-32347-32362-32386-32534-32557-32560-32574-32606-32673-32728-32751-32758-32766-32770-32796-32834-32854-32910-32912-32946-33094-33098-33136-33144-33220-33242-33246-33253-33266-33272-33278-33289-33311-33408-33509-33528-33574-33627-33724-33741-33786-33816-33830-33866-33906-33940-33986-34002-34052-34062-34128-34188-34290-34296-34319-34350-34371-34444-34470-34476-34498-34512-34541-34543-34570-34573-34594-34626-34634-34655-34700-34741-34752-34779-34793-34810-34934-34944-34970-34973-35198-35240-35244-35246-35248-35316-35332-35394-35454-35476-35528-35544-35560-35562-35642-35652-35672-35702-35720-35788-35798-35826-35885-35990-36047-36056-36097-36115-36215-36218-36314-36390-36397-36465-36527-36636-36674-36688-36740-36774-36810-36818-36825-36828-36870-36876-36894-36914-36944-37002-37038-37060-37085-37216-37246-37262-37286-37305
29,37-5099-10508-32963-34773-58589-63985-90885-99688-105845-106537-108329
30,38-2967-27388-27580-45355-49372-54028-58389-75607-79587-80671-102876
31,40-14442-16062-27395-51261-80829-88297-99852-102125-112017
32,42-65-73-79-93-101-107-179-189-201-219-220-234-237-265-287-291-293-303-309-337-339-357-394-403-405-410-419-439-461-468-473-493-502-522-542-546-564-581-600-607-651-656-658-667-699-704-731-755-767-775-811-817-840-855-863-877-893-897-903-917-921-929-965-969-983-1021-1026-1037-1047-1061-1079-1100-1147-1159-1189-1195-1199-1209-1231-1233-1249-1256-1277-1278-1289-1331-1358-1367-1381-1398-1415-1425-1441-1454-1465-1475-1477-1489-1493-1495-1521-1563-1565-1584-1587-1589-1590-1603-1617-1663-1670-1689-1719-1727-1730-1737-1744-1776-1779-1799-1879-1881-1899-1900-1993-1994-1998-2015-2021-2023-2037-2044-2077-2078-2109-2208-2219-2225-2283-2287-2325-2360-2399-2409-2420-2500-2505-2535-2547-2602-2615-2676-2685-2711-2719-2729-2754-2761-2783-2789-2823-2835-2845-2849-2867-2887-2921-2931-2945-2975-2985-2999-3005-3015-3043-3048-3055-3063-3076-3103-3115-3140-3144-3155-3169-3175-3176-3209-3280-3341-3380-3395-3410-3419-3429-3433-3479-3499-3505-3587-3599-3608-3613-3657-3669-3677-3683-3691-3697-3712-3721-3727-3733-3736-3739-3744-3753-3797-3798-3804-3841-3851-3869-3877-3943-3951-3963-3975-4009-4031-4083-4097-4101-4141-4145-4183-4199-4209-4249-4251-4265-4331-4336-4347-4353-4367-4371-4375-4409-4435-4457-4509-4520-4529-4543-4588-4642-4653-4671-4691-4696-4731-4739-4757-4795-4804-4844-4859-4862-4877-4879-4917-4954-4962-4979-5023-5046-5051-5077-5081-5102-5115-5123-5130-5133-5140-5162-5169-5185-5187-5188-5211-5237-5245-5253-5258-5261-5299-5309-5381-5401-5435-5467-5477-5551-5555-5558-5583-5586-5589-5630-5667-5669-5670-5680-5705-5711-5734-5804-5839-5843-5845-5863-5865-5873-5897-5924-5947-5953-5956-5981-5988-5990-6021-6047-6059-6076-6082-6098-6144-6187-6197-6217-6285-6309-6319-6339-6353-6355-6361-6371-6373-6395-6405-6406-6418-6421-6423-6471-6489-6495-6502-6509-6510-6532-6575-6576-6581-6585-6611-6617-6628-6653-6671-6690-6702-6741-6742-6773-6783-6821-6834-6845-6889-6892-6902-6905-6941-6949-6966-6969-6971-6978-6985-6998-7051-7059-7085-7113-7155-7177-7193-7202-7246-7248-7253-7279-7311-7319-7325-7365-7373-7385-7391-7415-7435-7461-7463-7475-7478-7508-7511-7551-7555-7560-7577-7589-7596-7608-7645-7665-7717-7745-7783-7811-7823-7849-7851-7862-7873-7877-7891-7911-7919-7931-7987-7997-8017-8019-8020-8024-8027-8039-8046-8059-8076-8091-8099-8117-8119-8120-8123-8131-8137-8167-8183-8193-8195-8210-8213-8217-8238-8255-8273-8287-8351-8379-8422-8433-8465-8469-8478-8490-8509-8557-8559-8569-8593-8614-8620-8642-8661-8697-8705-8742-8745-8761-8797-8819-8824-8829-8837-8859-8862-8903-8918-8921-8927-8954-8999-9009-9021-9063-9084-9087-9101-9118-9149-9165-9167-9183-9195-9203-9239-9272-9287-9291-9331-9393-9399-9407-9425-9440-9445-9449-9451-9453-9517-9531-9540-9555-9557-9559-9574-9601-9625-9631-9661-9715-9717-9743-9778-9791-9798-9845-9849-9871-9893-9921-9934-9966-9998-10001-10004-10035-10060-10062-10091-10103-10151-10153-10154-10158-10161-10162-10197-10213-10223-10264-10271-10279-10285-10293-10307-10323-10363-10366-10387-10393-10413-10448-10471-10478-10509-10537-10547-10555-10583-10592-10629-10635-10651-10670-10687-10693-10713-10721-10729-10750-10791-10804-10836-10852-10855-10865-10870-10889-10910-10932-10940-10945-10947-10959-10968-10978-10997-11004-11013-11031-11043-11049-11064-11114-11123-11163-11175-11180-11189-11199-11225-11263-11267-11272-11279-11343-11350-11360-11393-11401-11407-11415-11418-11424-11427-11445-11451-11479-11496-11527-11532-11561-11586-11591-11613-11661-11675-11681-11701-11702-11757-11765-11766-11781-11793-11798-11801-11809-11811-11843-11847-11883-11906-11919-11941-11975-12000-12009-12010-12019-12021-12062-12089-12096-12117-12181-12215-12218-12229-12255-12305-12313-12323-12325-12331-12333-12345-12355-12361-12363-12364-12373-12377-12391-12401-12409-12445-12448-12457-12459-12465-12515-12554-12570-12573-12608-12617-12647-12663-12669-12678-12687-12733-12751-12763-12765-12786-12799-12805-12807-12821-12847-12889-12890-12901-12918-12935-12943-12951-12973-12997-13002-13027-13095-13143-13169-13173-13194-13235-13237-13257-13260-13279-13299-13307-13313-13315-13367-13385-13386-13400-13410-13443-13444-13463-13466-13489-13531-13533-13535-13539-13544-13557-13569-13577-13589-13600-13604-13607-13633-13672-13702-13704-13709-13731-13738-13741-13759-13765-13783-13819-13822-13829-13867-13878-13895-13914-13925-13931-13947-13951-13953-13957-13963-13971-14015-14053-14075-14077-14081-14106-14123-14124-14137-14159-14183-14187-14199-14211-14221-14239-14241-14243-14245-14246-14284-14301-14309-14325-14332-14335-14343-14347-14351-14373-14375-14381-14401-14411-14415-14427-14429-14435-14439-14443-14445-14449-14501-14523-14543-14591-14599-14626-14635-14659-14667-14673-14683-14690-14692-14721-14765-14793-14802-14840-14869-14870-14921-14927-14934-14989-14991-14994-15003-15041-15057-15093-15145-15177-15183-15185-15224-15231-15247-15256-15275-15307-15335-15353-15363-15381-15385-15395-15411-15427-15457-15533-15535-15545-15549-15595-15617-15619-15626-15630-15633-15641-15654-15706-15710-15731-15733-15744-15749-15775-15783-15791-15794-15809-15815-15821-15833-15835-15847-15857-15885-15902-15945-15946-15952-15955-15961-15962-15964-15973-15981-15982-15984-16023-16031-16033-16076-16084-16095-16127-16135-16139-16149-16151-16157-16163-16179-16181-16187-16208-16255-16258-16291-16368-16381-16389-16400-16403-16429-16463-16464-16505-16528-16534-16539-16543-16583-16593-16601-16629-16634-16665-16677-16695-16704-16732-16763-16766-16789-16799-16817-16830-16911-16915-16925-16940-16948-16965-16975-16986-16991-17007-17039-17042-17050-17101-17138-17197-17206-17213-17224-17229-17235-17257-17265-17279-17294-17297-17313-17355-17359-17385-17386-17447-17488-17499-17519-17531-17562-17573-17608-17618-17652-17657-17663-17673-17675-17713-17723-17731-17735-17749-17751-17765-17783-17805-17806-17811-17831-17845-17875-17911-17913-17951-17973-17984-17989-17995-18027-18029-18039-18042-18071-18083-18125-18143-18158-18161-18203-18211-18221-18287-18295-18311-18324-18336-18339-18382-18385-18405-18434-18439-18446-18454-18459-18465-18474-18534-18551-18571-18597-18626-18702-18713-18721-18755-18815-18828-18831-18840-18845-18847-18869-18874-18897-18899-18906-18927-18961-18978-19005-19025-19029-19048-19051-19071-19087-19091-19109-19111-19117-19135-19137-19144-19162-19165-19169-19183-19199-19224-19254-19257-19327-19366-19375-19378-19380-19383-19393-19405-19453-19479-19499-19521-19538-19559-19560-19566-19623-19639-19643-19677-19678-19685-19703-19706-19731-19733-19742-19755-19760-19794-19797-19803-19829-19867-19869-19899-19905-19911-20007-20013-20037-20050-20065-20097-20105-20127-20140-20175-20238-20243-20275-20284-20296-20314-20333-20370-20384-20456-20458-20461-20496-20521-20543-20573-20583-20595-20608-20610-20625-20628-20639-20640-20653-20657-20683-20687-20690-20697-20739-20753-20755-20764-20793-20811-20817-20836-20841-20843-20855-20859-20872-20919-20933-20939-20952-20962-20971-20972-20995-21037-21042-21073-21079-21113-21129-21131-21153-21177-21179-21181-21227-21237-21243-21289-21337-21372-21381-21421-21433-21457-21459-21467-21493-21587-21601-21603-21621-21623-21643-21644-21650-21682-21686-21693-21697-21705-21709-21712-21717-21725-21742-21757-21765-21767-21785-21805-21807-21809-21827-21841-21843-21855-21863-21873-21916-21939-21941-21949-21951-21961-21987-21995-21998-22015-22035-22103-22110-22113-22115-22119-22137-22151-22169-22179-22187-22233-22235-22237-22243-22251-22265-22290-22295-22305-22320-22325-22334-22347-22355-22359-22383-22397-22403-22417-22449-22485-22491-22521-22531-22561-22571-22585-22589-22594-22611-22639-22673-22677-22681-22683-22693-22701-22730-22735-22746-22753-22803-22805-22808-22821-22827-22830-22840-22863-22865-22901-22929-22940-22949-22995-23003-23020-23067-23071-23092-23145-23193-23197-23201-23213-23259-23268-23293-23309-23319-23329-23331-23338-23359-23360-23363-23373-23401-23404-23407-23455-23456-23469-23481-23485-23502-23512-23516-23523-23559-23579-23585-23611-23638-23729-23731-23735-23749-23752-23771-23772-23775-23777-23798-23814-23819-23835-23845-23872-23875-23887-23903-23913-23927-23930-23942-23949-23953-23963-23965-23991-23998-24009-24017-24029-24057-24061-24067-24097-24099-24118-24125-24133-24137-24149-24157-24163-24189-24223-24226-24233-24287-24329-24340-24347-24351-24354-24368-24415-24425-24426-24431-24441-24483-24487-24497-24513-24539-24545-24547-24560-24565-24571-24573-24577-24580-24585-24599-24615-24639-24651-24668-24670-24675-24711-24721-24727-24789-24832-24843-24869-24922-24931-24941-24949-24951-24959-24997-25007-25008-25027-25033-25036-25038-25057-25075-25081-25097-25115-25135-25155-25181-25183-25195-25199-25227-25235-25243-25275-25276-25289-25321-25343-25382-25410-25421-25431-25449-25517-25535-25543-25545-25571-25587-25592-25599-25634-25645-25653-25657-25683-25691-25695-25711-25735-25757-25773-25795-25805-25811-25819-25835-25837-25859-25867-25889-25902-25911-25916-25925-25937-25956-25967-25969-25994-26006-26011-26025-26029-26035-26037-26087-26111-26127-26149-26203-26299-26317-26326-26330-26377-26386-26389-26413-26429-26435-26446-26465-26483-26492-26525-26530-26579-26600-26603-26611-26623-26637-26641-26650-26659-26664-26695-26699-26710-26723-26727-26769-26778-26792-26821-26835-26839-26863-26871-26878-26893-26897-26898-26910-26927-26939-26961-26962-26994-27027-27037-27041-27067-27075-27076-27082-27111-27134-27166-27193-27196-27211-27249-27252-27276-27303-27311-27341-27362-27377-27423-27475-27479-27487-27528-27537-27551-27555-27569-27581-27589-27667-27680-27686-27696-27707-27723-27728-27746-27759-27774-27784-27793-27835-27836-27869-27905-27906-27912-27921-27935-27951-27962-28004-28021-28039-28069-28091-28098-28107-28117-28147-28205-28221-28253-28256-28271-28277-28287-28298-28313-28341-28343-28362-28370-28384-28439-28443-28447-28464-28480-28499-28518-28527-28563-28596-28598-28605-28643-28680-28691-28693-28715-28727-28731-28732-28735-28779-28809-28819-28823-28837-28853-28935-28957-28959-28998-29007-29008-29010-29023-29027-29051-29052-29071-29073-29101-29115-29117-29122-29135-29149-29165-29166-29179-29191-29216-29229-29237-29249-29251-29277-29299-29319-29329-29341-29358-29360-29373-29402-29405-29413-29455-29485-29486-29547-29553-29589-29593-29597-29611-29635-29645-29649-29650-29655-29661-29664-29667-29685-29691-29695-29713-29715-29719-29763-29797-29825-29829-29832-29857-29873-29885-29888-29895-29898-29950-29967-29979-29983-29987-30046-30049-30071-30075-30083-30108-30127-30131-30143-30193-30217-30247-30282-30289-30296-30316-30323-30362-30369-30370-30379-30397-30410-30449-30455-30495-30516-30529-30531-30595-30619-30633-30637-30651-30695-30711-30732-30773-30781-30783-30798-30807-30813-30857-30897-30901-30919-30923-30937-30976-31013-31037-31040-31042-31045-31051-31057-31078-31115-31119-31148-31167-31184-31195-31209-31262-31264-31292-31311-31317-31323-31324-31352-31358-31366-31471-31489-31532-31541-31545-31567-31573-31595-31599-31611-31630-31635-31651-31658-31665-31697-31703-31727-31740-31749-31751-31757-31770-31773-31786-31813-31831-31837-31843-31879-31897-31902-31910-31943-31949-31952-31955-31965-31977-31983-31999-32013-32023-32031-32041-32111-32155-32160-32167-32189-32209-32214-32235-32255-32266-32291-32317-32319-32321-32371-32375-32385-32394-32423-32447-32457-32459-32467-32477-32492-32503-32515-32516-32549-32551-32579-32584-32616-32621-32634-32641-32643-32661-32667-32691-32693-32725-32740-32752-32799-32802-32807-32811-32836-32839-32847-32857-32859-32863-32879-32889-32906-32918-32928-32939-32995-33015-33027-33035-33051-33061-33072-33075-33082-33135-33143-33153-33157-33159-33183-33203-33210-33256-33324-33333-33347-33350-33360-33371-33389-33401-33473-33489-33500-33503-33527-33577-33585-33589-33591-33593-33636-33667-33705-33721-33723-33730-33737-33745-33768-33772-33781-33783-33821-33823-33839-33843-33863-33885-33910-33948-33951-33965-33967-33989-33991-34001-34034-34043-34045-34084-34087-34091-34096-34099-34113-34119-34121-34147-34167-34169-34187-34203-34213-34225-34237-34249-34256-34258-34262-34267-34276-34282-34285-34339-34376-34384-34387-34393-34423-34451-34481-34483-34491-34503-34515-34536-34553-34603-34604-34615-34630-34643-34657-34661-34669-34679-34695-34702-34713-34722-34731-34783-34821-34829-34839-34847-34849-34863-34865-34877-34887-34913-34918-34941-34946-34957-34961-34964-35008-35017-35021-35058-35069-35071-35075-35090-35112-35120-35133-35135-35137-35141-35145-35169-35173-35177-35221-35229-35306-35313-35323-35340-35403-35441-35443-35457-35475-35481-35482-35493-35506-35541-35553-35565-35586-35594-35691-35693-35723-35737-35747-35763-35765-35767-35771-35773-35805-35812-35829-35873-35877-35879-35907-35918-35925-35927-35940-35951-35959-35983-35985-35988-35997-36006-36037-36066-36071-36093-36111-36118-36205-36225-36227-36285-36295-36335-36353-36363-36375-36399-36439-36443-36444-36446-36453-36457-36462-36469-36491-36497-36510-36515-36548-36553-36583-36605-36639-36641-36645-36659-36663-36709-36738-36761-36763-36770-36799-36835-36837-36859-36907-36909-36912-36933-37011-37057-37059-37073-37083-37095-37111-37117-37126-37167-37185-37201-37213-37223-37224-37243-37249-37253-37264-37313-37323-37326-37341
33,43-15531-30541-59765-69487-81551-99649
34,45-3863-11841-25667-29361-30359-32495-46139-50057-56637-69633-78085-78089-90028-96093-101931-107009-111092-112896-114183-114208
35,47-109755
36,48-32086-37966-48922-58740-95732
37,49-88-109-156-160-195-229-262-340-352-508-532-575-606-627-638-643-663-669-724-736-757-759-821-833-927-936-974-988-1012-1041-1045-1049-1082-1099-1105-1112-1153-1186-1268-1284-1295-1324-1356-1377-1396-1433-1497-1536-1542-1628-1633-1653-1664-1805-1809-1846-1872-1886-1888-1912-1931-1953-1970-1986-2030-2080-2141-2181-2235-2259-2265-2276-2316-2343-2372-2384-2394-2465-2467-2471-2486-2508-2542-2590-2701-2707-2749-2829-2833-2847-2917-2966-2988-3040-3079-3080-3116-3118-3124-3163-3190-3298-3317-3321-3342-3358-3374-3384-3454-3509-3520-3555-3623-3629-3630-3639-3704-3746-3750-3763-3779-3827-3844-3857-3860-3910-3912-3935-3993-4011-4021-4036-4045-4053-4065-4149-4169-4172-4203-4268-4285-4292-4315-4358-4393-4398-4401-4416-4421-4423-4430-4482-4532-4548-4573-4587-4605-4612-4621-4651-4718-4740-4745-4749-4775-4802-4830-4853-4902-4939-4942-4950-4964-4999-5016-5035-5040-5071-5119-5135-5137-5164-5182-5216-5238-5263-5265-5278-5318-5344-5376-5384-5392-5395-5409-5436-5443-5450-5455-5532-5536-5541-5547-5590-5628-5634-5645-5687-5726-5759-5785-5808-5824-5835-5868-5880-5944-5983-5999-6052-6124-6130-6152-6206-6249-6255-6262-6314-6326-6337-6396-6404-6417-6452-6484-6504-6520-6544-6662-6739-6747-6750-6756-6761-6780-6813-6827-6900-6982-6989-7036-7066-7074-7090-7143-7148-7184-7214-7250-7268-7321-7353-7354-7360-7375-7376-7443-7476-7515-7520-7563-7579-7601-7647-7708-7798-7829-7857-7858-7866-7888-7938-7955-7960-7964-7995-8037-8072-8103-8128-8151-8155-8169-8206-8229-8248-8267-8302-8316-8334-8362-8405-8439-8460-8470-8472-8492-8514-8526-8541-8587-8596-8628-8634-8663-8677-8706-8719-8732-8812-8890-8894-8932-8937-8968-8992-9002-9007-9014-9028-9041-9050-9052-9060-9067-9070-9082-9093-9112-9130-9150-9235-9241-9278-9302-9318-9352-9354-9365-9386-9439-9446-9472-9504-9586-9591-9650-9671-9750-9766-9801-9835-9839-9843-9851-9856-9872-9901-9962-10008-10011-10043-10051-10053-10069-10071-10118-10125-10131-10132-10165-10205-10208-10217-10233-10235-10288-10297-10320-10357-10378-10407-10432-10476-10501-10503-10534-10563-10598-10644-10674-10682-10703-10738-10747-10766-10784-10820-10826-10916-10954-10976-11081-11102-11106-11124-11133-11201-11244-11254-11296-11317-11331-11362-11398-11408-11481-11488-11508-11522-11543-11563-11647-11650-11657-11667-11693-11750-11759-11794-11796-11819-11827-11871-11885-11892-11900-11922-11937-11952-12046-12049-12076-12099-12109-12147-12157-12161-12174-12202-12207-12224-12275-12286-12321-12424-12461-12462-12473-12488-12508-12527-12538-12548-12557-12565-12605-12657-12704-12712-12726-12767-12840-12858-12861-12864-12910-12948-12954-12961-12962-12967-12974-12979-13004-13102-13128-13156-13176-13201-13233-13280-13291-13328-13330-13406-13420-13458-13543-13559-13583-13593-13614-13645-13646-13654-13694-13725-13746-13825-13830-13833-13848-13926-13944-13964-13968-13988-14029-14037-14044-14051-14063-14085-14156-14185-14201-14276-14299-14315-14376-14386-14426-14456-14465-14487-14508-14533-14579-14585-14597-14606-14608-14617-14629-14646-14656-14700-14705-14725-14749-14766-14777-14783-14798-14842-14872-14876-14899-14902-14904-14913-14918-14929-14932-14974-15021-15029-15034-15068-15085-15087-15159-15160-15217-15242-15298-15301-15309-15332-15360-15378-15389-15449-15479-15507-15508-15532-15537-15539-15550-15693-15709-15714-15743-15776-15888-15991-16128-16141-16142-16160-16182-16191-16214-16256-16266-16289-16309-16313-16314-16397-16409-16491-16494-16513-16547-16571-16599-16615-16637-16640-16644-16668-16675-16707-16723-16726-16784-16791-16815-16862-16923-16939-16967-17024-17040-17056-17096-17114-17124-17137-17147-17155-17170-17193-17198-17231-17251-17267-17288-17298-17330-17338-17340-17348-17388-17394-17396-17398-17407-17409-17449-17477-17612-17620-17639-17690-17702-17705-17718-17739-17780-17834-17860-17892-17928-17949-17963-17968-17982-17986-17996-18057-18073-18118-18133-18136-18168-18171-18183-18216-18232-18239-18253-18259-18279-18290-18374-18412-18419-18442-18526-18575-18590-18592-18615-18645-18693-18722-18736-18743-18777-18837-18852-18864-18884-18887-18888-18922-18938-18953-18988-19008-19014-19176-19184-19210-19213-19222-19252-19271-19278-19287-19299-19315-19407-19436-19451-19480-19488-19529-19541-19563-19608-19635-19692-19704-19714-19736-19777-19783-19793-19820-19826-19878-19903-19934-20011-20020-20025-20034-20044-20054-20067-20093-20143-20179-20193-20249-20306-20328-20336-20408-20412-20471-20495-20532-20555-20594-20601-20658-20660-20701-20708-20870-20900-20927-20968-20984-21035-21085-21106-21149-21300-21302-21308-21327-21366-21455-21491-21528-21551-21564-21604-21654-21664-21690-21775-21818-21866-21930-21977-21982-22017-22071-22074-22078-22081-22100-22144-22202-22220-22229-22331-22352-22395-22411-22450-22463-22472-22475-22500-22514-22538-22540-22554-22566-22602-22609-22659-22678-22721-22756-22763-22786-22806-22836-22849-22850-22866-22902-22912-22914-22982-23001-23005-23031-23073-23078-23088-23095-23104-23116-23159-23161-23185-23188-23223-23275-23288-23333-23344-23354-23366-23408-23429-23458-23501-23520-23590-23612-23679-23680-23698-23714-23806-23846-23859-23905-23983-24106-24121-24135-24140-24155-24190-24196-24228-24245-24259-24288-24302-24315-24327-24387-24395-24477-24481-24490-24502-24528-24610-24640-24646-24701-24741-24760-24771-24774-24784-24887-24964-24985-24991-25004-25022-25044-25050-25106-25117-25163-25185-25200-25239-25270-25273-25295-25300-25320-25346-25370-25378-25384-25465-25536-25539-25546-25576-25591-25602-25622-25717-25728-25732-25747-25749-25777-25826-25843-25858-25860-25879-25904-25944-25962-25990-26015-26027-26054-26098-26106-26112-26217-26269-26271-26300-26309-26369-26458-26473-26488-26494-26496-26590-26595-26599-26621-26629-26660-26668-26676-26698-26706-26740-26752-26809-26816-26827-26864-26895-26933-26987-27008-27016-27088-27092-27151-27205-27209-27275-27344-27398-27409-27421-27428-27465-27469-27560-27595-27599-27636-27641-27654-27682-27700-27766-27772-27821-27832-27849-27926-27965-27988-27993-28006-28027-28034-28070-28080-28104-28111-28114-28132-28178-28195-28226-28228-28237-28260-28316-28318-28322-28325-28358-28388-28415-28431-28455-28536-28593-28622-28636-28667-28683-28702-28758-28769-28772-28810-28842-28878-28898-28914-28925-28936-28938-28963-28972-29004-29024-29064-29077-29103-29109-29188-29193-29222-29239-29289-29333-29356-29386-29489-29511-29535-29549-29641-29643-29742-29766-29868-29880-29891-29970-29972-29995-29998-30029-30035-30123-30145-30240-30243-30273-30314-30325-30337-30354-30357-30358-30432-30438-30450-30458-30460-30468-30488-30498-30549-30553-30588-30593-30659-30702-30723-30792-30801-30810-30864-30872-30882-30889-30893-30910-30916-30932-30934-30953-31027-31058-31083-31089-31094-31147-31172-31180-31187-31197-31226-31345-31369-31375-31414-31416-31430-31441-31447-31507-31529-31589-31616-31622-31670-31681-31682-31800-31834-31848-31901-31920-32002-32094-32102-32195-32268-32380-32441-32455-32476-32505-32522-32530-32563-32600-32668-32698-32701-32742-32757-32867-32891-32894-32904-32908-32943-32952-32997-33010-33017-33052-33063-33070-33078-33168-33171-33173-33198-33215-33219-33222-33330-33334-33338-33343-33344-33403-33420-33430-33454-33461-33484-33495-33532-33555-33634-33663-33672-33789-33812-33815-33825-33850-33860-33887-33888-33899-33901-33909-33930-33975-34006-34025-34039-34067-34104-34106-34108-34126-34177-34261-34287-34295-34300-34320-34407-34438-34440-34460-34492-34497-34585-34628-34659-34672-34681-34724-34790-34875-34888-34899-34905-34911-34921-34954-34996-35004-35053-35076-35086-35088-35125-35142-35158-35195-35293-35364-35367-35391-35396-35405-35425-35461-35522-35608-35623-35644-35667-35687-35695-35711-35740-35751-35753-35803-35806-35851-35855-35856-35861-35875-35887-35902-35909-35960-35969-35981-36010-36038-36050-36054-36117-36181-36199-36212-36272-36312-36337-36343-36408-36419-36466-36541-36558-36566-36597-36611-36613-36617-36618-36690-36692-36695-36706-36720-36755-36756-36769-36777-36802-36807-36853-36868-36936-36988-37020-37046-37099-37108-37130-37143-37154-37156-37187-37188-37238-37267-37330
38,51-5792-13164-17002-18182-18746-22264-23750-26810-34191-35032-36354-37430-38132-38540-38590-40422-40608-42304-42621-43510-43661-44758-45134-46352-46916-47627-48324-48578-50514-50558-51014-51036-51602-52350-53035-53960-54426-54516-54555-54722-55392-55412-55630-58015-59848-60290-61132-64264-65042-65614-65664-65836-66324-66949-67115-68946-69796-71612-71733-71769-72526-72606-72746-73901-73924-74379-74718-74769-75485-75658-76177-76290-76964-80640-80860-81231-82213-82356-82488-82918-83728-86300-87902-88031-88501-88680-89322-90672-93264-94566-94656-94700-95513-96510-96542-97601-98202-98223-98332-100292-100376-100642-101260-101608-102010-102414-103254-108015-108376-108782-109226-111578-112150-112813-113046-113449-113862
39,52-1366-4679-5458-5936-9107-15779-18620-20525-23441-27237-34402-39209-39464-39826-41885-43103-44343-45130-47475-48331-48564-48671-49662-52609-53125-53617-54014-54123-54247-56209-59619-59677-60618-61692-64247-64647-67372-67533-70348-71025-72241-72351-73437-73781-77315-79000-79111-80187-82106-82769-83995-84745-89357-91271-98518-99483-100282-102369-105336-106588-106993-108078-108703-109243-109345-109671-110985-113557-114054-114689
40,54-17810-33550-36916-37976-40298-41984-45072-45808-50162-53239-54893-59338-62606-63594-68062-74272-74948-96472-98020-99498-100960-111354
41,55-81-85-123-126-128-135-155-215-246-320-349-385-399-443-455-501-513-518-520-563-583-597-624-645-647-709-711-735-745-774-789-813-920-964-996-1052-1055-1111-1125-1127-1163-1167-1214-1239-1247-1262-1267-1273-1299-1330-1379-1403-1416-1474-1501-1523-1532-1545-1557-1559-1593-1611-1614-1631-1651-1667-1687-1717-1729-1813-1833-1853-1875-1911-1928-1935-1941-1945-1966-1975-2055-2088-2127-2137-2175-2195-2200-2206-2261-2280-2289-2295-2319-2329-2353-2365-2397-2435-2445-2457-2469-2483-2550-2564-2608-2635-2658-2734-2746-2760-2806-2825-2879-2891-2915-2934-2960-2968-2982-2993-3061-3091-3095-3099-3120-3157-3211-3255-3260-3273-3292-3294-3324-3360-3372-3409-3427-3461-3463-3467-3516-3534-3543-3561-3577-3598-3614-3635-3641-3682-3688-3696-3719-3752-3754-3787-3809-3832-3878-3903-3960-3974-3979-4049-4063-4075-4085-4094-4112-4142-4215-4225-4227-4267-4291-4297-4307-4320-4335-4362-4395-4456-4458-4461-4512-4539-4559-4655-4763-4797-4835-4913-4981-5026-5029-5120-5167-5179-5200-5241-5304-5334-5391-5419-5433-5434-5446-5469-5479-5499-5529-5531-5535-5565-5571-5585-5595-5690-5706-5733-5745-5751-5757-5760-5857-5899-5902-5966-5972-6017-6049-6109-6134-6201-6221-6222-6261-6465-6466-6475-6481-6497-6500-6565-6616-6677-6723-6777-6809-6816-6820-6869-6911-6930-6995-7063-7065-7105-7109-7111-7115-7117-7135-7145-7168-7191-7201-7235-7265-7291-7315-7335-7343-7347-7381-7392-7425-7437-7439-7465-7487-7599-7603-7672-7699-7753-7779-7825-7937-7949-8055-8062-8147-8187-8212-8216-8223-8231-8235-8265-8295-8345-8383-8392-8394-8416-8421-8455-8513-8519-8543-8598-8609-8619-8627-8640-8750-8763-8783-8822-8879-8893-8951-8953-8974-8981-8991-9111-9155-9221-9247-9256-9260-9277-9349-9360-9376-9415-9430-9432-9458-9495-9537-9598-9603-9607-9611-9632-9635-9658-9663-9693-9709-9735-9777-9891-9905-9917-9959-10003-10067-10075-10141-10147-10244-10275-10316-10326-10412-10420-10423-10499-10541-10600-10613-10642-10667-10676-10699-10780-10783-10931-10937-10946-10970-10980-11045-11047-11062-11099-11152-11160-11229-11233-11249-11257-11265-11289-11299-11345-11389-11439-11440-11456-11502-11538-11545-11569-11579-11583-11593-11608-11645-11648-11664-11713-11719-11728-11743-11747-11821-11853-11855-11897-11927-11987-12020-12032-12041-12105-12167-12168-12183-12214-12307-12311-12397-12406-12438-12456-12507-12543-12566-12695-12754-12778-12780-12789-12804-12869-12879-12915-12996-13045-13056-13059-13087-13142-13147-13151-13153-13167-13180-13215-13217-13221-13249-13273-13283-13287-13301-13303-13349-13403-13436-13470-13492-13495-13511-13570-13622-13637-13663-13681-13715-13719-13742-13773-13775-13820-13845-13873-13876-13881-13890-13894-13899-13946-13977-14033-14076-14087-14113-14133-14136-14139-14152-14164-14179-14233-14265-14300-14311-14321-14326-14337-14349-14357-14395-14418-14432-14494-14525-14534-14539-14547-14560-14575-14612-14640-14645-14711-14774-14779-14786-14790-14801-14804-14809-14812-14875-14885-14887-14982-14997-15024-15045-15051-15069-15089-15091-15215-15229-15290-15294-15310-15351-15399-15419-15463-15492-15503-15511-15526-15530-15639-15652-15671-15679-15687-15713-15758-15789-15804-15817-15851-15853-15897-15901-15905-15936-15971-16029-16030-16037-16045-16074-16087-16154-16188-16216-16251-16273-16297-16299-16310-16340-16355-16439-16485-16557-16649-16666-16673-16716-16764-16792-16891-16914-16924-16955-16993-17005-17065-17095-17131-17291-17333-17351-17357-17373-17377-17401-17418-17437-17457-17472-17481-17503-17513-17581-17599-17624-17630-17661-17676-17727-17759-17769-17774-17827-17828-17839-17843-17853-17921-17935-17945-17965-17977-17988-18003-18005-18013-18051-18069-18086-18111-18141-18185-18209-18215-18228-18255-18257-18272-18315-18373-18390-18393-18409-18493-18565-18577-18578-18601-18605-18611-18641-18677-18809-18850-18870-18903-18913-18967-18972-18991-18992-18995-19047-19059-19095-19106-19158-19187-19197-19205-19245-19274-19325-19387-19409-19415-19428-19445-19469-19471-19518-19607-19637-19663-19696-19741-19765-19787-19848-19877-19891-19933-19965-19977-19978-19989-20053-20101-20119-20125-20139-20149-20203-20210-20214-20231-20267-20341-20355-20361-20367-20386-20396-20400-20441-20449-20467-20481-20513-20523-20551-20566-20651-20665-20732-20775-20777-20785-20845-20862-20883-20903-20925-21012-21039-21044-21075-21109-21111-21115-21123-21126-21132-21157-21161-21169-21195-21219-21223-21231-21253-21319-21371-21389-21419-21435-21508-21514-21525-21577-21591-21595-21625-21626-21631-21636-21662-21667-21668-21692-21695-21756-21825-21875-21903-21913-21978-21997-22020-22047-22095-22125-22142-22211-22255-22297-22357-22425-22439-22461-22466-22497-22505-22529-22546-22553-22601-22607-22615-22649-22663-22687-22711-22745-22755-22781-22798-22813-22820-22931-22962-22999-23053-23063-23075-23166-23203-23221-23251-23279-23303-23305-23379-23413-23420-23454-23514-23539-23550-23635-23661-23663-23686-23693-23707-23711-23716-23741-23759-23769-23782-23787-23795-23951-23961-24006-24021-24031-24045-24068-24086-24123-24177-24203-24205-24207-24211-24220-24250-24263-24279-24317-24323-24333-24353-24444-24505-24555-24587-24627-24687-24691-24715-24739-24751-24756-24817-24818-24841-24853-24921-24937-24952-24963-24967-24999-25003-25043-25083-25091-25101-25113-25237-25247-25259-25286-25307-25356-25377-25399-25425-25447-25496-25499-25507-25521-25559-25613-25628-25641-25671-25775-25779-25784-25798-25801-25833-25901-25941-25959-25983-25987-25988-26010-26075-26085-26089-26097-26125-26151-26154-26167-26179-26227-26251-26253-26267-26293-26297-26351-26375-26381-26385-26399-26405-26414-26443-26491-26499-26501-26507-26515-26541-26552-26578-26587-26638-26714-26729-26811-26813-26849-26883-26905-26940-26985-27000-27013-27023-27057-27059-27147-27269-27310-27331-27353-27383-27390-27407-27426-27433-27443-27519-27524-27556-27573-27588-27605-27621-27649-27651-27693-27755-27809-27825-27861-27889-27895-27959-28159-28275-28294-28329-28351-28453-28457-28469-28565-28568-28583-28689-28709-28749-28762-28777-28784-28799-28801-28806-28821-28832-28857-28911-28949-28969-28982-28989-29013-29019-29036-29113-29180-29198-29244-29256-29339-29349-29365-29387-29406-29443-29449-29463-29481-29615-29644-29657-29683-29704-29769-29784-29803-29863-29867-29906-29947-30017-30024-30070-30074-30087-30088-30113-30185-30194-30201-30239-30251-30280-30299-30351-30365-30393-30416-30431-30435-30441-30445-30456-30463-30503-30518-30545-30551-30577-30608-30657-30675-30753-30785-30795-30821-30830-30839-30845-30936-30941-30949-30967-31001-31003-31025-31036-31046-31062-31081-31084-31101-31105-31135-31142-31145-31155-31157-31169-31177-31199-31211-31253-31341-31365-31388-31394-31397-31421-31457-31466-31491-31513-31583-31585-31591-31725-31731-31753-31761-31779-31783-31797-31888-31929-31940-31957-31974-31991-31998-32064-32099-32107-32131-32158-32175-32197-32207-32251-32335-32339-32379-32399-32406-32425-32445-32465-32485-32487-32520-32582-32589-32595-32675-32677-32688-32747-32749-32848-32869-32917-32956-32978-32984-32987-33039-33084-33107-33146-33150-33154-33176-33179-33180-33225-33250-33259-33277-33295-33359-33363-33365-33370-33377-33385-33398-33425-33451-33453-33541-33581-33595-33617-33625-33644-33651-33655-33718-33834-33842-33874-33905-33925-33937-33943-34057-34069-34151-34183-34197-34219-34226-34245-34332-34391-34394-34403-34469-34505-34524-34567-34593-34616-34618-34639-34651-34717-34739-34762-34794-34804-34833-34837-34841-34851-34857-34881-34883-34895-34915-34933-34937-34951-34952-34969-34978-35055-35085-35180-35201-35205-35213-35355-35362-35369-35385-35389-35410-35465-35467-35661-35681-35683-35730-35755-35817-35843-35867-35917-35953-35963-36016-36045-36048-36062-36113-36136-36167-36173-36183-36191-36240-36266-36278-36304-36307-36317-36377-36387-36405-36425-36430-36451-36459-36495-36509-36587-36594-36599-36632-36653-36681-36723-36731-36745-36759-36766-36785-36822-36826-36831-36848-36863-36867-36874-36879-36892-36901-36905-36929-36934-36948-36960-36973-37022-37040-37043-37067-37100-37116-37179-37221-37277-37309-37322-37337
42,56-834-2866-3320-5090-14490-16492-16844-26332-30826-36166-38124-41502-42826-43364-46996-47501-50921-51932-58352-59662-61536-62234-63050-65264-69335-71882-72167-73575-73894-83031-83686-95190-95655-99367-101224-101865-102594-103196-106429-108408-109080-113740-114851
43,57-125-153-241-362-376-389-434-446-458-481-504-571-628-670-676-751-792-931-933-961-963-1182-1392-1453-1531-1607-1763-1821-1825-1831-1866-1922-1968-2083-2104-2161-2232-2237-2306-2315-2518-2558-2633-2716-2771-2792-2888-2905-3171-3288-3327-3355-3371-3403-3415-3470-3559-3602-3649-3660-3700-3785-3822-3825-3875-3892-3907-3918-4054-4069-4105-4117-4190-4246-4257-4272-4276-4360-4390-4396-4406-4414-4486-4503-4704-4811-4813-4861-4901-4970-4985-4991-4996-5001-5064-5068-5145-5257-5271-5383-5460-5556-5599-5613-5618-5621-5654-5679-5684-5770-5847-5879-5926-5959-6009-6097-6100-6149-6345-6348-6389-6447-6559-6573-6614-6731-6736-6752-6762-6804-6806-6823-6865-6878-6960-7076-7256-7351-7421-7446-7491-7633-7720-7763-7787-7819-7871-7875-7970-8060-8080-8082-8141-8162-8240-8391-8413-8576-8585-8591-8669-8673-8686-8701-8779-8820-8851-8911-8964-8994-9160-9168-9237-9249-9362-9487-9518-9525-9636-9807-9817-9932-9936-9955-10022-10028-10057-10076-10082-10115-10187-10276-10294-10299-10369-10381-10383-10505-10516-10590-10597-10603-10637-10773-10848-10898-10991-11016-11084-11112-11140-11149-11156-11171-11176-11309-11323-11402-11405-11472-11721-11783-11789-11806-11825-11908-12028-12035-12059-12065-12155-12179-12194-12217-12319-12411-12492-12541-12579-12589-12635-12718-12740-12761-12801-12892-12937-12995-13013-13055-13062-13108-13116-13342-13388-13469-13573-13596-13781-13786-13809-13810-13929-14011-14109-14202-14212-14412-14417-14504-14549-14582-14620-14661-14844-14859-14922-14970-15120-15168-15170-15180-15189-15213-15322-15481-15542-15553-15583-15593-15845-15907-15977-16009-16048-16169-16200-16219-16229-16245-16283-16345-16467-16527-16564-16588-16590-16714-16734-16832-16873-16885-16921-16947-16951-16963-16969-16981-16994-17003-17061-17089-17108-17152-17187-17233-17263-17268-17281-17283-17484-17525-17533-17538-17614-17658-17760-17795-17797-17822-17932-17998-18008-18106-18146-18167-18222-18285-18288-18349-18388-18407-18411-18484-18507-18520-18529-18554-18606-18678-18705-18735-18761-18763-18765-18773-18779-18856-18997-19016-19102-19194-19215-19231-19259-19288-19336-19340-19617-19673-19674-19680-19735-19779-19824-19846-19889-19954-19959-19987-20055-20091-20121-20162-20169-20197-20245-20268-20309-20376-20454-20491-20544-20634-20680-20698-20782-20847-20849-20885-21059-21135-21197-21215-21226-21254-21324-21357-21360-21427-21449-21540-21556-21569-21617-21678-21787-21834-21886-21904-21929-21958-21974-22029-22031-22041-22063-22101-22181-22310-22319-22374-22391-22426-22465-22478-22480-22488-22575-22592-22653-22674-22719-22724-22817-22953-22997-23129-23211-23265-23286-23388-23453-23467-23471-23486-23495-23526-23608-23657-23688-23792-23851-23855-23918-23922-23978-23987-24035-24111-24126-24208-24237-24243-24276-24345-24403-24411-24457-24519-24534-24589-24654-24666-24684-24688-24697-24860-24864-24883-24927-25073-25133-25223-25327-25350-25394-25595-25673-25714-25720-25743-25787-25952-25970-25973-26144-26156-26199-26287-26304-26323-26334-26371-26401-26424-26457-26477-26516-26523-26561-26633-26704-26763-26796-26901-26952-26977-27003-27006-27011-27039-27065-27127-27156-27158-27176-27198-27216-27229-27343-27373-27434-27450-27652-27657-27731-27737-27742-27749-27760-27874-27876-27887-27910-27914-28010-28049-28096-28134-28183-28266-28307-28427-28513-28534-28545-28590-28594-28635-28641-28656-28704-28787-28945-28974-29259-29279-29283-29297-29314-29327-29346-29367-29446-29598-29604-29636-29800-29855-29988-30120-30137-30160-30171-30199-30213-30327-30443-30479-30573-30587-30613-30647-30664-30677-30679-30709-30736-30770-30786-30811-30824-30841-30904-30908-30927-30959-31030-31087-31113-31234-31267-31411-31485-31596-31642-31808-31854-31868-31922-31993-32025-32149-32179-32181-32187-32239-32245-32360-32376-32464-32543-32567-32586-32593-32733-32809-32818-32893-32940-32960-33005-33161-33163-33229-33231-33244-33254-33293-33299-33318-33396-33412-33426-33539-33629-33641-33686-33715-33811-33926-33953-33957-34061-34072-34078-34235-34251-34430-34464-34473-34561-34568-34727-34747-34785-34797-34852-34930-34986-35018-35028-35102-35129-35231-35259-35610-35619-35641-35665-35708-35791-35794-35835-35841-35912-35931-35948-35954-35986-35999-36149-36189-36259-36340-36351-36433-36485-36521-36584-36626-36697-36711-36729-36765-36839-36843-36885-36952-36966-37068-37112-37314
44,58-24311-42339-54737-64472-103416
45,61-50187
46,62-1060-2074-2700-13690-32532-38276-38308-38850-38972-40450-40535-41178-41792-41904-42078-42158-42192-42524-42782-42908-42984-43188-43767-43834-43970-44188-44250-44714-44818-45242-45252-45296-45567-46024-46054-46064-46087-46276-46416-46828-47050-47342-47360-47590-48108-48520-48682-48688-48868-49118-49290-49784-50526-51064-51282-51362-52352-52670-52810-53442-53614-53633-53776-54356-54595-54708-54946-55030-55063-55374-55772-56006-56046-56496-56757-56952-56960-57314-57525-57526-57750-57858-57882-57910-57988-59087-59168-59308-59422-59516-59770-59826-60201-60792-61202-61214-61346-61372-61433-61814-61898-62212-62524-62966-63352-63520-63624-63810-63872-64032-64094-65100-65160-65282-65534-65743-65957-66210-66715-66735-66828-67460-67540-67628-68309-68682-69108-69234-69924-70506-71564-71770-72107-72240-72262-72646-72726-72794-73286-73398-73432-73520-73544-73804-74856-75152-75282-75776-77230-77666-77766-77922-78260-78584-78746-78787-78800-78862-79188-79274-79508-79554-80024-81260-81445-81506-81614-82266-82344-82402-82515-82874-82904-82934-83390-83516-83708-84226-84260-84363-84623-84954-84984-85338-85852-86400-86403-86463-86768-87174-87200-88400-88456-88582-88644-88668-88838-88984-89218-89575-89784-89924-90592-90928-91106-91168-91198-91778-92028-92068-92324-92418-92458-92494-92764-93178-93266-93365-94184-94326-94404-94430-94588-94830-95132-96012-96081-96120-96184-96844-96856-96932-97059-97294-97306-97366-97630-97772-97842-98026-98244-98568-98588-98639-98660-99022-99148-99300-99316-99384-99558-99833-99888-99926-100366-100458-100898-101754-101936-102284-102736-102768-102934-103032-103158-103322-103410-103520-104192-104350-104470-105020-105166-105200-105216-105350-105692-105876-106014-106040-106042-106542-106846-108108-108334-108642-109020-109522-109714-109896-110110-110140-111498-111972-112112-112350-112400-112436-112495-112548-112885-113200-113388-114046-114406-114598-114740-114822
47,64-7429-7833-10056-10801-11442-12288-14306-16195-20266-20317-20349-29005-29458-37356-37773-39213-39435-40058-40976-42944-44807-45214-45428-45586-46082-49000-51285-53277-53375-56361-58897-59007-59194-60955-61841-62532-62979-64185-64312-64408-64579-66522-68201-69205-69378-70598-71743-71931-71972-72476-73830-75250-76780-77038-77097-77574-78395-79565-80773-80997-81358-81509-82102-82244-82820-82937-82955-84379-84562-85771-87569-87601-88216-89213-89708-90700-92045-92337-94771-95764-96260-96662-98059-98394-99687-101521-101623-101805-102475-102629-107086-107430-107530-107902-108609-108685-109116-109334-109661-110229-112216-112864-112990
48,66-6740-26577-35705-45351-45849-54768-56385-57013-62084-62634-78581-81425-82110-114237
49,68-15793-16816-27575-44209-46006-48854-50793-58273-65752-72059-73556-81741-85813-90100-94806-95841-96428-97599-98286-104512-110926
50,70-371-1516-1591-2421-2659-3081-3145-3987-4321-4697-4805-5805-6073-6547-7519-7801-8148-8716-9561-10236-10283-10719-12549-12753-13005-13461-14143-14952-15528-16155-16213-16324-16609-16658-17486-17677-17692-17983-18127-19795-20134-20364-20474-20579-20901-20953-21363-21565-21924-22107-22983-23167-23269-23815-24186-25593-25629-26205-28588-29528-30181-30461-31047-31932-33181-34791-35919-36996-38705-39716-40037-40817-41765-42069-42133-42481-43113-43321-43973-44729-45329-45555-45613-46185-46307-46711-47173-47369-48287-48932-48993-49304-49965-50221-50424-53371-53863-54259-54861-55331-55591-55795-55953-56793-62145-62677-62841-63443-63683-64001-64849-64897-65007-66671-66921-67526-67534-67929-68177-68989-69243-69583-70159-71169-71761-71813-72257-72787-72809-73299-74381-75597-76453-76923-77015-77237-78061-79263-79451-79693-80891-81193-81297-81747-81791-82037-82397-82633-83727-84191-84519-85256-85580-86277-86525-87523-88319-88709-88979-89117-89293-91243-91883-92103-92661-93501-96657-97139-97215-97603-97621-97665-97808-97974-99405-100059-101445-103233-103813-104007-104161-104398-104553-105959-106305-106563-107064-107481-107945-109017-109921-109991-110411-110504-111271-111301-111509-112015-112059-112205-112589-112874-113274-113597-113739-113795-113893
51,72-2113-12737-17825-18521-24277-29035-34753-38621-44201-59239-69345-75713-77245-78931-87750-101563-107068-110325-113429
52,74-86-96-148-206-238-254-258-266-268-272-278-350-354-431-436-476-490-538-588-593-682-787-818-830-866-868-874-919-941-948-954-985-1006-1032-1050-1066-1088-1094-1096-1103-1168-1176-1204-1228-1237-1292-1300-1317-1320-1338-1363-1374-1390-1434-1436-1443-1456-1460-1468-1471-1502-1534-1566-1576-1582-1598-1658-1684-1692-1740-1772-1818-1848-1864-1884-1902-1914-1920-1984-2004-2008-2016-2042-2090-2148-2152-2158-2192-2205-2262-2279-2308-2310-2374-2404-2481-2536-2562-2582-2596-2600-2612-2686-2708-2722-2757-2764-2800-2802-2815-2818-2830-2836-2838-2840-2872-2874-2903-2938-2996-3108-3112-3136-3158-3182-3219-3228-3240-3252-3270-3338-3362-3378-3396-3412-3416-3430-3448-3453-3458-3468-3518-3532-3538-3544-3548-3566-3568-3600-3620-3624-3670-3672-3674-3692-3742-3792-3838-3858-3864-3888-3894-3896-3914-3924-3984-4024-4042-4058-4108-4164-4166-4192-4194-4211-4222-4232-4242-4294-4324-4376-4436-4463-4478-4530-4552-4560-4564-4567-4582-4584-4656-4658-4674-4712-4728-4743-4760-4764-4771-4786-4806-4808-4846-4870-4874-4880-4882-4992-5052-5058-5072-5088-5098-5110-5142-5147-5171-5193-5232-5246-5250-5266-5272-5328-5342-5360-5386-5396-5410-5414-5463-5483-5486-5506-5543-5576-5578-5600-5638-5652-5676-5688-5696-5718-5722-5754-5776-5781-5789-5819-5848-5882-5884-5930-5940-5950-5968-6015-6060-6068-6080-6112-6116-6122-6128-6140-6146-6170-6178-6228-6302-6305-6322-6330-6392-6394-6410-6432-6538-6569-6630-6634-6650-6664-6672-6680-6696-6768-6814-6862-6874-6880-6918-6929-6950-6964-6980-6990-7010-7018-7021-7034-7040-7056-7078-7140-7188-7218-7238-7308-7332-7422-7457-7458-7470-7497-7534-7538-7556-7566-7581-7582-7586-7606-7618-7638-7653-7684-7695-7718-7738-7750-7759-7796-7808-7831-7832-7838-7844-7904-7906-7925-7935-7974-8000-8028-8034-8050-8064-8066-8068-8070-8085-8087-8106-8114-8152-8157-8170-8232-8257-8282-8298-8314-8326-8329-8358-8400-8428-8437-8446-8448-8450-8452-8524-8528-8552-8554-8578-8622-8636-8655-8722-8738-8756-8774-8792-8844-8857-8906-8934-8976-8996-9025-9058-9068-9074-9081-9096-9120-9122-9214-9264-9270-9274-9312-9332-9382-9403-9420-9442-9462-9474-9498-9515-9548-9616-9618-9640-9656-9718-9726-9738-9754-9853-9868-9874-9884-9930-9948-9950-10024-10038-10064-10098-10169-10193-10210-10246-10280-10355-10358-10372-10376-10394-10402-10411-10414-10416-10418-10426-10482-10490-10524-10530-10551-10584-10595-10624-10646-10658-10704-10726-10748-10818-10834-10880-10894-10914-10942-10982-10984-10992-11002-11108-11146-11210-11226-11334-11338-11371-11380-11416-11446-11460-11564-11574-11598-11626-11658-11668-11685-11774-11838-11888-11972-12016-12030-12112-12114-12118-12122-12124-12132-12162-12196-12208-12226-12238-12256-12270-12292-12299-12308-12348-12480-12503-12619-12630-12672-12689-12722-12734-12808-12827-12862-12928-12987-12998-13008-13024-13068-13074-13092-13097-13126-13130-13138-13196-13208-13230-13238-13244-13246-13274-13338-13360-13370-13376-13393-13416-13424-13429-13430-13474-13524-13540-13578-13580-13590-13610-13658-13669-13696-13748-13770-13794-13804-13826-13856-13943-13948-13972-13981-14005-14048-14082-14088-14127-14176-14248-14250-14270-14304-14331-14338-14385-14388-14420-14454-14480-14484-14496-14498-14510-14512-14518-14526-14536-14540-14550-14604-14622-14637-14698-14735-14740-14744-14796-14906-14944-14966-14978-15004-15032-15054-15102-15104-15129-15141-15186-15192-15198-15210-15232-15260-15302-15304-15312-15324-15338-15344-15432-15474-15504-15566-15596-15624-15662-15689-15716-15746-15754-15764-15778-15802-15810-15862-15880-15916-15934-15969-16018-16034-16066-16088-16090-16102-16104-16113-16114-16118-16164-16206-16228-16320-16360-16384-16416-16418-16424-16436-16440-16476-16478-16509-16540-16552-16660-16662-16730-16749-16755-16770-16774-16776-16802-16808-16819-16825-16864-16876-16905-16913-16918-16930-16952-16996-17000-17020-17076-17148-17172-17180-17204-17254-17292-17302-17344-17368-17383-17492-17496-17508-17520-17584-17586-17592-17622-17644-17646-17666-17698-17740-17745-17746-17766-17778-17784-17808-17814-17836-17872-17882-17922-17946-17956-17979-18034-18058-18074-18176-18180-18226-18262-18280-18306-18322-18344-18350-18354-18364-18398-18468-18488-18498-18504-18524-18538-18541-18544-18566-18581-18582-18598-18612-18616-18628-18633-18638-18653-18674-18680-18694-18700-18730-18738-18750-18797-18804-18810-18812-18822-18848-18854-18858-18882-18942-18974-19001-19020-19036-19056-19065-19074-19130-19132-19142-19206-19216-19226-19280-19322-19332-19348-19370-19394-19400-19402-19432-19448-19466-19500-19580-19584-19611-19686-19694-19729-19788-19832-19834-19888-19900-19912-19930-19972-19984-20076-20166-20198-20227-20240-20246-20259-20276-20286-20300-20334-20352-20374-20390-20398-20402-20417-20445-20452-20463-20476-20482-20526-20606-20630-20666-20707-20712-20760-20796-20803-20808-20909-20922-20934-20944-20946-20976-20978-20991-21000-21062-21076-21117-21154-21158-21190-21296-21348-21354-21384-21436-21485-21517-21530-21570-21610-21658-21758-21830-21880-21888-21919-21988-22006-22086-22146-22159-22170-22172-22188-22212-22216-22246-22273-22288-22298-22300-22306-22328-22333-22336-22338-22344-22380-22404-22408-22428-22440-22452-22454-22482-22524-22534-22564-22623-22626-22644-22670-22691-22712-22782-22784-22790-22829-22872-22890-22926-22934-22936-22944-22956-22968-22973-23018-23084-23113-23142-23147-23207-23226-23230-23247-23306-23310-23352-23374-23381-23410-23418-23426-23430-23476-23534-23542-23607-23677-23742-23746-23762-23778-23812-23826-23840-23878-23880-23934-23944-23956-23958-23966-23984-23993-24004-24025-24032-24084-24088-24102-24128-24146-24160-24166-24170-24172-24182-24198-24247-24280-24282-24364-24384-24434-24436-24448-24462-24524-24552-24594-24672-24716-24728-24732-24742-24759-24764-24766-24768-24794-24802-24812-24820-24848-24872-24892-24896-24954-24976-24992-25028-25060-25064-25094-25122-25124-25128-25160-25178-25206-25216-25232-25244-25251-25262-25283-25312-25317-25358-25392-25402-25404-25412-25428-25437-25504-25518-25560-25563-25608-25668-25674-25696-25698-25704-25706-25724-25737-25754-25788-25806-25865-25880-25918-25947-26008-26042-26064-26116-26131-26136-26170-26172-26246-26264-26272-26282-26302-26340-26364-26422-26454-26468-26480-26502-26618-26771-26774-26798-26822-26824-26829-26833-26836-26854-26877-26937-26944-26946-26980-26982-27004-27028-27030-27032-27072-27116-27123-27128-27136-27142-27144-27188-27200-27215-27234-27250-27266-27306-27320-27332-27378-27380-27394-27454-27466-27484-27520-27538-27624-27635-27668-27704-27738-27776-27826-27838-27864-27866-27954-27978-28014-28040-28066-28078-28085-28142-28150-28162-28175-28188-28206-28234-28242-28250-28280-28300-28314-28320-28326-28338-28356-28386-28433-28440-28474-28488-28524-28533-28540-28552-28576-28600-28607-28624-28650-28658-28668-28698-28792-28805-28830-28854-28872-28883-28922-28928-28986-28996-29054-29067-29074-29104-29118-29144-29147-29152-29176-29196-29215-29254-29280-29312-29350-29368-29399-29408-29428-29434-29456-29494-29496-29498-29500-29512-29536-29538-29564-29566-29578-29580-29582-29612-29646-29672-29674-29730-29754-29772-29774-29818-29860-29892-29930-29932-29984-29996-30010-30014-30020-30054-30076-30078-30104-30128-30152-30173-30232-30234-30310-30320-30382-30402-30404-30412-30452-30476-30480-30560-30568-30582-30596-30606-30610-30631-30653-30704-30734-30740-30764-30769-30818-30914-30944-30972-30984-31014-31038-31108-31121-31132-31182-31188-31206-31230-31232-31260-31278-31296-31328-31330-31351-31355-31362-31378-31404-31422-31426-31450-31475-31498-31524-31526-31552-31592-31612-31626-31674-31688-31690-31698-31722-31762-31776-31822-31826-31850-31862-31870-31926-32000-32056-32076-32082-32118-32128-32168-32170-32248-32292-32354-32368-32426-32442-32472-32482-32540-32558-32568-32596-32654-32706-32710-32715-32718-32776-32792-32800-32843-32865-32932-32944-32958-32964-32970-32972-33000-33002-33012-33040-33056-33124-33164-33166-33174-33188-33190-33206-33236-33240-33280-33307-33356-33368-33392-33394-33419-33422-33442-33444-33466-33512-33522-33598-33601-33676-33682-33717-33727-33746-33764-33808-33918-33938-33972-34008-34012-34014-34027-34050-34080-34089-34116-34158-34180-34190-34216-34240-34264-34269-34347-34352-34400-34412-34418-34420-34432-34478-34484-34488-34500-34510-34532-34554-34556-34559-34564-34596-34692-34714-34718-34742-34798-34816-34842-34854-34860-34867-34892-34976-34980-34982-34984-35042-35066-35122-35174-35178-35305-35326-35376-35378-35386-35398-35436-35438-35470-35478-35508-35512-35515-35574-35592-35624-35632-35636-35696-35706-35714-35756-35774-35784-35801-35830-35838-35870-35904-35914-35922-35938-35947-35956-36013-36014-36022-36042-36065-36072-36074-36078-36088-36152-36184-36192-36195-36270-36322-36348-36364-36366-36394-36406-36412-36474-36476-36498-36534-36536-36557-36572-36600-36614-36630-36642-36656-36676-36678-36686-36718-36814-36854-36864-36872-36896-36926-36942-36954-36962-37012-37019-37024-37030-37076-37090-37102-37120-37122-37147-37148-37152-37198-37226-37244-37250-37272-37284-37302-37310-37320
53,75-2895-5136-13790-16290-16346-16682-18624-20831-23549-29556-35245-37950-38181-38544-38958-39079-39727-40360-41194-41436-41827-42162-43493-43750-44190-45014-45208-45341-45504-46213-46249-46514-47163-47169-47970-47973-48247-48254-48276-49782-50177-51692-53152-53824-55844-56754-56936-57242-57606-57774-58863-58924-60146-60555-61331-61504-61789-61816-62363-62372-62681-62852-63064-64162-64962-66014-66189-66246-66249-66744-66760-67008-67015-67597-67977-68250-68478-69356-70301-70740-70765-71178-71784-71797-72420-73642-73802-74409-75580-75827-76309-76673-77216-77413-77984-78962-79174-79815-80018-82114-82144-83213-83240-83494-84392-84401-85032-85326-86345-86966-87132-88244-88594-88660-88856-89336-89789-90726-92481-92894-92992-93632-94220-94262-95231-95486-95964-96427-97010-97358-98694-100085-100180-100294-100377-100411-100462-101065-101142-101641-102266-102370-102853-102969-103685-104359-105515-105838-106161-106343-107532-107685-108065-108219-110392-110863-110872-111696-112277-113124-114037-114716
54,76-55439-60069-71562-88893-103597-109437-110615
55,78-4620-20926-27998-36794
56,80-715-12293-12900-18707-20635-23169-27915-28051-28081-31313-39409-41623-41702-41769-41862-42235-44035-45172-45389-47254-49251-49272-49637-49711-49937-49941-50178-50492-50537-52447-52553-53539-53815-54003-54179-54496-54607-56183-56677-57167-57793-58291-58595-58596-58695-60798-61878-62181-62673-63293-64121-64745-64796-64845-65077-65469-65529-66365-66617-66639-66885-67845-68955-69055-69516-69684-69759-70835-72690-72731-72841-73073-74497-76002-76599-78495-81167-81214-81294-81921-82152-82991-83258-83413-83579-84510-85346-86143-86459-87165-87351-87551-88167-88219-88873-89143-89239-90001-90091-90170-90857-91037-91087-91110-93511-93570-94094-95269-96655-96818-97106-97396-98864-100090-100678-100767-100805-101927-101991-101994-102992-103375-104304-104827-105773-106023-106637-106939-108043-108555-108705-109247-109973-110161-110377-111203-112457-112465-114426-114783
57,83-8365-9945-12119-13417-15109-15865-16483-17741-19653-20741-26303-30731-31193-32527-36669-38651-38901-40495-41799-42111-42570-43143-43805-43851-43916-44907-46165-47098-47221-49209-50164-51555-54733-55619-56119-57621-60263-60425-61197-62555-63679-64605-65585-66457-69143-69338-70152-75104-76277-78117-78311-81800-83709-85569-87092-89581-89685-90356-91361-95485-97173-98643-100053-102883-104593-106599-106975-107225-110367-110531-112653-112695-114031-114283
58,84
59,87-611-1250-2095-8511-18501-22168-34395-34675-39177-39687-40479-41529-42022-42677-44127-44297-47370-47966-48953-49839-50269-57277-58219-58953-59137-59355-59499-60886-60960-62236-62783-64909-66204-69555-70766-71637-71805-72785-73763-73822-73928-74919-75119-75486-77709-79925-80388-80723-81075-86471-87435-88563-89055-89992-91616-91624-92536-92864-94281-95317-96701-97160-98606-99312-99356-101303-101460-101836-104217-105903-106200-108767-109460-113027
60,89-8959-19437-22867-25333-56133-73791-79435
61,90-8094
62,92-342-1090-2220-3220-5178-5624-7156-7690-8200-10298-11820-12260-14756-15060-16334-16854-18018-18036-18248-19532-19654-21890-22416-22966-24696-25126-27274-27300-27812-29502-30058-30870-31462-32484-32820-34286-34504-35998-36200-36502-36568-37759-37826-38080-38274-38344-38418-38602-38645-38874-39188-39260-39506-39570-39754-39982-40016-40098-40312-40407-40430-40550-40701-40706-40804-41298-41368-41800-41920-42150-42222-42462-42962-42978-43016-43223-43357-43417-43564-43566-43730-43824-43893-44262-44348-44414-44764-44959-45109-45138-45336-45686-45758-45970-46371-46600-46683-46929-47272-47300-47302-47378-47404-47414-47452-47607-47744-47774-47892-47907-47946-48030-48048-48071-48124-48604-48718-48724-48798-48832-48955-49018-49132-49843-49856-49991-50270-50310-50325-50338-50412-50432-50443-50466-50786-50812-51046-51184-51196-51454-51563-51724-51782-52032-52080-52557-52642-52728-52972-53030-53084-53090-53163-53240-53300-53600-53763-53932-54140-54174-54304-54656-55493-55602-55658-55732-55782-55946-56110-56236-56308-56488-56688-56764-56946-56994-57284-57311-57486-57572-57782-57812-57820-58064-58208-58250-58323-58518-58872-58879-58934-59076-59216-59344-59418-59592-59630-59692-59718-59788-59851-60167-60328-60636-60922-60928-61240-61812-61870-62132-62300-62523-62741-62794-62924-63042-63136-63250-63334-63550-63739-63750-63880-64116-64146-64196-64244-64566-65006-65878-66207-66528-66640-66652-66678-67108-67218-67496-67512-67650-67688-67954-68082-68208-68233-68274-68638-68679-68918-69092-69217-69560-69804-69862-69996-70052-70182-70275-70502-70542-70563-71024-71070-71312-71320-71332-71342-71376-71506-71522-71527-72189-72242-72482-72668-72880-72886-73070-73614-74432-74504-74649-74696-74774-75080-75145-75462-75610-75634-75698-75702-75844-75954-76066-76102-76281-76342-76377-76520-76542-76690-76928-76984-77192-77638-77888-77938-78158-78332-78352-78516-78667-78888-79056-79204-79469-79482-79512-79864-80618-80710-80714-81000-81170-81204-81230-81316-81340-81430-81460-81583-81584-81638-81732-82054-82257-82433-82520-82650-82730-82732-82774-82792-82920-83030-83077-83460-83467-83696-83866-84234-84312-84314-84652-84684-84841-85089-85138-85244-85282-85430-85578-85988-86034-86481-86572-86602-86664-86740-86796-86898-86940-86974-87001-87006-87122-87274-87314-87589-87634-87696-88202-88850-88870-88883-89064-89097-89206-89454-89576-89644-89686-89692-89836-89938-90068-90186-90223-90288-90426-90500-90875-91034-91150-91522-91569-91804-92388-92628-92706-93068-93146-93280-93530-93760-93929-93931-94053-94298-94426-94664-94918-94965-95142-95200-95250-95363-95380-95676-96128-96188-96332-96414-96572-96658-96996-97176-97208-97254-97394-97638-97760-97782-97823-97996-98384-98528-98717-99074-99100-99196-99702-99837-99840-99915-100148-100457-100667-100716-100763-100932-100950-101168-101268-101416-101556-101776-101891-101900-102138-102295-102452-102520-102693-102948-102982-103078-103160-103298-103642-104168-104319-104364-104613-104794-104991-105038-105210-105264-105608-105640-105766-105882-106032-106053-106260-106456-106642-107020-107062-107120-107325-107396-107410-107416-107534-107542-107600-107998-108055-108103-108140-108272-108370-108560-108678-108846-108886-108994-109094-109274-109570-109676-109798-109975-110020-110088-110265-110316-110476-110795-110816-111008-111158-111286-111304-111310-111338-111408-111552-111698-111798-111800-111846-111870-112038-112074-112133-112237-112426-112598-112614-112765-112866-112892-112942-113087-113184-113204-113253-113262-113376-113560-113570-113602-113620-113702-113712-113920-114287-114656
63,94-483-6323-34436-49384-54208-56301-58737-65696-70575-92389-101291
64,97-2731-8112-9172-10262-13934-15269-19284-22560-32424-44857-50789-54985-80255-95260-109108
65,98-3131-12143-16068-19464-21628-23491-29914-34638-35096-36691-37409-37449-37537-37554-37683-37857-37933-38039-38201-38227-38543-38656-38981-39017-39144-39488-39549-40276-40340-40368-40605-40653-40665-40733-41323-41361-41446-42209-42419-42673-42975-43226-43803-43806-43819-44139-44594-44641-44671-44926-45215-45305-45431-45604-45836-46078-46181-46269-46279-46528-46561-46624-46986-47079-47227-47424-47523-47540-47679-47919-47931-48344-48442-48594-48699-49165-49237-49276-49360-49796-49873-49891-49906-49912-50003-50181-50348-50534-50579-50880-51108-51503-52047-52066-52159-52219-52461-52561-52571-52891-53051-53107-53675-53853-54246-54369-54987-55285-55326-55582-55763-55780-55871-55978-56128-56351-56798-56918-57302-57627-57679-58224-58501-58736-59069-59106-59449-59535-59561-59839-59945-60572-60875-60985-61157-61325-62166-62845-63020-63079-63466-63495-63503-64039-64128-64174-64268-64425-64484-64701-64749-65076-65226-65314-65376-65383-65813-65818-65975-66016-66047-66113-66220-66500-66741-66771-67213-67343-67763-67947-68368-68573-68753-68836-69192-69396-70086-70099-70235-70437-70800-70822-70829-70969-71206-71608-71700-71710-72075-72687-72843-72906-73741-73860-73909-73952-74179-74185-74460-74574-74793-75165-75353-75760-75771-76221-76268-76302-76400-76492-76974-77179-77261-77355-77406-78099-78456-78476-78501-79085-79221-79395-79491-79834-79987-80002-80185-80202-80413-80795-81099-81250-81259-81349-81496-81540-81783-81951-81973-82018-82057-82117-82233-82357-82601-82883-83274-83344-83519-83561-84235-84331-84337-84534-84548-84572-84594-84625-84829-84856-85385-85591-86241-86367-86416-86580-86615-86636-86719-86855-87402-87425-87582-87821-88053-88180-88746-89003-89147-89445-89580-89834-90107-90196-90365-90485-90518-90614-90629-90689-90767-90770-90815-90843-91094-91211-91377-91570-91643-91664-91669-91747-91837-91863-91947-92090-92104-92443-92454-92682-93040-93198-93215-93495-94009-94225-94373-94516-94812-94849-95005-95046-95175-95191-95728-95754-95805-95833-95842-95895-95981-96338-96352-96507-96557-96621-96637-96964-97014-97089-97185-97195-97532-97837-98074-98460-98535-98849-99117-99137-99175-99406-99463-99521-100157-100162-100490-100535-100682-100957-100958-101019-101103-101218-101289-101299-101353-101636-101951-102168-102235-102241-102403-102432-102905-103107-103224-103264-103545-103707-103738-103819-103927-104532-104586-104633-104654-104900-105083-105199-105221-105436-105466-105516-105561-105761-105789-105917-106101-106383-106717-107023-107138-107172-107529-107599-107749-108115-108308-108357-108388-108460-108481-108884-109013-109457-109730-109926-109996-110155-110296-110407-110485-110914-111391-111410-112070-112509-112719-112789-113215-113493-114193-114201-114891
66,100-188-236-2460-4352-13818-14926-15218-16186-16504-18570-19004-21236-21960-22530-23048-23212-24132-25006-25242-25478-28102-28604-29070-35176-35906-36092-36500-37948-41090-43606-44308-49520-50418-52276-55182-56856-60032-65676-65950-66008-68474-72948-74582-76720-78372-80368-84178-86820-91622-92010-92552-94526-97410-99664-104842-106108-109382-112242-114304
67,102-82615-93155
68,104-5540-82162-83584-84762-102494
69,106-23557-25924
70,108-4905-12398-13454-16024-17902-24460-26378-28346-28674-31026-31266-32723-34746-36420-36528-37274-38294-38369-38527-38575-38617-38671-38815-40189-40737-40766-41094-41106-41307-41688-42190-42290-43043-43218-43307-43384-43413-43684-43891-43932-44023-44652-44748-45031-46081-46296-47304-47983-48044-48390-48559-49157-49350-49480-49785-49916-50016-50266-50395-50768-51277-51313-51346-52230-52258-52606-52698-53570-53970-54244-54507-54524-54615-54830-55393-55906-56855-56864-57354-57618-58165-58504-59166-59176-59206-59869-59880-61309-61582-61714-61798-62125-62174-62650-62848-62988-63732-64123-64580-64628-64831-65197-65574-65616-66584-66756-67572-67648-67740-68593-68825-68851-69490-69601-69961-70554-70564-70677-70712-70725-71165-71472-71911-72671-72788-73013-73159-73662-73890-74048-74117-74368-74404-74501-75062-75904-76212-77446-77770-78220-78301-78566-78936-79232-80016-80134-80171-80722-81406-81512-81900-81914-82320-82372-82463-82794-83217-84968-85055-85126-85156-85720-86166-86430-86438-86592-86700-86949-87359-87746-87918-88062-88482-88861-89060-90026-90117-90581-90712-90978-91204-91234-91274-91380-91393-91436-91904-92328-92460-93772-94114-95087-95333-95605-95802-95858-96009-96024-96218-96290-96924-96954-97581-97775-97777-98263-98272-98316-98361-98374-98503-98600-98648-99260-99361-99494-99821-99903-100028-100639-100991-101508-101932-102166-102289-102298-102679-102859-104866-105283-105328-105809-106118-106300-107329-107493-107508-108035-108052-108104-108183-109015-109128-109162-109479-109812-110060-110160-110184-110395-110646-110969-111036-111513-111530-111785-112028-112164-112266-112302-112324-112556-112627-113010-113707-113716-114014-114385-114442
71,110-18365-23578-85220
72,112-8042-15440-22118-44470-45978-57200-69367-73797-84540-101004
73,114-2014-3110-5490-11364-12852-14263-17186-17234-18666-18814-22473-30812-34321-35225-37419-37600-37630-38075-38095-38148-38313-38361-38563-39377-39564-39830-40267-40579-40843-41969-42036-42056-42153-42468-42989-43201-43347-43595-43679-44117-45042-45664-45796-46698-47095-47297-47604-47851-48065-48250-48313-48333-48861-49705-49853-49987-50456-51410-51621-51928-52243-52425-52506-52633-52813-53599-53785-53859-54061-54269-54949-55146-55581-55771-55845-56786-56932-56969-56974-57505-57687-58202-58894-58913-60008-60103-60129-60160-60801-61143-61392-61601-62896-63437-64018-64471-64613-64765-65136-65193-65241-65650-66036-66103-66166-66180-66193-66201-66268-66685-67702-68492-68550-68842-68954-69643-69945-70041-70184-70220-70659-71004-71263-73024-73363-73739-74060-74796-74884-74892-75415-76670-76712-76899-77203-78868-78900-79845-80432-80688-80691-80786-80903-81144-81416-81822-81829-82243-82687-82803-82849-83021-83474-84957-85091-85628-88701-88849-88926-88930-89016-89757-90320-90324-90498-90542-90926-91065-91462-91710-91889-92290-92347-92934-93623-93764-94137-94605-94658-94718-94791-96634-97043-97155-97592-97841-98413-99183-99433-99519-99745-100074-100495-100847-101154-101184-101330-101761-102129-102598-102834-105727-106239-106780-107488-108119-108378-109611-110718-111040-111514-111539-111614-111899-111920-112656-113098-113521
74,116-35607-45366-80574-81714
75,118-174-213-530-586-739-802-894-909-1188-1360-1448-1504-1784-1807-1892-1979-2034-2068-2298-2334-2336-2493-2569-2606-2780-2853-2912-2984-3216-3364-3422-3438-3441-3474-3632-3968-4114-4450-4836-4890-4904-4908-5091-5456-5464-5608-5766-5786-5906-6023-6378-6435-6754-6954-7136-7206-7222-8079-8105-8178-8253-8504-8533-8644-8786-8963-9089-9292-9306-9344-9546-9592-9648-9655-9840-9883-9953-9982-10036-10045-10188-10198-10510-10536-10638-10846-10884-11021-11088-11250-11340-11474-11495-11594-11732-11844-12056-12142-12151-12422-12568-12610-12625-12702-12732-13046-13066-13144-13170-13241-13562-13576-13657-13670-13904-14268-14378-14446-14736-14795-14985-15022-15094-15182-15238-15377-15435-15564-15814-15939-15978-16172-16301-16482-16984-17092-17106-17500-17574-17841-18046-18078-18268-18358-18682-19077-19506-19552-19614-19644-19952-20122-20137-20330-20436-20955-21118-21346-21640-21724-21906-22208-22231-22442-23038-23098-23162-23180-23337-23490-23548-23599-23802-23829-23842-23970-24014-24180-24400-24680-24798-25074-25139-25153-25278-25466-25482-25550-25572-25631-25846-25998-26030-26033-26139-26204-26472-26604-26818-26838-26840-26875-26909-26954-27015-27047-27220-27498-27500-27516-27632-27787-27834-27846-28170-28310-28366-28395-28406-28550-28587-28652-28738-28740-28942-28960-29020-29069-29426-29476-29484-29540-29916-29949-30022-30044-30080-30098-30158-30330-30594-30669-30894-30974-31126-31191-31220-31288-31344-31758-31880-31930-31938-32308-32403-32408-32618-32722-32734-32737-32815-32821-32832-32914-33006-33092-33114-33194-33201-33260-33380-33470-33483-33524-33720-34232-34311-34330-34398-34428-34518-34620-34896-34994-35052-35118-35190-35218-35370-35538-35548-35552-35724-35778-35780-35921-36068-36150-36222-36244-36325-36350-36389-36562-36888-36939-37053-37175-37206-37260-37317
76,119-1133-4510-5474-6320-6658-10484-12432-23444-27806-30692-31000-31326-31390-32114-33471-35034-78784-101031
77,120-1698-5534-12374-14266-20490-22136-36537-39271-42315-43900-57850-62200-63175-63398-63712-64423-73905-77751-85490-88114-90666-94197-101938-103401-104010-108717-111880-112048
78,122-5470-51122-81434-92292-108262-114897
79,124-5192-5836-7644-13372-15428-18140-18932-19958-21060-23808-23980-24620-25184-37478-37496-38222-38482-38492-38868-40824-40842-41324-41778-41910-42716-43170-43408-43706-43810-44064-44176-44224-44238-44434-44526-46248-46568-46794-47256-48020-48350-48378-48836-49684-49992-50020-50394-51002-51866-52008-52378-52706-52804-53142-54078-55456-56058-56182-56340-56570-56812-57464-58670-58878-59474-60140-60550-61250-61278-62694-63058-63272-63488-64152-64302-64398-65242-66098-66866-67162-68356-68644-68848-69296-69334-69410-69816-71038-71800-72766-72786-73212-73378-74032-74088-74450-74552-74808-75204-75442-76294-76954-76970-76996-77600-77660-77934-78470-78982-79078-79172-79252-79366-79854-80660-81770-81772-81862-83276-84160-84290-84882-85206-86406-86666-87070-87442-89112-89390-89574-90164-90362-90384-90850-91394-91954-92078-92272-92453-92478-92662-92668-94546-94760-95100-95690-96864-96866-96914-97942-98506-99008-99014-99344-100246-100260-100552-100788-100854-100870-101614-102016-102312-102440-103708-103852-104506-104620-104688-105068-105424-105682-106590-106794-106970-107946-108916-109084-109866-110338-110372-110728-112446-112524-112870-114082-114622-114794
80,127-181-491-4789-11473-21750-24825-40203-40893-42723-46475-56239-62275-65968-69132-71945-77907-79732-86253-88578-89464-97039-110947-113324
81,129-3971-4971-12371-19863-21309-23493-26631-38496-38499-38725-39571-39753-39801-43301-43385-43583-44261-45007-45657-45787-46415-47198-47871-47885-47894-48373-49447-51526-52149-54073-57075-57443-58675-58721-59267-59907-61647-61817-63323-63741-64269-64509-65049-66583-68225-69485-69527-70132-70511-72357-72631-72835-74260-74319-75210-75991-75997-76261-76695-77549-77792-77967-78488-78945-80179-81835-83547-83799-83941-84505-86147-86339-86721-87505-89761-91123-91450-91931-94331-94379-94397-95277-96359-96697-97685-97961-98657-100379-102787-103040-103879-105489-106017-107159-110957-111361-111395-114241
82,130-199-386-494-550-560-798-891-956-1023-1132-1178-1283-1690-1752-1842-1856-1958-2240-2330-2539-2946-3290-3546-3730-3766-3965-4234-4341-4348-4438-4481-4896-5228-5430-5512-5890-5923-6065-6184-6288-6579-7070-7118-7513-7696-7982-8280-8475-8564-8600-8944-8960-9304-9626-9642-9646-9680-9943-10218-10230-10240-10338-10776-10812-10998-11136-11464-11708-11788-12410-12728-13228-13807-14026-14600-14746-14864-14883-14977-15442-15576-15666-15674-16038-16106-16260-16574-16602-16613-16737-16857-16906-17035-17062-17118-17151-17558-17648-17707-18104-18116-18197-18230-18264-18376-18662-18664-18716-18892-18947-18998-19081-19129-19329-19722-19815-20102-20172-20264-20896-20940-20999-21246-21264-21266-21438-21606-21748-21885-21947-22022-22845-22880-22904-23266-23876-24036-24090-24169-24215-24625-24662-24676-24694-24804-24912-25079-25292-25336-25596-25830-25938-26004-26200-26440-26448-26478-26680-27170-27226-27241-27272-27287-27602-27614-27629-27850-28116-28184-28263-28444-28707-28780-28880-29091-29136-29394-29524-29568-29662-29787-30050-30270-30408-30832-30840-30980-31064-31076-31130-31204-31242-31577-31678-31950-32112-32172-32224-32333-32434-32762-32934-33054-33496-33572-33800-34018-34036-34732-35152-35530-35646-35718-35735-35976-36095-36228-36401-36486-36592-36733-37162-37270
83,131-145-1843-5451-9125-11805-13295-36595-38205-40075-40699-41011-43141-43293-46143-46935-47425-63521-70581-71261-74473-75989-78113-78817-83585-89425-92057-96351-102705-106829-109849-111179
84,132-30001-40200-76887-97577
85,133-173-231-248-379-511-541-621-653-795-809-826-845-1009-1161-1251-1313-1314-1349-1683-1711-1815-1919-2103-2168-2593-2647-2697-3033-3227-3251-3333-3513-3651-3997-4029-4411-4449-4579-4777-4986-5087-5125-5139-5177-5285-5291-5497-5511-5597-5729-5793-5807-6039-6163-6175-6211-6241-6369-6398-6515-6527-6605-6701-6908-7026-7313-7349-7399-7615-7643-7755-7837-7973-8044-9033-9049-9245-9427-9510-9583-9705-9973-9985-10097-10149-10191-10439-10816-10887-10893-10921-11159-11557-12013-12101-12599-12684-13267-13285-13585-13639-13785-13802-13843-13954-14013-14023-14141-14173-14319-14463-14817-14897-14955-15237-15375-15495-15799-15873-15887-15943-16393-16411-16493-16697-16773-16851-16895-16935-17245-17321-18212-18461-18477-18803-19011-19335-19427-19493-19853-20030-20541-20591-20626-20734-20921-20981-21163-21317-21555-21689-21789-21871-22057-22093-22537-22684-23061-23173-23387-23472-23489-23633-23653-23781-23801-23897-23933-23989-24075-24081-24185-24225-24309-24325-24531-24575-24772-24807-24979-25063-25145-25601-25633-25689-25817-26083-26091-26261-26291-26395-26565-26607-26670-26765-26903-27113-27295-27626-27645-27719-27997-28077-28139-28288-28375-28487-28839-28845-29129-29267-29285-29287-29309-29411-29783-29991-30009-30125-30293-30525-30621-30627-30749-30777-30884-30969-30999-31032-31093-31137-31493-31536-31805-31970-32081-32285-32315-32581-32612-32624-32975-32999-33428-33491-33531-33701-33915-34021-34101-34173-34221-34223-34677-34684-34827-34967-35039-35165-35227-35281-35345-35353-35516-35581-35603-35685-35733-35819-36031-36129-36255-36560-36735-36788-36809-37071-37087-37289-37335
86,134-5214-16920-23182-29534-34506-38048-38154-42386-42924-45894-46836-47838-58904-59021-59120-64591-69148-74420-75134-80186-97418-98591-103821-106184-113154-113646
87,136-3168-3170-5892-9834-14707-19207-20825-23494-24656-29442-38444-38689-38960-40242-42330-42925-43353-44254-52138-54421-55436-56084-58356-61074-64260-65222-74362-74682-75223-77978-78432-79131-79804-82767-83600-84010-85452-85656-86249-96892-98447-99986-102220-105416-105856-107498-109642-112182-113299
88,138-15050-34916-37174
89,141-524-716-1893-1942-2115-3326-5004-5191-5620-7682-11498-12303-13421-13506-16126-16361-18421-18788-22126-22164-22309-23248-24344-24570-26865-27345-27958-35604-36369-37792-38427-38618-39109-39429-39446-40262-40307-40415-40679-41087-42105-42211-42636-43243-43685-43700-44305-44316-44443-45513-45863-46096-46516-47284-47406-47451-47803-48203-48507-48961-49283-49573-49887-50103-50278-50444-50622-50989-51015-51270-52187-52766-52899-53085-53245-53326-53391-53547-53978-54005-54206-54832-55324-55632-55779-55963-56797-57203-57665-57712-58035-58103-58114-58246-58326-58375-58397-58672-58777-59146-59256-59944-59965-60600-60628-60695-61567-61769-61967-62204-62369-62862-63123-63127-63371-63660-63819-64275-64513-64785-64990-65109-66004-66304-66389-66660-66694-66736-67449-68292-68479-68584-68961-69003-69054-69278-69452-70320-70479-70517-70727-71100-71282-71891-72054-72633-72920-75015-75593-75980-76063-76424-76452-76630-77453-77587-78903-79502-79630-79909-80154-80650-80841-80929-81040-81092-81112-81199-81428-81440-81589-81646-82063-82422-82445-82660-82717-83786-83971-84354-84612-84689-84703-84951-84967-85181-85236-85698-85822-85881-86309-86311-86914-87811-88311-88383-89282-89622-90061-90255-90403-90882-91395-91481-92212-92271-92525-92578-92768-93292-93783-93818-93991-94290-95203-95298-95327-95449-95601-95698-95717-96420-96627-96862-97257-97470-97593-97659-98006-98497-98679-98733-98778-98781-99071-99667-99751-100004-100124-100287-100433-100459-100595-100751-100752-100923-101346-101388-101897-102015-102273-102535-102617-102884-103250-103903-104136-104527-104552-104846-105398-106645-107041-107205-107421-107585-107593-107846-109016-109377-109404-109463-109748-110430-110724-110983-110984-111292-111639-112390-112785-112908-112920-113071-113501-113647-113679-113849-113957-114114-114446-114678-114808
90,142-1064-4820-7724-8030-15448-16484-19121-19268-21104-33660-39187-39308-47682-49332-56778-57675-71890-72380-80661-82116-88372-92861-93522-98622-100358-104166
91,147-2437-6223-6975-11967-13117-13611-17539-18135-20401-21499-22807-24859-27277-27553-34853-38777-39119-39751-41227-41305-42359-43303-43861-44917-44933-44983-45029-45449-47909-48015-48439-48771-49001-49263-49915-51643-52873-52925-53075-54311-56307-56309-56669-57105-61129-61431-64587-64879-64901-65353-65919-66055-66133-66693-67761-67769-68815-70321-70439-70621-70801-71193-71941-72159-73387-73703-74293-76051-76711-76809-76881-77347-77719-77813-78161-78939-79361-79431-79807-81807-83631-84473-85761-85915-86488-86633-87097-87421-88079-88098-88165-88925-89257-89569-90523-90703-90747-91231-91777-91867-92979-94041-94129-94337-95791-95803-97161-97563-98197-101173-101193-102441-103317-103475-103953-104027-104321-104629-105763-105891-108537-109787-110157-110439-110653-111755-112469-112515-113785
92,149
93,150-1526-1868-7698-16412-16847-17212-17738-24456-26032-29990-34324-38374-41596-49280-50237-51626-51883-53784-54296-55445-56840-57664-58538-60530-68501-69529-69580-69786-70317-70432-72425-75699-77508-78684-82123-82832-86234-87096-89280-89302-90394-93161-95635-100953-101259-101352-101911-103033-103709-104392-105382-105935-106740-109844-109964
94,152-11977-29140-40498-40718-43462-43788-46330-60474-63184-66411-68236-70460-80289-82400-87135-89765-91117-91138-96675-111388-114548
95,154-5908-18602-34291-41167-42108-42820-47119-52321-53382-59551-59553-59812-60680-62311-68720-71221-78633-82232-94469-102279-106777-112051-113160
96,157-3880-4186-6496-7549-11129-11266-14162-15239-20809-20982-38478-42495-43032-44399-47113-56147-56929-57701-59210-61581-62321-62897-69189-69377-73153-73346-75140-79922-83012-85070-85990-87047-88353-89545-90467-91383-95835-100005-105425-108019-109493-110498
97,159-1002-9086-9519-9957-10417-15243-16585-18610-25665-28127-31415-37809-37821-38566-38757-40263-41349-43392-43743-44036-44401-45681-45767-47038-47507-47757-47790-48691-49735-51431-52059-52093-52224-54585-55049-57924-58225-60163-61887-62509-63626-64636-65323-65789-66435-66700-68297-68821-69955-69968-70305-72217-72255-72489-73726-74669-76135-76730-77457-78200-78595-79021-79319-79339-82401-84085-84431-85343-89697-90491-92059-92108-94894-96703-96771-98137-98419-98481-99296-99705-99923-100357-102891-103046-103725-105173-106940-107587-108053-108339-108386-108739-109683-109727-110303-110418-111808-112120-112147-112599-113814-113945-114116
98,161
99,162-30339-30614-57561-99631
100,164-10086-13922-17976-19682-22680-23158-24705-24734-27501-27854-41362-44229-46767-49293-51169-52868-53624-56981-59759-64784-67253-71734-76566-79711-80646-81175-81478-82724-87631-87706-89530-89552-91284-92410-92867-93909-95744-98308-98748-102817-103118-106188-106532-106677-106854-107776-110267
101,166-25577-29474-43787-47767-51042-52531-55245-57533-59005-64242-65989-67364-76579-96277-100565-102354-111343-113660
102,169-9647-10325-11673-16465-32169-35089-48049-63493-77835-85309
103,170-10123-16694-40775-43474-52532-53560-53775-55506-58515-58627-61354-71586-75370-75740-82074-82260-82278-87626-91906-98482-100152-100616-101646-104495-105704-113564
104,172-698-15672-27722-34802-35802
105,175-5557-8427-18527-19057-19676-27348-28537-30433-32588-36449-39293-39595-39967-40089-42297-47013-52129-53477-54668-59673-64596-66015-73746-74698-75674-76530-77424-78287-81145-81497-81871-83578-83872-84446-87641-88472-90837-92921-94287-96363-96863-98211-98816-99027-102127-103837-105168-105363-108149-108511-108666-108981-111307-111475-111558
106,177-12585-20477-21431-27529-37417-45243-50121-50615-54373-86637-89731-90475-93745-95065-99703-108889-109621
107,178-5484-11852-13671-14358-18648-30428-38003-38795-38903-39385-39602-39921-40894-41268-42099-43098-43229-43676-44655-45143-45957-46565-46617-46658-46810-47288-48716-49391-49523-50868-51675-53166-53237-53883-54120-54258-55108-55139-55454-55631-55932-56155-56452-56833-56955-57331-58398-58728-59238-60409-61000-61114-61379-61543-61694-61846-61932-63129-64078-64633-66513-67013-70772-70806-71411-72504-73644-74106-75121-76072-76207-76761-77616-78412-78692-78859-79466-79558-79563-79945-80313-82654-82768-85214-86742-87228-87942-89624-91050-91344-91864-92644-93488-94486-95496-95641-96070-96390-97080-97870-98196-99105-99627-102286-102512-102777-103127-105560-105691-106370-107415-107916-109824-110258-110555-110710-111253-111805-112000-112100-112982
108,183-8643-28297-41263-41987-44549-52719-53683-55651-55733-57693-59315-60309-60715-60931-61087-63557-65027-68341-69261-70973-72517-78457-79277-80653-81649-82055-82910-91981-92237-94065-100197-109291-111419
109,185-31667-32909-90442-93117
110,187-733-1119-2000-3873-5913-9781-12067-13967-14833-16551-17323-17583-17955-18480-18655-19629-19981-20655-22077-22643-23572-24213-26233-27841-28995-29526-30436-31917-35111-36437-37388-40489-41114-43343-47172-50246-54883-63442-64585-68176-71168-71383-72285-74570-74673-76748-80973-81178-84518-91495-92102-93500-95020-98401-100058-100407-103232-109920-110410-111545-113431-114869
111,190-22928-33832-48400-54522-64928-66889-66919-71669-76299-79018-85848-94543-94667-95407-97537-103437
112,193
113,194-2662-2765-3046-6636-7110-15122-19079-21738-33787-35132-36764-38848-44118-45080-47286-49006-57778-58000-60692-61105-61818-64406-65864-67774-70785-71190-82099-84825-87504-91356-102678-103719
114,196-225-322-335-451-482-573-617-771-806-850-1117-1191-1265-1371-1385-1395-1446-1546-1574-1595-1627-1676-1722-1735-1770-1894-1908-1982-2096-2146-2216-2227-2256-2386-2401-2416-2442-2510-2560-2630-2649-2650-2672-2730-2794-2798-3018-3039-3150-3222-3277-3309-3407-3565-3604-3665-3703-3708-3782-3806-3901-3944-4013-4019-4057-4060-4119-4383-4467-4570-4597-4614-4630-4638-4678-4698-4706-4727-4767-4910-5019-5084-5096-5209-5292-5320-5341-5359-5374-5445-5539-5636-5720-5810-5858-5960-5970-5985-6057-6086-6094-6106-6167-6235-6272-6297-6298-6384-6386-6478-6516-6588-6659-6707-6748-6800-6848-7046-7053-7133-7227-7378-7402-7405-7453-7584-7726-7741-7770-7821-7835-7989-7991-8185-8245-8274-8322-8396-8605-8631-8715-8741-8833-8943-9346-9371-9390-9520-9609-9628-9753-9802-9971-10020-10073-10110-10224-10253-10365-10462-10578-10615-10636-10707-10732-10786-10908-10927-11083-11118-11186-11208-11291-11359-11379-11490-11552-11567-11576-11605-11618-11672-11688-11833-11873-11978-12136-12253-12300-12403-12521-12544-12651-12745-12817-12845-12886-12968-13053-13101-13141-13183-13316-13351-13359-13381-13413-13460-13479-13686-13698-13835-13840-13884-14104-14121-14224-14254-14267-14363-14424-14430-14437-14552-14593-14671-14930-15013-15026-15063-15083-15195-15205-15235-15391-15404-15413-15648-15665-15673-15685-15701-15827-15878-16013-16064-16152-16352-16426-16430-16445-16522-16639-16703-16747-16812-16870-16881-16956-17044-17069-17195-17253-17314-17317-17435-17454-17549-17561-17567-17594-17635-17669-17729-17753-17792-17897-17899-17927-17993-18150-18175-18199-18346-18357-18452-18687-18747-18818-18873-18894-19152-19291-19361-19369-19372-19385-19515-19536-19817-19823-19991-20046-20250-20347-20348-20530-20563-20592-20647-20670-20688-20694-20766-20904-20914-20936-20965-21019-21024-21049-21056-21139-21185-21241-21295-21333-21342-21398-21477-21497-21535-21653-21707-21711-21730-21739-21847-21964-22084-22198-22268-22349-22387-22436-22446-22459-22582-22823-22910-22950-22986-23056-23252-23271-23364-23397-23448-23544-23615-23668-23836-23894-23941-24065-24300-24348-24416-24498-24501-24509-24637-24703-24735-24889-24929-25066-25266-25269-25290-25303-25304-25532-25549-25557-25606-25758-25813-25820-25876-26123-26236-26274-26383-26397-26487-26642-26701-26735-26761-26814-26890-26951-26997-27061-27120-27233-27326-27424-27449-27523-27607-27678-27741-27882-27923-27925-27943-27952-28036-28065-28137-28141-28169-28284-28337-28419-28445-28501-28516-28695-28803-28813-28876-28918-29084-29094-29300-29378-29441-29469-29471-29521-29677-29726-29805-29836-29840-30000-30005-30064-30132-30162-30211-30497-30504-30543-30547-30580-30660-30673-30712-30760-30809-30931-31009-31069-31075-31192-31255-31401-31480-31530-31535-31605-31614-31636-31640-31847-31893-32069-32117-32164-32183-32236-32258-32352-32414-32428-32432-32499-32538-32644-32650-32657-32713-32795-32844-32870-33080-33097-33271-33291-33416-33433-33459-33476-33498-33520-33571-33680-33960-33998-34175-34206-34250-34278-34281-34424-34517-34563-34674-34712-34735-34776-34959-35006-35187-35261-35349-35375-35591-35635-35664-35671-35979-36000-36040-36107-36206-36217-36299-36673-36715-36800-36861-36925-37097-37114-37132-37145-37202-37235-37298
115,197-29171-45349-46919-48855-51180-54227-60165-66699-71080-74963-83737-90249-93053-97027-103180-104802-111768-112915-112965
116,198-2538-30620
117,200-59304-74365
118,202-1287-10593-20671-25661-28661-29813-31301-35138-36030-37103-39462-40001-40104-40443-43289-45219-45387-49617-52131-52743-53521-55026-57721-57723-58011-58439-58778-61033-63319-64735-64869-65059-68009-69135-71947-72571-75383-76145-76765-77127-78037-79768-84773-86025-92283-92893-98115-102223-103477-106473-107063-107099-109177-110755-111373-112199-113113-114705
119,204-1056-4240-7874-8172-8594-9092-10284-10354-16012-17242-19420-27786-28716-30134-30250-35734-37281-38152-38325-40188-41574-41648-43581-45474-46742-47444-47626-47678-48102-48278-48330-49260-52774-53974-54058-56196-56606-57476-59020-60296-61058-61158-63000-63446-63980-65262-65720-66089-66366-66688-67566-67946-70424-70428-70550-74264-75600-76534-77400-78380-80082-80102-80172-80494-80622-81556-82340-84737-84880-85420-86208-86544-87508-88082-88186-88464-88985-89402-90495-90630-91112-91950-92558-93077-94978-96242-96846-96908-97302-97411-97416-99444-100066-100400-100518-101200-102294-102658-102664-103090-104096-104860-105194-105266-105276-105813-106364-107642-109000-113880-114364
120,207-8344-18269-18862-23234-38134-53961-59386-60062-61713-69105-70368-81513-90390-102842
121,209-29457-58419-64967-91151
122,211
123,212-3098-3686-4216-4418-4688-5964-6760-7792-8368-12564-12624-19902-22218-23908-25630-25908-29340-31238-31928-32882-34910-35430-35840-38460-38465-39924-40170-40773-40979-42490-42602-43660-43802-43870-44478-45137-45418-46862-47190-49820-49865-50382-50840-51882-53262-53846-54501-55930-56552-61098-61168-62111-62561-62647-63357-63942-64252-64318-65070-65252-65324-65572-66326-66851-67201-67294-68108-71279-71348-74550-75030-76921-77248-77652-77802-78648-79808-80103-80294-82170-82390-82554-82974-84358-85516-86168-87166-87793-87862-88158-88976-92222-92518-92740-93974-94003-94530-97181-97318-97970-98365-98449-98700-99603-99756-101497-101864-102023-102750-102894-102967-104118-104286-104834-105440-105957-106644-106648-109014-110802-111394-111844-112737-113860
124,214-1948-3814-4208-4330-6078-7137-13345-14578-18348-21090-22176-24522-25558-25618-27448-38466-40620-43946-44286-47431-48542-51119-55648-55986-56111-57121-58820-58930-62840-64414-66404-71204-73282-74451-76476-79300-81427-86228-86804-86841-87632-88521-89676-93645-94106-94172-94248-94505-95182-95478-95677-96937-97118-99130-99294-99993-100735-106238-106888-107885-108269-109120-109195-110622-110832-111218-112088-112661-112674-114070-114886
125,217
126,218-28295-33829
127,221-2857-45268-91439
128,223-45317
129,224-5094-8036-44026-44290-44828-49968-51512-52758-60340-60652-62736-64918-77796-79942-86072-87250-90336-91292-92976-96708-96790-102574-103940-114792
130,226-2930-8498-11944-13054-18540-25640-26368-26888-38160-40772-45622-48279-49893-50574-51400-55495-57060-57510-59746-62638-65524-66364-66854-72116-80260-80478-85242-85962-88712-89214-89778-91014-94008-95092-95202-97774-98008-100802-107964-114866
131,228-11042-11202-14568-41643-44428-52318-65826-71922-74578-74896-75390-76284-80818-88106-96052-96364-113824
132,230-2544-6474-6506-9000-9723-14006-16042-24040-27886-37947-38289-38559-39220-39682-41538-42424-43518-43616-44255-44490-44910-44964-45052-46802-47542-48356-49430-49648-50802-51592-51655-52087-52124-52592-53210-54398-55048-56755-57038-57522-58193-58418-58557-59502-59735-59800-60143-60686-61161-61301-61375-61487-61514-62100-62682-63920-63956-64649-65058-65467-65478-65967-67753-68834-69084-69455-69494-69533-70120-70319-70389-70644-71454-72694-73132-74454-74527-75296-75849-77397-77816-78308-79766-80043-80556-81277-81663-81671-81792-81844-82851-82946-83125-83912-83996-84108-85372-85985-86680-86716-87482-88194-88205-88436-89285-89504-90014-90480-91154-92097-93294-93625-94334-96386-96639-97122-97301-97500-98511-98819-99290-99385-99632-99811-99910-101282-101340-101780-102836-103218-104467-105211-107638-107691-108569-108772-108809-111001-111773-111977-112636-114268
133,233
134,235-57437
135,239-1285-11238-22943-31598-33942-38953-38974-39217-41746-43935-45511-45731-50252-51756-51968-52266-55441-66239-71072-74771-75048-75526-77767-77881-79610-80728-81850-84036-84341-88765-93763-95480-99132-99561-100657-102217-103440-104179-105129-105311-107018-107361-110544
136,240-7776-12924-14392-16684-20622-21006-22062-24234-31500-41614-57420-100142-104100-105792
137,242-6598-18720-28007-31413-37384-39892-42622-44053-44131-46240-46663-46816-47436-49079-51820-55455-59208-59361-59591-60972-63257-63314-63605-64370-65117-66691-67389-67879-71199-71639-72304-72678-74033-78253-80581-81491-84152-85670-86756-88019-91386-98594-101107-102364-107115-107577-108045-110583-111035-111160-113193
138,244-3266-5288-10034-10044-18122-30040-41325-42508-42856-48672-49336-49847-49852-50076-52874-60246-60780-60838-62102-63864-64568-65976-66306-67850-71644-72624-72832-75670-81726-87160-89028-89386-95784-99648-101254-102002-102612-106665-107042-111250-111378
139,247-6263-34435-55153-59743-78789-81441-82355-82585-89151-92399-103039-113199
140,249-20915-31663-65479
141,251
142,252-3316-7044-13248-43690-44722-70454-71786-80774-88646-98366-101688-113398
143,255-43109
144,256-267-8266-13842-14310-15818-25786-27802-32922-33096-38014-39178-45910-46508-48182-48225-50882-52540-56612-59282-61204-62510-63472-63844-64719-64730-66154-68162-70696-74526-80464-81124-81724-84520-86876-91944-92793-93742-95528-95658-98986-102003-105106-105378-106142-106802-108360-110240-112738-113420
145,259
146,261-815-4969-6055-15551-17445-27352-33255-33576-35559-37841-39684-39978-40043-42539-42603-43742-45026-47165-51537-52440-59911-60013-61231-65062-70295-71069-72125-74443-75252-76401-76694-80718-85207-85347-86065-87913-98597-98650-99905-100227-102601-103521-104335-110654-113093
147,263-17070-29900-55078-62398-65653-69930-70260-76441-79286-89508-91884-98640-104832-107100-109435
148,264-12250-22713-55617-62338-74227-74472-82267-87901-101317-111059-113437
149,269-492-10242-11378-15158-25256-30900-44750-55806-68278-76944-82718-86712-87262-87514-90784-98934-113904
150,271-12825-17609-29929-34317-38175-38306-38579-38583-38929-39959-40281-40646-42557-44013-44187-46229-46391-47813-47881-48615-50067-51429-51597-51947-52713-52889-54395-54873-56143-56720-57025-57283-58353-59479-59521-60393-61305-61329-61629-62003-63033-63199-63755-64109-64527-64805-66023-66495-66645-67003-67009-67145-67197-67505-67727-67799-67919-70031-70163-71152-71251-71384-71935-75055-75419-76049-76363-76907-77209-77735-78055-78097-79723-81633-81933-84157-85321-85969-87473-88405-89105-89409-89677-89713-89897-89929-91023-93504-95173-95737-96339-96346-97055-98353-100635-100970-103061-103291-104087-104913-105617-106877-106892-107129-107467-108095-108385-113037-113694-113715-113879-113940
151,273-26198-33099-53887-54577-60259-63824-78659-83484-91290-100512
152,275
153,276-2194-3450-10938-17684-27002-56096-66822-76559-77758-78074-83002-85275-93128-108589
154,279-45467-85895-96565
155,280-8916-10733-25527-32541-34997-40084-73123-75458-97495
156,283
157,284-48644-106146
158,286-2668-4502-14237-21100-25118-26750-31624-36172-40635-40799-42731-46952-50041-51245-54895-61994-65581-65741-69314-75627-76187-82277-83702-84504-85693-86122-86222-88924-91373-96152-96543-99122-101358-103505
159,288-8360-18028-21732-45229-51482-56467-79594-84179-92553-97261-97791-104239-105037-106825-106863-110951-112778
160,290-438-23292-30126-108878
161,292
162,295-96311
163,299
164,301-41905-88134
165,302
166,304-3908-4116-4122-5165-6256-7024-8204-14438-17474-19684-20582-22570-24420-26284-26286-28282-37497-38293-38782-38841-39179-39757-39864-41345-41595-41666-41675-42296-42797-43169-43591-43889-45377-45462-45812-46073-47130-48097-48522-48795-48870-48904-49402-49504-50866-50936-50960-51484-51680-51766-52199-52820-52863-52890-52900-52924-52940-53045-53154-53438-54839-55527-55710-55822-56011-56138-56172-56275-56532-56726-56806-58087-58510-58587-59229-60837-61242-61249-61492-63217-63696-64020-64106-64477-64503-64574-64779-64802-65085-65405-66535-66607-66773-67245-67289-68301-68336-69015-69138-69244-69343-69856-69921-71785-72903-73203-73457-73626-73732-74188-74320-74636-75275-75384-75410-75596-75822-76019-76076-76338-76567-76671-76772-76925-78719-78802-78959-79450-79485-79695-79852-80144-80536-80569-80668-81966-82287-82300-82741-83480-83541-84050-84790-85538-85763-85818-86069-86149-87164-87353-87449-87659-87822-87970-88274-90043-90138-90420-90517-90620-90806-91260-91307-92289-92835-92892-92929-93248-93323-93520-93639-93752-93990-94362-95270-95295-95352-96722-96758-96999-98432-98948-99004-99164-99208-100075-100077-100369-100545-101360-101655-102254-102695-103164-103305-103579-103673-103997-104104-104310-104455-104538-104624-104740-104916-104993-105155-106153-106714-107150-107364-107388-108499-108813-108970-109532-110269-110883-110919-110997-111067-111491-111701-111718-111733-111838-112140-112437-112521-112696-113412-114256-114354-114879
167,306-6022-11142-13302-17886-18790-21718-23184-27152-28204-28944-32760-37414-37604-37722-37798-38176-38470-38832-39106-39128-39610-40168-40308-40432-40724-41052-42112-43896-44166-44336-44924-45034-45650-46066-46358-46414-46786-46826-46882-47150-47568-48700-48892-49012-49036-49496-49650-49726-49812-49952-50696-52140-52278-52464-52548-54070-54158-54506-55916-55928-56938-57542-57708-57852-58284-59172-59334-59540-60674-60752-61456-62108-62152-62484-62674-62680-62700-62956-63112-63412-63684-63858-64158-64404-65034-65090-65144-65256-65398-66042-66134-67066-67248-67744-68030-68676-68763-69280-69850-69956-70198-70268-70620-70780-71116-71172-71180-71264-71294-71880-72566-73810-73866-74640-74768-74814-75262-75290-76183-76224-76298-76997-77628-78268-78690-79272-79644-79762-79790-80354-80400-80518-81062-81366-82068-82870-83014-83352-83384-83878-84516-84646-85234-85260-85428-86290-87476-87872-87956-88430-88780-88956-89276-89972-90276-90678-90860-91250-92254-92304-92424-92920-93070-93450-93510-94888-94904-95096-95114-95634-95640-96156-96400-96452-96476-96478-96581-97134-97966-98094-98204-98450-98546-98764-99044-99368-99750-99764-99854-100614-101392-101398-101435-102680-103240-103578-103724-103922-105184-105288-105582-106092-106936-107074-107614-107656-107800-107806-107958-108204-108496-108550-108588-109228-109710-110702-112254-112332-112432-112731-113080-114418-114750
168,308-18904-41392-45424-47021-47498-50227-81181-83675-83921-86626-91978-101104-102635-109757
169,311
170,313-10917-46525-48491-70627-93458
171,314-12482-35462-38650-39342-40186-41282-42620-45332-49230-55542-62926-63615-63804-64529-66091-67588-67810-72521-75424-80197-82677-83184-83389-90412-93538-96251-98134-98270-99220-99280-100250-100636-102112-105506-108526-112606-113198
172,317-4113-55501
173,319-2309-3648-5378-30958-92352-97285
174,321-10367-12047-18273-33775-34979-43947-50397-53351-69305-73509-74190-78176-79867-82237-88931-95775-96895-98540-106469-108403-108741-109359-111879-113017
175,323
176,324-2624-3876-15400-30072-30279-31872-37454-37546-37644-37989-38044-38153-38217-38348-38792-39182-39290-39364-39479-39626-39737-39828-39969-40198-40234-40254-40282-40639-40654-40688-41002-41137-41148-41396-41547-41562-41704-42276-42502-42830-43035-43086-43196-43259-43327-43722-43839-44133-44732-44825-44838-44940-45412-45606-46356-46392-47474-47510-47669-47878-48038-48074-48090-48152-48486-48526-48972-49190-49214-49241-50214-50491-50603-51228-51238-51372-51950-51952-52036-53339-53647-53731-53834-53892-54288-54472-54683-54943-55318-57172-57400-57419-58385-58466-58864-59293-59370-59403-59488-59565-60144-60384-60591-60593-60668-61138-61228-61273-61462-61544-61579-61765-61876-62070-62128-62364-62454-62482-62854-63208-63362-63475-63898-64190-64241-64360-64806-64971-64994-65354-65476-66146-66308-66334-66581-67004-67084-67612-67994-68100-68392-68530-70450-70462-70504-70802-71091-71109-71996-72158-72282-72545-73608-73842-73877-73942-73950-74014-74158-74176-74221-74276-74391-74862-74901-75298-75322-75468-75622-75854-76355-76368-76528-77122-77374-78608-78686-78723-79092-79298-79670-79805-79950-80161-80328-80448-80533-80614-80656-80936-81002-81020-81110-81246-81314-81432-82004-82817-82923-82964-83130-83606-83692-83832-84294-84482-84752-84832-85152-85238-85553-86128-86156-86257-86275-86606-86690-87045-87568-87578-87752-88144-88483-88733-89120-89354-89416-89446-89714-89744-89808-90126-90676-90800-90887-91158-91456-91480-91938-92120-92408-92457-93061-93080-93154-93224-93484-93634-93890-93950-94150-94152-94348-94552-94902-94932-94984-95278-95308-95536-95684-95759-95807-95932-95967-96502-96616-96689-96826-97300-97384-97735-97763-97813-98314-98698-99314-100560-101042-101170-101446-101514-101748-101884-102231-102317-102332-102526-102589-102712-102940-103220-103767-103770-103822-103919-103992-104181-104251-104352-104678-104959-105606-105784-105942-106935-107054-108144-108175-108585-108924-109574-109624-110194-110529-111114-111210-111234-111917-111986-112387-112420-112502-112522-112529-112692-112710-112739-113062-113352-113361-113472-113864-113927-114093-114214-114464-114604
177,326-330-1054-3634-4812-5728-8990-9450-10602-11782-12252-13636-14098-14264-16526-16672-19543-19960-20123-20820-21098-22360-24831-26574-27132-27615-28056-28441-28456-29000-29384-30398-30716-32363-32674-32735-33525-34056-34260-34826-37176-37470-38049-38143-38240-38261-38896-39368-39401-39855-40150-40672-40760-40873-41020-41034-41125-41985-42083-42877-43111-43120-43832-44373-45610-45886-46684-47203-47324-47348-47418-48175-48210-48592-48708-48819-48874-49174-49306-49406-49668-50416-51206-52643-52711-53428-53622-53804-53914-54884-54917-55476-55681-55736-55872-55962-56550-56890-57287-57450-57461-58051-58188-58931-58997-59343-59678-59682-59815-60020-60095-60204-60407-60889-61668-62272-62442-62486-62592-62947-62998-63077-63104-63538-63541-64209-64612-66386-67012-67077-67700-67964-68507-68963-69524-69934-70151-70342-70390-71430-71515-71720-71725-71915-71940-72079-72478-72513-72770-72888-72974-73192-73470-73674-73772-73779-74070-74939-75137-75336-75814-75923-76203-76504-76862-76982-77107-77112-77211-77215-77509-77823-78021-78024-78050-78202-78497-78654-78777-78960-79144-79279-79488-79673-80153-80355-80541-80589-80590-80636-80946-80987-81331-81488-81673-82752-82771-82925-83202-83980-84018-84368-84429-85389-85396-85426-85721-85972-87077-87213-87539-87650-87658-87809-88025-88088-88344-88471-88575-88645-89104-89620-89839-90250-90454-90486-90525-91367-91633-91836-92126-92688-92776-92896-92974-94010-94077-94437-94527-94575-94781-95937-96321-96343-96388-96984-97079-97128-97220-97484-97509-97614-98656-99157-99536-99674-99930-100327-100729-100789-100803-101190-101546-101990-102195-102274-102584-103056-103082-103459-103664-104201-104394-104536-104615-105796-105901-105918-106733-106738-107727-107932-108018-108122-108163-108578-108610-108738-108778-108986-109033-109421-109481-109594-109761-109781-109998-110851-110966-111010-111300-111393-111500-111878-112840-113666-114470-114672-114732
178,329-2665-5006-5017-24633-31710-38328-53258-60131-75095-82807-86635-89623-91461-91665-92432-93830-95691-96833-100585-101132-107616-110892-113201-113305-114191
179,333-24321-44803-49141-51707-52323-53578-54545-56693-60703-60791-61021-63681-65711-70134-70207-70589-73411-73899-85769-86092-89245-90971-92311-92785-95257-95583-98519-102624-107643-108445-110709
180,334-21114-26270
181,336-40283-41658-79374-111676
182,338-45434-96560
183,341-22435-67303-73643-102227
184,344-27567-32280-37551-47160-49294-54436-62600-70307-75405-79214-81102-81954-88255-89032-94604-100852-101707
185,346-13940-63422-65951-68071-73222-73312-80683-81736-93284-101520-102426-110496
186,348-19406-24240-32006-58492-69926-82147-91143-96127-109169-112665
187,351-21143
188,353-2087-57891-62419-77518-86310-89142-93580-107773-111616
189,355
190,356-1252-20124-34294-37525-53922-71634-90862
191,359-6535-11197-32501-37565-38997-40961-41311-44598-46197-46293-48489-49623-51156-53971-57479-59520-60107-61405-61856-63751-64813-67656-80893-84831-89369-89467-89760-92903-95918-99846-105263-107053-107770-110806-112271-114635
192,361-2382-2790-7820-10232-10673-12212-14976-17416-19114-20728-24726-89818-114730
193,363-2924-3212-8308-10610-23087-25729-28966-44723-45395-48543-48603-48734-48781-55145-57393-59453-62867-67199-68163-71301-71365-77376-77497-81119-81373-81925-82689-83407-85445-87259-87333-90189-90634-92825-93393-94173-97037-99443-102045-104723-104917-105352-108647-108999-110349-112053-112344
194,364-962-6388-6446-27870-59900-76346-85584-106706-111652
195,367-4204-9288-15692-32409-38200-38905-40152-42871-53144-53986-57252-59519-60121-60536-60949-61113-63069-65511-68347-68554-82436-84758-85057-85821-89165-98445-100253-101350-106571-110010-111908
196,368-5086-9728-9751-13588-13933-28218-34650-43826-45456-45913-48277-49301-49533-50584-51791-52861-53562-57653-66387-73156-74171-78519-79284-79350-80254-86538-90207-92770-96470-103355-105062-105788-109512-110551-112536-112836
197,373-43855
198,375-11686-20650-85571
199,378
200,380-76369
201,383-9865-14003-14223-14903-25255-26535-31149-33961-37023-40723-40904-41470-41955-51357-55453-56417-56991-57051-57211-58802-59942-61443-62435-63160-70509-73567-75049-76229-77271-80091-80634-81189-82527-84631-85479-86037-86361-87795-92790-95123-95393-95481-95765-96851-97165-97935-99133-101468-102061-104838-106945-109785-113303
202,384-2926-5496-10702-19886-29194-33286-81840-89360-98999-99028-106237
203,387-56510
204,388-910-2922-4332-7094-9810-12360-14900-15522-16168-19040-19918-20422-20557-22728-24206-24990-25152-30678-32096-32124-34122-37680-37956-38678-39586-45250-45878-47864-48151-49956-50364-50852-51722-51986-53143-53197-54041-56165-56540-56666-61729-62724-63972-65408-68878-69039-69512-69650-70272-70510-71236-71534-72637-72812-73686-74520-77154-77828-81006-82272-82309-82640-83015-85762-87246-89092-89272-89864-90466-90574-91441-97969-98381-99739-100272-101430-102956-103532-105192-105428-106696-108682-109588-110235-112274
205,391-104297
206,392-91126-91738
207,395
208,397-11519-15295-24747-27167-32651-46515-50861-65451-69368-71142-72423-78471-80363-88853-101945-104210-104577-106235
209,398
210,401-36734-37461-61452-65894-69069-69379-70721-76001-76513-81019-86155-88209-91255-97902-100612-105663-113964
211,402
212,404-2011-3432-4523-10700-11602-13780-14509-21155-28364-29392-29952-31356-33376-37583-43551-45020-49927-50690-50701-58921-60030-67670-70828-73825-78384-81605-81612-85997-86298-88992-92777-94972-97395-99580-104260-105289-108513-109047-113285
213,407-77123
214,409-989-44211
215,411-32185-44307-50048-53557-60117-81711-93181-99303-103137-103314-108289
216,412-22479
217,416-3874-4936-8286-10494-12784-22846-24926-25991-30421-31028-31092-31590-38266-38396-39311-39918-40411-40474-40625-40731-42741-43944-43956-44171-44455-44639-44752-46000-46239-46423-46459-46880-47416-48229-49599-51237-51363-51649-51856-51892-52558-52682-53284-53340-53911-54080-55142-55259-55595-55606-56588-57256-57489-57742-57754-58598-59135-59248-59297-59721-59860-61003-61607-61659-63414-63579-64952-65424-66081-68617-68629-68744-69495-69567-69875-69940-69986-70081-70279-70637-70783-71368-71488-72114-72124-72229-73661-74505-74684-76046-76214-76357-77025-77487-77622-77629-78341-79380-80227-80950-81090-82082-82173-82420-82949-83158-83497-83735-83930-84077-84218-84995-87513-88744-89399-89723-90251-90429-90432-90508-90573-91113-91530-92241-92429-93216-93598-96002-96239-96956-97670-97943-98496-99562-100419-101913-103005-103053-103353-103576-103626-103758-105297-106472-106850-106870-106985-107052-107223-107378-107957-108195-108234-108452-108542-108784-109203-109738-110103-110350-110559-110632-112667-113106-113784-113842-114380
218,418-7274-52016-53527-58818-58942-64984-66394-82926-89364-106116-109960
219,420-3911-26358-36784-74167
220,423-31439-38536-71827-90623-94195
221,424-3539-10403-25331-32767-62452-63009-65327-113208
222,426-5361-11298-18267-50196-70141-70147-71435-92441
223,428-1991-4115-6572-8370-15859-17030-18552-19734-22552-27530-27610-29366-31431-37273-38031-38163-38165-38283-38498-38675-38713-38827-39054-39093-39297-39503-39634-39673-40437-40944-40993-41372-41409-42011-42280-43177-43467-43965-44179-44301-44325-44383-44795-44979-45537-45547-46156-46333-46901-47093-47131-47409-47614-47646-47737-47877-47945-48069-48116-48395-48753-49098-50036-50817-52446-52501-52844-53087-53397-53656-53874-54251-54523-54539-55147-55301-55382-55396-55521-56129-56306-56482-56528-56716-56762-56779-57257-57511-57641-57976-58058-58662-58831-58841-58927-59103-59967-60179-60314-60755-61537-62136-62302-62508-62667-62712-63693-63885-63971-64857-64889-65099-65439-65674-65777-66217-66257-66629-66665-67154-67537-67737-67986-68241-68270-69671-70013-70474-70547-70918-71101-71358-71496-71664-72031-72037-72261-72444-72620-72852-73339-73409-73793-74052-74521-74779-74853-75398-75967-76027-76321-76655-76877-77068-77159-77394-77608-77908-78223-78274-78567-78752-78967-79079-79206-79645-79678-79705-79846-80019-80525-80916-80943-81831-81888-82001-82573-82626-82985-83203-83400-83894-84792-85195-85212-85611-85728-86172-86223-86536-86743-86969-87017-87121-87492-87705-87979-88228-88234-88351-88354-88815-89052-89535-89702-90649-90819-91285-91369-91425-91637-92297-93051-93108-93695-93739-93863-93917-94098-94850-94891-95290-95365-95742-95748-96604-96852-97323-97541-98671-98704-98843-98990-99145-99283-99960-100514-100532-100781-100995-101523-101862-101901-102036-102901-103323-103854-104006-104070-104187-104393-104805-105012-105152-105581-105637-105844-106034-106297-106866-107238-107356-107413-107513-107597-107976-108581-108955-109605-109670-110334-110499-110572-111274-111902-112163-112283-113161-113206-113216-113922-114066-114448-114777
224,430-16966-33270-36862-46060-47308-60670-75228-76126-78788-88283-88622-100856-109306
225,432-13080-14184-27442-39312-42702-43492-45065-58495-59523-61621-64315-67476-68648-72552-72810-73676-78082-81679-84537-84610-92690-98966-99370-107420-112660
226,435-8687-9551-11435-13537-16223-16897-19707-21905-23865-32307-32895-33147-35179-36281-37367-38693-38917-39303-40209-41161-41971-43073-44181-45645-45877-46231-47747-48099-50501-50673-51210-51481-51923-52225-52809-52837-53275-53431-54461-54773-54853-55741-55897-57087-57477-58077-58187-58699-59075-60725-60887-61531-61951-62651-63243-63481-64007-64531-65239-65573-65707-66471-66568-67561-68041-69479-69517-69899-70609-70665-70707-70763-71503-72639-74351-75245-75599-75941-77311-77425-77807-78321-78809-79145-79207-79569-80913-81399-81615-82423-83395-83717-84071-84585-85317-86985-87163-87215-87329-87800-88241-88251-89009-89643-90757-91165-93045-95745-95849-96051-96727-96729-98227-99139-100476-101825-103041-103843-104031-104129-104591-105313-105523-107313-107615-108303-108503-109127-110159-110807-111617-112329-112514-112853-113537-113949
227,437-4413-16622-19636-69441-106479-112196-113107
228,440-3718-6416-10502-14404-16150-16894-23464-24466-37588-43546-43670-43922-44852-46132-48916-53674-56988-71164-75730-78734-79570-98448-98756-104164-105028-109313-111862-112246
229,442-2166-7302-9066-15014-29896-32842-36020-39856-43748-44984-47462-56222-59068-63489-64296-66082-68148-68372-68450-68762-69690-70386-76272-76868-77312-81570-82406-82634-85840-87342-93050-94586-95890-96358-99984-101822-105434-105536-108054-113442
230,444-13234-41179-43088-107090-110111
231,447-14025-19033-53751-59295
232,449
233,450-15176-18274-33936-91800-110593
234,452-456-1528-1930-2124-2430-2788-2842-2864-3044-3070-3588-3866-4152-4386-4444-4778-4924-5814-6306-7876-7920-8350-8412-9282-9700-10238-10710-11028-11368-11396-11590-11822-12850-12906-13320-13366-13640-13756-14576-14708-14834-14866-15286-15446-15540-15680-15800-16474-17086-17346-18098-18586-19116-19146-19688-20086-20298-20956-20994-21406-21796-21826-21990-22052-22276-22568-23356-25524-25850-25966-26404-27192-27202-27224-27264-27470-27994-28072-28264-28612-28866-29058-29444-29478-29514-30042-32450-33474-34662-35214-35302-35640-36426-36530-37016-38310-38904-39397-39399-39628-40574-41261-41386-42132-42784-42955-45742-46091-46714-46727-47162-48006-49003-50248-50845-52572-53088-53670-54999-56547-56957-58715-59320-60120-60208-60609-60650-60858-60948-62622-63068-63274-63682-64584-64860-65002-65096-65510-66432-66927-67192-70051-71382-72284-75765-77137-77172-77489-78349-78598-78923-79511-79526-80070-80278-80865-80972-81273-82225-82579-82754-82897-83498-83726-83774-83910-84270-84547-85522-85816-85820-86509-89164-90734-91148-91626-91784-92574-92667-93203-94629-95292-95958-98400-99003-99391-99404-100252-102577-103568-103990-104143-104584-105073-105780-106078-106474-106570-106982-107608-108953-109019-110204-111996-113892-114868
235,454-652-2092-4221-7382-10604-12631-31363-33290-34228-44263-55738-62617-64192-68621-68863-82873-82921-100393-103049-112930
236,459-38683-52829-57688-76312-88679-89341-97483-106337-114161
237,460-5143-30564-32068-44611-50226-54780-56400-59352-68698-71558-77180-78893-84167-84220-92844-100507-108138
238,463-82041
239,465-705-5591-12439-21005-26445-40090-48323-50406-60113-64294-69198-76698-79143-85885-91761-93479-96449-106357-111667
240,466
241,470-33599-43631-48849-58259-72439-90310
242,472-3906-6692-8682-13258-22274-23153-25712-32916-35270-37189-38663-41677-43469-44813-45647-47439-48285-48649-50039-50667-50724-51713-52170-53958-55010-55357-57564-63742-66567-69349-69569-69983-71266-82100-83509-83884-84315-84675-85147-88558-88704-88885-90401-96158-96591-98404-98979-100042-100685-102442-102480-104549-104987-105054-105331-106415-110650-114311-114711-114715
243,475
244,477
245,479-5037-23093-25639-27785-31059-38135-55714-57972-68957-74377-83401-91215-100191-101741-105075-109063
246,480-1386-4230-6242-6600-7632-7944-8734-9552-10504-12664-14408-15110-15976-17176-19770-19778-21966-23854-25594-25738-29854-31960-33298-33892-36606-41288-43866-43994-44522-45982-47410-52262-55088-56768-57587-59756-63022-69772-70258-70606-73766-74174-74816-75377-77150-77256-77268-82112-82861-85876-86270-87110-90220-91482-92402-93620-94126-94898-95418-97422-97688-98056-100305-101454-103174-103932-105228-105491-106729-109250-109428-109950
247,484-3664-4462-7134-14590-22985-33036-34318-37334-52954-107657
248,487-23021-51997-103617
249,489-37719-49433-58784-67425-77607-81401-87816-95907-107919-108367
250,495-2863-31509-93237
251,496
252,498-6428-27131
253,500-7416-33810
254,503-60241-70131-72223-86113
255,505-1747-8077-8979-14731-18591-19145-34429-39349-39857-40421-43471-43575-44505-45747-49653-51529-52334-53789-54155-55987-58089-59055-60575-60603-62095-62764-68461-70617-71095-72213-77001-79407-79897-81547-81599-85577-85581-85719-86443-88391-90576-93319-94455-96535-97699-102767-102810-109045-109427-109841-110663-111563-112447-112805-113631-114673
256,506-74439-82891-83199
257,509-2246-2273-4810-4909-5666-9660-10322-13530-14380-14448-15565-18020-20280-21010-21836-25598-26047-27616-29798-30244-32290-33642-34134-34254-36302-36842-37082-39322-41674-41802-42247-42860-43112-43715-43972-44568-45554-46450-47696-48012-52114-53370-57903-58104-58575-59786-60551-60659-62687-62792-63676-64913-66152-67568-67701-68221-68612-69706-70241-70395-70468-71787-72808-73320-74543-74766-75704-76961-77678-79135-80471-81033-81828-82331-82396-82712-83517-84102-84253-84702-86046-86336-86707-88978-92414-94035-94249-96446-97280-97686-99066-100181-101216-103977-105036-105257-106541-106701-108482-108949-109372-110064-110304-111064-111236-111572-114472
258,510-869-4077-12914-35831-36315-44821-103417
259,514-2598-25002-29872-35796-37047-47402-48014-52800-54045-54159-62094-62382-64043-84782-103826-105842-106174-107474-108341-108472
260,517-11665-22861-34992-37803-39163-39755-43269-43461-50160-50711-51356-55587-57191-59881-61097-63593-65436-67243-73173-73459-75515-78026-79105-80316-82269-84347-87851-89679-90155-95951-97756-99357-100659-103668-105027-105504-107119-107265-110607-111623-112213-112247
261,519-2183-104699-105795
262,521-9621-19395-23997-90337
263,523-31985-39150-39907-49037-50824-74807-89593-89745-100511-114240
264,526-3328-3856-9148-15886-16866-18734-18802-19618-30286-43540-48375-49842-52406-52686-54562-54800-57580-59280-65490-65869-67906-71716-72494-72650-80107-100841-102792-104184-106136-107031-110866-112046
265,528-7780-31702-40052-40564-41266-42928-44877-47307-48371-49639-52761-55307-56413-56699-57716-60060-64561-65645-65970-66461-67215-67842-71121-73103-75248-78941-79077-79467-80737-81630-82339-83743-84001-85933-90796-91595-94641-96633-97864-98397-100736-101202-102252-105507-109817-111147
266,531-1961-10421-26681-32805-34885-39069-42017-44315-45373-45823-46067-51129-51901-52457-52799-53543-54375-56185-57329-57411-57817-60629-61971-64351-64653-66415-66761-70613-71979-74827-79915-80721-80771-81565-81601-82833-88109-89493-90045-90327-93013-95611-100859-101359-105551-105869-113703-114597
267,533-28733-38723-45003-46507-46967-55347-63753-79639-80523-80635-82691-83917-87597-91821-93437-97945-100241-102755-103271-105939-110953-113105
268,535-1761-2807-3389-4545-6215-11173-11423-15937-17343-19475-19507-19909-24535-25554-26639-29490-29785-30757-31033-33151-33421-33875-34367-36899-43253-45667-50047-52155-54265-55407-55689-59609-62009-63490-65296-70441-71683-71973-74261-74621-81561-83170-88063-89559-93847-93999-97655-98079-99641-100959-101887-104218-104789-106669-107381-109497-112721-114657-114789
269,536-2688-4282-6123-9392-10568-11558-12936-13870-17334-28244-30326-30684-31088-31210-36938-37848-37884-38107-38526-38988-39423-40096-40928-41285-43420-43678-44152-44256-44424-44784-45188-45311-45432-47636-47924-48130-48200-49134-49228-50324-51378-52498-53010-53220-53966-54466-55508-55592-55644-57870-58550-60808-63989-64502-65080-65520-65718-67194-68500-69320-69938-70483-70934-71443-71624-73764-74268-75324-75940-77044-78691-79464-80304-80812-81672-82254-82560-82990-83982-84326-84488-85124-85258-85930-87499-88242-88922-90184-90744-90776-91032-93494-93699-94500-94910-95716-96533-96631-96645-96939-98566-99738-100592-101386-101880-102154-105636-105664-105870-106496-106678-107562-108458-109160-109884-110102-110478-112460-112988-113642
270,539
271,540-650-2978-3922-4236-5166-8104-8632-16962-18402-21258-25562-26456-26544-27600-31992-36410-37362-37524-37874-37962-39012-39422-40206-40480-40870-41036-41222-41252-41716-41902-42896-42986-43766-44070-44240-44436-44638-45044-45318-45550-45754-46630-46746-46938-47186-47212-47294-47694-48580-48710-50326-50748-52460-52772-53000-54188-54662-54968-55144-55418-55584-56554-58056-58146-58388-58490-59182-59262-60720-61366-61374-62522-62598-63390-64956-65108-65148-65528-66013-66548-66816-67352-67362-67494-67510-67518-67664-67722-70202-70318-70514-71572-71712-72372-72560-72702-72774-73379-74090-74392-75192-75694-76182-76336-76422-76584-76654-77070-77320-77386-78194-78956-79600-80540-80758-80932-81022-81576-81668-82664-82750-83574-83596-84006-85582-85664-86252-87464-87604-87686-87842-87886-88026-88592-88714-88720-88832-90738-91634-91866-92330-92364-93278-93670-93988-93994-94702-94892-95198-95700-97174-97600-98260-98386-99334-99466-99700-99866-99942-100046-100242-100486-101064-102996-103128-103476-103918-104088-105154-105374-105778-105812-105824-106840-107692-107754-108726-109290-109630-111168-111876-112044-112176-112928-112954-113152-113664-114764-114864
272,543-18503-53023-80587-98259
273,544-24365-46375
274,547-13281-13587-92987-97263
275,548-24386-77726-94036
276,551-10497-15832-20527-89724
277,552-8250-28270-32091-38410-39611-41413-42863-46713-54864-60036-65329-69724-82366-83849-89905-94696-99240-105714-108961-110356-111624-111678-114826
278,555-10623-16931-18431-28891-62133
279,556-13910-18836-20738-21970-22600-29520-30464-33326-37739-38620-40240-40496-40675-42477-43576-43841-44820-46218-46360-46696-48058-48198-49774-53242-53838-54723-54862-57804-61700-62280-63054-63484-64033-64127-64911-66057-66589-68168-69428-69543-69640-70001-70039-70401-70535-70911-71745-72202-73767-73982-74270-74763-75558-76100-76417-76886-77486-79596-79608-81617-82375-82378-82670-83747-83992-85750-86670-87702-89888-91604-91740-92345-92605-93951-94167-94908-96399-96694-97521-98558-99048-99456-100521-100617-101583-102642-104296-105501-106065-107511-109701-109774-111214-111290-112052-112834-113818
280,558-17595-35005-41964-85599-94947-95077
281,561-1011-38873-59785-86057
282,562-9842-14180-18330-39492-51106-52556-57887-78801
283,565-17201-34965-41231-79726
284,566-12500-30066-38096-43264-55104-58473-62047-65928-74841-81018-83286-87313-108336
285,568-2723-3368-3934-4710-5440-21036-28574
286,570-1134-1936-1952-5062-5260-10384-42116-43051-45211-45328-45695-48912-49996-50147-50970-54590-59234-59808-61702-66240-67165-68124-77098-87825-90782-90824-91074-98443-99282-101052-102682-105387-105973-106277-109331-110750-111731-113212-114658
287,572-8901
288,574-93348
289,576-17232-18410-22330-24882-33616-36762-44076-44694-46328-46480-52668-55960-57460-59593-60565-61946-65546-65638-69508-75934-78748-82216-93400-93730-95944-99328-103300-106036-111058
290,579-2305-6007-9177-22899-32159-35113-35599-37651-39547-39936-40061-40933-43393-44405-47815-50042-54089-54952-56213-59081-60343-63911-63939-65339-67021-71837-73015-73705-79739-80467-83435-83481-84720-87904-90145-91235-98723-104851-106319-107177-111259
291,580-13546-16926-27710-28757-32876-41157-45116-46613-53968-63084-65107-70067-74103-74971-89440-91796-96842-100650-101663-105380
292,582-2020-16302-28610-38658-39234-41711-42221-43028-44580-46815-48852-49510-49682-50130-51744-56944-57538-57569-59560-61222-62456-62502-62538-66924-67204-68710-68726-68956-69053-70073-74720-77746-78672-79008-79578-81644-84434-86449-86516-88410-88882-89346-93604-95354-96168-99902-101156-101658-103022-103182-103584-104058-105514-105534-106662-109220-111492-112126-112278-114142
293,585-42761-65562-65703-82135-92463-94415
294,587-4837-4878-6485-8760-9790-13145-15092-21665-23099-32374-33071-37261
295,589
296,591-1835-2989-3473-8058-9363-10517-11252-11428-12597-14213-16049-16277-17497-17990-20042-22023-24224-26490-27185-31759-33304-33955-34304-34936-36920-37429-37610-37681-37702-37786-38125-38267-38298-38533-38700-38714-38973-39237-39315-39493-39615-39759-39825-39876-40088-40122-40401-41000-41528-41566-41617-41647-41655-41696-41801-41808-42819-42941-43027-43191-43355-43473-43636-43881-43895-43955-44004-44091-44226-44585-45071-45159-45177-45383-45419-45624-45945-45966-46345-46531-46536-46823-47529-47620-47667-47713-47788-47986-48082-48215-48289-48987-49142-49308-49333-49334-49348-49383-49565-49771-49913-50037-50155-50222-50294-50612-50691-50717-50822-50848-51147-51230-51311-51329-51380-51568-51607-51691-51800-51875-51910-52041-52063-52143-52372-52732-52823-52988-53437-53621-53870-53992-54031-54623-54919-55293-55673-55767-55850-56841-57003-57294-58302-58821-58980-58984-59379-59661-60033-60657-61224-61675-61901-62322-62441-62734-62753-62889-62895-63071-63090-63140-63223-63677-63723-64131-64167-64194-64559-64803-64855-64866-65105-65568-65875-65949-66212-66578-66683-66855-67170-67195-67399-67671-67965-68594-68641-68739-68774-68983-69535-70011-70298-70327-70336-70691-71031-71133-71227-71271-71643-71849-72195-72498-72502-72608-72833-73020-73139-73284-73854-73923-74632-74724-75205-75286-75301-75389-75454-75912-76438-76684-77185-77263-77285-77422-77940-78303-78413-78511-78730-78816-78944-79238-79257-79460-79557-79687-79842-79963-80064-80183-80655-80785-81208-81519-81581-81936-82549-82968-83013-83117-83186-83194-83271-83374-83627-83662-83796-83825-83852-85101-85467-85601-85623-85665-85733-85838-86000-86198-86259-86475-86703-87298-87377-87719-88166-88385-88488-88585-88633-88649-89061-89205-89283-89524-89827-89967-89973-90055-90526-90596-91683-92061-92115-92367-92411-92417-92593-92617-92626-93559-93859-93981-94169-94687-94797-95081-95383-95618-95663-96053-96075-96483-96511-96588-96607-96666-97279-97291-97407-97429-98066-98596-98743-98895-99396-99554-99659-99879-99953-100208-100223-100375-100434-100583-100625-100626-101185-101860-102825-103075-103507-103952-104431-104492-104665-105427-105800-106508-107081-107818-107854-108152-108227-108428-108591-108888-108893-109126-109158-110049-110108-110183-110340-110606-110667-110805-110905-111111-111505-111577-111669-111687-111831-112153-112496-112723-112797-113257-113423-113432-113526-113585-113689-114089-114136-114682-114861
297,592-19090
298,595-13879-18893-22915-59811-102611
299,596-6294-31538-54473-63744-72891
300,599-4109-4755-87277
301,603-2530-9366-18299-20638-35834-36336-38552-40738-41501-43149-44168-49522-49694-49833-52650-57398-59220-61360-61998-62175-62691-63388-67756-70940-73351-77219-77906-78848-79268-79840-81964-86816-87606-88536-89175-89359-89503-93536-94814-99241-102666-103548-104666-104966-106137-110342
302,608-43468-46398-50874-54750-67000-71762-75070-81912-104676-107324-113776
303,612-39535-44265-45330-49038-50436-52551-56703-57610-58593-62696-64246-69500-90595-97613-98583-99165-105227-108083-108440
304,615-857-28921-31048-53316-81715-90110-95694-101574
305,616-6448-10930-20196-51451-55551-66574-69507-83219-97900-100109-101447-104199-109488-113989
306,619-18798-20141-24119-35935-45234-69239-83291-84307-87365-91310-91833-97960-107149
307,620-6010-12923-17747-21684-29241-36945-46069-50271-52037-58531-65279-65453-78309-80046-85170-85637-91842-101701-103791-108837-109775-110633-110799-112862-113943
308,623-928-3988-9608-22462-29134-45862-46704-69519-73049-76458-78118-80856-83124-90516-96521-97727-98905-110595-111745
309,625-12336-32759-45934-49285-85009-91317-94189-99419-101189-110727
310,626-14548-24136-42318-61136-80492-81616-95534-100382
311,629-1459-4407-4839-12788-39275-40892-44366-46843-47016-47121-47763-53186-56647-58076-60655-62233-62331-62735-62759-63573-64019-66973-68969-69788-69844-70716-71471-72555-73060-76863-78123-79019-80703-80719-81219-84643-86255-87445-88093-90151-90433-90615-91237-94879-95162-95447-96963-98280-98342-98976-99185-100380-100394-102796-103543-103865-104499-108295-108729-109321-112537-113077
312,631-12518-15988-21316-30544-34000-35406-40464-41388-41891-46217-47449-48343-50088-50119-50259-51051-51099-54559-55781-61234-61251-64085-66255-66455-67229-68761-69257-69880-71917-76415-79148-79521-79534-84728-85798-86381-93213-94617-95256-104457-105641-108181-110055-110482-114739
313,632-12040-20542-26060-32009-35128-99658
314,635-4429-12383-18041-28729-35379-90194
315,637
316,639-48185
317,641-8866-16162-26142-34612-37190-53214-59243-62866-67121-69208-90421-91700-97479-104936
318,642-33482-49122-72834-97924-103839-104840-107546-109410-113172
319,644-3530-15724-17230-25274-32036-32826-36188-38385-40119-40900-40908-41134-42526-45154-45748-47142-47276-49926-50588-51398-51520-51896-54050-55707-58671-59134-60348-62562-62770-64682-64830-67168-67176-70376-70956-72030-72416-72530-73042-74278-75150-75886-76614-77880-78814-83367-85700-86002-86888-87232-90646-90958-91644-94776-96713-97142-98095-98636-102014-102742-103842-104570-104646-107162-107610-107626-111098-111402-111884-112542
320,646-7655
321,649-14563-72239
322,657-35585-39491-44248-51149-63701-65887-66317-70291-76020-104381-106127
323,659-28491-67617-75641
324,660-4298-31912-32652-33904-62830-87072-107708-109234
325,662-39844-89018
326,665-3418-7567-32277-39365-45315-56493-63963-85659-90685-99454-113463
327,666-851-3153-7037-33575-40622-48261-49737-51017-51794-52346-52825-53735-54743-58185-62991-62994-70325-73277-77270-78515-80247-90002-94544-97402-98183-105413-106362-106801-106915-107019
328,668-7120-26722-51474-56614-63666-67048-71078-73862-85252-99319-101930-107432-110858
329,671-2229-3217-3563-3839-4391-4875-7241-7251-9353-10211-10935-19017-20457-27085-29495-34768-37121-37594-37703-38523-38692-38767-38883-39989-40053-40101-40250-40452-40899-41357-41453-41457-41988-42401-42403-42585-42844-43009-43633-43721-44214-44318-44403-44488-44496-45251-45480-45553-45666-46035-46083-46327-46420-46563-46648-46743-46791-46869-46997-47319-47399-47544-47619-47652-47711-47971-48140-48159-48310-48663-48701-48915-49086-49325-49469-49539-49589-49779-49863-50141-50197-50229-50313-50377-50693-50761-50973-51351-51403-51577-51702-52409-52881-52913-52937-53404-53767-53797-54835-54951-54969-55044-55087-55169-55175-55264-55486-55585-55601-55776-56015-56028-56631-56789-56851-56965-57377-57409-57599-57753-57759-57879-57905-57927-58233-58328-58423-58493-58796-59271-60325-60439-60731-61148-61655-62043-62786-63171-63235-63261-64083-64091-64103-64217-64259-64381-64637-64774-64834-65215-65223-65348-65377-66164-66355-66478-66653-66713-66751-66967-67045-67111-67283-67457-67610-67875-67901-67914-67957-68374-68411-68419-68883-68916-69599-69687-70363-70997-71267-71405-71415-71431-71455-71501-71833-71952-72144-72295-72616-72865-73254-73918-73927-73995-74567-74595-74661-74700-74745-74817-74829-74931-75009-75027-75418-75560-76089-76167-76359-76741-76987-77027-77049-77269-77431-77643-77693-78071-78139-78290-78315-78375-78379-78452-78735-78873-78961-79037-79288-79475-79676-79832-79989-81023-81045-81188-81288-81409-81525-82407-82563-82619-82966-83235-83290-83421-83477-83899-84228-84449-84931-85041-85421-85427-85585-85877-86115-86123-86273-86788-86937-87111-87323-87485-87665-87725-87975-88101-88612-89046-89555-89871-90019-90023-90190-90299-90607-90901-90993-91221-91341-91363-91576-91677-91750-91967-92056-92343-92353-92905-93299-93347-93593-93877-93955-94085-94103-94579-94657-94721-94743-94935-94973-95066-95323-95661-96545-96989-97481-97531-97560-97626-97850-97940-97976-98119-98537-98559-98573-98808-98841-99065-99333-99379-99411-99595-99743-99749-99887-100105-100127-100258-100779-100975-101227-101327-101631-101871-102035-102145-102533-102613-102734-102885-103275-103438-103517-104075-104475-104609-104973-105014-105040-105332-105529-105718-105769-106013-106346-106399-106426-106668-106907-107208-107607-107682-107731-107939-108031-108080-108097-108177-108375-108553-108579-108753-109204-109354-109429-109505-109557-109598-109819-109878-109993-110017-110083-110492-110723-110737-111433-112035-112103-112380-112611-112643-112910-113194-113325-113530-114362-114381-114423-114449-114802-114899
330,672-6412-16699-23788-28718-35192-35578-37131-40753-43732-49919-50564-52607-53450-53454-53949-54926-57434-57741-58705-66672-70732-72260-74452-75293-75475-75715-77672-78039-87798-89675-92004-98160-98932-100925-105545-106595-108207-108641
331,675-4262-17901-47055-47298-48032-55302-55513-57565-59408-64479-68283-79657-83034-84037-84609-84977-89315-91427-97213-99171-106267-106944-108236
332,679-1547-2529-2559-3301-4361-6602-7669-10511-14647-15750-23461-23758-34455-37542-37849-38314-39155-39607-39783-42994-43033-44126-44193-44531-45224-45527-45915-46018-46659-47777-53801-54317-54589-54994-55442-56529-57289-57345-57713-57725-59644-63143-66403-67599-67862-68967-69145-70652-70747-72523-73829-74069-76073-77372-79430-80425-87594-90527-92305-92398-92700-93220-93685-96995-98523-100342-100425-102451-102479-102929-103396-104128-105518-105576-106615-110105-110828-111978
333,681
334,683-16348-41443-99195-102007
335,685-2648-23217-26396-36873-40497-74410-81024
336,687-5390-8318-11599-16985-39088-40399-105538
337,689-2335-9968-12182-17408-18300-31632-32973-36112-36860-38993-41788-42956-44106-44988-47958-48806-53734-54359-56517-56663-71302-78740-79518-89482-93824-101026-102636-107555-109680-111115-111670
338,690-5778-5816-9760-25752-38166-44678-58294
339,693
340,694-882-2846-4038-4344-5738-7546-9976-13656-14302-14704-14888-18372-20090-20228-22996-27620-29432-32126-36928-84539
341,696-1272-17948-31560-42224-86023-106502-112808
342,701-6354-15178-20810-22583-45939-61407-63863-65901-66615-75924-81716-94021-95337-105133
343,703-1361-1694-6312-9368-18686-19513-21957-25774-26178-27126-28923-37138-38398-38906-38990-42025-42656-50420-53396-54709-54929-61054-62304-62512-62536-65788-66443-70499-72112-73801-78898-79555-80329-80819-81972-81978-85499-86083-87497-90103-93230-95265-98762-99560-99637-99886-101937-103286-103623-103785-108528-111710
344,708-10912-105559
345,710-8896-17634-24624-32729-39734-49750-50328-55390-59522-69412-80706-82412-83952-86786-87674-98860-102714-107278-108534
346,712-4980-8652-21466-30552-40616-43068-57452-98996-102350
347,718-41626-44996-46449-47785-53369-61040-62103-67087-71820-73240-76735-98173-101705-105966-107517-112891
348,721-16215-18979-47397-60492
349,723-33120
350,725-1427-1645-1679-1927-7163-9055-12195-16871-17311-19809-22919-26327-26415-34373-36151-37709-38321-40897-41381-41957-42697-43157-43470-43771-43795-43989-46125-46203-49017-49135-50557-52099-52773-53185-54593-55745-55873-56815-59751-62054-62281-62543-62809-63169-64645-64727-65855-67521-67527-69279-69347-69666-70142-71005-71016-71661-72653-73947-74995-75005-75547-77581-78047-78675-80817-80895-81161-82175-82715-83863-84017-84653-84659-85229-85349-86251-87021-88074-88981-89217-90123-90587-90707-90761-92333-94083-94307-94567-95183-95339-96465-96485-96593-97889-98269-99029-99191-100475-101217-102025-103135-103825-103867-104191-104641-104779-104873-105717-106401-107567-107609-108187-108369-109544-109939-110505-110553-111093-114007-114255
351,727-13901-71654
352,729-8160-29284-51040-70007-83644-97408
353,730-60569
354,734-4006-13816-20248-26073-35996-37514-38846-39390-43800-45730-49532-51904-52509-52945-55578-59643-62202-62983-66250-68023-68572-69484-69702-71174-71741-74579-77052-81467-87242-89410-89594-90105-97298-98214-100647-101286-106906-110252-110518-111645-113322-114506
355,737-10470-12387-12639-19995-26506-27255-32915-41373-55025-58634-61923-62493-64902-71823-72499-106139-107967
356,738-4852-8512-9994-21710-24810-39412-39654-39946-39994-40884-42448-42932-43144-43386-43744-44570-46108-47584-48354-48840-49622-50274-50842-51588-51672-51734-54602-55014-55668-56530-56866-58050-59312-59494-61438-61672-62124-62624-62698-62922-63154-65458-66320-68428-68672-68740-70072-70458-71768-72306-76980-77962-78192-79016-80854-80924-82188-82322-82580-83188-83760-84214-84544-84640-84754-85036-85642-86460-86970-87118-87134-87516-87940-88314-88386-88698-90006-91416-91758-91812-91982-95112-95974-96912-100018-101074-101100-101470-101544-101866-102804-106026-107568-107578-108818-110700-110864-112218-112330-112818-113236-114092-114374-114440
357,741-3113-13177-14428-21170-23435-32901-39447-39865-46511-50498-58852-61698-69913-71071-74512-75513-76233-79994-80271-81665-83812-84089-84355-84979-85437-85923-86183-89173-90171-93010-93776-94705-96487-98207-99061-99115-101979-104775-105673-105752-106501-109509-113911-114063-114297
358,743-38045
359,744-27286-48920-51648-67393-68574-78880
360,746-7330-8676-14846-16094-19298-20148-22108-27532-30612-30714-31156-31342-31747-33230-34176-37920-49604-50626-52286-52976-57320-57966-58358-60745-61389-61400-61872-65660-66934-69297-70035-72856-78154-78328-78794-81038-84990-87412-88790-89814-90814-95631-95782-96494-97746-100132-106093-109810-111110-111891-112518-114595
361,749-7598-81280-93436-99763-103700-114267-114675
362,750-10488-10660-15948-19504-22614-23332-32704-35162-40978-43316-44010-48472-52974-57706-61734-64516-75964-81350-82924-93788-100600-106764-111458
363,753-28015-32591-113268
364,754-8378-18539-22284-25162-40270-71050-71970-75978-110236-112394-114057-114600
365,756-6350-6758-9584-11232-11698-25354-28306-29048-35352-38446-39340-40002-40044-40901-44184-44234-46222-46422-48214-50092-50134-50586-52962-54748-55120-55704-55954-56586-58030-61588-63116-64696-70316-71910-72266-72612-73262-73287-74828-75144-77260-81320-87792-88652-89226-93438-94268-94790-95924-100723-103372-104132-112288
366,758-9547-16100-18528-24674-28400-29924-31456-38172-38459-38724-39301-40187-40499-40837-40921-42364-42536-42936-43522-44019-44310-44466-44571-44778-44999-45688-45940-46749-47206-48042-48412-48759-48914-49206-49248-49416-49605-50008-50055-50060-50091-50102-50958-51172-51898-52362-52542-52746-53540-53549-53984-55400-55413-55446-56460-57070-57154-58769-60444-60563-61207-61330-62192-63473-63638-64277-64363-64535-64827-64837-65001-65126-65406-65785-68090-68872-69219-69281-69625-69638-70515-71995-72254-72990-73820-75750-75939-76040-76728-77500-77747-78420-78759-79197-81222-81798-82373-82639-84014-86064-87023-87268-87278-88142-88972-90333-91935-94557-94890-94951-95599-95753-95780-97706-97932-98012-98785-99104-99520-100107-100580-100586-101238-102084-102814-102824-103566-104016-104376-104482-104657-104951-104968-105365-106073-106248-106597-106676-107717-107726-108232-108474-109100-109482-111455-111662-111720-112055-112257-112504-112814-114073-114124-114129-114429-114817-114820-114827
367,760-24785-44889-47655-51333-93314
368,762-10864-19592-46813-50327-57844-60212-63966-64661-69618-73879-87830-90195-91714-99856-109596-110284-111704
369,764-1200-14422-16396-19416-19626-26608-26908-31176-35322-38098-38936-43432-44786-48452-53312-55024-56318-62528-64390-64760-64880-71680-82028-82230-86160-89812-93150-95210-96938-99818-103802-104604-105026-107930-107996
370,766-39652-42098-47200-53330-54000-61272-62072-65258-66664-92148-95508-99358
371,769-1494-12262-13473-28626-41459-50632-50636-55818-58534-62474-63300-68442-84942-85204-90133-92568
372,770
373,773-1916-23060
374,777-21568-60414-77357
375,781-2333-20674-50613-57327-63386-69163-69626-73578-80521-94683-95209-104515-113270
376,782-48952-68512
377,785-18463-21598-25694-37039-37788-47248-50460-56785-63404-74335-83451-85019-85606-86472-92354-97944-100328-105341-107169-114814
378,786-2571-85422
379,788-1326-6040-31768-36070-60662-67711-76582-106166-111238-114696
380,790-27490-38756-68792-74613-81223-82192-83220-87479-98593-102334-112470
381,794-1417-5069-5741-5767-10148-10531-11157-13266-15951-16055-16713-17655-19955-21239-28369-28767-30371-31565-34411-34845-35420-36855-37659-37875-38121-38279-38571-38819-38823-39207-39235-39455-39487-39667-40216-40397-40761-41191-41615-41657-41867-41975-42627-42675-43046-43090-43245-43297-43607-43687-44143-44275-44361-44475-44615-44961-45739-45783-45800-45983-46447-46623-46697-47101-47421-47911-48018-48463-50056-50915-51115-51609-51815-52079-52385-52723-52765-53175-53337-53653-54457-54695-54995-55089-55099-55275-55881-56051-56109-56511-56992-57101-57381-57680-57776-57907-58961-59260-59285-59588-59767-59768-60231-60524-60799-60843-60907-61500-61559-61589-62259-62491-62569-62751-62893-63125-63253-63438-64411-65307-66746-66783-66945-66987-67064-67171-67450-67466-67469-67663-69241-69399-69499-69739-69773-69787-70017-70109-70223-70259-70445-70908-71895-72525-72605-72851-73939-74175-74235-74353-74363-74413-74557-74813-74929-75003-75259-75429-75459-75577-75729-75887-75983-76276-76721-76971-77033-77099-77113-77151-77201-77257-77553-77575-77763-78720-78971-79223-79261-79267-79454-79613-80495-80867-81117-81337-81449-81613-81885-82199-82335-82789-83145-83281-83327-83409-83425-84137-84329-85217-85492-85715-85823-86039-86201-86340-86503-86539-86731-86831-87079-87109-87369-87509-87595-88817-89049-89087-89102-89137-89195-89415-89877-89955-90125-90129-90625-90809-90841-90879-90974-91173-92155-92193-92622-92637-93621-93749-93933-93946-94181-94201-94485-94580-95329-95419-96629-97031-97283-97533-97647-97829-97888-98057-98861-99307-99345-100329-100529-101257-101455-101635-101714-101894-102482-102723-102773-103007-103395-103633-103965-104159-104221-104287-104849-104938-105113-105119-105225-105229-105344-105355-105385-105435-105633-105685-105887-105888-106213-106545-106656-107255-107651-108027-108107-108189-108451-108879-109153-110581-111293-111711-112703-113279-113590-113789-114723-114815
382,797
383,799-4887-10989-28411-32355-42755-47025-51749-52283-59127-71953-105883-109899
384,800-4469-12088-12152-17521-24962-25326-27239-35260-37370-38120-39190-39265-40040-42071-42981-44953-45510-47825-48017-48850-48998-50230-52025-52246-52770-56030-56503-57529-57652-57935-58848-59082-59885-61187-62433-62781-64790-65015-65456-65732-67545-67809-68722-68785-69662-71736-72490-73097-74742-75848-75926-76578-77104-78046-78825-79327-79487-79812-83025-83387-85082-85329-86048-89387-89606-89968-90098-90690-91104-91323-91676-92601-96488-100002-100877-101696-101914-103454-103523-107092-108409-109300-110541-110676-110917-111162-112279-114151
385,805-7247-30189-46077-52471-55045-55315
386,807-3299-5619-5903-14967-19009-20183-20189-22027-24791-29423-30363-37381-38159-38420-39509-40429-41203-41337-41751-41875-42349-43439-43519-44077-44651-45021-45470-45761-46584-47466-47577-47898-48029-49473-49583-49632-50138-50551-51541-52559-53355-53701-54021-54035-54719-54720-55437-56573-56679-57432-57459-57555-58287-58739-59111-59485-60253-60688-61149-62211-63991-64021-64389-65115-65345-65587-66821-67499-68529-68970-69001-69123-69329-70671-71139-71679-71691-72318-72801-73717-73941-74198-74749-76043-76071-76191-76449-77208-78881-79870-79899-80011-80065-81579-81873-82166-82747-83111-83437-83589-84119-84195-84578-85096-85737-86486-86807-86995-88955-88995-89281-89911-90083-91729-92173-93157-93159-93267-94987-95533-96050-96117-97245-97427-97683-98138-98186-98428-98666-99807-100168-100351-100641-100813-100824-100851-101827-101840-102160-103693-104671-104871-104925-105033-105149-105555-106055-106785-106787-106889-108461-108733-109035-109417-109637-111291-111445-111945-112009-112119-112475-113362-113367-114209
387,810-25516
388,812-2911-7539-13721-20056-25069-25603-34100-38697-42773-44675-47889-52756-58115-67609-73815-74292-84535-85348-89478-90911-96073-96163-97485-111872-112021
389,816-3786-10617-26489-36230-39267-40713-43061-43930-49546-53761-56035-62671-65056-65916-66346-67950-71560-77240-78411-80863-81049-81927-87662-95379-96145-102136-106703
390,819-28448-35156-38210-45117-50810-69071-77175-80741-89921
391,820-16026
392,823-10749-31566-44911-51658-107307
393,824-6304-17770-17772-20416-24782-54942-92600-98862
394,827-1473-1540-3009-6179-8241-8293-8515-10815-20161-26319-27847-29137-29181-32035-34687-35595-38359-38531-39717-39816-40881-42499-43173-43433-45414-46543-47811-49845-49949-50013-51615-51763-53589-53669-54075-54625-54923-55435-55463-56292-57410-58067-59294-59792-60365-60773-60789-61335-62575-62877-62987-63247-64227-65793-66887-69079-69453-69707-70123-70501-71313-71341-71359-72429-73747-74045-75207-75865-76397-76775-77663-78293-78513-79379-79425-79529-79677-80027-80275-80689-81295-81995-82288-82457-82577-83304-84698-86159-86919-87955-88445-88829-90281-91203-91259-91623-92101-94454-94989-95011-95463-96121-96953-97087-97091-98429-99005-99121-99563-99675-100096-100575-101033-101307-101657-101861-102411-103379-103769-104086-104587-104923-105233-105775-108003-108117-108293-109982-110027-110893-111251-111797-113233-113369-114127-114837
395,828-2514-3318-10500-22545-29957-35633-50495-51328-59728-76015-78084-98039-114767
396,831-69923-75307-77705
397,832-3498-4914-6282-8650-12376-15755-16120-16392-17054-17849-18898-20040-20854-20964-23692-28276-28730-31470-33529-34338-34490-35437-36438-42600-42768-46844-48880-55228-61169-61652-62980-70484-72483-73211-74253-76295-77071-79388-86284-90148-91632-93601-96062-101248-103612-104002-104295-104852-110530-111215
398,837-862-968-3690-7576-9008-9582-10591-11406-11706-13985-14278-23400-23948-24209-25413-30149-31610-33677-39355-42587-42769-43378-43914-45671-46130-46291-48593-49143-51167-51706-52289-52626-53327-54173-54990-56597-61213-61708-62443-66687-69091-70697-76388-76841-83955-85689-86133-88043-89288-89658-90609-92608-94733-95427-95554-96602-99120-99270-99392-99576-104098-105267-107823-114596
399,839-1025-3067-4343-4903-5721-5821-6445-7721-7943-9109-16949-17337-18085-20157-21783-22533-27991-29561-29973-31963-34431-36119-36143-37829-37889-38047-38375-38481-38537-38665-38765-38913-39185-39347-39367-39577-39629-39817-39849-39937-40125-40147-40159-40649-40659-40964-41583-41605-41789-42065-42293-42325-42493-42657-42785-42813-42875-42893-42905-43081-43181-43261-43275-43487-44100-44197-44199-44237-44269-44419-44569-44587-44730-45019-45129-45277-45278-45437-45515-45529-45717-45723-45743-45794-45805-45827-45847-45850-46604-46637-46777-46825-46859-47058-47229-47233-47299-47355-47555-47573-47661-47699-47897-48309-48545-48695-48899-48933-48981-49065-49173-49323-49386-49517-49519-49675-49861-50331-50713-50827-51077-51483-51821-51890-52089-52103-52265-52371-52661-52755-52757-53009-53189-53291-53311-53475-53485-53661-53679-53709-53935-54281-54337-54533-54753-54795-54889-54966-55197-55715-55899-56079-56137-56303-56383-56625-56653-56683-56725-56987-57335-57825-57846-58125-58153-58171-58271-58635-59063-59067-59425-59531-59585-60105-60249-60557-60651-60677-61065-61083-61221-61243-61299-61557-61651-62041-62273-62519-62521-62665-62733-62749-62905-62951-62981-62995-63135-63145-63777-64119-64231-64617-64801-65273-65691-65811-65889-66721-66907-66991-67445-67625-67821-67837-67885-68107-68265-68547-68571-68675-68941-68999-69209-69354-69751-69777-69783-69965-70126-70153-70267-70287-70302-70355-70523-70641-70889-70994-71449-72033-72354-72391-72547-72821-72845-72901-73075-73731-73823-73977-73999-74004-74299-74445-74759-74897-75271-76005-76079-76097-76147-76153-76293-76389-76481-76667-76857-76861-76963-76979-77145-77305-77429-77445-77651-77679-77857-78095-78475-78549-78576-78589-78643-78707-78803-78833-78879-79047-79535-79567-79589-79727-79775-79879-79896-79983-80243-80265-80727-81079-81143-81339-81501-81947-82169-82201-82819-82901-83075-83089-83225-83403-83647-83687-84199-84229-84567-84709-84855-85363-85377-85511-85587-85829-85886-86051-86067-86121-86297-86429-86623-86783-87126-87248-87303-87423-87889-88073-88091-88245-88247-88791-88959-89019-89068-89241-89321-89361-89403-89669-89779-89825-90059-90375-90443-90675-90715-90765-90863-91085-91127-91157-91613-91679-91707-91847-91975-91991-92025-92111-92539-92821-92986-93145-93283-93303-93677-93709-93913-94155-94311-94717-94835-95057-95159-95361-95905-95941-96695-96855-96885-96947-97141-97197-97273-97281-97347-97375-97779-98131-98161-98541-98923-99019-99067-99511-99581-99643-99865-100213-100811-100819-100853-100999-101023-101089-101147-101167-101195-101281-101324-101481-102094-102187-102321-102359-102457-102569-102597-102647-102759-103335-103683-103703-103793-103921-104083-104329-104713-104761-104919-105093-105451-105689-105866-106488-106513-106533-106589-106647-106693-106905-106967-106989-107463-107489-107719-108479-108657-108663-108851-108905-109003-109089-109325-109439-109705-109807-110069-110101-110139-110361-110385-110561-110565-110731-111020-111047-111181-111239-111521-111787-111905-112071-112175-112357-112395-112779-112897-113195-113251-113259-113719-113844-114068-114211-114275-114393-114481
400,841-1775-15027
401,842-4897-6169-7930-9524-13552-13882-13960-28350-32700-40613-40802-45644-47068-49501-49976-50976-53388-55990-57792-59866-63113-63772-63973-64186-64456-64983-66772-67172-67930-68808-70708-74622-77474-78294-78685-79710-80045-81125-82043-82506-85090-87054-87220-91102-91549-92366-97836-100035-101408-102881-102983-103126-103787-105978-106622-107611-109161-111944-112472
402,844-7533-12559-20973-26591-29671-32583-36705-39227-40274-44997-45379-47081-50243-50455-61517-64715-67305-68123-71002-74513-78753-79750-83805-84857-87571-87635-88867-91970-93637-101233-103230-105126-106841-113028-113825
403,846-2244-17168-22234-22740-27714-28554-32822-34682-34968-39658-42848-46348-47429-48150-48340-56158-56370-58100-58714-61028-61636-62918-63122-65446-69592-70040-71904-74089-78994-79528-79980-80110-81356-87352-89004-89292-90972-93466-94302-94574-96464-96630-97038-100200-103352-110612-111348-114746
404,848-12730-104044
405,853-38711-87249
406,854-4212-9829-22314-28430-34009-40638-82065-105459
407,859-1235-12623-22709-48651-55255-77937-89579-91197-96965-103739-114196
408,860-4028-7230-16600-41061-41331-42997-43330-46368-47333-47465-47756-52232-54909-59854-62973-64748-65940-66234-70507-70858-74740-78258-80356-81916-85725-88638-92020-98002-101924-103131-105629-106204-109448-110949-112955-114484
409,865-2983-6127-7091-14513-17219-21749-31467-35299-36621-38900-44291-46319-49553-50731-51247-51515-51567-54127-54341-54860-54991-55971-56091-56539-57293-58177-60285-61936-63107-64339-65125-66897-66923-67097-68217-69712-70813-71352-71585-71855-73513-74397-74474-75623-84005-84581-86351-86652-86717-87181-87521-90470-92734-92902-92947-93217-93496-94618-94914-98561-99393-99789-100021-100885-101659-101679-107431-107625-107857-108577-108623-109535-109887-111517-111651-111913-112331-113641
410,867-27109-47092-66492-67910-68186-71128-71698-75644-86534-86761-94595-95545-111930-114378
411,870-3246-6234-6334-9448-9544-12227-17890-19076-26799-29656-29748-32262-32404-32672-32996-35580-36108-36478-37553-37652-39238-40590-42160-42246-43530-44338-45755-47968-50532-51068-53822-54166-54250-55267-58392-60369-61154-63222-63416-65597-66192-66730-67104-69562-71300-72108-72881-76088-76416-78338-81330-82150-82392-82856-83103-84330-85264-86442-86620-87422-88514-89881-90608-90775-90897-92054-92240-94130-94327-94568-95785-96626-97486-99936-100828-103775-104122-104640-105490-106002-106514-107000-107786-108284-109660-109820-109854-111732-113014
412,872-18846-91702-96546-111839
413,875-6281-10390-23432-32206-34416-38288-40194-40736-41798-42478-43658-44500-45676-47052-47356-47724-48228-48893-55672-56425-56826-57048-57465-57672-58054-59350-60380-63001-63343-64973-65132-69350-71660-73290-73784-73812-74842-79212-81088-82592-82606-84060-84353-84418-84972-85745-86181-87396-88292-89026-89443-90763-90920-91448-95960-96225-97324-98554-98734-99138-99898-101047-105295-105543-107586-108410-109202-110346-110428-110602-111550-111568-112672-112734-114320
414,876-4646-5510-12650-36744-37832-44333-47962-52529-52819-59073-68748-72712-77328-89661-99921-103199
415,879-2142-6202-9670-11324-13442-36360-43862-53070-56601-57466-70457-79566-81757-99063
416,881-40525-58162
417,884-2597-3340-8641-12831-25171-31314-35703-40339-41815-44355-45005-45973-47517-48241-52493-55827-62996-67028-67408-68323-71347-76249-79036-79100-82628-85337-88726-92380-92517-92900-95702-103781-104124-110375-113407
418,887
419,888-22217
420,890-46612-75476-109550
421,892-38015
422,895-6764-7198-8348-18994-24614-25772-34874-37817-39101-39418-41283-41810-42187-43076-44856-45722-46331-46616-46851-47674-48576-49127-49908-52737-53068-53246-53395-55210-55901-56487-58958-59992-61177-61497-61509-61717-62063-63595-64569-64927-66208-67054-67878-68006-68362-70546-70946-71181-71350-73083-73224-74310-74515-74872-75837-76373-76967-77023-78339-79109-80408-81852-84435-86264-86267-86955-87563-88476-88819-89279-89571-89976-91214-91512-92336-92895-93105-94453-94511-96945-97708-98480-102753-103542-103986-104331-104890-105029-105431-105840-105908-106008-107296-107852-109101-110756-111780-111837-112298-112438-113162
423,896-8670-9602-26412-27848-42560-60788-92060-108549-111230
424,898-55204-77562-91722
425,900-6171
426,902-8712-9314-15924-20890-29717-31258-33776-39935-44009-45200-45981-51094-54009-55406-58004-58379-59575-60053-63769-63914-69024-71838-73892-75025-75817-77578-82151-84772-85722-85749-88970-90118-90813-91287-92192-94778-95933-96003-98253-101826-101852-101978-106279-106818-107402-110026-112983-113628-113918
427,904-3638-36570
428,907-1514-10872-17809-93675
429,908-3398-7154-8018-14892-24520-32240-36096-51646-78366-85674-86250-87950-94136-102718
430,912-7700-16356-20170-20274-42756-46036-50658-58372-65294-68248-80568-84558-100724-106962-112026
431,915-25475-26995-32929-36897-42255-44394-53067-65209-66451-67559-75432-85451-90913-97629
432,918-26921-47346
433,923-1714-29055-64470-73152-74639-85590-104622-107456
434,925-37013-58483
435,926-1530-22042-29804-37535-37876-39566-41871-42214-42402-42619-44930-55828-57280-57608-64281-79873-84747-87116-99969-102409-107675
436,930-3514-7748-12082-17649-18080-22539-24866-27107-30629-34299-42097-42765-47566-48432-48534-49411-49562-49690-50093-50875-51272-51878-51939-53746-54095-56021-56273-58871-59923-60559-60746-61378-61583-62045-64140-65688-65698-65830-67311-68968-69534-70234-74259-74518-74590-77103-77361-78747-78843-81645-82607-87287-87368-90136-92588-93062-94160-95504-97020-98842-103765-104488-106130-106336-107088-107312-108633-110380
437,932-2274-3204-3774-3816-5408-6382-6491-7142-8202-8568-10544-13254-13680-16868-21150-23039-24762-25096-25766-25770-27930-31006-33542-35542-37350-37428-37483-37921-38414-38910-39246-39911-40073-40214-40384-40423-40624-40726-41408-41508-41914-42414-42730-42992-43727-44293-44328-44374-44578-45038-45055-45642-46212-46772-47214-47446-47730-47833-48438-48541-48797-49610-49630-50439-50770-50829-51081-51168-51246-51552-51867-52236-52415-52597-52724-52926-53026-53329-53571-53652-54032-54064-54410-54811-54913-55238-55852-56214-56264-56326-56394-56500-56524-56791-56803-57238-57490-57671-57696-57724-57770-59104-59121-59608-59693-60086-60247-60438-60574-60594-62081-62558-63588-63592-64778-64848-64865-65008-65188-65266-65344-65858-66616-66618-66712-66804-68496-68605-68770-69312-69446-69478-69691-70360-70394-70790-71058-71326-71602-71620-72236-72331-73362-73394-73632-73844-73974-74160-74603-74806-74857-75024-75354-76360-76461-76522-76792-76992-77010-77496-77572-78556-78573-78858-79295-79601-79934-80361-80476-80496-80644-81476-82255-82273-82348-82740-83296-83314-83604-83766-84500-84884-85114-85469-85926-86003-87050-87084-87104-87107-87266-87470-87640-87645-87777-87810-87812-88065-88110-88173-89024-89172-89544-89718-89923-89942-90628-91075-91505-91718-91762-92712-92819-93122-93687-94188-94196-94601-94728-94732-95102-95282-95294-95586-95593-95828-95872-95942-96125-96269-96696-96808-96871-97442-97724-98276-98490-98624-98724-98969-99665-99711-99798-100460-100988-101222-102304-102314-103342-103572-103798-104156-104258-106158-106312-106412-106803-107050-107634-107798-107921-108070-108268-108327-108544-110214-110792-111123-111387-111412-111864-111927-113092-113598-113659-114128-114318
438,934-2522-2786-8418-25018
439,937-4253-15655-20277-35679-37973-39103-47829-52335-60087-60809-63291-65627-67869-71225-71235-73059-74877-77407-78141-86171-88099-92233-94665-95237-96459-97645-99531-111195-111281-112293
440,938-4446-12644-34890-36282
441,940
442,943-4483-7431-40880-42840-47325-49888-56153-60782-71565-81641-89040-106811
443,944-3026-5270-12320-21872-39720-42152-46080-60192-60944-69226-78928-89546-96190-97490-99064-103140-105156-105765
444,947-3969-4189-7216-9345-10135-10159-10649-11493-11503-11651-13051-13493-14397-14517-14641-16369-17199-19031-20963-23555-24956-25143-28367-29781-31707-31833-33859-34399-35725-36121-36155-36699-46306-50415-61068-62676-66695-72975-74399-91773-93975-97221-100261-100627
445,951-1641
446,953-9855-21338-24176-30672-34602-40750-40886-48985-49476-54052-58333-59564-67506-73481-78299-78791-100454
447,955-12098-21053-30729-31160-43632-63474-99173
448,957-2490-5284-5332-9036-12257-13550-27461-34060-34668-36053-37898-38016-38353-38442-40047-40702-41192-41644-41936-41970-43659-44012-44160-44519-44925-45222-45327-45654-46405-47287-48823-49091-51266-52720-54996-56218-56267-57961-58018-58167-58680-58810-60465-62076-62140-62178-62232-64045-66264-67735-67848-68032-68699-68926-69035-69632-72160-72698-74234-74424-75782-76206-77683-78280-78953-79724-81253-81493-82532-84311-84433-85779-86219-86246-86359-86905-87043-88598-90204-91953-92251-92672-94767-94852-94994-95576-96526-98978-99475-99612-100979-102013-102044-103783-103978-104711-107152-107566-108374-108973-109487-109963-112258-112491-112492-112961-113024-113168-113459
449,959-11554-12681-25803-29651-34189-36431-43359-43815-51088-52885-73169-73961-77133-81429-90139-110487
450,960-43499-52270-53420-72915-80528-84340-87965-95204-96217-110152
451,966-6340-13808-18660-20010-22484-23106-32110-35766-36036-37372-37412-37474-37520-37704-37868-37916-37970-38034-38064-38272-38422-38486-38750-38797-38798-38890-39005-39244-39372-39456-39476-39522-39556-39733-39818-40048-40050-40102-40161-40164-40358-40438-40483-40597-40728-40876-41038-41056-41144-41256-41271-41316-41341-41478-41707-41740-41771-41816-41918-41951-42026-42120-42166-42184-42238-42406-42442-42528-42628-42726-42744-42952-43152-43332-43457-43568-43620-43784-43823-43872-44086-44439-44518-44550-44592-44636-44762-44792-44866-44928-44972-45166-45254-45298-45468-45544-45594-45616-45652-45699-45806-45816-45841-45901-45992-46062-46085-46274-46280-46303-46313-46324-46351-46364-46548-46554-46672-46747-46860-46964-47010-47132-47182-47290-47390-47535-47630-47676-47714-47716-47727-47840-47984-48010-48026-48314-48386-48468-48550-48640-48726-48731-48884-49146-49392-49412-49491-49754-49792-49828-49840-49874-49896-50080-50128-50284-50352-50458-50470-50546-50582-50600-50642-50736-50762-50940-50952-50987-51104-51538-51606-51635-51652-51842-51990-52031-52185-52268-52340-52380-52386-52621-52656-52680-52843-52856-52938-52952-53076-53120-53216-53352-53362-53414-53644-53828-54108-54200-54216-54432-54494-54556-54744-54762-54770-54774-54971-55002-55028-55126-55184-55212-55222-55276-55312-55358-55516-55748-55876-55948-55974-56094-56186-56188-56194-56258-56288-56480-56592-56627-56795-56824-56836-56934-57114-57138-57306-57492-57516-57726-57748-57872-58288-58292-58414-58514-58724-58882-58886-58966-59008-59064-59298-59306-59316-59430-59626-59636-59652-59668-59688-59783-59790-59842-59954-60059-60092-60138-60532-60566-60584-60660-60682-60820-60958-60976-60978-60995-61120-61192-61258-61388-61448-61450-61512-61592-61626-61983-62024-62064-62154-62337-62349-62426-62432-62470-62628-62720-62864-62882-62938-63056-63186-63270-63518-63534-63700-63734-63988-64016-64072-64139-64300-64386-64468-64662-64690-64885-64890-64979-65224-65362-65475-65861-66010-66064-66076-66142-66178-66184-66279-66339-66344-66351-66376-66380-67024-67092-67344-67376-67570-67692-68012-68118-68218-68402-68498-68536-68750-68788-68908-69040-69330-69442-69620-69656-69668-69784-69798-69892-69928-69942-70118-70156-70423-70498-70512-70630-70754-70848-70960-71140-71232-71244-71324-71363-71458-71684-71758-72022-72026-72136-72152-72258-72277-72296-72334-72350-72500-72510-72548-72696-72790-72870-72950-72956-73006-73062-73228-73360-73424-73554-73688-73706-73710-73930-74006-74037-74054-74216-74228-74236-74358-74598-74695-74716-74746-74795-74868-74878-75078-75093-75214-75392-75396-75421-75648-75672-75692-75846-75850-76000-76104-76350-76834-76990-77076-77086-77212-77279-77364-77546-77839-77904-77956-77974-77986-78004-78186-78278-78356-78480-78660-78680-78708-78768-78844-79058-79334-79340-79494-79958-79990-80030-80084-80100-80213-80330-80338-80367-80625-80672-80730-80764-80776-80881-80994-81036-81064-81116-81182-81342-81628-81866-81876-81956-82030-82040-82070-82126-82204-82508-82542-82624-82674-82770-83140-83242-83442-83462-83638-83666-83682-83706-83723-83732-83841-83914-84100-84163-84180-84192-84249-84372-84374-84382-84394-84715-84760-84971-84982-85120-85250-85306-85358-85423-85521-85602-85874-85896-85966-86045-86056-86190-86202-86248-86292-86312-86356-86792-86842-86982-86992-87018-87100-87102-87138-87140-87244-87340-87378-87534-87560-87592-87698-87722-87726-87920-87927-88208-88236-88286-88300-88368-88534-88664-88666-88682-88824-89006-89296-89338-89432-89494-89590-89672-89716-89748-90147-90296-90590-90644-90780-90844-90909-90922-90946-90990-91134-91170-91176-91184-91218-91272-91294-91360-91492-91564-91674-91838-92022-92032-92116-92136-92374-92386-92466-92526-92602-92726-92752-92755-92802-92876-93030-93034-93168-93234-93296-93312-93338-93445-93640-93674-93712-93775-93840-93914-93998-94037-94072-94366-94456-94502-94512-94602-94648-94746-94798-94886-95153-95220-95434-95466-95632-95644-95846-95930-95992-96166-96170-96211-96214-96270-96292-96302-96304-96344-96354-96668-96794-96872-96891-96896-96982-97016-97022-97092-97096-97114-97150-97258-97340-97350-97398-97424-97466-97858-97869-98108-98142-98246-98358-98362-98378-98423-98462-98498-98628-98672-98878-98890-98908-99031-99110-99192-99254-99266-99400-99508-99686-99802-99970-100192-100232-100440-100820-100894-100910-101240-101244-101322-101436-101490-101524-101572-101598-101698-101812-101892-102056-102392-102445-102548-102618-102732-102760-102936-102970-103094-103210-103258-103284-103326-103328-103332-103338-103356-103446-103638-103704-103814-103914-104004-104080-104146-104236-104300-104312-104368-104426-104954-105009-105102-105140-105202-105304-105370-105388-105732-105910-105922-105990-106066-106172-106194-106432-106556-106926-107170-107234-107352-107399-107448-107482-107550-107612-107892-108092-108457-108749-108762-108802-108804-108828-108938-109007-109030-109336-109626-109846-109882-109948-110028-110056-110212-110273-110286-110288-110290-110328-110490-110588-110636-110688-110717-111090-111422-111478-111672-111766-111778-111888-112072-112154-112648-112684-113022-113146-113226-113317-113392-113612-113754-113808-113826-113836-113840-113889-113942-114020-114032-114078-114086-114108-114164-114166-114502-114564-114688-114752
452,971-23537
453,973-72146-109465
454,975-39713
455,977-88199-107907
456,979-2897-36365
457,981-11461-14767-17726-22862-73976-111673
458,982-9220-9694-21552-26800-27900-38659-45954-55306-67200-67400-67734-72056-72998-74068-75412-75545-80312-86054-86980-92664-94556-95040-103294-109679-110608-113478
459,984
460,987-1160-4437-6240-9471-11113-11807-12359-15477-16015-17303-22647-24813-27941-28597-29029-29065-32361-32764-33891-34109-34987-37411-37488-37493-38251-38509-39537-39598-39605-39991-40295-41289-42711-43651-43733-43949-44379-44523-45591-45930-46765-47239-47269-47411-47755-47863-48597-48735-48749-48773-48815-49529-50025-50411-50647-50838-51651-51832-51921-52110-52263-52587-52716-52867-52979-53184-53553-53628-53698-53715-54637-54638-54846-54903-54979-55817-56097-56769-56861-57103-58179-58325-58481-59079-59211-60805-60909-61219-61339-61617-62413-62531-62703-62930-63035-64015-64357-64563-65055-65611-65642-65931-66225-66431-66743-67278-67641-67807-67813-68243-69125-69473-69649-69663-69673-70221-70655-70868-71003-71373-71427-71538-71647-71790-72143-72319-72589-72602-72693-72949-73723-74161-74755-75147-75447-75758-75995-76292-76347-76383-76717-76957-77359-77833-77853-78147-78181-78266-78289-78521-78727-78997-79633-80282-80605-80849-80859-80945-81687-81817-81935-82073-82125-83483-83677-83749-84052-84598-84939-86426-86711-88083-88317-89373-90221-90831-91077-91297-91483-91741-91971-92095-92167-92169-92321-93055-93255-93439-93583-93609-93737-93755-93971-94026-94411-95002-95226-95293-95739-96149-96223-96803-96957-97321-97423-97433-98501-98543-98565-98697-98806-98915-99460-99987-100011-100143-100671-100967-101397-101633-101765-101797-101801-102110-102275-102327-102385-102643-103091-103359-103749-103942-103975-104039-104079-104469-105074-105100-105579-105951-106313-106653-106968-107401-107743-107785-107933-108089-109531-110223-110573-110647-110725-110735-110891-111369-111717-111739-111877-112493-112497-113293-113385-113470-113589-113709-113933-114293-114473-114539-114625-114849
461,991-1121-34165
462,993-5753-6517-16153-33637-34579-67522-83989-90665-101172
463,994-2098-2852-3964-4056-5310-5644-5941-7208-8532-12315-14336-15230-16020-16468-19404-23950-25838-30987-31183-32646-34302-35130-36286-37572-38088-38674-38704-39086-39854-40330-41091-41253-41976-42535-42577-43050-43310-43762-43821-44280-44720-45704-46004-46114-47430-48064-48351-49064-49121-49296-49380-49902-50354-50808-51006-51060-52836-52866-53269-53432-53977-54178-54274-54618-56127-56344-57640-57948-57960-58160-58406-58554-58862-58922-61705-61766-62130-63585-63623-63846-63930-64066-65084-65504-65912-66292-66348-66422-66686-67502-67750-67999-68475-69059-69081-69542-70925-71074-71812-72884-72971-73694-74066-74242-75434-75588-75862-76262-76306-76570-77136-77576-77894-78766-78983-79650-79920-79946-80022-80564-80769-81906-82120-82468-83312-83381-83746-83958-84106-84190-84336-84647-85892-85931-87230-88056-88276-88708-89988-90756-91048-91334-91468-91882-91910-92524-92866-93456-93746-93956-94338-94816-95520-96198-96534-96654-96679-97580-98444-99020-99098-99956-100175-100310-100348-100734-101181-101332-102022-102059-102262-103058-103123-103222-103644-103820-104116-104664-105377-105540-105934-106560-106930-108630-110394-110475-111216-111553-111693-113133-113772-114462-114668
464,997-57483-60741-96267-112365
465,998
466,1001-11353-39215-42841-66915-68938-77231-80095-97939-105323
467,1007
468,1008-25305-39893-40163-40821-52584-52991-74099-107621
469,1013-103979
470,1015-2139
471,1017-66681
472,1018-17462-24816-26640-27288-31166-38892-39726-57500-61328-75319-75716-77886-79533-80001-80692-83208-100906-111520
473,1020-3456-5448-15944-26646-30800-32648-35126-40628-44504-44622-48144-53272-54664-63445-63768-63834-63845-65118-65404-66282-67411-67780-67827-69882-71262-72428-72665-72898-74062-74422-74870-76709-76906-77760-79442-79748-81357-81437-84352-85022-85746-87758-89512-90469-91656-91934-92560-94912-95356-96413-96760-100834-106466-107446-107472-109380-111398-112414-113015-113566-114632
474,1022-2906-16612-19316-21884-26322-33690-34688-38894-40406-45326-53366-53626-58448-59016-59980-61206-71694-74468-77178-83288-83458-91584-93474-100432-100624-103494-105474-108414-111232-114016
475,1027-7867-99779-106575
476,1029-1413-4277-13047-14001-14555-19155-20661-24445-26437-26879-27425-27879-30333-31122-37591-37676-37972-38351-38530-38629-38639-38699-38791-38813-39031-39085-39205-39329-39827-40245-41233-41286-41555-41857-42269-43561-43831-43919-44113-44937-45173-45309-45384-46052-46589-46856-47329-48713-48863-49885-50107-51255-51677-51773-52749-53149-53233-53817-54361-54553-55109-56016-56399-56571-56605-57413-58214-58425-58487-58661-58803-59381-60697-61093-62387-62547-62727-63463-63690-64195-64341-64355-64761-65682-65768-65794-65959-66155-66843-66871-67091-67173-67263-68079-68197-68415-69283-69369-69581-69708-70387-71011-71394-72089-72543-72677-72721-72917-73223-73757-74017-74269-75689-75993-77399-78175-78605-79017-79081-79175-79317-80571-81443-82061-82089-82471-82729-82965-84739-84788-85063-85233-85301-85412-85505-85565-85850-85891-86355-87835-87839-87880-88127-89411-89421-89465-90047-90925-90935-91153-91167-91801-91817-92053-92748-92955-93553-93744-94310-94321-94336-94895-95405-95657-95763-95879-96133-96136-96371-96407-96807-98553-98555-100485-100515-100654-101191-101225-102979-103289-103325-103413-103433-103444-103478-103624-103973-104015-104573-105843-105927-105960-106005-106133-106257-106687-107289-107331-107406-107520-108257-109245-109513-110116-110389-110414-110431-110873-110931-111089-111107-111426-111689-111729-112699-112821-112889-113173-113275-113403-113555-114233-114629
477,1030-6621-9406-20256-27017-29834-36220-37353-38113-39120-39515-40144-41163-43125-45569-46451-49418-50329-51324-55674-56997-58118-60021-60903-64434-64622-69933-71631-76192-77421-80717-80735-82857-83163-83830-84241-87083-87878-89596-91822-91961-93337-93985-98100-98140-101530-101838-103150-104357-104635-106655-108619-110344-110911-111630-112545-113424-114273-114349
478,1033-3671
479,1035-2804-36596
480,1036-10774-19364-31104-49007-50979-63423-68189-73447-84890-88936-95469-112848
481,1038-26828
482,1040-6360-13516-24799-25564-30754-39251-41859-43270-43671-44246-44501-44980-45056-46796-48621-50698-51292-51688-51781-51977-52098-53923-56665-58679-59278-60483-60582-60705-64280-64899-65120-65407-65911-69382-71218-72347-72524-75156-76025-76915-78018-78342-78978-79354-80974-81327-88360-88681-88986-89840-92106-96710-96788-100720-102523-102776-103602-103646-106098-106902-110522-111184-111925
483,1043
484,1044-1246-1812-2108-7746-8078-8556-8898-9594-12474-23796-25922-36432-38100-38511-38820-40316-41542-41544-41720-41934-42582-43006-43520-44233-45088-46412-47086-48301-48379-49229-50438-50820-51030-51496-53459-54017-54826-54962-56102-57261-57730-57881-58036-58926-59506-60190-60560-61362-61938-63770-67668-67851-68024-70290-70778-71704-71732-72166-72298-73603-75158-75212-76498-76688-77004-77061-77478-78662-80044-80488-80768-80984-82812-82886-83054-84028-84904-85360-85418-85466-86288-88382-88750-91529-91757-92510-93378-93506-94950-95008-95230-95916-96202-96442-96934-97143-99634-99640-100778-101474-102402-102662-105376-109046-111450-112136-114419
485,1046-60854-65668
486,1048-3370-3760-8468-9610-12427-12866-15008-16244-16490-17680-17728-19446-19964-20058-20966-21620-22312-23732-32554-32888-33388-34148-35634-37580-37712-38555-39508-39748-40460-40783-41736-42074-42505-42573-43674-44279-44666-44686-46752-46909-48496-48677-48842-49363-50149-50887-51332-52499-53867-54448-55073-56156-56159-56548-56891-57380-57620-58741-59245-59462-59654-59700-60029-60108-60580-61541-62490-62778-63177-63180-63504-64487-65330-65508-66799-67078-67770-68109-69615-71288-71706-73911-75524-76640-77277-77313-77682-78042-78170-78193-79121-79375-79811-79916-79930-79955-81448-81710-81836-81915-82847-83456-83635-84186-84865-85048-85379-87025-88069-88156-89099-89780-90313-92530-93512-93572-94697-95364-95770-96221-97951-98092-98725-98897-99424-100497-101617-102075-102782-103052-103193-103654-104452-105099-105695-106350-107623-108051-108288-108307-108900-108978-109263-109376-109733-110076-110080-112816
487,1051-35449-42013
488,1053-21677-34003-38063-42791-44551-56453-62765-67729-74063-81209-84911-85887-90247-92547-99011-99217-103855-108453
489,1058-33662-72458
490,1063-32215-37543-45323-108789
491,1067-7675-30591-48999-50755-58095-61327-72779-91711-96183-108869
492,1068-95966
493,1071-46776-112441
494,1073-1369-2487-30231-30913-33085-37405-50907-51327-54439-54911-56225-61999-72003-77748-78591-86421-95234-96719-97067-102267-110323-111685
495,1074
496,1076
497,1078-3088-6622-12994-15212-16308-23524-25494-26874-28475-30766-31408-33714-38632-38840-40929-41578-42596-45089-45352-47078-47670-49133-49806-51254-51826-51964-52817-53672-54004-55170-56671-58568-62358-63249-64278-65712-65913-66472-67461-68269-70551-70877-71306-72667-74566-75079-75166-77214-78182-79672-79686-80236-81610-81702-81863-81992-82428-82976-83864-83879-85610-86029-86375-87225-87824-88172-88846-91486-92512-93461-95669-97462-98556-100273-103115-103274-103306-103510-103954-106400-108088-108158-108470-108662-108948-110558-110570-110922-111438-112377-112552-113792
498,1081-20942-32318-39050-39814-41851-41990-42685-43879-44888-45692-46107-46150-46471-47110-47185-47602-47656-47951-49151-49555-50461-50594-52787-52917-53819-55972-58252-59441-61217-61989-64026-64036-64054-64149-64969-65023-65202-65434-66070-68798-69357-69550-70959-71329-71689-72368-73110-73651-74506-75176-75314-75739-75809-77139-77998-78920-79501-83562-83577-84266-84707-84913-85199-85837-86019-86818-88336-89634-90438-90693-92355-93143-93701-93900-94119-94422-95351-96424-97637-97721-98151-98312-98767-99284-103133-104151-104701-107174-110187-110282-110516-113148-113484-114173-114367
499,1083-3576-4577-17324-29344-30808-34090-51871-54838-56896-59687-60953-66307-76856-78449-79400-83315-90085-94846-106403-110616
500,1084-22067-36604
501,1086-7080-16344-31726-36567-38399-38520-39771-40963-42045-44244-45113-52330-52456-53555-59122-60172-60861-62843-64397-66289-66989-73838-75087-79559-79725-79895-82389-85281-85784-90859-90906-91146-91219-93177-94147-94789-95069-96450-99155-107254-107986-111042
502,1089-23734-25740-44901-61227-81243-88133
503,1092-12834-25506-37882-38022-38842-39252-39298-39460-41146-42178-44322-47980-53236-54382-54810-55118-55174-57220-58824-60671-63894-66754-67368-67714-68802-69460-73328-74316-74494-77918-78682-78930-80076-80216-80875-80958-82212-82473-84806-100694-101794-106441-110978-114036
504,1095-34925-45897
505,1097
506,1098-23208-45592-50554-52324-56486-63236-74754-78546-91754-91870-102922-104762-111486-112194
507,1101-18993-21489-29085-31205-45477-64027-102895
508,1102-31474
509,1104-2444-4496-10652-21332-28262-35874-39262-40958-41042-41498-50994-51682-53238-62576-65501-66102-66874-67380-72336-75028-77980-78032-78284-80678-82536-84804-89258-90342-92264-92756-94620-94860-96454-96792-98212-99564-99912-103428-103636-104448-105688-106616-106736-107282-114338
510,1106-5622-6682-19238-22154-22460-27122-35770-37266-40230-45590-64030-66850-67710-78650-101772-112098
511,1109-26958-57638-99621
512,1110-7562-7918-16882-41850-100428
513,1113-13679-20879-27358-28403-30787-31154-33803-36836-40715-41059-42537-46873-47277-48131-48802-49071-52287-55815-56429-57107-58464-59130-61772-62014-66737-73121-75888-76129-78663-80291-81622-83187-84660-88653-88989-90325-91083-97249-98912-99265-114628
514,1114-35916-44050
515,1116-5082-21096-26034-37808-64225-95425
516,1123-8971
517,1124-4196-13697-23358-23376-33684-37672-37984-38940-41461-44068-45350-45882-47870-48028-51920-52200-55138-56384-60770-61091-61853-62732-62953-66794-69067-72137-72475-74258-74843-75184-77392-77604-77827-78776-82646-83526-84116-86494-86800-87105-94057-94905-98438-98493-98664-98709-99338-100346-100937-102012-102530-104186-106076-110243-110550-111247-114623
518,1126-2778-3202-12160-13146-13836-15023-22688-23452-27472-28502-30674-31116-35942-37838-42491-52673-68371-73722-74298-76922-79692-83364-88496-90992-94200-94410-100311-104816-106821-110508-113894
519,1128-19015-46890-56719-62963-63331-64594-67134-76541-83007-86192-90037-93801-97077-101439-108990
520,1131
521,1136-10422-16811-74928
522,1139-40780-49400-71447-84945-96970-98107-101973
523,1140-1606-17864-20360-22230-27256-40372-44454-44946-46944-55552-57519-63640-73774-77108-87718-94383-94876-102654-105660-106464
524,1143
525,1144-3056-4180-5358-6558-12528-12992-14146-16110-16140-18594-19026-24496-25280-28079-31289-32488-32976-34855-38669-38985-39499-40004-40890-42392-42482-42590-42703-42834-43074-43466-45046-45247-45735-46907-46984-47386-47472-47858-48052-48258-48518-48969-49878-51979-52841-52895-54572-55252-55612-56297-57147-57670-59376-59633-60266-60302-60386-60545-61482-61610-63206-64226-64941-66228-67515-69416-70425-71629-72878-73636-74629-74732-77366-77846-78531-80088-81368-81860-82540-83446-83975-84415-87376-87669-88057-88178-88928-89700-89711-92172-93153-93247-94165-95037-95546-95736-96583-96598-98089-98348-98840-99796-99938-100000-100309-100525-100548-100728-101151-101161-101727-101896-102484-103149-103772-103835-104101-105450-105620-105803-108305-109400-109447-110047-112580-113284-113979-114601
526,1146-1269-12220-23650-38849-49485-55786-55804-59886-65865-68427-73505-84969-88151-90353-96537-97534-103386-107721-109698
527,1148-10585-26788-43550-46161-62216-64799-76386-76518-77797-88402-103255
528,1151
529,1152-30994-43982-62672-82482-82826-111474-113134-114120
530,1155-101059
531,1156-22072-26539-27318-34477-47292-49073-62396-63748-79924-92741-95767-98833-103902
532,1158-13042-37736-38935-87440
533,1162-2387-4218-8935-12004-12073-22088-25457-39723-41750-41965-44808-45683-46735-47717-47943-49005-54518-59136-61344-61759-66862-70874-73440-78764-80217-87846-96451-96700-100331-100987-103406-105552-109500-113058
534,1164-17280-58178
535,1166-11810-16663-25816-34574-35699-36028-60230-63433-64770-66056-70774-74286-81948-86736-99170-104147-105928
536,1169-1424-43387-96368
537,1170-27885-49483-71027
538,1172-4572-6141-27432-37711-43066-45376-69558-104706-114766
539,1174-10833-15904-22574-26602-31683-34786-36838-37163-39410-39603-39729-40154-40447-40462-44129-44538-48402-48744-49497-50099-50778-51121-52139-52453-55298-57644-59950-62503-65420-65747-66223-68715-69808-72233-74789-76465-78107-78883-81292-82380-82742-85865-85949-86207-86894-87356-91433-91891-93275-94258-95651-96523-96793-97132-97610-99491-100001-104097-108406-111360-111954-112165-113011-113136-114265-114310
540,1177-5594-32556
541,1180-4926-17940-37620-42903-67773-69716-73863-77090-82526
542,1183-7933-58772-77026
543,1184-77190-81419
544,1187
545,1190
546,1192-8520-31144-38395-38784-38962-45076-47739-47860-48917-49448-53266-53778-54512-55662-56066-60790-61551-61810-63435-65020-66558-66802-68022-70312-71916-74458-77094-82172-83152-86134-90521-95470-96140-97264-97846-101782-104046-109634-110278-113650-113959
547,1194-10014-19270-27824-33212-38686-78664-97180-102278
548,1197-35331-37401-37747-38956-41217-41475-42073-42237-45497-48235-49712-49715-49933-50153-50678-54587-54686-54983-57151-58940-59222-61539-62289-64782-71370-75208-76364-80772-82936-85676-90417-91340-91605-92654-94140-95821-98230-99331-104836-105367-105627-105865-106058-106485-109484-109880-110813-111871-113338-114556
549,1198-5002-19013-29014-34766-45135-46253-46745-57364-71836-77362-78561-81226-81475-90042-114359
550,1203-2583-84862-98188
551,1205-2097-20776-25643-35223
552,1206-8825-9199-9431-9929-22555-27367-41804-44037-47939-51570-55740-59873-61685-64222-64491-65389-66499-69061-70605-74433-75169-75236-75445-80490-82797-84645-85661-86221-88326-89703-91606-91966-93759-95621-101529-106211-112207-114665-114852
553,1210-11611-12694-21980-22692-32066-40341-43495-44448-45095-46753-49376-51101-52153-53478-55654-66875-67631-68984-69005-70161-70171-70189-76447-78857-81121-81256-84480-84495-87343-90560-92317-94143-96169-97694-98627-98792-99901-100340-101899-103474-107903-110548
554,1212-26214-30528-30686-35014-37421-37441-37899-40405-40827-41732-42223-42633-42836-44547-50370-50742-51291-51985-52364-53181-54147-55053-56329-56457-57722-58839-59631-59635-59715-59929-61350-62190-64966-66448-67095-68202-68285-70371-72568-75007-75203-75735-77105-78760-79440-79607-80081-80250-80553-81469-81627-81975-83350-84717-85380-86616-86732-89298-90599-91516-91880-94182-94493-94711-95139-96524-97623-100829-102437-102801-103021-105067-105799-106156-108212-108564-109219-110691-111078-114138-114317
555,1215-3445-5385-11839-15785-18103-18807-33519-36741-37471-37507-46537-47605-50587-54605-59685-61469-63059-74551-76873-79847-80155-87257-87403-89201-100679-102483-113469
556,1217-15098
557,1219-3387-52685-55567-55677-56377-60043-64201-72135-77327-78487-79707-80335-82791-83965-84673-84983-87431-89347-93655-98435-100471-104391-104733-110263-111795-113057
558,1220-9782-20324-27502-45971-54955-57069-57206-58738-59174-60336-65299-71138-71960-73232-73876-74988-79060-83882-85986-88051-89031-89572-94610-96406-100846-110600
559,1223-2171-4725-5727-6253-7165-14067-14627-16083-16735-19283-27391-33429-37885-37975-37999-38036-38483-38568-38643-38839-39118-39679-40213-40275-40871-41001-41093-41350-41520-41701-41819-41899-42149-42409-42614-42721-43217-43537-44545-45181-45220-45225-45533-45561-46272-47023-47189-47279-47609-48360-48503-48629-48803-49039-49111-49171-49911-50351-50499-50661-50665-50992-51137-51209-52163-53005-53231-53941-54027-54485-55562-55915-55927-56041-56081-56235-56561-57099-57165-57291-57415-57537-57585-57707-57969-58127-59339-59736-60205-60783-61043-61495-61949-62053-62297-62585-62591-62899-63093-63397-63417-63568-63867-63875-64903-65249-65447-65647-65658-65725-65817-66061-66313-66333-66363-66781-66825-67011-67139-67373-67433-68445-68525-68833-68891-69791-70692-71047-71395-71581-71693-71921-71987-72210-72311-72397-72449-72481-72493-72838-73267-73633-73681-74057-74394-74947-74961-75549-75581-75608-75629-75727-75821-76143-77069-77183-77221-77294-77310-77873-77902-77969-78127-78429-78527-78724-79219-79259-79492-79797-79857-80035-80105-81344-81569-81573-81603-82133-82359-83061-83229-83887-84276-84891-85013-85325-85795-85842-86043-86079-86169-86233-86391-86493-87280-87427-87873-87907-88011-88035-88153-88628-88982-89269-89375-89379-89381-89509-90159-90357-90589-90681-91498-91559-92705-92717-94377-94471-94573-94713-95215-95219-95373-95479-95511-95861-96113-96247-96299-96477-96952-97911-97941-98007-98031-98827-98829-98853-98921-99219-99305-99413-99861-100307-100651-101331-101717-101837-102265-102405-102541-103030-103181-103367-104261-104479-104521-104725-104787-104831-105061-105513-105711-106167-106215-106329-106373-107107-107237-107605-107813-107825-107969-108649-109191-109223-109825-109877-109927-110086-110201-110679-111313-111533-112375-112605-112689-112809-113477-113499-113917-113999
560,1224
561,1227-8814-10828-10885-13564-16161-16531-25866-30291-33927-38111-38139-41491-42037-42068-45689-45837-46058-46947-49309-49381-51226-53359-54454-56805-56903-57869-60101-60611-62630-62813-63951-65679-65713-68195-69810-71535-74053-74587-74799-81055-81074-83553-83798-85073-86096-86945-88148-88469-90338-92651-94864-96787-97309-101000-101231-101926-103924-104077-105997-109758-113175-114471
562,1229-9095-11230-13298-14084-27630-35866-41639-50922-71868-78314-91336-112527
563,1230
564,1232-3426-9941-32412-33050-33784-34629-38018-38404-40025-40811-41246-43373-44096-44178-44782-47312-49822-49936-50589-51729-52815-53694-53826-55952-58355-62245-62271-63787-66405-67464-68503-72584-72619-74304-75683-76866-79765-81140-81479-82453-83803-85286-88799-88828-89506-89583-89865-94399-95284-96570-97487-99015-99042-99174-100360-106761-108419-108861-110638-112263-112704-113182-114536
565,1236-9558-21534-26932-114694
566,1238-1964-7390-47944-63784-64500-72926-77560-79166-87029-92378-94931-95359-103110-107492-109778-111082
567,1241-3285-14699-48381-52781-56962-57095-72007-80851
568,1243
569,1244-7744-8098-9330-12572-22358-25420-25910-34098-37072-40273-42411-42612-44380-48133-51669-51721-53587-54865-60713-67312-67941-70943-72700-74328-79423-80009-80052-82510-83962-84268-87766-91484-92869-94670-95367-96440-97857-102018-102239-105422-108791-109961-110547-111677-114334
570,1248-4378-21766-75220-76271-108872
571,1257-25271-39465-41389-50087-64303-66937-75935-80427-97268-101141-105653-112713
572,1258-7490-13996-16496-18908-26586-33322-35424-37212-38458-39052-39316-39526-41135-42679-43898-46102-46872-47116-47237-47666-47809-49950-50066-50426-51760-52846-53596-53950-54012-54212-55188-55896-56438-57260-57694-57930-58248-58760-60610-60648-60744-61061-61422-63782-64354-65806-66706-66960-67796-68434-68991-69528-69554-69774-69960-70054-70116-70352-70436-70533-73531-73560-73752-73868-74756-74860-74974-75402-75626-79230-79889-80158-81084-81771-82328-83150-83670-84838-84986-86104-88814-89247-89414-90880-91052-92267-92816-93274-94323-94561-94822-96058-96609-96644-97086-99950-100022-101662-101940-105698-106290-107310-108046-108165-108201-108554-109032-109536-110018-110352-111086-111312-111465-111734-113608
573,1261
574,1263-10863-17139-22056-28831-35941-41259-46619-48865-51364-72939-76457-83860
575,1264-30186-90764-112802
576,1266-11010-16598-26118-26902-26955-30856-32093-33237-33538-33570-40279-47876-48450-49910-50072-64581-68239-79187-80184-82813-83292-93322-93858-96743-97752-99245-104119-105583-108442-110848
577,1271-38623-72918-76909-84751-92935
578,1275-27867-28492
579,1276-20545-35048-38584-39681-39954-42077-42217-45824-46040-46076-46724-46755-47137-47611-47915-52291-53251-53529-53577-53649-54211-54548-54669-55423-55819-55934-56858-56881-57026-57661-58290-58964-59876-60196-62267-62399-62739-63537-64604-64681-65025-65413-65977-66079-66169-67557-69423-70411-70664-70700-71841-72050-72679-73704-73979-74385-74461-75249-75763-76545-76615-76951-77331-78458-78969-81843-82174-82234-82408-82627-82830-82894-83156-83181-83317-83465-84487-84757-85295-85708-85921-87781-88631-91136-91705-92058-92606-94385-94394-94980-95288-95772-95927-96737-98812-98920-100167-101157-101223-101251-101293-101431-101475-102114-102190-102287-102371-102509-102990-103503-103547-103811-104746-105011-105136-105597-107128-107667-109367-109472-109925-111349-112303-112341-112359-112379-112477-112880-114181-114833
580,1279-7233-8749-12917-18637-25963-32329-32377-43023-44177-46167-56469-59769-65167-66393-77997-101121-103139
581,1280-8061-27411-29389-31063-52619-59251-80753
582,1282-46496-76134
583,1288-47158-103307
584,1291-4593-13057-25733-43491-78577-86893
585,1293-99971
586,1294-33592-46903-74530-92002-103598
587,1297-10138-11912-36480-73549-82435
588,1298-7972-12392-13232-17524-17895-21696-22737-26474-32886-32950-34557-39925-40099-40803-41852-48312-50282-50794-52964-56104-58335-58348-61566-63370-63524-65010-66852-70953-71226-76372-77019-78172-78642-78886-79250-84766-85021-85555-87090-87443-87685-90861-96795-99320-101595-103630-112499-113671-114319
589,1301-102941
590,1302
591,1304-15320-18644-21326-76978-80028
592,1306-6455-9447-22754-38609-38963-49518-79878
593,1309
594,1311
595,1312
596,1315-7693-34501-41939-46365-59467
597,1316-13044-35273-59782
598,1319-6999-11027-11391-11417-11961-12356-12865-14805-16093-21341-22883-28557-30045-30909-31136-35597-38358-39533-39619-40173-40931-41141-41552-41695-41703-42009-42177-42385-42483-42515-44331-44449-44605-45227-47383-47913-49187-49389-49397-50161-51269-51498-51507-51805-52011-53513-54243-55515-56317-57020-57319-59385-59587-60039-60279-60785-61153-61195-61304-61941-62425-63188-63517-63865-65631-65677-66153-66181-67089-67423-67781-68917-68971-69007-69017-69321-69429-71241-71978-73859-74189-74699-75053-75621-75819-76053-76329-77567-80405-81141-81875-84049-84189-84843-85241-85542-86227-87844-88139-88509-88623-91193-92853-93421-95521-96603-98009-98741-98807-99533-100447-102362-103073-103227-103248-103627-103799-103816-104399-104803-105013-105713-106261-107109-107711-107847-108885-109299-109759-110382-110415-110443-111037-111439-112688-113947-114513-114823
599,1321
600,1323-12659-15659-18391-18417-21683-25709-32191-37153-39283-42064-42615-42742-43991-45714-48783-49043-50283-50771-52617-53425-54049-57577-59279-60027-61271-61943-62205-62323-63027-63065-63290-63399-64797-66827-73359-73857-76497-79549-79979-80680-81309-84661-85433-85883-86015-86279-87583-87852-89873-91897-92875-93961-94621-97464-97595-99213-100615-104879-105063-106191-106487-107060-108611
601,1325
602,1328-35402
603,1332-11950-15520-39709-39839-41625-42090-44102-45502-47482-50369-52775-56124-57955-61245-61603-66114-66158-68754-70284-73036-77082-85530-86139-87362-88320-92646-96014-97100-98550-99258-102158-103029-106980-107224-113178-114525
604,1337-9457-25882-65877-114158
605,1339-2913-9937-19345-30271-34131-34425-36627-36979-39161-39463-44061-54721-56721-59025-61529-63957-79991-80623-81461-81753-83363-83597-83827-84011-86041-86369-87389-87787-89043-92451-93167-96837-104899-104937-107257-107531-111079-113531
606,1340-4856-6792-6996-8694-9144-9914-11528-11864-13018-13204-14482-18878-19100-20394-21934-23296-24072-24914-25360-25604-25840-27054-28190-31250-31290-31828-31906-32274-41049-43435-45697-45861-47365-48286-50126-50249-53261-53862-55590-59321-65564-66920-71760-77173-78060-82036-82958-83499-83775-85817-88677-91242-92968-96316-97217-97664-102987-107480
607,1345
608,1346-87951
609,1348-109914
610,1350-3676-9018-15204-19672-26016-37392-37724-38676-39248-40074-40326-41870-43598-43885-44300-45834-45912-46023-46123-47219-49681-50074-50094-52853-53178-53264-53676-55532-56037-56876-56894-58470-58530-59204-59615-60274-60666-61806-63964-64683-64854-64986-66236-66483-66757-68254-68952-70384-70555-70890-73032-73357-75864-79064-79278-79665-80224-80314-80321-80905-83082-83283-83323-84048-84378-85548-86218-86220-88960-89324-89987-91353-93602-95370-96586-96596-96973-97047-97078-97558-98626-101606-103186-103206-103658-103722-103734-103832-103864-104157-105050-105087-105186-105296-106291-106420-106716-107494-107693-107895-109867-109956-111272-112089-112735-112782-114552
611,1353-6287-7345-22135-40959-42063-44334-44927-49353-49479-53421-57351-58659-63389-65946-66297-69907-72201-72657-72889-75543-78721-79504-81233-83897-84597-86383-86849-87385-92377-99017-100603-104835-111189-113181
612,1355
613,1357-1556-5423-7619-8132-9042-11170-13028-14064-17700-22382-23057-26476-31223-33696-38282-38776-38947-39309-39614-40011-40875-41898-41977-42423-43582-43843-43899-44339-44465-44971-45015-45565-45619-46342-46349-46738-47012-47567-47723-47802-48964-49207-49739-50342-51687-52085-52247-52906-52963-53433-56120-56796-56874-57808-58213-58541-58684-60737-60767-61189-61280-61684-62487-62831-65667-66474-66797-67211-67416-67683-67971-68033-69016-70063-70380-70417-71037-71117-72175-73213-73980-74453-74619-74875-74984-75172-76815-77475-77591-77617-77819-80284-80424-80593-80805-82298-82675-82835-83065-83231-84082-84324-84606-84681-85919-87533-88573-89916-89932-90212-91036-91992-94944-95692-95971-96613-96726-98426-99114-99900-100318-101265-102315-103586-103631-105308-105783-106722-107072-107155-107211-108510-108603-109075-109077-109256-109573-111885-112295-112678-112718-112800-112851-113244-113314-113643
614,1359-6136-8363-11489-13411-15707-17222-18921-21559-24419-32257-33608-36856-38619-38851-40813-51197-51271-51604-52754-53979-63134-66417-69763-70503-77856-82505-84452-85699-86524-86573-89629-90219-94363-94539-97549-106562-106643-107241-108780-108795
615,1362-11482-42610-57310-90156
616,1364-16032-38562
617,1370-5598-18492-34636-39287-57396-58172-67808-87203-103696
618,1372-1904-2970-4129-6153-8505-11046-13048-18444-22723-22789-24598-27117-29595-37032-37721-38551-39037-39307-39647-39867-39980-40033-40184-40303-40989-41599-42033-43799-44299-44511-44574-45854-45883-46256-46344-46409-46949-46978-47097-47289-47401-47776-48881-49415-49798-51629-51839-52164-52907-53139-53476-53569-53593-54156-54209-54604-55059-55518-55557-55913-57192-57317-57326-58191-58517-59179-59674-59867-60313-60457-60501-60749-61110-62227-62706-62788-62955-63719-64530-64843-64900-65124-66029-66340-69513-70282-70723-71603-73917-73978-73986-74496-74664-76663-77623-77661-77730-78131-78208-78319-78651-78869-79473-79681-79892-80362-81977-82079-82599-83345-83940-84075-84333-84492-84649-84871-85074-85712-86145-86877-87004-87231-87618-87925-87941-88229-88993-89991-91181-91208-91753-92487-93351-94970-95141-95456-97203-97382-97867-98854-99043-99692-99704-99931-100089-100701-101234-101444-102170-102631-103019-103369-104167-104606-104881-105222-105819-105820-106181-106518-106535-106852-107334-107371-107405-108205-108896-109119-109342-109695-109749-110149-110388-110757-111175-111316-111650-112137-112546-112893-113151-113296-114168
619,1375-24011-25903-26677-37611-42435-46173-48117-55734-66071-73607-79137-83093-86247-87238-92881-93963-96191-99382-103498
620,1376-10068-17632-54220-73786-88387-91412
621,1380-2174-9765-31098-66637-67861-87554-99093-107417-111116
622,1383-12012-12721-22421-23911-24171-31619-47707-49775-54240-71997-79307-86793-95735-112867
623,1384-8086-48388
624,1389-4935-5831-12165-13787-23372-30065-39511-41035-41604-42307-43380-46917-47382-51070-51911-51929-53027-54231-54435-54575-55031-55695-57111-58144-60306-61628-65987-70957-71625-73125-73756-73785-78400-78793-80089-80281-81398-83232-83301-83947-84095-85047-88231-88417-90535-90657-92073-93517-95693-98651-98865-99995-100699-102430-103188-105895-108405-108806-109782-111273-111522-113085
625,1391-26095
626,1393-5124-5579-9846-12487-12705-13751-14215-14703-15580-18703-20907-23295-24567-28807-29286-38679-38729-38781-40507-40673-41160-43379-43486-44700-45746-46056-46206-46739-50179-51283-52851-52904-55280-56339-57551-58553-59249-59359-60649-61171-61323-61921-62593-63912-67569-68001-68063-69141-69398-69457-69472-70162-71465-72909-73484-73975-74155-74239-76181-76736-80472-86915-87020-87652-88996-90840-95610-95774-96353-97166-97651-98787-100401-100461-100739-101357-103665-105659-106398-106459-106504-108653-109327-109799-110791-111153-112243-113183-114130-114263-114667
627,1394-16134-16178-16462-19399-21280-25132-27478-29302-29470-29786-30860-30970-31604-34202-39998-46430-48979-49506-50682-50697-60452-73115-73682-77207-79746-90750-91378-103606-109729-110704-111212-113494
628,1397-2769-5335-24667-26543-32033-34868-36381-37259-38737-41560-43811-43817-45380-49515-52523-55717-58651-61783-67605-67704-69525-69622-70967-73207-76003-76245-76637-78295-80115-83107-84325-84499-88431-92701-95211-96411-97617-101949-102303-102477-104867-105575-106229-112235-113763
629,1399
630,1400-11546-28426-40071-44404-46895-49331-70415-83983-86978-88542-90492-91068-92759-96395-98469-100761-105000-107849-112753
631,1402-5018-13198-13866-19286-50393-55862-66502
632,1404-6784-12184-17992-33632-37818-40375
633,1407
634,1409
635,1411
636,1414-12774-37541-46885-58764-63610-66248-83712-89767-99500-112476
637,1419-44003-45819-45889-49031-66199-75285-78603-90003-90179-90613-92242-101883-103761-109873
638,1420-1449-2482-4346-5057-8332-9072-9920-11868-12002-15720-15807-16282-16353-22000-25948-28182-30241-31240-34132-36051-36950-38089-39341-39913-41543-41837-41839-42552-45543-47138-47952-48490-48830-49559-50513-51414-51666-53097-53786-58383-59358-59660-60345-60754-61146-62556-62838-62901-62993-63126-63391-63975-64087-65494-65704-65738-67703-70089-70883-71525-72238-72440-72479-72585-73805-75525-75795-78665-78785-80023-80562-80770-81790-82475-82867-83973-84174-84676-85125-89208-89343-90408-91258-91469-92415-93179-95428-96809-98515-98936-99447-99834-100190-101333-102710-103539-104103-104569-105678-106141-106316-106649-107151-108010-108827-108875-108950-109628-109938-110081-111041-111233-111461-112440-113411-113662-114257-114295-114717-114862
639,1423-17309-24933-49616-71429-86698-99943
640,1428-17422-17656-23026-30356-32468-38866-43642-44033-45538-48524-48720-49354-50454-51870-52684-54422-56816-59541-59724-63382-63508-65736-66442-66726-66782-67124-72104-78586-78878-86098-89090-90066-90452-93992-95170-97238-97598-100646-103622-107006-110306
641,1431-4774-13334-13504-18414-26584-35764-40082-44584-49200-54055-61167-77946-79478-86718-99438-104996-105945
642,1432-27040-53660-78674
643,1435
644,1437-32911
645,1439-22075-34246-40034-40179-51743-53847-59029-64154-66034-80119-85038-92063-95856-101585
646,1440-5500-13602-16312-17084-19160-20244-26078-36116-37484-47612-53860-56746-58880-59003-61634-62740-71278-73602-74748-75074-77718-79134-81768-82600-82716-90583-93044-111100
647,1442-89096
648,1444-3545-4583-4713-5267-5296-5677-5697-9805-13361-14511-15325-16207-21077-23543-26341-26823-27839-30819-31015-31405-31593-31613-33167-34693-35439-35509-36573-42985-55637-69997-78228-78942-78950-93648-94956-102707
649,1447-1798-2578-4930-13404-14524-23253-37557-42363-44603-51745-51996-56173-58034-60974-80948-84285-86144-86317-87008-92185-96475-103480-103891-103983-104241-106144-106573
650,1450-30192-47784-53940-62320-68610-83926-88004-100672
651,1452-11214-63061-72860-75201-80167
652,1455
653,1457-16019-65168-79952-100330-100363
654,1461-1723-4769-10969-11153-13103-21041-31685-32367-40977-58447-75793-89025-90873-93577-98101-106605
655,1462-1950-2492-4266-6058-9250-38542-39036-40528-50300-56576-57438-61430-65156-68966-80380-80840-86806-92426-103034-104340-105644-106444
656,1464-2056-22498-37968-45191-56260-62946-69153-77454-83969-86266-90082-90200-99128-109793
657,1469-2541-20269-24151-36133-50659-103950-111719
658,1470-5462-6181-40700-48886-50652-71526-73454-75058-86322-92294-95362-110280
659,1476-30828-38009-38862-46598-57018-59372-64922-65201-72614-82582-83809-84346-90884-97898-99952-102356-105208-107694-111853
660,1478-6336-9016-13970-14032-37964-41880-47202-50148-52078-52250-55490-56578-59528-62518-66824-68882-70532-81674-86520-88872-96878-101370-102244-110084-112886
661,1480-11107-18067-21172-32411-40602-41074-50061-50451-51224-53623-61174-68625-69160-73845-79731-80489-82825-87768-95477-96060-97807-101456-107518-109102-110839-113166
662,1482-42391-45634-47563-53635-63879-69659-80116-90945-92820
663,1484-13838-16466-17356-36126-54540-66540-80406-82714-103796
664,1487-2257-100120
665,1488-49271-51732-55478-91828-108728
666,1491-23755-39387-48925-50403-65881-66813-67271-68005-70979-72083-79191-84705-88523-89419-94773-98685-100873-101541-102839-103601-105522-107229-108923-110165-112383-113239-114345
667,1492-3414-9590-12054-12418-16814-22432-30656-40858-42758-43020-43485-43934-50846-51408-52160-55760-60896-63694-63716-64480-64641-65142-66596-67666-69906-70328-71399-73068-73628-74162-77114-77870-78361-78386-78616-78896-79170-79544-81953-83383-90343-90465-90966-93330-97542-99934-103882-107862-107938-109804
668,1496-4466-13510-42798-45924-46506-48530-49591-69166-78133-79638-84524-107688
669,1498-11288-12230-17722-18562-18912-19986-22720-29879-38759-39988-51012-53376-54890-57262-59484-65787-69908-71796-81820-84254-84332-87295-93911-96624-101621-104656-107979-109244-109371
670,1500-7322-9151-15928-16998-34472-37691-40604-42191-45488-47846-64651-73388-75528-75944-75970-76668-77143-77599-79444-82548-86158-86261-90062-92084-94531-94614-99234-103344-103674-108566-111396-112233-113741
671,1503-48523
672,1505-7896-11712-14352-16512-17672-18334-34326-37328-44124-46154-46184-46210-46285-46534-54930-55680-55778-59214-62710-64872-68135-70222-72803-74144-79694-80607-83332-84934-85893-108512-110205
673,1507-36959-48191-78083-91639
674,1508-48192-50064-54784-57204-71182-71509-77911-81931-82462-83826-84004-91925-92961-96306-100537-106796-109942
675,1511-49452-64932
676,1513
677,1518-2340-16860-20308-20600-26984-29427-29586-31286-35168-42368-45495-69126
678,1520-4288-6884-8008-12349-14628-19384-25718-27221-29944-40518-41320-41611-44836-44920-45306-46454-47140-48696-49093-50096-51154-51187-51435-52090-52466-57090-61002-61198-61274-61658-66491-67426-69322-69653-69896-70322-70755-71771-73770-75953-77321-79514-79858-80350-81986-82215-84466-89554-91092-92190-94166-99726-100976-101734-102116-105498-108188-109650-109905-110224-110977-111054-111835
679,1522-26851-28418-36342-36679-40950-40997-43987-45708-52848-56508-59302-70266-71048-72663-79043-82642-85900-88721-95706-97120-106666-112585
680,1525-8051-9147-73050
681,1533
682,1535-13031
683,1537-2385-2655-6368-7203-31941-32845-37469-40955-42915-45918-46503-50913-51352-53542-54651-55205-55296-55625-57763-58063-58707-61411-61459-62872-63915-67721-69644-73051-74233-76010-76433-87157-94921-95321-95397-98281-99201-100065-100897-101895-102649-104383-109271-112082-114119
684,1538-33740-73074
685,1543-2680-7185-16632-16964-19901-22182-24056-28249-40664-43290-43322-52847-53714-56136-62755-77768-80793-97738-103956-107340-111935
686,1544-2674-17737-100543
687,1549-40662-69098-96031-113983
688,1550-17153-25669-32817-39208-42917-45779-46817-47921-47959-50990-58088-58206-60459-62131-62923-66501-69637-70645-72123-73553-76594-77868-86420-94815-97751-98844-99000-102488-109803-114606
689,1553-3289-7126-11329-19279-21183-26968-28121-29323-30331-33639-35762-36224-38745-39170-39348-41476-45087-45879-46117-46594-47422-47934-49014-49025-49373-49437-50347-51850-52573-53037-53345-53588-53868-55646-57635-57860-59683-61574-62377-62803-63367-64014-64861-65726-65753-66433-67050-67532-67760-68870-68973-69978-74383-76121-76180-76267-76613-78065-78088-78767-79091-79239-80890-82456-83209-83787-85140-85228-86759-86772-89963-90070-91835-92681-92723-94253-96088-96340-100648-101364-102395-104439-104539-107091-109043-109546-110095-110840-112959-113596-114090-114509-114686
690,1554-7890-56644-74355
691,1558-29634-40860-65272-68013-75936-98927-107195-111260
692,1561-5849-21331-22935-23763-40614-51434-95306
693,1562-20108-37776-61042-88942-89949-94205
694,1564-16170-26229-52397-64713-68290-70867-81722-85068-88403
695,1567-16879-45759
696,1568-16794-23406-28562-29342-41874-42326-42736-42884-43504-43820-46354-56314-63622-63658-67792-72256-76816-76872-78774-79116-81060-81439-83102-88348-89728-90494-95982-97214-98076-98236-99878-102864-104614-105084-108670-108736-112670-112784
697,1571-1629-14999-19339-29724-73594-81397
698,1573
699,1575-27909-39345-45267-47525-56499-57667-66469-90425-96205-96853-105339-107669
700,1577
701,1578-4966-9615-11578-12044-15554-17228-20667-24303-26632-29541-33742-36871-41195-41921-48271-49022-52822-56589-59173-70651-72730-76123-76131-81557-83936-86470-87465-90447-97074-107702-113971
702,1581-6725-10226-10398-21405-23263-23335-28187-34471-41999-45111-49419-51221-52487-57885-58753-59329-62385-64064-68413-68945-71521-75477-79833-86981-88381-90153-90191-92561-93101-93534-97787
703,1583
704,1585-1877-2157-3455-9999-16085-17653-18337-19125-24833-25009-27363-28233-29665-42869-43291-43981-45269-47117-47621-48041-49761-50375-50475-51642-53499-53707-54253-54541-54749-54847-54981-55035-56347-56993-58785-59056-59729-59793-61399-62599-63189-63587-63779-66005-67535-67675-69127-69769-69867-70193-70485-70495-71021-71439-72797-73493-73735-76231-76631-76983-77091-77729-78023-78975-81097-81691-82623-84663-85999-86005-86071-86569-87093-88693-88713-89651-90653-91333-91962-93459-93844-94501-94581-94673-94943-95483-96039-96401-96779-97011-97337-97451-98719-98825-99957-100563-101199-101301-102651-102781-105421-105503-106515-107097-107940-108605-109407-110013-112603-112861-113649-114903
705,1586-53202
706,1588-1738-2822-5380-12444-12806-14658-19110-22584-24222-25597-30396-33782-34224-34514-34876-37451-37467-38013-38304-38931-38987-39483-39512-40190-40424-41212-41786-42219-42225-42967-43242-43756-43772-43865-43911-44011-44412-44737-45110-45233-45766-46642-46695-47539-47769-48103-48259-49264-49457-49578-49746-50804-50932-51004-51417-51548-51572-52257-52311-52463-52486-53025-53346-53383-54077-55178-55253-55893-57738-57964-58033-58544-58869-59369-59377-59420-60075-60267-60335-60748-60769-61940-62206-65641-65876-67823-67867-68075-68412-68577-69095-69304-69932-70066-70186-71132-71630-72093-72519-72764-73000-73161-73546-73966-74067-74315-74356-75115-75276-75950-75974-76399-77191-78464-78550-79381-79862-80479-81318-81594-81861-82960-83109-83295-83620-84033-84274-84502-85945-86269-86373-86392-86498-86545-86872-87813-88033-88570-88774-89909-89999-90157-90749-90791-90933-91115-91160-91694-92545-92911-93017-94131-94239-94625-96966-97519-98982-99177-99222-99289-99529-99831-101453-102766-104063-104642-105604-106138-106851-107383-107460-108240-108292-109207-109401-109422-109885-110001-110620-111126-113220-113276-114221
707,1592-5290-9497-42027-103815
708,1594-12064-14324-20584-21792-23019-23917-26268-29268-30440-38062-38441-40402-41466-43818-48694-53464-57368-60950-61724-66586-67766-70937-71742-71774-72666-75611-76740-77281-83634-90580-94535-95758-97726-101804-108335
709,1597-4652-18758-32272-36316-41794-47850-60421-61572-62061-64112-72922-73022-73343-83935-88175-92990-102179-102583-105148-114302
710,1599-2453-14071-26275-33994-44916-47957-48500-49884-57799-65531-66237-72553-76589-77286-81041-81884-87819-88327-91751-94643-106833-110179-114139
711,1601-2423-6363-9361-9913-10029-11181-12057-12175-13937-16499-17953-26193-27451-31419-36141-37383-37733-37793-38193-38367-38477-38641-39593-39761-41861-41863-42597-43381-43847-44621-44919-45099-45609-45669-45691-45765-46055-47533-49425-49499-51061-51459-52665-53629-54761-57109-57597-57649-57729-59049-62037-62965-63829-64175-64187-64539-64737-67119-70381-74071-74345-75325-75651-75895-76737-77895-77935-78739-78779-79495-79891-81131-81911-84579-84929-84935-86943-87969-89017-89135-89656-89681-90027-90865-91217-91575-92019-92687-92963-94391-95577-99369-100285-100499-101029-101153-103055-104689-104891-105889-106448-106523-107003-107284-107713-107739-108817-110347-111333-111735-111893-112109-113973-114051
712,1602-18017-22254-73148-79789-84823-95673-114249
713,1605
714,1609
715,1610-10915-13262-14710-56356-65428-79550-94708-104056-108984-112102
716,1613-4059-28577-67571
717,1615-8635-20459-36061-37589-37635-38335-52307-52753-60125-65017-67489-68717-71253-73571-80139-80399-97561-98465-98539
718,1616-81005-81704-103858
719,1618-24370-31189-35199-46968-52442-54449-56472-64059-80264-80453-84030-84624-95309
720,1620-3126-10686-13250-35583-38982-49488-72769-82178-82661-99777-107236
721,1622-9334-12209-16702-31951-33424-34233-39075-43770-51080-53074-55072-55749-56092-56146-56280-60614-63650-65043-66283-71480-71520-73610-78517-80092-81568-88858-90428-92360-92564-92824-92930-93644-101684-101986-102515-102820-104275-107570-110996-112664-112937-113793-113972-114239
722,1625-11374-26972-93449
723,1626-12115-18868-19444-19892-22610-24410-24796-26441-31679-34328-34528-34728-37861-66148-69083-76343-77479-79120-79736-81816-89192-93592-98683-101578
724,1630-4538-4834-53318
725,1635-4729-26687-35057-36791-43868-75202-96573-113969
726,1637
727,1647-64309
728,1648-1666-48793-54901
729,1650-106178
730,1652-38248-63948
731,1654-91653
732,1656-7200-20151-22690-32134-33836-48040-49770-53952-54988-61732-93594
733,1659-8708-26026-33364-41820-57414-60066-64086-71388-80996-86418-90364-100184-102490
734,1661
735,1662-2932-9732-24814-40694-43740-58678-66946-70110-83482-89450-95562-97476-105306
736,1665-7372-11404-79490
737,1668-6946-25734-39115-39419-39592-40609-41025-41378-44120-44944-47861-48951-50949-52419-53497-54529-55428-56287-58130-59775-59819-60549-62197-64257-65060-65943-66546-66922-69745-70178-72427-73376-74011-75149-76611-77742-77900-78483-78673-78992-79787-80229-80249-83876-84206-86217-87015-91051-94685-94745-96923-97000-97608-98219-98405-101210-101795-102696-102855-103071-104820-108776-109576-111224-111540-111861-113171-113623
738,1671-20133-30047-56219-56931-57185-71991-85797-103067-113309-114585
739,1673
740,1674-21148-26560-80393-110643
741,1677-107483
742,1680-2634-14286-17758-20466-21630-26702-28396-29866-30784-33976-37742-39424-40196-42500-42598-43228-43558-46544-49974-49980-55650-61440-63718-65207-65824-67022-71831-74350-74352-75344-77210-81063-82052-82546-90660-94762-99775-102706-103944-104914-105213-106868-107368-109186-110266-111319-112272-114372
743,1682-6904-17552-18509-18589-18683-25005-27873-32507-33497-35363-35495-37518-38342-38717-39554-39955-41095-41147-43280-44435-45595-46431-46665-47005-48936-49697-50730-51848-52241-53287-53807-54592-55965-56950-58055-58131-58976-59147-59505-60489-60993-61286-61505-61530-62846-64287-64481-64537-64925-65253-65400-65891-66167-66421-66556-68019-70601-73019-73494-73601-74279-74633-75639-75653-75690-76505-76681-78129-79605-79976-80126-80309-80547-81481-81883-82381-82702-83023-86135-87559-87607-87670-87691-89466-90215-90326-91152-91491-91903-92245-93110-93507-93836-94351-95443-95497-96006-97830-97986-98093-98391-99118-99547-99693-102487-102832-103423-103489-106809-107135-107158-108247-108277-109381-109809-109958-110441-110913-111297-111663-112451-112687-113005-114344-114871
744,1685
745,1686-5466-41172-41565-42450-51674-52215-57894-66848-67072-70404-71976-73090-81196-85554-86656-91190-97428-105470-111738
746,1688-25999-30204-30384-37536-46383-50315-55292-57042-57321-71636-75732-82630-102578-103567
747,1691-73998
748,1693-9154-9401-35808-105607
749,1696-79522-104508
750,1701-114557
751,1703
752,1704-3925-8860-19910-21874-33342-37626-50728-52302-69384-69496-87621-92168-103429-104730-107360-114468
753,1707
754,1708-4734-7310-10882-11458-12234-16652-17060-26730-37426-38083-41554-41916-42154-42606-42772-42806-43136-43476-44572-44600-44742-47164-47309-47500-49396-49696-50480-51018-51534-52136-52850-53494-54384-54958-55687-55750-56366-57344-57892-60538-60980-61012-61750-61960-62169-62284-63098-63340-63702-63936-64826-64926-65220-67998-68097-69916-70276-71144-71432-71766-72082-72550-74376-74722-75120-75232-75894-76454-76746-78184-79574-80138-80898-81082-81367-81490-82042-82304-82310-82336-82354-83534-84084-84700-85270-85406-87282-88748-90851-91408-91455-92394-92810-93192-93554-93629-96250-97226-97990-99913-100384-100488-101489-101906-102184-104174-104825-105212-106812-107424-107618-107762-108001-109050-109312-109678-110324-110929-110936-111358-112922-114229-114300-114872
755,1710
756,1712-53844-60106-64462-69421-91734-101492-102416-104322-109070-111952
757,1716-83247
758,1718-2904-33068-39780-41616-47243-55761-55879-56315-62842-63494-65917-69033-69348-71068-71944-74339-74704-79497-82307-85280-86338-87152-94380-94740-95158-97162-100478-101279-101775-102188-102962-103537-105090-106916-108830-112682
759,1720-6476-7878-8608-16246-25746-32481-33820-37457-40362-41682-43230-47096-48332-52994-53244-59478-61109-65470-65796-67587-68664-71798-74440-74790-77659-80199-82465-84252-85160-89459-89817-93219-95588-97948-99323-101831-102361-103119-104755-106140-107044-112762
760,1724-9630-17436-25359-46289-60758-68332-74283-75118-78884-82679-82916-84420-91364-104487-108508-111985
761,1726-6453-13872-26522-26605-30156-38647-42565-44191-47503-48568-54161-56675-57442-58242-59742-60287-60696-62229-63803-68714-70277-75042-75501-78221-78980-79604-85134-88367-91332-93002-94270-94547-100071-102840-104291-108979-110736
762,1728
763,1731-6715-10343-12407-23609-25233-45871-48107-75931-94671-98087
764,1732-6176-7138-7984-9952-13592-15418-16786-17034-28640-30446-34544-37612-38004-38052-40852-40906-41150-41536-44494-44530-45008-45182-45712-47978-47994-48418-48478-49128-50007-51852-51962-53039-53554-53854-53918-54554-55320-56706-57570-58156-61902-62093-62920-64224-65130-65558-68104-68294-68850-69018-70873-71502-71544-72188-72330-72534-72867-73428-73542-74866-74922-75430-76754-77700-79786-81698-83172-83711-84182-84860-85524-86676-86722-86968-87420-87710-88176-90053-90393-90848-91180-91228-91528-92037-93910-94930-95796-96650-97230-97684-99102-100390-100426-100566-101950-102360-102880-103508-103856-104214-104248-105816-106650-107276-107706-107959-108318-108602-109224-110391-111528-112012-112300-112832-114594
765,1734-7352-12306-32254-32682-35658-39133-46127-53483-55797-71832-78058-81794-88700-105595-111132-111555-113241
766,1736-18217
767,1741-100717
768,1743-6207-12841-23457-24363-35009-47673-49199-56333-67381-80961-91095-92039-94319-108151-109903-110513
769,1745-19907
770,1749-5277-10715-10949-12787-13157-18865-23181-24127-24221-24623-25721-27157-35209-36743-36923-37598-37915-38495-41334-41363-43285-43371-45285-45531-45597-46097-47872-48201-48451-48995-49027-49097-50897-51833-52035-52965-53469-53825-55405-55671-56877-57161-59433-60771-61283-62005-62189-63311-63855-64619-64736-65593-66031-66605-69411-70215-70773-72095-72697-73079-73733-74303-74751-75399-76421-76587-76743-77079-77891-78140-79861-80811-81061-81291-85075-85395-85839-85843-86070-86577-87267-87929-88238-88447-88477-88637-88859-89547-91196-92511-93777-93794-94431-95423-100269-101261-102599-102681-103625-105762-105791-106783-108302-109537-109901-112827
771,1751
772,1753-7685-22008-52077-54025
773,1754-3731-9486-12304-14138-14654-15763-21798-25780-26628-29258-30198-30902-32604-34754-39426-40652-41348-45253-51437-53546-56040-56646-57266-58642-59398-61208-61276-62344-62424-62752-63986-65081-65807-69758-71202-72946-73510-74406-74809-75523-76202-77005-79224-79436-80892-81271-84310-84764-89211-90295-90522-91437-93336-94280-95660-96848-98177-99252-100372-102074-102263-102456-103018-104630-110630-111027-113174-113876-114305-114776
774,1756-3443
775,1758-14858-24022-25836-40379-44372-45923-52060-53061-54921-56884-58520-61255-64924-66247-67652-71759-75388-75890-79138-80077-80165-81965-82251-89641-89688-89793-89915-91680-99981-100290-101450-102293-103385-104790-105654-107839-111750-112702-114787
776,1762-9281-12176-23938-34600-39585-44473-46956-48613-51171-51847-60219-61573-63500-66768-69957-70250-71436-71754-75521-76592-76940-79333-81393-88586-91852-95777-95852-96228-97955-102478-103081-105598-109808-110574-111174-113627-114415
777,1764-17732-23780-26998-41425-42574-46266-66938-74384-76826-80122-80318-85792-87910-97991-100026-100904-111988-112686-113050-114608
778,1766-7712-14792-39380-49727-53665-56509-72414-77642-78086-89499-96968
779,1769
780,1771-13651-37735-38241-38605-38857-39431-39765-39773-39873-39981-40111-40113-40261-40531-40627-41007-41226-41234-42251-42263-42375-42699-42965-43089-43325-43445-43453-43571-43699-43777-43883-43951-44107-44195-44393-44395-44831-45023-45249-45465-45587-46007-46177-46401-46821-46849-46941-47181-47461-47793-47937-48171-48189-48319-48553-48901-49508-49859-49889-49985-50431-50703-50851-51215-51427-51863-52347-52423-52923-53117-53472-53742-53809-53897-53965-54502-54535-54583-54953-55000-55225-55287-55547-55811-56591-56695-56735-56905-57163-57171-57441-57521-57557-57603-57797-57963-58093-58543-58591-58713-59601-59665-59952-60211-60333-60517-60847-60867-61183-61239-61613-61987-61991-63149-63215-63381-63387-63425-64097-64115-64133-64199-64279-64519-65189-65289-65723-65767-65985-66271-66509-66575-66965-67421-67607-68155-68333-68431-68583-68841-69073-69667-69679-69681-71589-71989-72193-72399-72573-73147-73201-73221-73296-73455-73569-73963-74027-74081-74199-74341-74485-75010-75265-75401-75605-75721-77251-77443-77491-78225-78363-78839-78867-79227-79421-79905-80297-80371-80481-81133-81269-81305-82091-82411-82707-82945-82951-83193-83303-83537-83617-83699-84463-84777-84851-85177-85543-85743-85955-87089-87255-87289-87617-87729-88029-88123-88135-88257-88507-88831-89073-89377-89845-90183-90803-91465-91553-91619-91739-91767-92219-92381-92468-92823-93166-93821-93831-94439-94451-94925-94992-95085-95287-95303-95615-96209-96549-96821-97003-97262-97792-97891-98149-99557-100097-100169-100319-100387-100879-100889-101115-101559-101567-101597-102343-102375-102499-102830-103485-103635-103657-104001-104045-104085-104107-104443-104582-105337-105723-105915-106222-106405-106416-106755-106873-107083-107095-107179-107301-107665-107759-107993-108135-108239-108333-108697-108725-109123-109395-109399-109937-109976-110129-110147-110239-110345-110463-110534-110665-110747-110787-110825-111473-111485-111603-111641-111665-112057-112151-112463-112757-112837-113059-113089-113986-114005-114159-114543
781,1773-12796-27681-51085-81205-110635
782,1777-7947-25583-37945-39231-39699-42329-43587-64449-65735-75237-81539-82843-93257-99221-105347-106721-113997
783,1778-5186-6684-8142-9178-11716-13486-19482-25452-27204-30028-34284-45086-58106-64688-67928-68350-68988-81746-82896-93352-96592-101378-101728-104160-105671
784,1780-18314-27150-29006-49316-51448-64198-65734-68484-72630-78227-80114-87515
785,1783
786,1785-60326-83246
787,1786-23030-46682-86938
788,1789-18787-24525-28185
789,1791-72431
790,1793-46599-74182-75920-80005-80576-98691
791,1795-51256-57215
792,1796-35212-47570-94622
793,1800-12060-58070-77132-85639-101329-101898-106998
794,1802-3511-13648-18082-23055-23803-35404-39659-50716-55931-56422-62564-73946-84950-86422-105234
795,1804-2076-4606-5240-5678-11763-25061-29630-41557-41594-45070-47028-48221-51530-54957-67500-67866-69155-70932-74371-75352-76068-83098-83180-85938-87587-90263-91015-92231-92296-92872-99070-100665-106765-108064-111415-112448-114252
796,1806-4256-7500-11388-18712-18748-26470-31886-31924-33432-42060-43986-44006-44780-46822-50122-50366-51754-53948-54138-56742-58256-58762-60898-63476-66426-67126-68694-69014-69080-69904-73758-74641-75452-78370-80676-81754-86370-86412-87106-87524-88478-88651-90222-91308-92338-92928-93878-94448-94698-95688-96678-96791-97562-99262-99858-100980-103648-105874-109916-110162-110390-112276-114058-114076
797,1808
798,1811-22124-24761-33565-34073-44938-51275-52373-53808-55945-80219-93027-102253-102897
799,1817-58873
800,1819-16696-20359-28706-28776-58336-66952-72582-80079-100019-109860
801,1820-5041-19438-25688-36123-38192-39255-39620-39815-40269-40851-42125-43869-44210-44648-45314-45682-46159-46174-47035-47910-48095-49608-52048-53127-53509-53566-53764-53877-54271-54514-54872-55216-55975-56456-56506-56629-57769-57946-57965-58043-58234-59274-61437-61823-62961-63374-63766-64417-64939-66489-67030-67618-68198-69832-71938-72506-74284-74683-76319-76348-76374-77041-77843-79051-79763-80697-81306-81752-82377-83752-84246-84614-86649-89188-89287-90382-93527-96383-97101-98010-99134-100629-101302-103303-105071-105161-106425-107215-109706-110036-110970-112857-113263-113546-113579-114101-114244
802,1823
803,1824-5744-23816-26964-29288-37222-42681-51244-66299-74481-76086-81160-96766-98224-107740-110554-111248
804,1826-3626-6746-7254-24096-27814-32106-36146-39440-40829-43488-47108-48605-55344-59114-59404-70549-71604-77370-78850-79106-80981-87331-88994-89519-90558-92046-106365-107012-107838-108910-114824
805,1828-2940-3524-7096-7772-8174-10650-11034-15974-16456-19844-20038-31333-33458-34208-35886-35930-36508-39812-39976-40563-41690-43997-44094-45532-45857-46178-46448-46703-47030-47765-48475-48624-51981-52722-52946-53368-54131-55215-56696-59754-59968-60011-60048-63654-65214-66312-67359-69480-69912-70518-71956-72200-74832-75770-77254-78248-79155-80176-80266-81333-82154-82446-82866-82980-83204-83506-84566-84867-86366-89374-90084-91826-92314-92798-94062-95004-95498-96656-96854-96858-97040-97116-98736-99340-99710-100006-102812-103100-103239-104230-107766-107789-110168-110634-110904-111574-112157-114003
806,1830-13813-19873-20828-22748-28734-32486-36963-37363-45257-53989-54608-57058-62894-67159-83931-89244-100519-103408-103661-105405-111374-112061-113097
807,1832-6610-7297-10596-11584-12081-12766-18675-20860-22414-23828-31248-31340-36043-42086-42335-86747-89668-106195-111282
808,1837
809,1839-14595-110146
810,1841-11988-17964-24717-27182-39756-42058-44074-47874-48022-54441-54731-56553-63925-63961-77436-79912-85232-85943-91086-104530-107850-110059-112756
811,1845-6020-62553-98433-106931-114731
812,1847-14613-18213-21639-41365-51179-54037-58227-62159-72993-82455-85219-88779-96971-104841-107207-109853-114531
813,1849
814,1850-7072-22876-35442-39582-67382-69603-79412-86504-109436
815,1852-11726-20192-37184-74300-88027-93028-99337
816,1855
817,1857-17641-43681-47703-56497-61057-72243-77795-83160-84498-89513-99263-102349-103759-105091
818,1859-2297-4785-5461-7213-11311-11315-12129-12343-13067-14157-15039-15369-16221-17053-17511-19647-21023-22675-22811-26941-27739-28153-31739-31859-37037-37839-38715-40819-41485-44495-44577-45035-46435-48455-49023-51663-52855-53313-54841-55645-56807-56895-57973-58021-58933-60153-65819-66497-69595-69623-77505-78057-79115-79117-80113-80509-81631-81781-83151-83625-83703-84683-85109-86055-86303-86709-87801-88313-89449-89657-90307-91499-91557-92067-92395-93307-94175-95575-95839-96865-98317-100125-100875-101235-101674-102139-102626-103905-107065-108391-109647-112405-112745-113155-113383-113465-113967-114363
819,1861
820,1863-9224
821,1865-50527
822,1871-30300-44689-56830-60642-103993-113727
823,1873
824,1874-2900-8347-39373-49643-50467-50819-90225-102713-113556-114819
825,1878-5340-47250-47736-88742-89564-94966
826,1880-14670-15443-19211-66383
827,1882-91346
828,1885
829,1887-39420-56007
830,1889-53517-64169
831,1891-44217
832,1895-43993-47403-62709-111241
833,1896-5698-7900-8808-15634-21506-29796-45618-47204-48866-49274-49417-51330-57357-59133-64274-72289-80584-80956-85393-85501-89139-92610-92834-95029-101096-106220-107756-111858-113779
834,1898
835,1903
836,1907-17629-36687-44110-47359-59419-67224-88204
837,1909-54705-57201-59443-87321
838,1910-103828
839,1913-20035-45997-48687-69477-71729-106551-109241
840,1915
841,1918
842,1921-52936-54973-61297-65965-68315-78847-79255-81106-82822-86441-86933-91877-96027
843,1924
844,1929
845,1933-4207-9244-71579-72385-78022-88962-105770-114538
846,1934-7768-10234-16922-21212-33548-35348-38768-39094-39680-39866-40226-47084-49160-50980-53328-54603-59646-60166-62316-63070-68330-72270-73130-74074-77690-88568-89884-97776-99006-99918-102098-105530-107641-108192-114770
847,1939-26651-34795-42799-49595-59093-68837-72363-85411-87227-95439-110500
848,1940-90187
849,1944-16098-17093-25760-37682-40135-43999-44841-49872-52876-56135-67497-71983-72932-82547-93989-106234-107101
850,1955
851,1956-41487
852,1959-7252-34117-46343-48703-48733-50445-75037-76361-77821-78977-90046-93573-103191-106031-110143
853,1963-87175
854,1967-54677
855,1969-110178
856,1971-8454-13989-17650-19489-20340-23794-28549-33202-37881-42550-47354-50365-51092-51627-52956-62530-69391-73891-79536-84662-85397-86004-86672-88089-89133-93608-93765-94060-101796-102957
857,1972-15970-16579-60476-101437
858,1974-4848-7438-8353-10078-10740-13706-14820-15552-16544-17800-20988-21130-22648-22852-34584-37909-37998-38070-38613-40310-40328-41722-42802-48980-49424-50481-50988-53174-53263-53975-54584-54783-55229-55488-55544-56373-56911-57784-58437-58885-60098-60228-61032-61767-61863-62844-63918-65071-66062-67210-68718-68737-69509-69565-74703-75035-75337-76420-76794-77014-77016-77035-77217-77640-78327-79314-80733-80969-83022-84507-84682-85570-88420-90124-91298-91776-92944-93694-94277-94427-96437-96553-96619-97179-99084-100116-100550-100674-101075-101262-101270-101306-101387-101919-102080-103072-103893-106095-106360-106760-108256-108299-108372-108471-110176-111537-111792-113584-114718
859,1976
860,1978-4604-10340-15184-22894-23634-26928-34886-47018-62578-63202-78738-85782-87782-88792-93930-105016-108182-109456
861,1981
862,1983-2683-5109-6159-8101-10317-13509-20098-24659-32523-33091-35019-37749-39201-39901-39963-42696-44099-44899-47125-47255-49451-50145-51725-52151-53713-54185-54779-56495-57931-58085-58527-58981-59261-59684-59882-60337-61015-63377-63941-64457-65171-67279-68607-69177-69227-69539-70693-71135-71533-72441-73993-77869-79406-79548-80305-80725-81387-83977-84765-85141-85287-86629-88731-89337-89737-89943-90741-91339-91463-93249-93497-93721-94113-95866-96755-96894-97663-98393-98813-100201-100607-102041-103267-104907-105550-105619-106427-106853-108229-109069-109725-111523-113682-113939
863,1985
864,1987-14941
865,1989-20979-63110-94933
866,1992-5782-6102-41109-59732-63011-65737-71018-71160-80767-86146-86958-89044-89824-96147-96559-99572-105703-106550
867,1995-26307
868,1997-8839-71377-82701
869,1999-88177
870,2003-68387
871,2005-24757
872,2007-64775
873,2009-39045-50407-68867-75879-78197-103971
874,2012-5756-13240-15480-23428-23562-31544-35848-35894-38830-42854-44446-44990-46606-46609-64988-65622-69504-69598-70346-72006-72192-73449-76155-78510-81662-82190-83178-92444-92540
875,2017-20792-52520
876,2018-12116-70726
877,2022-13052-26808-37466-59428-88260-93136-94478
878,2024-61515
879,2027
880,2028
881,2031-18044-18202-25821-32416-40197-45917-53227-55415-55711-60868-61555-64739-67905-70367-74895-84922-88398-89969-90033-93071-93209-94669-96201-101255-101929-102910-108096-112364-114205
882,2036-33618
883,2039
884,2041
885,2043-27587
886,2045-2909-11907-28895-42379-46465-67299-113781
887,2046-13714-22036-51386-52429-67897-68684-70895-98662-114692
888,2048-3656-8841-23643-31095-41493-70033-86110-90445
889,2050-36294-39310-46842-71574-96336
890,2052-14733-30772-42142-42988-43458-48219-48685-55848-58876-61888-66087-66262-69874-75110-80310-82738-87066-90746-98584-101985-104774-105086-105241
891,2054-3633-5336-5896-8778-12178-16039-19422-23681-25347-31379-33521-36564-38937-39763-41872-43083-43927-44218-46233-46357-48394-49050-50708-53436-53604-55573-59047-63715-63891-67331-68025-68361-73777-74457-77299-77308-77580-78304-79540-80272-80519-81329-81834-85115-85203-86086-86410-86741-89526-91261-91471-91506-91600-92439-92699-94215-94755-97287-97389-98295-99963-100312-102085-102543-104813-105562-105875-113936-114845
892,2059-8530-20047-22307-22851-29047-34631-39230-43097-49871-52249-53615-55951-67113-73612-91849-94818-95031-102299-112439
893,2061-8227-8895-28519-30581-30691-40668-45283-47393-48335-48457-50159-52097-57223-58269-61597-62619-64965-65437-73327-74611-75830-80743-81081-82481-96253-101411-107311-109093-111380-111999-113791
894,2062-2936-4044-12982-27422-36046-36388-40570-42186-45690-45778-46814-48943-49208-50192-54238-55342-56050-56772-60711-61342-62686-64814-65459-66648-67576-68366-68388-68514-69732-70002-76760-78254-79704-80504-87094-90604-95074-98874-99472-102566-104824-104868-109946-110748-112022
895,2065-9599-24787-29639-32991-46835-47231-50591-59727-66716-73324-87724-88126-97719-100209-103225-107239-110077
896,2066
897,2069-11983-17512-28988-31657-40500-43953-44289-55640-60273-65637-69987-90603-91990-96561-98279-112693
898,2070-2614-15364-23510-50123-54665-82975-111542
899,2072-43588-62505-80931-93905
900,2081-110535
901,2082-17289-21794-30563-43025-43860-44845-53086-55137-76029-78909-80669-86576-88085-103088-107051-109118-110618-111194-114115
902,2085-3767-4415-8065-9257-12442-16621-16709-16745-18737-19195-22579-23843-24923-27007-28467-37991-38194-38463-38721-39481-39719-39777-40382-41421-41455-42825-43529-43577-43635-43751-44017-44173-45815-46059-46277-46394-46720-47262-47589-47759-48443-48539-48579-48831-49035-49113-49582-49823-50414-50549-52669-53011-53771-54063-54072-54925-55328-55503-56233-56543-56599-57043-57677-58563-59747-60022-60606-61763-61773-62091-62177-62579-62675-63263-63347-63631-63698-65063-65221-65293-65591-66259-66867-67785-68057-68395-68716-69023-69046-69057-70385-70392-70762-71062-71304-74002-74211-74540-74554-74667-75129-75391-75875-75913-77021-78025-78439-79035-79169-79203-79245-79513-79537-80075-80273-80621-80978-80983-81799-82165-82711-83223-84629-85629-86278-87265-87605-88159-88187-88373-89479-89712-90496-90709-91279-91331-91855-92369-92537-93465-93483-93789-94758-95395-95409-96723-96734-97383-97397-97453-97725-98081-98715-98740-98837-98859-98917-99237-100574-100883-101482-102213-103045-103185-103293-104211-104651-105407-105557-106241-106559-107357-108583-108637-108667-108785-108799-108807-109373-109405-110483-110837-111266-111463-112763-113001-113111-113539-113732-114279
903,2091-30019
904,2100-48262-61162-99862
905,2106-3642-4224-10186-10628-15760-18813-21262-28494-29908-30348-38331-39192-43225-43602-44309-44941-50386-50758-51599-55789-56324-56468-56710-57040-60698-61199-64552-66388-66792-74926-78112-80143-87759-91816-92044-94289-101112-101644-101758-102774-104662-106572-106749-107796-109307-113081-114308
906,2111-44633-48841-49145-60427-61525-61857-67777-78985-80341-92735-98410-102335
907,2117
908,2118-9954-15660-20008-21560-33884-34726-36245-37477-38847-38863-39334-40321-41058-43735-44772-49282-49340-51506-52600-55022-56526-56684-56880-58968-59184-59333-59672-60756-62810-63947-64101-64407-64545-66718-66932-68993-71789-72996-73263-73408-77345-78212-79061-80359-80938-81767-81990-84072-84456-84998-87447-87477-87897-88690-89391-91049-91402-97090-97526-97641-98337-99143-99538-100886-102183-102468-102848-103354-103778-103812-105822-107533-108071-113506-114498
909,2121-29577-113292
910,2123-29581-54417
911,2126-10798-12216-29544-103538-104436
912,2129-15653-20609-26453-27883-33353-43915-53927-73749-87957-101560-102951-105482
913,2131
914,2133-6439-6797-10019-10255-11209-11923-12063-16667-19609-20575-21801-23509-29851-37403-37621-37783-37831-38271-38315-38899-39273-40541-40895-42007-42139-42479-42571-42623-43077-43209-43547-43601-44945-44991-45131-45541-45633-45655-45845-45995-46541-46979-47681-49177-49261-49801-49955-50823-51499-51521-52239-52893-52987-53365-53455-53739-54093-54169-54275-54393-54481-54487-54777-54799-55115-55421-55623-56279-56285-56743-56813-57217-57875-57997-58073-58173-58773-59407-59877-59951-59971-60183-60321-60347-60607-61811-62713-62912-63087-63805-64295-65311-66647-67779-68707-69089-69133-69149-69319-70133-70145-70413-71057-71357-71951-71967-72025-72273-72389-72773-73219-73921-74981-75161-75239-75579-76113-76385-77063-77295-77749-78611-78689-79561-79649-80263-80365-80381-80813-81279-81801-82069-82571-83233-83491-83595-83773-84299-84729-85717-86415-88003-88233-88415-88455-88999-89071-89125-89733-90317-90471-90474-90907-91459-91541-91959-92055-92123-92357-92639-93151-93363-93853-94207-94291-95075-96061-96181-96725-96819-98199-98355-98623-99099-99233-99847-100033-100103-100179-101461-101547-101569-101603-101675-102199-103026-103171-103641-104093-104765-104989-105433-105467-105911-106379-106385-106805-106815-106969-107067-107267-107285-109257-109347-109649-109851-110233-110327-111345-111527-111749-112209-112479-112819-113029-113817-113845-114143-114771
915,2136-9649-18823-24899-37210-37819-37825-40561-43952-50207-50272-52193-52604-52931-56152-57901-62239-67039-74419-74833-74980-75932-76200-77234-77689-81202-82083-83453-83512-87003-87857-87900-91715-92370-94335-97295-97400-99994-104195-105771
916,2140-22891-75101
917,2147-10321-11205-26102-30142-35832-64791-73038-83488-93091
918,2149-7553-8869-16183-18881-20985-25389-37813-41705-42165-42331-42867-44559-45985-46193-48255-48991-50903-51469-52345-54515-54959-57221-58911-60541-61847-61883-65037-66399-66769-67051-70531-70791-71675-72607-74401-74739-76137-77609-77855-79517-79957-80073-80099-83461-84943-86087-86961-88009-88285-90331-90773-91869-93039-95131-95227-95457-97237-97439-98249-99623-100589-103027-104857-106123-106699-108475-109891-109999-110099-112299-112977-114357
919,2151-14125-107275
920,2153-32711
921,2155-10856-22210-23150-24980-38522-39961-51959-56490-59517-60734-62806-69498-88121-107230-107972-110094
922,2159-29621-32402-54217
923,2160-6436-10096-29336-30112-30658-48678-53620-60768-63542-65771-89051-89876-102914
924,2162-5798-5914-9293-16720-18676-18954-22030-22186-22608-23994-27488-34499-34590-39042-40331-41779-41842-42865-45944-46047-46692-47440-47890-49924-49977-50512-50841-51007-51052-51436-51464-51618-53814-55522-55747-56002-56020-56902-57208-57355-58422-58454-58763-59648-60206-61384-61401-61466-61686-61762-63786-65019-65409-65537-67138-67230-68528-71136-71530-72292-72312-72632-73080-73182-75075-75189-75316-75797-75956-77147-77232-77966-79196-79231-80026-81910-82518-84230-85046-85404-85773-86213-87338-88724-88908-89448-92528-93779-94948-95442-95476-96434-97248-97325-98128-99204-100354-100467-102890-103740-106732-107535-107744-108146-108502-113384-113928-114589
925,2165-6861-35247-42609-45711-45905-50201-50541-54855-54859-56393-58775-64677-65455-71017-73247-75451-90397-90905-91345-99845-105021-106083-110652-111526-111803-112067
926,2173
927,2177-54693
928,2179
929,2180-23598-51872-59086-86274-98883-110014
930,2184-14768-15384-22470-33867-37985-41204-49614-53575-60184-63373-64040-65146-85078-86491-92159-92260-93927-96256-99150-104000-105292-106207-106897-108243-108915-110262-112849
931,2186-15132-22138-32052-32732-34864-39224-40648-41826-42174-44112-44456-55832-62826-63279-67114-67778-67814-67872-68654-74318-75431-75966-76514-76648-78940-79176-82155-83300-85730-86899-87294-87714-88066-90266-95097-98560-99248-100588-100645-104751-105650-106306-106614-107627-108315-109740-110042-111618-113312-113600
932,2189-15033
933,2190-8795-14884-32186-39222-93394-104386-109633
934,2193-7881-19122-23895-38783-56978-61917-71145-81624-82071
935,2197-3049-4641-10943-11663-13877-18629-18835-20691-21867-28775-35845-37500-38033-38225-39495-39555-39569-39905-42519-43637-43665-43971-46297-47357-48501-49219-49663-49917-49929-52231-52949-53013-55545-57629-59207-60437-62785-63305-65295-66121-68007-69313-69430-69609-69885-71137-73649-74337-75529-76255-77059-77611-83005-83157-83197-83555-85175-88591-88661-89273-89468-90259-91241-94079-94303-94645-96013-97569-98479-98809-100091-100725-101417-102919-103529-103925-103951-106395-108543-108689-108759-110107-110627-111549-114633
936,2199
937,2201-10823-20253-27833-67301-113409
938,2203-13269-26825-63873-73107-88008-92153-93499-97425-100935-113987
939,2204-8588-20784-36396-38966-49090-57656-63848-73562-86618-88888-100506-109320
940,2207-10789-28525-31695-31825-31909-34723-46585-55057-55335-58909-59283-72957-74915-77899-78579-86173-91993-94159-103245-113396
941,2209-8491-13599-30147-36488-37378-37931-38433-39484-39643-39853-40027-40142-41627-41953-42683-43411-44069-44814-46002-47649-48476-48791-48808-49185-49611-50529-50535-50883-50965-51109-53430-53608-54257-54329-56859-58442-60233-60487-61590-62079-62243-63021-63317-63797-65883-65981-68772-69275-70592-73266-73737-73861-74873-76683-77762-78526-78853-79377-79751-81265-81563-82553-82983-84009-84713-84731-85003-85267-85279-86230-86581-86947-87567-88800-89109-90339-90687-91917-92533-92583-93643-93938-94875-95151-96453-96601-97379-99585-101209-102433-102623-104478-104895-107221-107906-108011-108309-109753-110432-110467-110714-112989-114199-114610
942,2211-38727-76045-78583
943,2212-37442-41506-48845-61738-62944-82912
944,2214-9240-32188-33252-33386-44278-54268-57646-59468-76756-85726-94578-114878
945,2217-56404
946,2218-29847-91240
947,2222-4328-9942-12978-15246-17080-22272-23250-24984-27080-33488-35992-36094-37686-38998-39678-45678-45948-51450-59198-59624-62560-70524-71398-75428-78104-82666-84622-88034-88206-89176-89795-101502-101982-112122-112635-113492
948,2224-33623-44956-48322-60256
949,2226-6464-7514-12091-17568-18944-41587-59272-75534-77430-79712-84818-100509-113974
950,2230-4459-20017-25827-35783-37508-37951-38127-38228-38255-38411-39113-39247-39767-39795-40536-40785-40840-42735-43837-43903-44341-44650-44943-45991-46865-48447-48631-48895-50213-50585-52023-52869-53219-53953-55383-55639-56485-56739-58881-59033-60787-60819-63987-64137-65233-65936-66784-70249-71959-73347-73623-73929-73959-74012-74503-74511-74689-75576-77669-79013-79140-79344-79449-79662-80032-80257-80261-82605-82952-83039-83068-83137-83259-83609-83719-83881-83927-84927-85619-85647-86739-87847-88005-88565-90611-91047-91251-92657-93493-93627-95885-96515-96861-97739-98578-99257-101395-102595-102950-102997-104387-104559-104978-105127-106315-106517-106679-108699-110052-110713-111763-111941-113475
951,2233-36279-113591
952,2234-14112-14572-27642-30789-38865-51102-66369-71150-71270-72822-91064-91746-94833-96294-105946-113874
953,2236-6944-24588-37656-38591-45643-49512-49813-50726-53153-53710-55894-61886-62656-62668-66755-68706-69608-70228-72927-75350-78330-90039-91933-94214-95600-96241-96875-100602-105131-111102-112490-113418-113759
954,2239
955,2241-7526-15682-16669-23900-29964-32148-33707-40569-42586-43367-45738-48538-52045-55860-66412-73695-82115-90745-94328-100551
956,2243-19796-43505-73691-84791-97817-100211-114187
957,2248-4575-4818-6753-12569-19461-24491-26891-27512-28208-28371-29679-39007-39048-39454-39973-39979-41966-42295-42855-43763-43859-45033-46638-47159-47575-47749-48053-49265-49307-50657-51573-51917-51946-52433-52790-53093-54207-54821-55759-56053-56565-56821-56827-57339-58145-58331-60031-60364-60597-62279-63465-63776-64573-66447-66480-67980-68171-69373-70187-70597-70781-72029-72268-72621-73017-73081-73309-74367-74933-76125-76947-77008-77367-77423-77755-78537-78539-78641-79363-79583-79632-80259-80389-80485-82296-82967-83091-83106-84513-85117-86457-86873-86973-87085-87301-89001-89368-90569-91056-91381-91701-91892-91951-92334-92797-94403-95507-95819-95845-96213-97109-97855-97967-98835-102174-103179-103414-104038-104213-104385-104643-104893-104929-106253-107049-107439-107445-108407-109222-109451-110091-110237-112187-114679-114709
958,2250-19732-24042-24291-26374-43095-48238-51544-61457-75812-82744-85882-96617-103663-111679-112957-113346
959,2253-13606-42203-44502-49721-49783-50011-52903-57545-63539-65882-73206-73826-74523-74733-76531-77339-78851-81728-82002-85987-92371-92479-92763-95325-96717-99459-101995-104928-105571-111612-113210
960,2254-9478-50306-70610
961,2258-4043-13518-21519-27034-30833-43962-47688-50511-51373-55524-58994-59290-62029-62459-64369-72634-95847-96558-109704-111196-111736
962,2260-90981
963,2263
964,2264-108710-109715
965,2267-107465
966,2268-43704
967,2271
968,2278-2710-14120-16488-19108-70069-72798
969,2281-20003-43091-52305-68887-100093-103714-103943-106715
970,2282-5394-5582-11316-33950-34494-40064-43030-43344-49584-49654-50184-53168-55070-59434-60910-63230-72058-73884-75000-75616-80906-80922-85615-86148-86556-86694-89266-92184-92465-92504-94179-99728-99740-100918-101788-102229-106574-106942-111926-112428-113710
971,2285
972,2286-14528-68459
973,2288-4752-42310
974,2291-22547-59905-85993-102325
975,2293-7554-75008-98371
976,2294-30021-114021
977,2299-3007-19598-24037-24335-30490-32585-34293-35731-35913-43507-43657-46439-54438-57338-58669-59959-60857-60901-61247-62115-63733-68127-69771-69952-70760-81500-83324-83831-85473-86901-87629-90987-91109-91868-100443-107563-108225-114152
978,2301-78242
979,2302-8637-22704-39114-49550-50209-50668-52708-57174-58774-64396-64611-65684-65702-66019-80200-80421-87283-91355-95181-95245-96759-112270
980,2311
981,2312-2824-4092-7578-11431-20856-26738-38275-51676-54402-57528-58266-69076-72174-74738-85371-90238-92728-108198-112384-112604
982,2314-4434-8442-17794-23776-25936-30890-37512-37694-38087-39068-42790-43578-44952-46618-46906-48156-53755-55504-56052-56122-56820-57032-59225-60700-60850-61974-62170-65134-65431-66762-66963-67514-68170-68561-69372-70560-72184-74348-74932-76352-76827-78538-78756-81958-85480-86456-86644-86663-87503-89400-90980-91166-91748-92796-93180-95036-96161-96582-98888-99874-100544-100638-104828-106303-106862-107048-108002-110046-110472-110794-114368-114650
983,2317-7329-8163-8545-13039-16022-31931-36241-39145-41229-41473-43978-44415-44609-45047-46636-58660-64221-64253-65705-67391-72609-72771-73273-76955-77566-88505-89741-91111-98261-99635-101639-107010
984,2318-40636-52763-55485-56008-62475-63400-73650-78568-89849-109233
985,2320-5562-7151-9673-13122-26815-28452-41742-42035-42486-42874-43438-44861-47561-48195-49619-51090-54307-57839-58205-58932-60063-60319-62266-66853-67673-71875-75233-76168-79932-80232-80401-80821-80915-85191-85419-87057-87519-88299-88703-89553-89751-90986-91902-93854-96001-98354-100465-104887-105108-106307-106413-107948-108342-110711-112323-113835-114026-114103-114703
986,2323-18580-51786
987,2324-4534-7790-8264-21230-22190-33374-33708-35946-76924-107734-113532
988,2326-31856-31914-33606-36890-38778-46992-50926-53114-53770-55708-58990-65250-66844-71482-79898-80142-84224-89144-91602-95662-100710-103870-104410
989,2328
990,2331-2563
991,2337-28454-49013-51152-52395-60152-66139-69386-70438-71130-77635-80620-88906-94962-101907-106772
992,2338-10639-34015-48871-53682-61975-66163-68340-78558-79122-90501-103228
993,2342-17934-77472
994,2344-7055-10070-24592-24842-29507-39915-42640-49526-53678-60320-68394-74976-78597-80228-80872-86021-90585-91699-94630-94916-95229-98599-99791-101545-102131-105273-106147
995,2346-24996
996,2348-8555-25670-66335-98572-103358-105886
997,2351
998,2352-10821-19940-43672-47993-63657-64463-78460-85912-87391-88805-93697-96369-105236
999,2355-39421-43747-57962-70573-85165-113595
1000,2356
1001,2359-42695-53993-83797-92843-102339-110495
1002,2361-3653-5643-5957-16165-17419-27927-34807-35561-36033-40137-46335-46877-47039-47515-49607-51565-51849-55011-56087-58059-59324-63461-64542-64707-65251-65969-66599-67817-69111-69157-69425-69779-70365-70399-70530-70797-70807-72760-74657-75019-75751-78489-81257-82647-83543-83557-83704-85187-87829-88951-96274-96747-97357-97757-98169-98229-98357-100385-101568-102903-102963-104249-104645-105041-105275-107122-108497-114801
1003,2363-16204-18154-49579-61047-72985-83447-94187-109450
1004,2364-7228
1005,2366
1006,2368-7486-28180-53484-60916
1007,2371-30419
1008,2373-9161-16159-27677-28446-39127-39639-41173-44539-45325-45949-52343-65589-66074-75631-75902-87075-90722-96513-97045-99773-112830
1009,2375-27507
1010,2377-2795-2868-62863-76795-78512-83436-88579-95487-105733
1011,2381-14871-18999-31231-41181-71343-87579-106347
1012,2389-3694-7420-9071-9417-11956-23114-25020-25551-29676-31778-41198-41649-41946-43246-43421-43816-44620-44794-47094-48118-49815-50292-50374-51202-51693-52696-53879-54172-55274-55691-56023-56106-56451-57177-59584-59586-60126-61463-63310-65183-65300-65934-67156-67468-67511-67581-67972-70900-71155-72369-73313-75494-76774-77262-77632-78016-78041-78171-78404-80645-80825-81013-81070-81522-81738-82668-82979-83690-87550-87741-88504-90149-91174-92509-92513-92773-94674-94996-95790-96040-96219-98243-98310-99988-102040-103299-103731-105059-105338-105979-106226-109034-109087-109216-109462-109640-111066-111186-111713-113821-114290
1013,2391-10892-23804-42639-62230-93899-111910-113351
1014,2393-14400-47249-53583-55346-56801-60475-66168-78259-86074-86522-88739-94636-98744-105759
1015,2395
1016,2396-25109-29976-45777-50046-61414-70144-77761-83019-99615-111453
1017,2398
1018,2403-4717-19094-45125-46545-66093-80003-96023-97332-98601-103207-105537
1019,2405
1020,2407-43574-68069-105716-108005-111441
1021,2408-7424-10204-16722-23748-49802-63562-72628-76052-85218-94988-110145
1022,2410-4726-6278-9339-27808-33160-34838-38503-40730-47746-48632-50685-50857-51581-52212-55991-56229-56945-57376-57876-58828-59266-60318-62780-65304-65335-66520-67268-71327-72954-75241-76544-77288-79264-80426-81098-82060-84746-86596-91692-93729-93862-93922-96994-97718-98652-98780-101720-104869-105589-106529-106822-107180-110148-114343
1023,2413-38035-60076-65225
1024,2415-3834-4610-6643-14131-16315-16495-20073-23591-23979-24569-25561-32502-32979-34195-38941-42487-47188-47719-49094-52541-55565-55599-60581-61099-61312-72567-72720-76260-76793-76946-84219-87247-89332-89787-90077-90374-92575-98267-99410-101405-102185-103741-104279-109751
1025,2417-87623-93251-113941
1026,2419-31389-33083-45293
1027,2425-6456-7176-12660-14799-15670-20382-21889-31968-32157-37447-41535-44200-44391-47839-48723-48939-49556-50515-50772-50807-52062-54703-57508-60443-62294-63647-70993-72207-73235-77707-78698-79398-82338-87558-89405-90963-92012-93953-94863-95106-95195-96880-98327-100792-103573-105649-110488
1028,2426-7042-31228-31336-36850-36989-37377-39576-49848-61954-81830-88584
1029,2428-4392-11030-28409-34231-35444-37767-39184-65994-86954
1030,2432-5370-8230-19916-26498-27974-69728-73486-83200-89128-94050-95687-100170-103784-108184
1031,2434
1032,2439-4305-9029-26915-29721-37501-39053-41847-50707-56331-58327-59109-63691-69705-74095-74835-78231-78245-80681-84149-85071-89005-89203-90289-91131-96097-98581-106467-108265-108882-110363-114097
1033,2441-11517-11925-21963-32573-41183-41274-42429-44215-47664-49567-50396-53205-56093-56507-56613-60639-61678-63793-63869-64035-67105-77303-84302-89947-93343-96327-97303-99911-102105-102189-112501-113061-113471
1034,2443-12902-22908-32456-45256-105078
1035,2447
1036,2449-58459
1037,2451-28084-30957
1038,2455-2653-3758-29296-50024-62582-68260-72294
1039,2456-4088-11174-16288-26762-34770-38844-41046-41738-44090-45216-46628-48434-48508-49222-49600-52546-52935-54292-54458-54734-55202-57904-59084-59498-61666-63760-64632-65870-68272-68817-69872-70962-72148-72944-73713-73719-75636-77084-77382-78068-80196-80980-81264-81370-82108-82667-83668-83938-84405-85488-85916-86752-87060-87256-87528-88152-88864-88939-89278-89388-89518-89907-90424-93334-93385-94120-94764-96102-98004-98534-99656-100860-101208-101232-103010-104491-105002-106636-107184-107192-107197-107200-107833-110230-111896-112340-112578-113044-114232-114271-114424
1040,2459-7333-67640
1041,2462-4111-7144-7223-8301-13397-14920-26442-27811-31570-32479-36832-37173-37602-37745-38269-38909-39126-39752-41727-42776-42901-42911-42920-43166-43389-43543-44147-45051-45359-45772-46762-46811-47103-47650-48437-48829-49054-49730-50796-50985-51331-51525-51753-52613-52839-55016-55830-55959-55964-56338-57807-58362-58404-58503-60738-61547-62217-62479-63564-64338-64346-64547-64752-65229-65671-65761-67667-67730-68385-71192-71879-72081-72147-72197-74372-74407-75131-75591-76241-76941-77743-79097-80201-80418-81168-81642-81789-81887-83513-83651-84672-85299-85302-85973-86563-87922-88495-88767-90640-91010-92879-93003-94091-94235-95490-95572-96381-96623-96887-97504-98189-99246-99770-100427-100498-100983-101792-102807-103966-104133-104139-104806-105053-105175-105262-106227-106731-106773-107125-108128-109397-109618-110597-110855-110972-111777-113511
1042,2464-54941-55461-90246-98720-102211
1043,2466-12347-14308-35276-46227-49574-50118-50783-53304-53724-53740-55643-55652-60450-62799-64111-68562-70194-79700-83554-84637-95346-95766-96376-97041-97415-100965-104865-108626-109979-114213
1044,2468-6842-7374-28822-58992-69162-76098-84251-91142
1045,2470
1046,2473
1047,2475-5274-14368-27458-30502-36015-40210-41441-56697-63457-71380-84794-92616-96920-102031-108845
1048,2476-4046-11903-13256-35860-38720-40618-42122-43148-44175-45420-47632-49058-50910-52069-54314-58462-58718-59798-60360-60626-63211-63286-63540-63808-64025-64758-66740-67720-67835-68463-69699-70702-71490-71918-72976-75230-75556-76084-77480-77691-78391-78696-79718-79967-81766-84013-87416-88605-91780-92200-92794-93060-93595-94156-94763-95258-98654-99163-100676-101604-102164-102764-103933-103980-105669-108275-109548-110778-111420-113567-113820-113934
1049,2479-81639-108141
1050,2480-29666-71668-79156
1051,2484
1052,2488-9978-11677-13245-14105-21691-25656-42868-76114
1053,2495
1054,2497-70853
1055,2498-2526-4308-4860-5472-5860-7648-7916-10396-12574-15482-16398-16932-17664-20780-21566-23810-27148-28884-29182-29390-33792-34120-36812-39400-45998-47368-54354-55758-58722-64644-68972-73264-78125-85056-85758-93353-93784-97620-102485-108110-108371-109987-110215-111508-112945-113788
1056,2501-43850-48089-50797-56781-73093-93346-96930-112973-114134
1057,2503-6879-14247-20215-40221-43122-47083-65538-73335-81113-86209
1058,2504-3628-3667-8579-9307-10612-11366-14450-23968-39538-40800-41326-43664-43910-46562-46991-48512-49572-49776-55338-55556-57456-57719-60539-64544-64856-65926-68647-68711-69154-71554-71858-71950-72472-74680-77022-77024-77861-80580-80715-81502-82442-83902-84104-84188-84914-85099-87919-88618-89002-90318-93409-94862-94924-95263-95499-96612-96742-98604-98708-100388-101540-102492-106348-107997-108085-108761-109747-110836-114702
1059,2507-77449-81066-100539
1060,2509-10871-12615-36435-43241-46933-50485-54653-56419-60222-62887-63509-65880-66418-69831-74549-77913-82177-86705-94819-97251-98612
1061,2511-6593-26107-31487-37731-38389-39545-40820-41515-51795-53481-61127-62635-68897-71817-74531-92135-95310-96021-96898-97403-103403-104649-106887
1062,2513-3593-4555-10869-16705-16715-17115-37479-38549-45237-46395-49982-51302-52901-54815-57861-60494-68037-68121-70869-71887-77011-77101-78479-78929-80846-82576-84039-84561-90197-92638-94839-96551-98695-100753-106309-111969-112403
1063,2517-2735-5573-6343-15543-17215-17431-19289-31687-44183-57849-62473-64878-67551-70185-71985-74101-74297-77633-77909-79871-80651-82895-83441-83810-88837-89333-92085-93221-96541-99321-101645-107745-113329
1064,2519-17823
1065,2521-36156-61850-72661
1066,2525
1067,2532-65073-105616
1068,2534-23097-36819-49575-51428-54405-62891-67504-80475-90415-97591-98602-98747-98797-98814-112780
1069,2537
1070,2543-6004-12058-16279-16452-18164-21722-25080-25663-28798-29031-31468-38712-39823-41021-43954-44205-45433-49869-49953-50135-50457-53427-54408-54574-56059-59713-59924-62033-63902-67465-67844-73753-73916-73926-77428-79619-84231-86941-87432-90280-94360-95917-98376-98836-104598-108652-113278-114475-114890
1071,2546-10261-10333-11392-12485-16833-21402-34960-35371-35440-36374-37603-38007-38155-38926-39407-39427-39791-39845-39977-40036-40329-41121-41169-41255-41697-41873-42369-42553-44543-44595-44776-45321-45524-45557-45576-45855-45988-46166-46271-46490-46863-47057-47157-47345-47651-47845-47969-48146-48197-48205-48635-49468-49664-50018-50217-50293-51142-51252-51323-51385-51804-51922-52075-52244-52655-52752-52948-53148-53389-53638-53668-53999-54294-54467-54766-54885-54887-56255-56386-56395-56971-57041-57305-57798-58349-58363-59454-60017-60071-60127-60531-60818-61027-61279-61475-62307-62327-63037-63345-63559-64213-64378-65263-65325-65613-65745-67047-68661-68719-68734-69365-69469-69989-70369-70805-71254-71799-72565-72613-72703-72857-72899-73595-74100-75167-75213-75379-75863-75986-76525-77571-77829-78056-78160-80129-80415-81169-81369-81559-81909-82253-84129-85116-85261-85405-85681-85735-85869-86161-86762-86791-86814-88355-88421-89012-89157-89740-90503-90513-90579-91854-92565-92962-93702-93945-94532-95026-95573-95609-96245-96959-97615-97831-97912-97965-98266-98388-99167-99295-99573-99645-99697-99792-100176-100395-100606-101611-101767-103138-103393-103613-103675-103878-103967-106965-107777-108629-108840-109659-109830-110509-110552-110785-110932-111065-111136-111399-111543-111547-112003-112215-112234-112391-112939-113343-113544-114785
1072,2549-53332-58094-62811-63486-69860-84092-88370-90173-95874-99806-100463
1073,2551-7671-14413-18241-19426-31733-33011-45615-48345-49104-53403-53931-54871-56567-61565-62262-63280-63309-67925-69741-71467-72267-74373-74431-75505-78059-78201-81203-82805-84283-88222-89558-90210-90451-90982-92677-93263-99594-103178-104715-105171-106923-107220-108963-110231-110311-110739-111786-112581
1074,2553
1075,2555
1076,2557-16733-57423-59537-63053-73233-93937-103743-107537
1077,2561-18671-30649-31012-33003-39651-41719-44809-45193-47532-49184-52997-54579-57831-58155-63307-66305-68493-70195-71609-78811-84793-87411-88669-91362-91781-97931-102769-105206-108638-113123
1078,2565-46491
1079,2566-19574-26108-34480-35460-39572-48751-50644-53852-57573-59622-64070-66798-75443-79844-83492-85727-86141-108707-113110
1080,2568-8004-12686-20208-38430-42362-45530-46118-49642-49850-53592-54040-62506-62932-67747-73996-74898-78786-80324-82050-82692-86332-88548-89563-98766-103152-106134-107644-110242-111994-112646-114330
1081,2573-12451-24579-27177-44080-44121-52582-56086-60975-62731-66476-66555-67909-69984-70459-70769-72094-73559-74517-74725-76216-76408-77585-80803-81059-82487-82570-84301-87923-90413-91507-95495-96022-96279-96649-100115-100370-103241-106125-108656-113306-113717-113884
1082,2575-31322-31582-49836-70876-74969-87488-100708-107266
1083,2576-102234
1084,2580-22456-24504-24527-30911-34234-54430-64180-70545-79720
1085,2585-12931-32313-35001-46761-75781-80245-92675
1086,2587
1087,2588-11414-23062-24788-31082-40264-40470-40786-42212-48025-50132-52022-54400-57544-68592-75778-76142-82293-90624-103374-106836-108775
1088,2591-35853-46421-78094
1089,2592-27977-53705
1090,2595-12609-45097-47601-65697-81361-91907-96089
1091,2601-4472-13364-17526-21576-22236-22516-25166-47836-56057-56369-56607-58048-61558-62101-65351-69531-69947-70922-74271-86671-90892-92640-95938-96834-100302-102821-111180
1092,2603-8685-10289-23267-23621-25340-26213-26335-28785-29041-35377-43781-45119-46044-48368-49799-52769-63287-66361-66429-69362-76669-78151-79168-83817-84359-85729-92461-94359-94785-105767-106957-107187-109001-114551
1093,2605-100770
1094,2607-7301-8459-12555-16647-19737-23443-27413-40095-41339-41367-47895-50405-51253-52393-53465-54427-54569-56443-59365-59497-59596-60615-63015-63283-63525-64071-64223-65301-65349-65733-67073-68355-69789-69855-70077-71755-72455-72601-73364-74403-75929-76287-77495-78031-80112-80877-82617-83171-84367-84779-86489-87179-87471-88983-89059-93191-94679-96329-96391-97033-100243-101389-101613-101759-101879-101889-104525-107977-111683-113055-113733-113767
1095,2609-7149-11703-14355-43925-60433-63547-66597-73760-78001-78639-88547-93569-94883-103805-106619-106949-110261-111741
1096,2610
1097,2613-5515-59078-99708-107955
1098,2617-22087-81670
1099,2618-6328-19764-29960-30448-34124-37830-38380-40757-44228-44747-46215-46362-49052-49312-50446-52886-56169-56692-57539-59774-60235-60359-63392-63822-64373-65338-67596-70227-72784-73040-74195-75258-76213-76291-77697-77713-81234-81859-83037-85104-85186-86574-87436-93690-93879-95564-99103-99720-99919-102906-106592-107931-109208-109341-109800-110831-112306-113254
1100,2620-17926-19058-20318-30508-33530-39098-39154-42718-42947-45183-45741-47148-47223-47926-47972-48693-49459-49998-50188-50744-50902-51709-55460-55622-55918-55940-56686-56700-59658-60367-61092-61318-64635-64792-65665-66707-66957-70864-71504-71914-72968-74197-74487-74612-75590-80988-81244-82796-83064-83688-83948-86821-87708-88078-88957-90502-92274-92286-92818-94101-95113-96224-98284-98630-99827-100874-101850-102342-102660-102704-102994-103370-103660-104274-105452-106320-106322-107292-107348-107412-107894-108433-108723-109766-110609-111146-112934-113170-114052-114588
1101,2623-36657-51711
1102,2626-3296-3336-13514-15618-18808-19497-28788-30439-38397-41153-42531-44525-46486-48996-49793-49943-50983-51063-51304-52274-53520-56099-56121-56437-56622-56709-59038-60454-61332-61418-61882-63194-67178-68064-69323-70270-73168-73759-75103-78927-79816-80965-83017-83424-84059-86009-89653-94655-96801-99378-99559-99613-101249-101809-102147-103216-103388-103887-104982-105661-109145-110130-112654-112770-112804-112912-113277-113873-114457
1103,2628-15148-34540-38610-38918-40650-41342-43430-44894-45562-51008-51656-52240-53642-64164-64488-65500-66484-67330-67672-69220-72340-76538-76742-78012-82694-83762-84264-85364-87840-88412-91268-92128-94634-95666-99924-101488-105858-106368-108612-109552-110564-113122-113622
1104,2631
1105,2632-8780-9184-10442-14086-17290-18326-21846-23177-24424-26366-28026-29917-33122-40591-44480-45060-46119-49205-50021-50346-50927-52315-54657-54869-54931-57614-58947-59527-59763-59958-59969-60673-61747-62240-62402-63931-63950-64380-66560-67081-67151-67296-68191-70849-70972-72512-75899-76450-77340-83333-83411-83573-84753-85880-86805-87522-87638-87740-87814-91082-91101-92780-94174-94928-95187-95255-95539-95659-96636-98993-100989-101764-101773-102570-105712-107725-108186-111294-111796-113872-114123-114697
1106,2636-9234-47124-97863
1107,2639
1108,2641
1109,2643-7479-29233-40453-47469-48311-54619-95067-109133-112381
1110,2645-10745-12491-18841-23425-25049-25151-26741-34763-37180-37506-37677-37872-38195-39097-40065-40171-40949-41184-44097-44235-45448-47241-47647-49195-50627-50839-51837-51937-53651-53983-57908-59017-59131-61585-62789-63355-63639-65689-65755-68473-68606-69837-74573-74797-75317-75433-78509-80253-82757-82935-84511-86001-87239-88997-90363-90883-94283-96471-98055-99212-99313-99553-100810-103789-104599-105137-106301-107047-108743-109997-110393-110921-111287-111559-112211-113529-114733
1111,2646-5316-11690-11884-12958-18174-19186-25387-25522-39764-45784-46164-46474-56284-70586-80378-82318-82780-83368-96946-110082
1112,2651-32871
1113,2657-13855-22685-28833-48487-49061-52857-53777-62463-79455-90005
1114,2660-6554-7469-49368-97342
1115,2667-85814
1116,2670-15872-22286-30820-48968-106697-109386
1117,2673-2747-3773-6233-16625-19367-27713-30051-36563-37113-39575-40243-40319-41265-41359-42015-42107-43414-44420-44567-47557-48843-50860-51071-51097-51309-51650-51714-52748-53423-54165-54193-54477-54875-57401-57481-58148-58411-58491-58734-58811-59141-60449-60742-61048-62929-63833-64474-65657-65661-67083-68077-68376-68665-69388-70788-70881-71523-72212-73067-73283-74203-74302-74671-75722-76645-76660-77297-77341-77469-77769-78261-79235-80497-81667-82413-83373-83781-84472-84881-85129-85201-86499-87169-88555-90119-90231-90808-91005-92005-92403-92897-94491-94509-95045-96587-97146-98877-99077-99135-99278-100039-100555-100649-100996-101781-102819-102958-104099-104421-104979-105353-106895-107807-108853-109387-109498-109845-110079-111163-111375-113843-114761
1118,2677-8303-22085-51944-69585-75341
1119,2678-97431
1120,2684
1121,2687-37333
1122,2691
1123,2692-14416-31400
1124,2694-16650-35758-38079-38117-38122-40070-41309-42816-45962-51384-51612-55038-59188-59411-61142-66947-67594-70240-73293-76609-79668-80131-81695-84399-93865-94714-96640-99218-103312-112671
1125,2696-6719-25131-26241-26553-27195-29605-30905-33683-33739-42316-43967-44153-44575-44743-45195-46103-47387-48413-48628-51153-52213-54033-54617-55688-55941-57933-57953-60638-62341-63191-65238-66925-67863-68105-68193-68425-68849-68892-69631-69866-70025-71215-72057-72062-72393-73585-73687-73925-76501-77309-78815-79114-79641-79827-80537-81290-81685-82265-82321-82743-82751-82887-83121-83839-84708-85344-86205-86571-87101-87339-87602-87739-87751-87855-88907-90243-91451-91725-92491-92519-93433-93541-95331-96131-98205-101923-104644-105109-105395-105625-106583-107001-107519-108679-108881-110333-110585-112478-114843
1126,2699-43401-45028-55260-63218-91957-92988-98585-104933-110556-113245
1127,2703
1128,2704-27970-50664-65640-67158-69718-78632-81874-82206-83976-88384-97210-107512
1129,2706-4106-4238-4720-4948-8547-12464-14666-24852-25314-30030-34597-38081-41132-46332-50578-54411-54490-54806-55900-57062-60156-60942-62296-66604-70985-79814-83328-86691-93977-97413-104282-106977-107204-114296
1130,2709-13631-32166-33928-68985-69327-71303-81693-91220-92285-102877-103448
1131,2713-54391
1132,2714-14350-36866-66092-90588
1133,2718-10835-27980-41713-51645-65823-92775-95417-103451
1134,2720-28699-35716-45993
1135,2724-2942-6460-6808-10878-13124-17293-20378-20840-26040-27604-29814-29876-30099-32396-37714-41668-42014-45422-52123-55882-60552-64102-66186-89961-99661-102607-103452-107746-109717-110703-112097
1136,2726-24840-46436
1137,2728-27140-28782-38042-38938-44384-44858-48272-48288-49116-49946-53522-54346-54442-55742-56197-57939-58435-63906-65000-65754-66358-67982-71658-74846-74991-75456-76190-76195-76610-77696-78377-83838-84300-84304-84616-89655-90316-92035-92828-95240-96086-98476-99226-99814-102560-102562-103111-103614-108162-108206-110706-110818-112148
1138,2733
1139,2737-42383-47837-54280
1140,2738-50114-72736-76242-81886-92998-96056-101732-113414
1141,2741
1142,2743-9958-11514-14132-45920-57928-101194-114286
1143,2744-19196-25552-29862-44872-54114-67146-75512-81588-86777-97354-101320-108906-110114-111073
1144,2748-6338-54181-56371-66040-69028-83669-96556-106621-114645
1145,2750-23561-27064-27986-30454-37407-38680-40156-42202-42692-43794-44628-50518-51218-53044-57282-57630-57660-58522-61602-66202-67310-67366-67712-68144-69062-70558-73476-76526-81928-82444-86586-86654-87204-87690-87949-88954-90214-90939-92670-93747-97266-100153-100691-103237-105849-106918-108413-109168-109318
1146,2753
1147,2755
1148,2756-25871-60258-106792
1149,2759
1150,2762-3497-8729-10562-24636-31675-34914-46902-76157-92134-97879-111223
1151,2767
1152,2770
1153,2773-62134-67790-72220-77476-82217-84250
1154,2774-90748
1155,2777
1156,2781-4580-8969-18877-22881-24048-27726-31796-33831-35892-55802-59178-75671-77545-83402-89156-92247-103857-107375
1157,2782-33450-46758-52676-60546-72218-72396-76280-83218-85088-89222-93626-107030-112634-113634
1158,2784-4062-24558-42010-43626-50172-54706-59846-70986-75374-77174-85211-88839-88974-89820-89978-91286-93384-95710-99914-111464-113924
1159,2793-26051-26767-38286-39677-44783-47085-48928-49041-51747-58306-60007-61957-63099-65955-68379-68441-68803-71473-77171-89565-93717-95349-96765-99747-102415-103407-105219-106689-109278-113163
1160,2797-31650-36918-77717-106271
1161,2799-4663-22969-44123-59797-68258-83265-105443-110246
1162,2801
1163,2803-9010-13626-23740-24117-28570-39589-40629-50648-51830-54645-57828-58693-65634-72346-83104-89892-99744-107300-110268
1164,2808-18916-64670
1165,2813-6679-10897-12287-78937-108865
1166,2814-54696-55004-83262-92516
1167,2817-11896-19392-62057-77898-84667
1168,2819
1169,2821-4741-5991-23123-23923-27827-38735-41897-44865-48193-48646-49493-49867-52803-53401-54829-56863-59101-60025-60381-60595-61915-62087-64443-64511-68519-68643-69465-72859-75361-75373-76163-77300-81531-82323-83149-89091-89199-90557-90701-91359-95709-95881-95919-97066-97715-97824-101309-106011-109549-111077-114684
1170,2826
1171,2828-30762-45718-52248-69610-72021-77316-83904-96764
1172,2831-8753
1173,2832-27888-28031-37192-53050-58641-81773-93558
1174,2834-12706-26206-38932-40315-42434-43151-43638-44721-46899-46911-49049-50144-50788-51924-52202-52932-53823-54283-56140-61016-62552-63548-66864-71308-71434-73997-75646-78676-79331-80588-80674-81415-81894-82837-84284-86909-87150-94523-95320-97068-97897-100069-101110-101736-102854-104859-105006-105057-106304-111350-112947-113848-114231
1175,2837-32627-44649-73771-101253
1176,2839-39841
1177,2841-106150
1178,2844
1179,2848-40444-45628-66839-71103-71334-75331-76652-79869-81159-91442-93472-103736-113775-114523
1180,2850-40386-48910-53137-54904-58226-59680-75572-83854-91072-109434-109688-113594
1181,2855-12489-18719-100279
1182,2859-55703
1183,2861-9275-60255-73249
1184,2870-29146-72162-94710
1185,2873
1186,2875-10881-14819-25459-48697-51155-51353-53765-55297-57867-62191-72965-76011-96525-112083
1187,2878-45136-55132-70350
1188,2880-13710-29974-36196-38635-51746-52980-54315-73885-97042-106782-113901
1189,2883-20335
1190,2884-14092-29614-39226-42198-50333-51212-57224-61794-69780-76696-78298-79940-83116-88642-96034-101080-101624-106776-110206
1191,2886-7558-13402-28105-29421-78505
1192,2889-3172-14665-16907-18684-20448-20699-25089-27278-28743-29767-30023-34642-39338-39587-39831-40751-42555-43388-43765-43945-44155-44918-45000-45009-45501-45607-45810-45933-46176-46689-47613-47701-47859-48763-49051-49707-50341-50463-51348-51622-51912-52379-52957-53302-56598-56917-56937-57823-57841-58159-58263-58371-58949-59351-59432-59533-60191-61076-61116-61385-61981-62083-62989-64329-64427-64436-64680-65009-65497-66620-66753-69701-70005-70297-71205-71721-72140-72649-73021-73697-73828-75661-75810-76680-77398-77401-77799-78183-79213-79443-79617-79628-79794-79903-80270-80484-81044-82507-84217-84327-84531-85894-86632-86751-87176-87189-88308-88331-88599-89548-89683-89696-89781-89899-91721-92113-92814-93041-93362-93386-93399-93761-94242-94339-95353-95462-95510-97243-97922-99889-100199-100766-101230-101570-102401-102413-104253-104892-105151-105399-105897-106193-106711-106819-109441-109768-110400-110619-110975-111548-111587-111762-111903-113295-114140-114386-114719
1193,2890-24268
1194,2893-26135-33175-33725-34196-72951-95843-104225
1195,2899-18399-27474
1196,2902-30305-109218
1197,2914-3092-6174-15299-16678-17888-19774-28653-30475-32293-38547-38603-38889-39176-39824-40133-43176-43904-44606-47187-47953-51587-53893-54896-54992-56596-56865-58474-59384-61425-64627-73583-84069-85016-86062-88217-89958-91236-92973-96421-96985-97140-98536-98677-100003-101610-106633-109055-109559
1198,2916-26460-65457-105739
1199,2919-30227-83967-96836-105188
1200,2928
1201,2935
1202,2939-8424-76432-108217
1203,2944-11786-12540-30390-38744-56216-74994-113738
1204,2947-98847
1205,2949-18427-27745-40779-42031-43569-55027-93295
1206,2951-90970-104194
1207,2952-16782-31168-33142-41954-52920-53990-54578-56061-60890-61868-62172-62984-73270-74072-74770-75342-79656-83528-86547-92761-97436-106788-106948-106972-112032-112036
1208,2957-45990-79884-108395-108967
1209,2959-74019-90839-93425-104815
1210,2961
1211,2963-16189-17613-28907-43623-46797-51240-55885-57689-58150-66245-66341-69248-72853-74705-75117-81897-86153-94275-98500-103283-114117
1212,2965-97997-104795
1213,2969
1214,2972-12580-13332-13594-17370-24098-24518-25338-26978-28000-29376-31246-32180-37692-43688-45260-46237-54564-60634-67578-71919-72625-79949-80192-95873-97448-98721-102446-107687
1215,2974-51868-68132
1216,2981
1217,2987
1218,2991-13647-18457-21637-59077
1219,2992-10266-11012-20778-27650-33932-40032-42527-44060-44065-50095-52391-53032-53858-54673-56749-63600-64178-64931-65555-68657-70414-74058-78822-83430-85504-86852-87679-89277-91062-91792-92508-92786-95254-98051-101948-105902-107059-109181-110039-111605-113054-114125
1220,2995-7509-21271-108434
1221,2997-20391-29119-91881
1222,2998-6166-11556-28194-31752-39766-42910-43524-49140-50336-52198-52290-53602-54908-55966-56090-57440-61824-67106-70680-70814-71591-73434-76320-76948-77072-80502-81073-81126-94018-94738-97105-97168-100838-101670-110830-111120-111554-111815-111970
1223,3001
1224,3002-15856-21058-28811-32872-43044-46061-53487-55152-57012-57046-63901-68130-70886-71566-78276-80307-86613-88728-89981-97750-103847-104254-107033-107429-107871-108600-109042-110449-111024-112360-112733-113394
1225,3004-10054-36242-44738-48902-71045-72969-89837
1226,3010-48848-69586
1227,3013
1228,3014-6156-27342-27613-30776-32440-32460-43463-46760-46850-49460-49944-52220-57513-61428-61511-64781-75187-81913-83340-85598-88546-88738-88845-90490-90549-92573-95378-104771-106339-109092-111506-111874-113829-114829-117703-117705-117711-117719
1229,3016-14414-21720-38448-42732-46610-47808-62978-63526-66684-69828-71166-73798-75564-76506-79458-80686-83092-85484-86546-88418-90662-94012-98060-102522-114326
1230,3019-77777-83963
1231,3021
1232,3023-5832-6790-7361-8534-11587-12919-16767-17689-20807-22981-27734-31806-34257-40017-47285-50220-52973-53008-56792-57811-61623-61871-63953-64117-64118-65291-66670-67585-70522-95851-101135-104847-105400-111270-111633-114210
1233,3025-42966-79059
1234,3029-10720-11933-36261-38983-69245-89393-100323-104173-105255-105679
1235,3030-6970-49426-54947-55534-69273-105687
1236,3032-17674-42134-44682-52811-68087-70074-94660
1237,3035-10229-31607-74955-75437-93707
1238,3036-4178-8818-9236-19562-23630-41411-45648-73242-77655-78052-79552-81184-83273-86880-109154
1239,3038-3500-5000-12688-19302-20920-26430-29686-30364-35676-40212-40920-45749-48620-52150-52982-53518-54086-56272-58108-60408-65800-66428-66530-70676-75908-75914-77590-79012-79446-80048-83004-84822-85600-85958-87808-89184-90790-91668-92175-100604-103803-105564-106180-109658-109719-110104-111057-112764-113956
1240,3041-8323-18923-19852-35329-37077-46799-58209-62714
1241,3042-58295-107645-111642-114877
1242,3050-27129-52658-55564-68559-77524-84899-85701-86258-87649-96322-97819-98692-109832
1243,3053-30434-31423-77926
1244,3054-18244-41584-41654-51326-63849-65140-70245-75977-81945-83394-84704-89875-90150-91016-91238-101584-107395-113141
1245,3059-8135
1246,3060-37936-45925-47224-48531-53758-56698-64957-81918-95372-95894-97925-101835
1247,3062-15478-28984-44052-45271-46109-47062-47569-48988-49832-51396-56176-56558-57406-58850-60751-62187-65594-65866-67142-70166-71898-78482-79642-79883-81411-84936-85672-86026-87456-90161-91248-95714-95963-97916-98530-103989-106727-108620-108958-109483-111748-112632-113189
1248,3065-5279-7863-8955-9313-15117-15829-18151-19659-27497-27957-27989-38319-49807-49875-51345-52537-56407-56765-57845-58317-58453-60295-63993-64361-66439-66549-68649-77000-77235-80137-81093-84845-86011-96326-102837-103217-105743
1249,3069-6864-50038-54465-56118-87056-100740-113300
1250,3073
1251,3074-7061-20612-25940-53024-78408-79947-79986-90954-91066-95614-100992-107654-108821-112787
1252,3078-46626-47550-49626-50916-57430-63812-64142-67370-77350-86424-88784-93468-102932
1253,3083-5649-13137-40093-54759-61519-62695-67131-75687-81867-86659-91587-94843-105051-107011-107423
1254,3086-51644-96059-100858-101711-108631
1255,3090-34310-40476-61326-83228-84242-92001
1256,3094-4742-5614-7410-16980-19086-25414-39878-46370-50430-65486-71400-80436-89794-93026-108026
1257,3096-3162-18243-22752-35952-46709-81959-90162-105694
1258,3101
1259,3102
1260,3105-5066-18186-28258-54868-69112-76161-83322-87484-90652-97742-98896
1261,3107
1262,3109-6957-8887-26845-30417-38785-39949-40149-42879-43399-45282-45773-49144-50815-51123-53779-54387-55235-56166-56294-56951-57407-57473-58677-60627-63220-65021-65815-67841-68237-68591-70603-71183-72457-75503-75737-76149-83807-84887-85351-86377-88315-90154-90795-91329-92413-93919-96749-96850-97717-98995-104450-105207-106627-108397-108563-109041-109619-111211-112345-112845-113056-113803-114035-114661
1263,3114-17372-22239-37364-41684-46908-49394-50186-53754-54176-56060-57246-58386-66838-68742-69474-71252-72528-72750-83576-88264-95126-100016-104686-106492-109490
1264,3117-26963-29033-49701-69703-70409-95404-95893-97551-106830-107695
1265,3119-34334-39363-42113-42288-43398-43539-46524-52653-53059-60284-60346-61022-62819-65922-66980-68126-68552-71171-73502-75407-76878-77075-78810-84408-84574-85105-85230-86758-87260-88751-90482-90566-93093-93429-99465-99917-103540-106390-106495-110158-112454
1266,3121-6433-12523-20633-28317-30033-35188-37318-37631-37939-38307-40947-41431-41667-46273-48525-52989-56717-58735-72013-75546-76710-82317-84369-87349-87960-94689-95891-97144-97471-98389-112705-113169-113337
1267,3122-11612-16262-29808-31504-35388-41306-43472-51334-70596-73294-74034-75254-80208-87328-90506-95948-108120-113086
1268,3125-45333-70893-73663-111725-113996
1269,3128-65888-96032-110355
1270,3133-5675-8872-12646-13171-18160-41315-41745-42589-42665-47574-47975-50004-52849-53895-54767-54851-57567-59655-59701-60535-64163-64773-65433-66729-67473-67801-68551-73541-76625-77461-78557-81647-82669-83524-83979-91485-91662-92071-93954-94584-95749-99451-102163-102645-103261-105163-105919-107676-108613-111315-111753-114403-114905
1271,3134-35144-38218-46456-47336-71860-76802-78894-79098-81592-93986-100692-105828
1272,3137-3777-6359-6687-9862-12039-13782-15409-18087-24865-26449-30259-30589-35653-38541-39539-39909-39933-40619-40923-40945-44785-44871-45505-46131-46971-46985-48013-51667-51895-53095-53827-54814-56387-57996-58455-59804-60005-60839-61031-61782-63003-63049-63480-64571-64825-68410-69754-72356-76077-77681-80207-80907-81621-81623-81991-82007-83873-84156-85139-85265-85618-86735-89335-90440-91508-92713-93571-94255-94484-95838-95875-96653-96705-97767-98471-99795-103159-104853-106112-106509-109990-111615-112309-113153-114301-114707
1273,3138-6118-37432-39443-41532-41660-44590-45839-50124-51370-54366-58301-61343-62850-67018-70734-70887-72864-75832-82388-83166-83357-84809-86151-86907-88905-89891-89979-90654-93131-93423-94384-95864-98390-100662-100757-101844-105475-107576-108640-111480-111956-113626-113902
1274,3143-5350-30966-39829-42738-58368-63850-77485-79666-82046-82862-94354-95335-96977-109098-112503-114778
1275,3146-24432
1276,3149-3223-3401-5545-5761-14521-25156-28311-53439-54056-75306-86823-108841
1277,3151-7583-40641
1278,3154-19143-21345-23094-29728-32840-36889-38924-39846-42518-42796-61912-69263-70854-72185-73906-77656-90732-90973-93259-97834-101177-101766-104076-104496-105196-105441-107232-107596-107622-112016
1279,3156-10410-44766-45928-70860-72344-102200
1280,3159-23747-25179-39243-45139-63603-107339
1281,3161-14519-89447
1282,3164-3956-34820-38788-42611-43403-56883-57917-58421-62389-70646-72412-73536-74883-82279-82502-91246-103109-103350-104811-106344-114747
1283,3166-3578-4565-15095-18400-20312-20768-22528-25748-35736-42498-43119-45156-48986-51965-52242-54674-56525-59426-62832-63856-66644-69050-69380-73338-73872-74493-80206-81676-87525-88197-88958-91330-96415-97676-101342-103728-105256-107836-108091-111217-111309
1284,3177-5603-7965-9493-14425-17133-21727-21979-24781-35519-43873-44599-46989-52327-52831-53273-58351-58925-62173-66863-68377-68831-72041-73043-74395-75081-76889-79984-80387-84053-85835-86175-87235-87415-88465-90277-100675-103263-104493-108069-108595-109067-114399
1285,3179-15233
1286,3181-17011-19681-19690-25103-30265-38761-39983-43294-44162-47443-52245-54989-56574-57027-59393-61086-62067-62795-64079-64107-66263-66456-66622-67026-67441-69704-74885-76297-76604-83767-87537-89637-95897-99449-102469-106857-107811-110219-113699-114728
1287,3183
1288,3185-6526-23610-80663-88516
1289,3187
1290,3188-4448-12662-22332-23858-38234-73008-89762-94356-96066-99202-103666
1291,3191-4399-12790-23258-34079-39313-41182-41209-41223-45209-50599-54542-58281-63940-69593-73730-73967-75584-78247-79660-79829-81889-83691-85539-85576-88345-96458-96761-100738-104137-105584-109945-113031
1292,3192-11227-27640-29370-29588-38076-43055-45049-46378-49339-52736-52970-55240-56074-56479-61363-62401-62859-62954-65559-66356-68141-71870-80687-85984-87598-91422-91572-92197-95993-98885-100032-102546-111106-112310-112811
1293,3195
1294,3197
1295,3199-6366-17627-22418-28468-33788-34598-38487-46191-48376-54065-54863-56442-66336-73456-87628-88648-92052-93397-93660-99629-101690-105981-106024-106890-107499-110824-112066-112970-114904
1296,3201
1297,3207-45266-54858-58298-72869
1298,3208-7809-15103-24706-25831-33573-37070-38373-42114-43348-51700-62149-64044
1299,3210-11780-22405-26113-46075
1300,3215
1301,3218-3332-55195-65244-75695-91568
1302,3225-36505-37031-44489-94325-98673
1303,3226-22978-28781-36995-37427-37833-41662-42604-55237-62030-62546-64005-66084-68317-71923-76239-80267-82589-83567-84620-84803-86590-90049-90303-92838-94882-96527-100229-101305-101686-108529-110826-110895-114480-114821
1304,3229-11246-24360-32828-38393-39090-39274-45115-48269-48528-49020-49378-50404-53702-56632-57922-58860-59852-62818-62903-63620-65378-65730-65750-65820-68296-71284-73176-73874-74990-75444-76108-76156-76836-77332-78414-82620-86012-86236-87562-90332-90351-94202-95168-95569-95607-96109-96278-96720-98870-99402-99546-102079-102726-102818-102930-103214-103941-104215-104372-105324-105360-105544-106784-107114-107126-108551-109734-109969-111222-111860-112902-112916
1305,3231-6943-15903-24289-34533-37570-37653-38295-38811-39047-39067-39353-39494-39621-40258-40309-40367-40547-40763-40801-41694-42183-42279-42382-42643-42833-44145-44294-45165-45189-45880-46099-46321-46487-46533-46559-46833-47073-47683-48137-48383-48945-48948-49407-50183-50387-50651-50837-51194-51801-51887-51961-52361-52591-53199-53687-54612-54922-56639-56649-56915-57455-57499-58157-58834-59388-59599-59656-60202-60417-60619-61924-62179-62353-62511-62639-62705-62726-62937-62969-63195-63203-63448-63483-64003-64211-64305-65165-66111-66267-66438-66831-66951-67655-68257-68311-68569-68757-69447-70571-70717-70825-70913-70949-71291-72459-72563-72705-73035-73325-73516-73813-75073-75111-75183-75571-75733-76103-76393-76423-76515-77177-77437-77637-77764-77789-77879-78135-78189-78297-78437-78477-78559-78905-78925-79265-80239-80465-80979-81186-81455-81485-81517-82723-82725-82863-83066-83268-83489-84297-84783-85807-86097-86599-86605-87899-88687-89549-89691-90711-90867-90955-91213-91611-91875-92549-93813-94489-94577-95130-96563-96585-96907-97029-97368-98157-98421-98607-99083-99089-99395-99855-100783-101015-101071-101123-101383-103471-103519-103577-103653-103721-103871-104247-104581-104788-104861-105410-106089-106154-106867-106909-107137-107447-108908-109164-109930-110177-110626-111405-111535-111873-112289-112681-113963-114434-114693
1306,3232-9538-22194-31112-36309-47697-51480-54446-55300-57600-62701-67019-69694-70022-72098-76644-87115-91948-92284-106491-113315-114337
1307,3238-21704-28019-35200-35292
1308,3241-59558
1309,3243-21063-40577-46505-50202-51841-53081-55459-57981-58717-59781-65609-74115-80807-83245-83341-94725-96019-96899-96993-97805-98609-102671-110271-110501-111723
1310,3245-18137-25635-72715
1311,3249-15782-50864-72227
1312,3250-42766
1313,3253-16248-29338-30585-32202-33158-34032-41838-47226-49671-51624-52808-56676-65516-68267-68728-78780-80594-81508-90358-92758-93869-93980-94508-97327-103404-104912-112024
1314,3254-11860-16912-30804-30928-39212-66714-69686
1315,3256-7215-12339-13548-20437-22373-29569-32024-33534-36652-37601-45797-48196-48898-49631-57896-59205-60019-61151-66311-76962-77832-79837-80059-81725-83238-85819-94576-95143-95426-97390-106186-112967-113524-114605
1316,3261-21439-22761-112911
1317,3264-3658-6266-12494-16450-17716-18478-21522-27476-28160-33480-41387-44728-45769-49964-54797-63721-64000-64722-67193-67548-79262-97602-98799
1318,3268-22930-26400-37890-38268-41343-45186-54160-57709-58630-62610-65954-66414-66834-72214-76136-78120-79802-80106-87556-88904-89132-89654-93160-95244-97722-98014-98144-98297-98570-99264-103794-104550-104950-106522-107978-108722-110834-111204-112592-112722-113052-114384
1319,3271-6689-30292-35982-38203-42173-42389-49677-50855-54399-60229-60721-67203-68936-72361-84879-85283-86957-96298-96921-101149-102700-103632-105290-105826-107696
1320,3272-20696-38392-39694-50236-51874-58216-90116-110025
1321,3275-85481
1322,3276-3784-10308-15475-30260-38213-52235-69294-80068-92648-94913-104652-111448
1323,3278-18198-29762-30414-51316-53292-59716-62458-66976-67198-73464-73552-74150-74317-111200-112236
1324,3281
1325,3283-6503-7169-12405-15147-21026-29021-35343-37655-37761-38093-39245-39339-41329-42249-43415-45180-45357-46079-46993-47987-48039-50937-53697-55370-55629-57607-57609-58071-58270-58837-59265-59623-61801-63857-64415-66577-69510-69807-70397-70475-72848-72941-73847-74555-75585-84073-85011-85045-87467-87581-87609-88390-89975-90395-90855-92239-94161-96199-96575-96867-99211-100945-104320-108740-109507-110198-113336
1326,3286-4118-12048-30920-48794
1327,3291-3919-4301-4705-5399-7585-10063-10215-17397-17631-18052-22069-25297-27699-28551-32011-32553-32689-34205-34583-35602-37974-38032-39153-41915-42807-43047-45517-45577-47003-48141-49011-50725-51181-53341-53505-55519-58698-59399-59604-60719-66505-68157-68483-68830-71127-71539-75199-75948-75971-77803-78093-79917-83135-87881-89053-91742-91850-92421-94299-94693-95099-95101-95699-97835-98139-99373-99849-100901-102111-102133-104108-104745-105797-108379-108443-108943-109239-109731-109783-109813-110429-110577-110841-113223-113232-113413
1328,3293
1329,3295-11361-41887-48483-109951
1330,3302-56073-92694-102355-110661
1331,3305-28045-42674-46101-63237-78281-94977-96671-104763-107359
1332,3307-31631-37395-42201-61353-70845-96257-101325-111435
1333,3308-88416-95961-112474
1334,3311-4867-6801-7039-23479-26707-27062-42415-48292-55339-62383-63747-69597-76184-76339-79080-81942-86199-90101-90449-92223-94099-98133-102169-104561-104817
1335,3313-24174
1336,3314-5194-5610-37532-37994-40956-42306-46128-46374-47990-48572-49472-51000-51360-51438-52984-53886-54600-55168-56270-56783-57436-57818-58026-59070-59574-59616-60270-60882-60954-61314-61528-61598-62545-64648-64728-64868-65552-67912-69652-71578-72072-72400-74138-74568-76118-81996-82748-83096-83428-83776-84058-84142-84588-85044-86892-87870-88096-89768-90894-90950-91798-93884-97618-97802-98330-99867-100044-104798-108932-109644-111561-114011
1337,3323-4943-23685-32548-39953-60375-69971-87613-100743-109249
1338,3325-24307-71129-80647-101421-105265-114307
1339,3331-46493-50961-55327-56773-63998-66427-66899-75133-76021-77831-78891-79599-88655-89533-93549-102572-108907-110031-111129-112855-114225
1340,3335
1341,3339-14642-20230-27010-30494-40758-54782-55834-58658-66571-75542-77276-78262-87103-90670-91730-95762-103466-113498
1342,3343-5427-19915-31185-105867
1343,3344-14806-15262-17266-21440-28374-30200-39434-55230-64743-70683-70821-71656-77645-82572-87512-97187-99596-99794-100064-102504
1344,3347-7262-18515-21513-23257-24407-24950-36289-41456-44481-50254-52467-55529-55647-60929-62393-64618-65579-66066-70449-78917-79123-81737-90509-92349-95369-101263-112669-114401-114753
1345,3349
1346,3351
1347,3353-4316-44881-81701-87364-97636-102747-110701
1348,3354
1349,3356-3854-7852-20204-20440-25116-25138-33060-35036-37360-37963-38230-40045-40692-40717-43736-45631-45705-46382-49741-50262-53418-53550-54480-59910-60175-61516-61891-65512-65566-67784-67976-68110-68253-68456-68611-70698-71468-74028-74330-75090-75168-76096-76876-78636-79640-80159-80168-80789-81270-84691-86212-88030-90054-90510-90724-91418-92072-93612-94370-94817-94979-96268-97256-97568-98547-99992-100262-101935-104634-105542-106612-106767-110776-111715-111949-113118
1350,3359-55609-82033
1351,3361-36999-51195
1352,3363-10335-56013-101013
1353,3365-4568-5886-7314-8548-10626-16542-22340-23530-25540-27314-34474-50355-57728-68134-73667-80738-82755-86068-101640-103050-110850-112443-114122
1354,3366-93142-96673
1355,3373-14479-16401-20759-21835-25887-29757-37873-39233-40115-52259-57967-62957-63903-66165-67365-68175-74387-74447-76323-76677-80295-83347-95505-104571-107459-107855-111635
1356,3375-15214-15730
1357,3377-8863-20681-23999-25655-26531-37901-41258-41433-41659-42019-42754-45291-49907-49923-52196-55193-57582-58381-58645-59538-61037-62587-64161-65925-66173-66295-67825-67933-72680-73195-74677-75869-76427-78007-78463-79004-79373-82809-84123-85031-87307-87877-88060-88141-88607-90659-91121-91390-92634-94340-96519-99513-99767-99853-104843-106044-109691-111915-111963
1358,3379
1359,3381-104590
1360,3383-4633-13063-14789-15561-21844-33251-39124-39166-39951-41243-42993-45105-46499-47433-52783-56575-57851-58346-62549-63141-67685-68929-69195-72293-72748-73258-76548-76843-78399-80693-80908-84517-84923-85255-86604-87172-88275-88362-88803-89037-91447-93751-98991-99619-101368-103095-104793-106692-107841-109269-109852-113307-114773
1361,3385
1362,3391-58062
1363,3393-32194-40573-55921-55997-60035-60518-95514-106338-106858-108354-112219
1364,3394-3622-20864-21412-73524-78946
1365,3397
1366,3402-3619-10955-18231-26819-33032-38706-39820-40327-40416-40461-40515-41249-42951-43210-43629-43680-44142-45752-47135-50309-51200-51755-52227-53894-54434-54588-54610-55125-57435-57566-58370-62563-63818-65308-66659-67595-68959-69271-69883-70938-72265-73724-73893-74456-74714-77074-77976-78322-78778-79291-80074-81856-82011-82739-85453-86186-88284-88659-91647-91872-92795-95494-95672-96951-97062-97657-98491-99380-100582-101062-105817-105947-107181-107418-108664-111331-111497-111584-111973-112461-112943-113551-113629-113990
1367,3405
1368,3406-12140-39030-69224
1369,3408-97374
1370,3411-5895-9459-11621-15497-15715-21395-23519-37151-38661-38915-40951-46257-51273-53741-54679-57909-62185-65309-66025-66777-66835-73291-74893-76083-76539-83943-84789-85176-87730-88454-88941-89057-96901-97625-98617-99843-102871-105287-110413
1371,3413-37864
1372,3417-22893-30837
1373,3421-8073-19321-30719-31809-36471-44005-49855-58296-58405-61595-64608-75853-76769-78852-79202-88551-92771-93657-97489-100025-102135-102991-103189-103397-107883-110465-112583
1374,3423-4649-11449-13209-16075-16305-17121-18453-19519-20343-23017-23943-33981-36493-43208-45463-53109-55095-55999-58846-65769-67149-68845-73773-75011-97335-98163-107677-110649-112619
1375,3425-11741-14151-95450-97975
1376,3428-32073-34024-90057-92151-101415-103132
1377,3431-91420
1378,3435-9779-54325
1379,3439-6244-17970-18012-24138-25930-35315-53673-53947-58636-58667-64958-67579-70948-74145-77874-80941-81417-83440-84135-84657-87903-89216-89953-92262-98436-98949-102272-108171-113704-114102-114500-114587
1380,3440-5710-6226-6934-13724-24114-26138-26160-30988-43318-86437
1381,3447-5347-14687-16839-25363-30865-35889-38512-40647-41545-42913-46441-46641-46661-46717-46751-47413-47551-47979-48294-48499-48557-48825-49423-49935-50139-50957-51495-52073-52589-52663-53317-53479-53530-53681-54482-55007-55531-57021-58117-58457-59161-59483-60527-60873-61117-61135-61265-61419-61571-62374-62465-62723-63082-63111-63553-64265-64603-64863-64933-65695-66073-66557-66807-67695-67975-68043-68339-68491-69075-69813-69817-70917-71153-71385-71897-72929-72986-73087-73321-73485-74851-75655-75999-76031-76379-76467-76537-76656-76905-77017-77167-77753-78466-80831-81249-82369-82765-82943-83113-83445-85111-85221-85482-86405-86559-87051-87689-87947-89619-89689-90111-91163-92089-92209-92847-93185-93979-94571-95103-95345-96301-97073-98175-98937-99339-99523-99857-101413-101575-101905-102081-103001-103715-105358-105478-106087-106397-106849-106901-107039-107213-107273-107286-108951-109065-109613-110227-110617-111681-112775-113159-113179-113229-113405-113690-114004-114065-114653
1382,3449-52593-81999-109690
1383,3452-29439
1384,3459-13693
1385,3460-5612
1386,3462-9061-14993-15144-29516-33328-61285-82035-82772
1387,3464-22441-100633
1388,3466
1389,3469-37946-46455-67943-75703-80552-109270
1390,3475-3594-60500-71035-72600-89821-91857-92390-104605
1391,3476-86598
1392,3478-16604-21744-33448-33852-38968-41948-55084-57830-64218-67887-72341-75343-76724-80396-83988-92149-93832-109572
1393,3481
1394,3482-25464-44624-69522
1395,3485
1396,3486-14028-26288-28442-29934-32130-37871-44934-48982-62394-65114-87680-87962-90388-92658-97056-104235-107291-114612-114642
1397,3489-5256-8122-8320-13798-29098-32930-36830-38911-43503-47109-48169-49979-53324-58935-63344-66162-67374-68354-69424-74266-77125-80244-84848-91628-93102-94312-100531-112976-113684
1398,3491-55685-87655
1399,3493-5367-37125-41355-49387-82533
1400,3494-10549-24514-29926-32446-42032-43263-51190-53757-55447-56538-60667-61445-62082-66673-66697-67871-68099-72360-75311-76042-78142-79850-83073-83783-84370-88044-88406-91039-91076-96296-96397-96732-100609-105539-106480
1401,3503
1402,3504-23618-23848-39294-41651-41877-45536-55800-60195-62834-63008-66658-67728-70004-70076-72535-75146-76586-79874-85541-85605-90242-90702-91041-102382-103845-104526-104956-106359-108377-110954-112273
1403,3507
1404,3508-8538-38362-49531-54724-66094-69268-70493-79167-92907-93841-107929-111856
1405,3512
1406,3517-5315-6831-8069-16379-19857-37503-42059-46962-50295-65315-71665-85137-86994-94243-101271-109595-110621-111697
1407,3519-11767-24695
1408,3522-7986-33296-101713
1409,3527-33177-49971-51715-56823-83353-86609-93261-101443-109287
1410,3533
1411,3535
1412,3537-76914-106651
1413,3540-18092-22762-27720-36324-47708-84130
1414,3542-4737-6556-8790-11882-17110-18170-23274-23936-26392-30926-37723-38090-39225-40306-43842-44604-49673-49678-49811-50142-50198-50522-53063-53138-54368-54667-55746-56223-56804-61646-61900-62270-63418-64504-64864-64982-65322-65986-67592-68472-69286-69394-69422-71290-72676-75018-76209-76636-77018-77205-77825-78406-78618-78999-80290-81166-82638-84489-84685-86105-86260-87335-87864-90647-92112-94185-94276-94507-96067-96320-96362-97540-97937-100822-100871-101738-103373-103881-104764-106050-106106-110196-110249-111016-112452-112923-114669
1415,3547-15577-47741-47933
1416,3549
1417,3550-6775-15046-55386-68526-75972-79520-83605-84272-90418-93218-96104-97946-100664
1418,3552-17826-23838-51712-59186-61552-71714-77972-80762-83626-84362-87358-90758-91000-98848-100584
1419,3554-11082-41672-86878-110134
1420,3557
1421,3558-12921-26568-26742-35950-77588-88689-99422-102630-105554-107635
1422,3560
1423,3564-16224-38708-43248-88934-107867
1424,3567-21580-24312-32220-38291-52341-60930-71909-82698-83539-90565-109895
1425,3569
1426,3570-8252-8984-9564-12150-13950-19038-19782-23336-23532-26390-28394-29404-31798-32178-45556-51728-52044-52704-58776-61218-61522-63544-63659-64692-64858-66731-66833-68360-70012-71315-73189-75112-77710-77784-78732-81962-83865-90097-91100-93803-94823-96804-97508-99890-99955-101297-103144-106240-109090-111845
1427,3572-6374-13558-15426-24064-34143-60238-60462-80628-83051-87119-89628-91496-94841-105609-114553
1428,3575-28530-44231-57842-58979-62643-67944-69629-69710-77949-96057-97127-100161-108322-109411
1429,3581-59939
1430,3583-6231-6364-6891-9169-15025-16635-16973-44227-51263-55864-57469-58119-63854-68151-108769-110309-111280-111746
1431,3585-18776-49125-51019-57259-58755-76986-100111-104995
1432,3586
1433,3591-22911
1434,3597
1435,3601-42344-56670-81690-82425-110990
1436,3605-6463-48485-52511-56857-83035
1437,3606-4738-9374-17768-18032-21928-28973-28978-30295-31793-44182-44317-45150-48251-55576-55737-61653-62153-67046-72329-87011-102532-103104-103592-107261-114639
1438,3609-39081-39366-64113
1439,3610-6910-14403-24336-42885-56564-61282-72307-74522-76144-77671-78419-102162
1440,3612-22945-39051-59158
1441,3615
1442,3616-22887-24749-56354-99625
1443,3621
1444,3625-5233-26759
1445,3631-5946-25120-30086-39439-73586-81516-93631-97773-103513
1446,3636-39832-42180-42808-49356-54581-59171-60480-63119-76977-83916-104471-108974-112397-114674
1447,3640-42786-50604-60816-63904-64610-83234-91430-99716
1448,3645-7827-27230-50417-77521-89013
1449,3647-35290-46574-47477-47691-48596-48879-49528-61842-66466-71977-72692-74023-74529-77358-86020-86214-87324-87868-88423-91256-94435-97584-98752-100930-104971-111363-114875
1450,3650-6084
1451,3655-56624
1452,3661-13831-15119-19553-19693-19943-20619-22114-22780-24655-27789-28687-29173-33331-34007-41721-42551-43249-43559-45893-46267-49277-49685-60245-61159-62409-67487-67639-68305-70125-73025-75378-75620-76477-76685-76844-78134-78216-78305-82519-85911-86603-88621-90725-93880-95041-96605-97669-98495-99090-102320-105170-107259-107662-108197-108393-108465-109745-109790-110923-112135-113320-114529
1453,3663-71229
1454,3668-63977-67079
1455,3673
1456,3675
1457,3678
1458,3680-13276-79728
1459,3685-20310-67029-97890
1460,3689-7285-9099-21392-26581-29943-30618-37357-38871-44001-44381-48405-49327-49981-51043-63727-68598-76585-78159-82415-90330-106035-107321-109940-111895
1461,3693-20774-21597-32580-35409-65603-79086-91675-112860
1462,3699
1463,3702-34200
1464,3705-7957-10455-33911-85209-88675
1465,3707-113075
1466,3709
1467,3711-40850
1468,3713-25229-59817
1469,3715-3897-21261-23737-61785-64233-85303-85669-86965-92503-93277-98613-110645-114555
1470,3716-27284-32528-43282-62590-72999-75677-101237-105394
1471,3720-7102-15062-21390-26276-40393-42244-44800-44884-47820-50722-53728-54982-55060-59156-63040-65633-67752-70489-80550-82210-83725-94058-95307-95636-100240-100842-106824-108060-111690-112326-113060-113068
1472,3723-64955-102068
1473,3725-63081-90017
1474,3726-16365
1475,3729-14987-16831-20659-24643-33155-37339-38409-49255-54469-56115-61415-74597-79301-82841-84099-92865-93325-102561-108123-108701
1476,3732-34889-92642-95761-109470
1477,3735
1478,3737-4040-5731-7449-8129-18292-22869-28535-29525-32237-37197-37530-37573-42823-45874-47151-52941-53335-54509-54631-55281-55713-56231-56767-58993-59117-59805-66916-66955-67181-67221-67367-68477-69612-69927-70008-71667-71856-72904-73579-73669-73897-74631-79541-82141-82245-83297-84417-87651-89191-91980-95591-96571-98037-98125-98181-98803-99848-100259-101511-102067-102132-104679-105392-106607-106817-110362-112104-113211-113565-114463
1479,3738-5220-6574-13532-32422-53556-76456-87468-105162
1480,3740-4519-4773-6992-12447-14277-17078-26754-27868-29282-37276-37815-37877-38069-38347-41472-43536-44759-45702-48161-48180-49181-52050-52638-53445-53800-54099-54157-54301-54788-54876-55670-56916-56959-57983-58129-58203-58643-59139-59823-60016-61918-63419-63713-65801-66243-67177-67180-67206-67306-69194-69232-69315-69448-70263-70364-70955-72817-74305-74510-74858-74861-74876-74985-75043-75516-75996-76165-76296-76759-76831-77275-78173-78645-79088-79408-79456-79821-81035-83850-84819-85429-85981-86204-86537-87117-87124-88040-88272-88588-88657-88988-91384-93379-93551-94011-94783-96063-96231-96481-97594-98580-99207-99268-99682-100224-100359-100587-101113-103044-103223-103875-104826-104901-106068-106694-107217-107947-109403-109708-110113-110122-111080-112130-112378-113747-113765-113766-113875-114248-114412-114453
1481,3743
1482,3745-6531-11737-12203-12655-13743-28483-43251-50805-64132-68325-69000-91558
1483,3747-99487
1484,3749-7564-104502
1485,3751-19743-34211
1486,3755-30779-36163-38747-56888-87574-111869
1487,3756-37924-43511-44573-44668-44775-45490-50218-50552-54928-62699-63909-66001-66559-70632-74949-84564-88182-88614-90914-90962-94452-98271-101048-104138-106482-108242
1488,3762-10974
1489,3764-23992-33460-105348-108478
1490,3768-7346-18303-20536-23652-29105-33381-38930-49204-70640-94488
1491,3770-3886-5382-6798-7535-10329-13740-16798-17972-18004-23586-25848-26298-28016-30592-33809-36176-38028-39039-39594-40291-40818-41016-44296-44662-44892-45320-46260-46532-46892-47257-48086-48266-49291-49844-50928-51322-51998-52652-54429-55718-56276-58262-58494-61029-62952-63946-65119-65530-65874-66570-67858-68370-68910-70300-70699-70834-71314-72515-72670-73034-74987-75188-75453-76022-78306-78872-81302-81308-82122-82688-83802-85174-85444-86812-86944-88696-90035-91035-91772-92852-93069-96552-97588-98192-98412-100990-102204-104292-106436-107222-107328-109478-109631-110144-111556-112398-113538
1492,3778-3800-4500-8744-11382-27189-34792-37446-38802-41308-42459-43302-44058-49514-49666-50216-51516-52862-53162-57160-57822-59496-62548-65765-72406-73422-76106-76210-85314-86682-87193-90306-92653-94252-97968-100590-102420-102972-105130-106084-108076-108326-110810-110880-110982
1493,3781-8939-10039-14772-27565-32837-37513-37539-42345-42417-45525-45947-46733-53429-60047-60831-62827-70405-72681-76353-76425-79575-94365-98127-99302-99829-101093-102673-109615-112639-113867-113991
1494,3783-7309-15509-18902-19454-35136-56177-70091-73086-84549-96917-100504-101010-103057-113735-113914
1495,3789
1496,3790-38336-39638-43813-44632-45542-50948-59625-62286-66631-70892-71633-72581-73069-78069-80763-80992-81619-82528-82534-82806-89616-91968-104632-106418-108156-113045
1497,3793-9786-10996-13584-28514-46243-50572-51284-64092-75359-95945-102034
1498,3795-43314
1499,3796-108444
1500,3799-10225-10438-23699-24665-26181-34635-37385-38845-45374-48769-52367-53865-55365-59097-59347-59397-60405-61361-67816-67836-70662-73382-74604-76493-78296-79611-79643-81323-81471-82303-89801-93704-102927-110451-112201
1501,3803-5984-9266-24644-70980
1502,3807
1503,3808-13090-27644-29321-46074-63271
1504,3811-5235-9373-9637-13667-20597-21585-24343-28083-28599-32071-48887-51605-56313-63983-75059-84453-94073-103043-105401-108781-114245
1505,3812
1506,3818-8902-29752-87481
1507,3821
1508,3823-5639-12467-16577-25869-27435-47301-51575-60145-101491
1509,3824-7245-12166-21532-37851-38648-40381-40634-41004-42051-42554-45238-45575-47995-48822-49045-50764-52348-53939-56323-57227-57764-58101-58477-59614-60728-60786-61050-65064-65158-65482-67989-71122-72091-73659-75738-79981-80707-81122-81826-83602-83642-86726-87964-89202-89242-92501-94193-94644-96333-99107-102550-103015-104012-104658-108114-109952-110576-111625-114644
1510,3826-9593-10772-16510-18048-20468-20682-26592-29075-31080-32716-32797-33316-38383-39096-40010-40317-40414-40985-41860-42302-42561-45844-46946-48976-49410-49598-50876-52394-52408-54083-55403-55705-55814-56345-57752-58450-58691-58912-59712-60207-60675-60992-61746-61799-62193-62228-62464-62871-63572-64328-65133-66171-66284-66534-67006-67169-67264-67604-68220-69144-72169-72370-73580-74109-74132-74398-74469-74750-75403-76445-77164-77610-78396-78407-78733-78792-79006-79173-79186-79530-81755-83412-83470-84786-85387-85652-86132-86950-87055-88352-88508-89792-89815-89838-90275-93600-94371-94460-95623-95642-96422-97964-100088-102008-102122-102240-103652-104293-104749-104922-105463-107891-108106-108226-108298-108716-109604-109677-110416-110881-111246-112553-113066-114417
1511,3828-6508-7030-7048-10440-12911-13220-16040-18166-22591-22764-23774-28877-28961-37781-39111-39735-40009-41484-41622-42451-43677-43950-44906-46517-46530-47400-49763-50194-50895-51717-52058-53021-55889-56860-57179-58078-58091-58830-59023-59766-60730-63259-63396-64401-64465-68213-69717-69733-70219-74226-74489-76883-78438-79785-79806-80808-81903-82247-83329-83438-84031-84555-84632-85227-86354-88915-89027-89441-90910-90943-92329-94782-95454-97308-97668-98277-99327-99592-100094-100117-101316-101942-102765-102921-103853-105896-106577-107366-107858-108920-109564-110005-110251-112225-113125-113525-113847
1512,3830-91582
1513,3833-29971-38025-40426-43801-45069-48275-52679-59396-64055-67432-67829-68921-69277-71627-71701-71821-75903-89485-90984-98857-100430-101716-107139-107501-107728-113878
1514,3837-11005-21743-21859-48337-72651
1515,3840-40828-43368-57668-61072-62354-68913-85906-87074-88754-102398-107707-110312
1516,3845-4120-18532-36468-36884-37505-41490-55825-57374-61569-76916-104677-106099-114112
1517,3846-63574-76634-88369-99116
1518,3848-8796-17966-24134-32356-41952-49322-54688-63944-64342-72080-76524-83416-97314-99673
1519,3850-10594-13282-14030-21018-41588-43884-44438-49566-58390-59270-85982-104958
1520,3852-9038-20531
1521,3859-71043
1522,3861-9032-53265-71597-72557-77465-78921
1523,3865-42688
1524,3868-53611-75565-76806-77650-92826-104414-112429
1525,3871
1526,3879-5517-6983-8409-13739-23629-29353-29447-31263-40623-44515-48293-61889-70127-78949-81091-102363-104477-112275-114729
1527,3883-49699
1528,3885
1529,3889-59217
1530,3891
1531,3895-7312-8626-13994-20912-29250-32974-41403-45078-54714-54986-61181-66612-68504-68636-72113-75553-93341-96370-102156-111335-114549
1532,3899-5509-39649-43215-44479-44949-46141-48562-50777-51217-67190-73463-75562-79591-84719-86887-91625-94481-95161-98805-99877-101086-106037-107505-109966-110135-110199
1533,3900-26096-57258-64942-73448-94180-106835
1534,3902-9404-19112-21410-35382-36664-38262-46100-54059-56269-64166-91275-108911-111551-112296
1535,3904-22900-54105-59874-78455-84257-99129-99199-114554
1536,3913-18063-26163-27219-44047-56904-83485
1537,3915-54586
1538,3917-7663-27307-32985-37107-38948-44557-45782-47153-48565-49105-49613-50779-53229-54497-58217-61287-63621-63653-64998-65903-67240-68651-68924-70921-72454-75533-76697-79163-79321-82793-85127-87038-88587-93193-94915-95061-97633-99079-101287-104017-105746-106228-110655
1539,3920-14502-18600-18708-27982-33596-42376-43724-44368-47143-54094-72960-76208-84074-84748-105282-113764
1540,3926-9634-16008-52061
1541,3929-21465-46255-52344-55321-62013-68907-79015-88973-89699-91851-94653-98275-99617-101851-109143-109265-109379-110401
1542,3933-12110-21959-26013-37748-39171-43506-44167-44951-45300-45745-49441-50533-50791-55368-55489-55537-55768-56277-60239-61959-63304-63839-64759-69088-70736-73527-74803-75813-83493-85711-85794-87738-89075-89995-91733-92301-94358-94487-96484-99235-104653-106555-107737-108659-110995-113222-113907
1543,3936-86325
1544,3939-58512-69523-72837-82529-104528-110973
1545,3942-4685-18965-38343-39579-40670-41239-44691-45710-47089-48609-49551-50553-50945-51165-54627-54769-57328-59887-62611-64672-65845-66613-66666-67436-69031-69467-69839-71816-72017-72088-72689-73639-76813-77241-81007-83251-83789-83877-84962-85471-91327-92201-92485-97632-98298-100263-104988-105546-113434
1546,3945-20571-28243-33217-53559-72283-92953-100365-108441
1547,3947-7052-14743-15234-16254-27240-57044-60424-66909-71162
1548,3949
1549,3950-10918-13682-19358-24480-27896-28544-37824-38826-48540-58666-60293-60586-60766-64028-64614-69222-69242-70808-72742-73088-76571-79192-82940-84569-84796-88084-88118-93973-98544-103690-105334-105925-105972-112416
1550,3953-43324-45617-59065-80296
1551,3954-10450
1552,3959-10909-14327-24015-27021-28869-28879-38965-39272-39501-39707-42119-42274-42687-44653-45163-46847-50125-52887-55316-57645-58701-58853-59555-60045-60453-61691-62147-62481-63699-63995-65305-66809-67153-68455-69437-73393-73855-74923-76731-77721-78993-80191-81433-81765-81923-81979-82517-86683-87173-87229-89159-89946-94042-95729-96659-98793-99227-104065-105143-105325-106111-106135-106155-106293-107700-109591-113885
1553,3961-22679-43287-113187
1554,3962-89022
1555,3966-8604-24258-38198-38804-42814-53182-56038-57088-64124-65567-65701-66812-80862-81688-86362-95083-105702
1556,3972-90115-95934
1557,3977
1558,3978
1559,3981-36407
1560,3983-6185-11436-20593-21571-23040-25396-27562-31730-35258-36882-38925-38943-39706-40117-40239-41579-41824-44056-44066-44345-44356-44564-44588-45479-46688-47240-47340-48495-48548-49635-50399-51146-51845-52637-52996-55675-57175-59787-60709-61649-61893-62120-62729-65535-65739-65930-66037-67056-67517-68497-68515-68978-69887-70107-71022-71584-71869-71925-72991-73936-76781-76791-79405-79851-80975-81115-81637-82815-83571-84455-84477-85249-86191-86352-87186-89962-90176-90948-92075-92391-92486-92632-92769-93561-93562-93885-94006-97474-98321-98881-99945-100051-100709-101656-102540-104623-104872-105527-106063-106375-106419-106885-107087-107988-110071-110927-111385-112116-112402-112771-112963-113185-113328
1561,3985
1562,3990-15769-28076-60410-77542-101912
1563,3992-8177-11264-12222-14984-16376-23841-26418-26976-28462-31896-37324-38986-39317-44712-46904-51134-54276-54282-57968-58582-58946-59878-61478-64720-66841-67247-70208-70382-73145-73716-75054-75414-76474-76817-77184-78130-79010-85868-88604-89270-91974-92660-94237-94378-95793-98525-100286-100557-103752-104578-108969-109711-111536-111699-112415-113804-113952
1564,3994-27208-40856-42678-62226-69038-70638-70882-77202-86224-89294-91720-100414-111948
1565,3996-32989-34112-58891-72795-81123
1566,3998-20814-24246
1567,4000-4382-27346-28038-39095-42066-50614-51880-55925-57216-59461-70003-71810-88212-88252-92099-93539-94115-96460-105172-105931-108172-109213
1568,4003-13069-15987-49087-50601
1569,4005-23689-30575-38270-41438-41537-46569-74273-77195-82635-83880-87493-88357-90007-92887-93075-93843-93857-96597-100038-106019-106273-108173-108797-109413-111781-113025-114659
1570,4008-22783-27778-28330-49778-60876-95956
1571,4010-9910-13009-22587-37856-40660-40805-44022-47680-50182-52382-52802-57576-58440-60732-61977-63038-64272-66552-70588-70678-74075-74534-77668-77864-79968-80360-80524-81620-82798-84000-85311-85328-88574-88862-90881-94470-100812-104517-106660-107516-107889-108608-108992-110210-112333
1572,4012
1573,4015-4071-9387-20413-20751-24144-31325-44663-67859-76091
1574,4016-6310-13166-16518-20168-26324-27372-35333-40732-57022-61444-68149-79910-88654-88802-89841-96189-101321-105032-109581
1575,4018-8052-11097-14624-14737-19264-38570-41821-43205-46426-48754-56741-57982-58254-62068-64734-66606-71161-71340-80522-84611-85914-93941-99904-101285-101605-104042-105818-106558-110012-112178-113196-113533
1576,4020-93144
1577,4022-10535-54794-73065
1578,4025-11075-28472-39591-43942-49749-50441-66529-69231-72753-82363-88271-104468
1579,4027-4104-36358-91200-113340
1580,4030-22245-39943-40229-48958-52161-55731-62820-65196-65608-70403-76238-78638-86890-89660-92572-95076-95515-96379-96620-97634-104373-111356-111744
1581,4032-5154-8590-10458-11562-12070-16274-22638-33366-34526-36900-39374-43132-47454-52764-54500-55600-59824-60596-62478-63937-66368-78530-79760-87286-89140-89362
1582,4034-6064-6096-9796-11710-15308-30965-34502-38082-38634-40172-40248-45064-45310-46883-47524-47908-50474-51320-52084-53610-53766-55902-55984-56426-62096-63246-64624-65764-66362-66496-69058-71653-72840-73322-73530-75826-76434-78572-78998-81730-81890-83586-85500-87120-87448-87580-89420-89890-90060-91524-92282-93126-93471-95792-96282-96482-96975-100194-100267-100644-101440-105920-109136-110582-112358-113839
1583,4037-15001-20743-23589-33399-35121-50169-52691-59219-74214-79095-81053-82203-90637-92405-93935-94123
1584,4048-4858-5724-7342-37930-52777-55214-57854-60010-65982-75666-80038-81970-86614-89798-94866-100146-104356
1585,4050-13100-15512-18525-26292-32252-39046-41031-46845-48497-49655-53933-54215-54649-56125-56682-58696-64108-64206-67261-67528-71605-72558-74927-76370-76451-76888-78043-79474-81505-81740-83954-85592-85688-90206-92087-95859-99311-100316-100418-103366-103841-105720-106494-109251-111009-114194
1586,4052-30136-37480-37556-37859-38180-40286-40690-40954-41112-41628-41772-43608-43696-43726-44626-45084-45160-45588-48516-48702-49034-49495-50580-50894-51029-51466-52536-53196-53684-54214-55190-55499-56160-57195-57662-58338-59224-59288-59834-60520-60694-61056-62114-62766-62802-65138-65270-65596-66406-67174-67233-69238-73506-74120-74364-74954-75178-75436-75896-78226-79110-80218-80342-80759-81403-81734-83768-83990-84750-85532-85983-87511-88342-88422-92250-92332-92792-92956-93012-93239-93526-93706-94382-94522-95720-96248-99940-100048-100174-101466-102280-103558-104018-104616-104716-106096-107070-107274-108281-108556-108692-110220-110402-111074-112063-112128-112482-113272
1587,4061-19256-21014-27622-43220-44591-44669-55543-56220-65844-76264-81976-103038-106354
1588,4064-27928-35590-35978-41066-41082-57832-64950-65448-70838-106684-108174
1589,4067-17227-21548-21815-25385-34097-37897-45958-48079-54879-56494-57295-58031-71993-77058-79795-80444-83501-83932-92529-109117-109163-110933-114107
1590,4068-19164-27820-29680-29746-40030-41250-41300-42070-46898-47296-48218-49414-53878-56406-57816-61292-61562-61862-64742-66384-66880-69602-70278-71423-71926-72660-73988-75574-77412-81571-81848-82914-83236-84768-88160-92086-93324-94442-96356-98251-98882-99598-104782-104896-108058-112640
1591,4072-4654-18460-20598-40918-50888-51191-81652-84128-85447-113919
1592,4074-5768-9419-10160-13225-14905-24103-29200-46950-53607-55226-65355-85155-99916-105492-109360-110460
1593,4078-21196-47538-53597-74938
1594,4080
1595,4082-5122
1596,4084-10037-10041-14367-15339-17869-21688-23715-25253-26726-30341-32217-38843-40759-43284-48741-54121-55164-61338-63379-65029-65561-67407-70673-74039-75823-79933-81421-83730-84287-85989-87299-88909-88961-92849-97224-97443-98705-101770-107249-108627-109304-111515-111957
1597,4087
1598,4091-31284-74178
1599,4095-6909-11073-13389-20673-27447-28171-38578-39049-39125-39193-39321-40227-40698-41549-41680-42087-42321-44169-44323-44799-46473-46987-47141-47531-49760-50453-51907-53349-54729-56559-56897-57735-58559-59039-59671-59917-59983-60778-62201-63835-64847-65385-66601-66941-66996-68575-70663-71437-71659-72829-72979-73377-74296-74311-75069-75563-76201-77115-77805-77867-77929-78781-80047-80369-82167-83813-85087-85399-86567-87409-87653-87693-88863-89423-91599-92277-92523-94063-94842-95063-96599-96677-97053-97499-99287-100303-100423-101063-101999-102447-102547-102775-103105-103957-105827-106791-107951-110887-112029-112317-113117-113271-113618-114055-114581-114863
1600,4096-13529-15456-20705-39289-44431-47687-55525-61715-82583-86952-91321
1601,4099
1602,4100-33726-53136-53632-64524-70068-89754-90890-103016
1603,4102-7971-8139-8613-8807-9651-11553-15362-19583-26781-28398-28477-31077-37366-38959-42367-43084-45713-46270-46520-47549-47912-48211-48535-51053-51189-53155-53495-54128-54455-55397-55618-55935-57527-57731-58649-64497-65137-66758-70901-71247-71351-73085-73466-73969-75063-75878-77621-78695-79697-79860-80894-82227-82655-83663-84438-84621-85235-85633-87167-88619-89183-91299-91385-91803-92065-92287-92996-95394-96961-97933-99009-102699-104760-109406-110912-113047-114126-114387
1604,4125-29227-46831-81389-85025-95297-96287-96691-98025-102591-111263
1605,4127-40100-49029
1606,4133-64679
1607,4135-56774-59570-78152-80094-80904-88435-103310
1608,4136-22228
1609,4140-37837-38235-47041-50909-52481-53565-58429-58907-62405-87577-94541
1610,4143-14649-34265-114831
1611,4144-5176-7004-14019-29197-30170-35846-49319-61295-80918-108850-109385-110793
1612,4146-9502-51072-60418-66710-94946-98078-99276-103960-111906
1613,4148-64310-91820-102102-112180
1614,4151-15965-27019-44165-55785-64215-66059-77677-92299-93413-97793-113331
1615,4155-10315-10633-17807-20629-30089-37559-37599-38211-39203-39282-43901-43907-44369-45205-47353-49137-49189-49345-49571-50137-50487-51785-54403-56017-61263-61423-61995-65321-65997-67183-67967-68861-69449-71403-71407-72411-73701-76762-81609-83254-85545-86417-89349-90847-91765-97909-97923-100415-101669-102191-110433-114853
1616,4156-37346-68764-73690-84016
1617,4159-42446-47192-48506-90081-101849
1618,4160
1619,4163-5838-16919-24376-56108-60430-72544-79130-98155-107449
1620,4165-82595
1621,4167-12423-27767-41679-50813-51025-53207-75557-103079
1622,4168-5864-20902-106762
1623,4171-12310-27819-43719-103006
1624,4173-27050-94976
1625,4175-56498-56862-84185-89758-96307
1626,4176-4210-13440-13712-14462-15938-18986-21666-22832-23110-30668-38502-43070-51300-58480-71708-74476-80160-82222-93076-93646-95146-103995-104990-105458-105810-107598-109296-110514
1627,4182-11336-16370-25366-29555-31002-34442-39253-40288-40320-41390-43102-50637-52288-52576-52654-54139-55712-55754-59534-60802-62139-69905-74871-75592-76026-76472-77307-80824-83648-86638-87190-87346-89850-92258-98701-103124-103252-105018-106004-107580-107606-109356-109750-110833-111752
1628,4185
1629,4193
1630,4195-49762-53706-104384
1631,4198-7656-8432-15834-16010-21660-28146-28484-31756-69661-90543-101155-111299-114146
1632,4200-26826-26892-34586-36904-39142-49164-54526-54622-56662-64069-65810-69034-82059-86692-87064-87168-91372-99153-102789-105724-110054-114788
1633,4202-4366-10532
1634,4214-16771-17544-18781-25568-28608-37756-39527-39940-40155-40293-40506-40637-41492-41652-42061-42544-42605-42686-42827-42937-43013-43038-43139-44527-45585-46527-47718-48299-48743-49077-49267-49275-49940-50195-50319-50421-51522-51564-51731-52173-52742-53022-53113-53167-53247-53523-53756-54306-54661-55101-56325-57384-57475-57623-58268-58516-58631-59187-59509-59544-59649-60014-60354-61071-64041-64267-64646-65098-65902-66157-66397-66420-66632-66649-67637-68014-68040-68174-68183-68637-69036-69829-70497-71134-71913-72274-72291-72321-72825-73617-73968-74225-74412-74630-76665-76830-76837-77537-77701-77830-77845-77960-78623-78897-79489-79971-80379-80438-80458-81017-81971-82131-82299-82705-83038-83183-83337-83404-83742-84459-84742-84953-85167-85667-86107-86314-87035-87162-87216-87826-88189-89134-89501-91281-91759-91930-92066-92248-92484-92908-93115-93293-93942-95324-95831-96272-96622-97222-97393-97586-97729-98126-98233-98575-98641-98755-98943-99860-101638-101723-102407-102917-103023-103442-104336-104727-105955-106763-107297-107666-108215-108338-109227-109238-109286-109943-110121-110525-110934-111022-112385-112799-113737-113769-114725
1635,4223
1636,4226-4627-22487-31646
1637,4228-28901-43000-59524-70192-93850-109214
1638,4233-32666-40575-58107-59979-61064-65395
1639,4235
1640,4243
1641,4244-91590-98956
1642,4247-9963-12271-13962-30512-33817-40369-51765-53719-83469-86803-88041-91122-99394-99958
1643,4248-5400-12326-31802-34652-48610-94562-106832
1644,4250-5134-5424-25996-36300-37982-43338-50050-52292-59196-61010-62168-65742-71176-73104-73622-76032-80874-85714-86896-88366-89626-92416-93682-93952-94803-106018-108686-109212-111198-111454-112822
1645,4259-23594-40322-45466-59650-59838-61190-61720-61962-67336-70846-72763-74840-74867-78335-85510-86052-88500-101622-107085
1646,4261-12613-59160
1647,4264-25294-26243-26339-26352-40057-46722-47154-53080-53111-63051-72362-77138-77447-84780-85448-95452-96715-97444-101410-102771-114881
1648,4269-10249-13037-26176-26870-27338-32542-33970-35643-51934-53066-57055-58558-62018-64444-70926-71886-74026-81804-85519-95625-99729-103788-105565-114041-114775
1649,4271-33513-50760-68154-70372-107628-114505
1650,4275-18667-35219
1651,4279-5127-8751-25175-38479-43252-43959-44561-52969-61397-76895-82969-92307-104878-105853-111793-112087
1652,4281
1653,4284-31298-40114-43871-44707-45280-67128-76475-78072-81111-83339-87959-96236
1654,4287
1655,4290-13007
1656,4293-11929-18384-21899-33878-40896-42783-52057-68065-108864
1657,4295-30061
1658,4296-8290-10199-11058-21870-24401-38732-57676
1659,4302
1660,4306-8703-17818-22116-30422-51951-68020-74989-85739-109311
1661,4311-7364-97778
1662,4312-27984-30950-45223-53957-68159-83417-102218
1663,4314-40674-42370-54520-57524-68436-72992-77318-77676-87288-87472-88103-98282
1664,4318-6568-30048-36824-65176
1665,4323-46089-58511-73255
1666,4325
1667,4326-61398-65069-82148-89736-111716
1668,4334-52560-96068
1669,4337-4476-10759-15451-18885-24379-24819-34343-87995-94719-103643-106667-110185-114067
1670,4338-13357-24554
1671,4340-38598-43238-47118-48002-51824-57225-57658-72654-72978-77144-88124-99602-106072-111476
1672,4349-4623-5319-6479-11109-19625-22322-27135-28517-28763-28825-29083-29266-29629-32897-35119-35611-39896-40755-42384-42387-43193-43605-43720-44579-47375-47581-49435-49477-50623-51349-51463-53541-56415-57643-57783-62704-63926-64316-66120-67057-67635-69596-71039-71555-73295-73765-73819-75179-75408-76193-76617-76639-76842-77459-77734-77785-78405-79351-80015-80595-81165-81321-81989-83289-83495-84557-86091-87013-88312-88559-88634-90293-90321-91612-92627-92743-93703-94517-95665-96038-96724-97705-99080-99315-99725-99965-100437-100670-103147-103557-103768-103999-104205-104305-105566-106813-107002-107089-107617-107827-107965-108285-108483-109431-109459-109739-111451-112141-112305-112351-112673-113217-114169-114243-114278-114443-114743
1673,4355-6589
1674,4356-9268-20366-40558-41510-43545-44400-50090-54150-54401-58408-59970-60330-60866-61961-62238-62878-63637-63933-64340-64582-75785-82226-82992-83779-90751-94751-99431-101162-102311-107444-108615-111342-113281
1675,4359-52067-54852-55329-66213-86397-91458
1676,4363-47049-73949-78073-98415-103909-109103
1677,4365
1678,4368-7590-8016-11470-13275-14144-14660-16968-18310-18824-39871-59840-70574-72398-75312-78283-78469-82240-84227-103134-108724-113354
1679,4370-8198-11753-26082-27244-28376-33958-40632-40704-40995-41840-42838-42899-45162-45382-52146-54392-55869-58508-62571-67401-68809-69770-73672-74436-74765-77306-78552-78670-80230-81190-81473-85566-91589-97458-101264-101336-106250-106376-108764-109646-110126-110404-110940
1680,4373
1681,4374-44000-63072-64358-72027-79929-88759
1682,4377
1683,4380-15388-18072-32022-56642-59088-76236-76602-85612-93548-94112-101128-106768-109308
1684,4385-15035-18429-42637-42859-48427-50593-61225-65675-67451-74830-94095
1685,4389-40338-102862
1686,4394-26084-26124
1687,4400-32372-40781-45732-52180-68736-73084-90695-97356-109784
1688,4403-10643-85431
1689,4405-36079-41448-43426-58674-60998-63308-64789-66633-70685-85776-92293-95118-100295-109200
1690,4408-5356-8516-12762-38731-42549-44370-53048-55352-59226-61233-62404-63421-68230-68240-76367-85440-85518-87263-87692-87720-91900-94282-95552-96578-102708-107815-108783-111125-113380
1691,4410-42608-49374-53690-60188-80850-88663-108048-113147-113450
1692,4417-7824-17304-27843-42751-69265-71642-73849-74941-87661-90551-107393-109361-110142-110166
1693,4420-4770-5656-12144-20928-22152-25626-28478-29948-37663-37988-42646-60352-67042-67363-71460-73596-78916-79392-80933-84111-85168-90778-105366-108832
1694,4422-25348
1695,4424-23128-28428-31308-31490-32602-33515-52479-58350-74825-79107-81586-83085-99882-114400
1696,4427-20765-71861-73465-78447-84795-101947-109827-109889
1697,4433-9657
1698,4439
1699,4441-37134-99054-105786
1700,4442-22818-37642-39280-39300-40457-41128-45090-51630-54320-55054-56832-57590-57789-57932-58428-58972-59197-59360-60830-61673-62644-62684-65942-69221-70082-71006-71548-73014-73600-76580-79417-80376-80420-80610-81206-81606-86770-90476-91266-91585-93590-94510-96536-98574-101058-101313-102386-102677-102954-110034-110164-110788-111594-114409-114414
1701,4451-19675-45053-53285-74159-85297-105914
1702,4453
1703,4454-5438-8166-19864-25547-31676-33640-35785-38989-40385-42157-42366-43791-46468-46900-47207-47772-49594-50997-52171-52316-53254-54385-54397-58013-60803-63315-63859-64157-67231-71076-72486-72982-76470-81564-81659-83094-83875-84973-85980-88364-90484-91556-92077-92473-93432-93619-95776-95947-99551-102421-104040-105409-106115-106251-108029-108751-110292-111199-111596-113698
1704,4460-4961-27740-38202-52725-61802-67007-71512-90591
1705,4471-30571-77739
1706,4475
1707,4479
1708,4480-35220-36506-63200
1709,4485
1710,4488-20676-36204-37710-51668-53636-58650-64871-79954-80060-88539-90854-94124-96752-108960-109664-112952-114369
1711,4493-36730
1712,4495-39885-49505-55607-62255-73011-73154-78871-79241-80747-96762
1713,4499
1714,4504-12301-13278-44885-94304-94401-103163
1715,4507-15415-16257-19522-19813-20512-34315-38429-38525-38545-39693-39957-42213-45802-47965-50536-52639-53695-53905-54290-55232-57449-58875-62126-63785-66911-67093-68906-75329-75478-75783-76435-77543-78136-81489-82773-83293-84201-84920-90969-94906-95718-96423-102340-105369-105729-107819-111103-112650
1716,4508
1717,4513-8577-9857-10173-11511-15667-16671-16761-17331-18607-19083-19861-24773-34415-34519-36461-36549-38601-40259-43521-43807-44093-45039-45213-46157-47195-47373-47505-53525-55305-55375-56687-59325-59679-63017-63353-65659-65683-66621-68829-69941-71056-71485-72355-72875-74169-76855-81207-83305-85687-86583-88487-88857-88879-89903-90975-91209-93603-98587-98665-99209-105495-105719-105801-106351-106673-109723-112105-112727-113691-114081
1718,4514-4892-79305-99541-99587
1719,4517-22617-25277-41201-54299-59375-59916-63825-64365-68703-69647-70085-75664-81150-81423-96911-103754-104462-105533-110207-111023
1720,4521-22989-42861-46259-51415-56355-72121-75930-82609-90021-98614
1721,4524
1722,4527-4883-82538-107758-108030
1723,4528
1724,4531-6431-62195-95199-103527
1725,4533-22809
1726,4537-24537-26331-75193-81187-82559-85503-94007-94309-110369
1727,4541-7179-7677-23706-36005-41670-44765-59263-66445-79675-89785-95812-105852-109589-112645
1728,4542-27938
1729,4547-18907-37697-75635-91737-108361-112875
1730,4549-23616-65838-66969-68137-72161-108191
1731,4550-19586-22518-25652-42380-44509-44616-59892-62737-77756-88550-97607-98195-99343-106641
1732,4553-5172-10951-11542-13120-16173-16718-18418-23498-34990-38167-39108-39835-43703-44706-48581-52902-56450-56505-57166-63076-63630-65127-67070-67265-67798-69188-71216-72542-72572-75224-75422-75480-77809-82157-87446-87660-89295-90308-90461-90648-92548-92720-93447-98894-103321-106437-107724-108758-110125-113609
1733,4556-31634-53643-55075-75532-82643-88702-89480-99346-102029-108484
1734,4558-10164-33284-79434-88450-88564-90216-94942-101144-111018
1735,4561
1736,4562
1737,4566
1738,4571-24600-66294
1739,4578
1740,4585-9209-22769-36009-42963-59083-97828
1741,4586-27684-92140
1742,4589
1743,4591-48306-64017-89889
1744,4595-73721-96331-112421
1745,4596-15157-40253-44340-72754-109584
1746,4598-6036-9890-11758-11818-13908-14838-15990-16954-22226-23564-24110-30940-36610-47884-57190-84356
1747,4602-18872-97177
1748,4609-5885-39559-43345-77863
1749,4613-6788-14493
1750,4615-17643-31819-36233-46625-49253-49827-54827-57791-60216-65835-90143-93089-99907-102255-102939-112287
1751,4617-4891-6713-11135-13907-14701-15270-17109-17319-19525-21068-25395-26189-28847-30133-34463-34931-34981-37368-37639-37673-37698-37965-38092-38185-38296-38301-38518-38538-38741-38742-38812-38951-38991-39082-39198-40086-40361-40545-41575-41577-41725-41803-42089-42810-43121-43313-43673-43718-43905-44287-44608-44753-44843-44957-45753-45943-46095-46245-46410-47115-47327-47702-48087-48363-48453-48504-48537-48755-48776-48810-49444-49717-49993-50063-50089-50363-50607-50799-50811-51067-51107-51298-51399-51508-51737-51851-52101-52204-52375-52507-52618-52927-53001-53179-53221-53235-53511-53591-53780-53919-54048-54067-54081-54543-54778-54805-55597-55985-56444-56512-56831-56886-56919-56975-57011-57666-57877-58105-58255-58267-58282-58377-58401-58441-58857-58989-59250-59273-59490-59548-59606-59612-59879-59898-59913-60396-60630-60735-60893-60951-61201-61284-61333-61461-61693-62182-62241-62265-62306-63601-63669-63673-63729-63767-64499-64917-65011-65265-65285-65503-65549-65583-65918-65995-66398-66444-67001-67053-67160-67598-67891-68116-68207-68245-68276-68401-68417-68597-68877-69129-69206-69237-69432-69753-69756-69967-70500-70599-70799-70815-70907-71075-71111-71737-71804-72203-72374-73072-73230-73252-74000-74043-74726-75366-75465-75491-75811-76486-76811-76893-77193-77233-77389-77432-77993-78409-79126-79247-79248-79311-79427-79437-79742-79779-79791-79993-80034-80054-80111-80140-80517-80712-80806-80809-80971-81286-81301-81311-81405-81452-82447-82566-82756-83148-83215-83362-83521-83816-83895-84087-84533-84874-84915-85136-85276-85506-85517-85781-86040-86197-86299-86689-86874-86959-87214-87219-87276-87290-87406-87733-87779-87832-87909-87971-88227-88288-88473-88691-88782-88827-89011-89093-89209-89334-89523-89611-90334-90710-90838-91093-91155-91230-91347-91419-91684-91943-92306-92313-92385-92848-92889-93308-93435-93464-93876-94015-94274-94346-94529-95035-95236-95238-95595-96065-96079-96099-96105-96182-96258-96337-96823-96893-97025-97153-97753-97769-97885-97962-97978-98377-98727-98839-99039-99123-99229-99250-99801-99809-99872-100225-100367-100771-101119-101343-101420-101857-101953-101965-102171-103089-103125-103153-103381-103605-103900-104209-104278-104437-104944-105035-105081-105157-105464-105592-105631-105958-106056-106104-106189-106361-106384-106458-106879-107057-107507-107619-107629-107741-107917-107960-107966-109217-109298-109443-109449-109521-109900-110479-110675-110783-110800-111206-111265-111366-111431-111440-111851-112259-112319-112431-112449-112483-112531-112767-112772-112909-113083-113121-113427-113433-113443-113831-113932-114096-114113-114341-114382-114613-114663-114830-114867
1752,4618-12334-14453-21370-23632-25847-35666-40255-46669-47941-49621-55886-73910-75394-93197
1753,4625-6075-67141-71354-74727-98929
1754,4631-78710-78907-85677
1755,4634-7075-31835-39563-40351-60198-61861
1756,4636-8560-8962-12372-20186-25024-25140-25306-27262-31196-35700-36588-36654-36700-37418-38072-38438-38472-38600-38640-38718-38824-39024-39074-39416-39822-40948-41088-41118-41228-41518-42248-42454-42850-42880-44042-45360-45956-46498-46834-46920-47218-47428-48202-49178-49352-49636-50244-50566-51486-51914-51976-52966-53040-54082-54974-55366-55726-55904-56010-56802-56948-57480-57710-57990-58564-58812-60288-61472-61532-62164-62412-62488-62754-62986-63166-63178-63378-64234-64944-65898-65966-66504-67358-67870-68160-68414-69010-69056-70870-70906-70990-71240-72066-72424-72830-73216-73762-73780-74248-74480-74614-74656-75614-75880-76094-77284-77414-78830-80240-80454-81054-81854-82044-82246-82814-82816-83678-83820-83836-83968-84216-84630-85382-86526-87036-87538-87928-88442-88538-88650-88900-89442-89458-89562-89910-90052-90174-90538-90578-90582-91374-91396-91562-91774-92266-92452-92562-92766-92860-93090-93182-93460-93722-93738-93883-93976-94056-94128-94720-95550-95566-95654-96118-96194-96646-97008-97194-97810-98456-99168-99868-100758-101008-101390-101404-101586-101750-101854-102486-102500-102508-102850-103460-103750-103994-104334-104682-105438-105572-105622-106258-106744-106748-106984-107314-108312-108328-108394-108548-108894-109970-110190-110542-110694-110696-111487-111570-111692-112724-112730-113356-113770-113786-114062-114352-114428-114884
1757,4639-5244-5633-33889-69998
1758,4645
1759,4650-5616-6948-8144-9138-22458-30527-66842
1760,4657-77375-81735-101587
1761,4659
1762,4660-58838
1763,4665-13219-33872-36840-54177-72153
1764,4667-43167-52585-53723-56921-57399-57581-58603-59209-60505-61101-61435-62059-73383-74967-75766-77291-79560-86193-91249-91413-97225-97435-100749-101061-103469-104463-104903-105299-110063-111161-112373
1765,4669
1766,4670-17494
1767,4672-45729-89351
1768,4675
1769,4676-13392
1770,4681
1771,4682-5012-30116-36684-111159
1772,4686
1773,4690
1774,4693-100344
1775,4694-8980-9882-11018-12274-17098-42954-43798-48280-49434-51044-53268-56546-59518-61112-68346-70280-78348-79680-82578-99002-101538
1776,4699-8447-9285
1777,4701-12735-13969-30284-31364-33902-37349-37730-41420-41813-47102-47105-50267-57914-58985-60973-63225-64364-66803-66981-67681-68727-69193-70602-71187-72325-72562-88249-90399-106081-114515
1778,4709
1779,4714-17480-20576-29328-34764-39662-41834-44558-53501-58744-62915-62977-64046-67396-67789-68890-72536-73673-76251-79699-80914-105651
1780,4719-29723
1781,4722-31039-34555
1782,4730
1783,4733-15795
1784,4744-5974-11571-41434-45024-48668-49390-49687-58472-59466-64698-65706-66894-70720-71044-72710-76390-76823-77724-85018-86184-88694-92119-92281-95342-104770-105454-107842
1785,4747
1786,4748-27568-32724-67661-71065-104858-113855
1787,4750
1788,4756-11846-15328-22034-87210-90182-97545
1789,4759-89807
1790,4761
1791,4762-23367-33982-38381-39402-40981-42413-44882-52148-54798-55429-57188-57856-58486-59875-60764-61813-62620-64207-66044-66316-70129-71718-76488-76664-76733-83311-87183-87233-89014-89224-92015-92186-92490-93311-96234-96243-97083-103541-104830-105274-107147-108650-110987
1792,4765-25489-74709
1793,4766-46026-90298-98118
1794,4776-51407-71778-112796
1795,4780
1796,4782-25282-59128-71108-74036
1797,4787-24673-29579
1798,4790-15734-16455-40433-40932-43250-46894-53358-54252-58109-74820-81474-82189-85622-89750-102009-110682-110753
1799,4792-112214
1800,4794-21773-23834-26166-28393-95878-102261-105415-110719-114351
1801,4796-7011-7908-9286-13115-19948-31729-34538-39326-40594-53353-104308
1802,4799-25217
1803,4800-19868-39066
1804,4803
1805,4807-11147-65331-107397
1806,4809-24214-81360-108931
1807,4815
1808,4817-42327-52852-74382-80828
1809,4822-46634-94204
1810,4824-37844-39393-40080-41196-42126-44520-45438-53192-53281-53619-61051-61296-61503-62260-64716-65964-66978-71982-83472-85296-90540-91716-92778-97928-101601-108400-109562-114348
1811,4827
1812,4829-7544-24197-34708-35254-38501-47743-49268-59253-59427-62328-63832-64776-70332-71867-72768-73180-76009-76956-77664-81220-86765-87937-97733-99049-99610-111368-111598-112794-114583
1813,4831-12278-18284-18436-24708-32208-33628-37495-38171-38786-38800-40042-40249-40809-41272-42394-43429-43622-43755-43908-45025-45288-45393-46142-46205-46208-47136-48377-48786-49326-49641-49644-49837-50885-51032-51831-52734-53305-53997-54513-54597-54632-54671-54870-55289-55944-56107-56311-56316-56439-57053-57322-57447-58006-58023-58040-58496-59105-59113-59464-59477-59855-60099-60623-60727-60753-61100-61268-61635-62048-62151-63016-63080-63954-64810-64907-65004-65170-65318-65533-65607-65615-65746-66370-67167-67553-67680-68807-68980-69853-69962-70304-70324-70650-71092-71396-71567-72122-72181-72415-73548-73558-74301-74907-75731-76540-78273-78302-78434-79698-79799-80090-80292-80720-81896-82087-82104-82291-82490-82575-82869-83515-83695-84184-84601-84679-84846-84896-84901-85197-86038-86365-86380-86387-86900-87273-87475-87930-88531-88581-88903-89380-89632-89682-89863-90704-91040-91269-91449-91478-92404-92630-93304-93383-93448-93848-94226-94654-95440-96029-97482-99429-99600-100151-100228-100754-101290-101374-102054-102724-102798-104233-104280-105406-106422-106618-106793-107040-107918-108253-108366-109886-110202-110301-110370-110379-111818-112226-112297-112334-112694-112968-113696-114636
1814,4833
1815,4840-10556-18983-26230-28586-33189-43358-68476-71457-91614-93966-95606
1816,4842-8871-21840-43563-50320-52535-66958-70200-82185-95441-98069-104883
1817,4847-25649-45635-52715-63513-102785-104693-114611
1818,4850-16336-18056-28634-35204-36968-39362-40796-41768-41796-42096-45564-48752-49112-50984-52858-55638-57700-58720-59124-59326-59582-65257-65268-66354-69456-70442-71726-72554-73096-78300-80152-83366-84424-84736-95540-95900-98668-99374-100700-100722-102676-103544-105010-111071-114844
1819,4854-7990-11468-12860-16354-20202-20607-36576-44144-44542-44602-45262-46268-64400-64625-78144-79370-88161-88520-90826-93686-98050-102506-103394-108202
1820,4863
1821,4864
1822,4869-24257-27805-48037-48445-49819-53793-56263-66123-71781-71903-75831-80527-89331-90257-91859-97535-97653-98431-103583-114135
1823,4871-5203-18896-99652
1824,4873-5806-6095-8025-8599-8759-14609-15723-16107-20421-20771-21322-22669-30394-31245-32309-32959-33111-33361-37315-37398-37439-37615-37693-38243-38473-39655-39685-39929-40425-40841-40849-41430-41561-41729-42053-43133-43235-43351-43533-43749-43979-44673-44815-44893-45457-45679-45989-46329-47455-47521-48575-48944-49218-49273-50033-50263-50489-50523-50833-51037-51125-51135-51139-51225-51799-52697-52712-53069-53271-53409-53519-53842-54348-54409-54809-54897-55165-55803-56105-56113-56587-56701-56747-57061-57734-58539-58826-59257-60111-60357-60797-60863-61011-62631-63415-63955-64467-64652-65094-65097-65421-65699-65792-65944-66126-66286-66413-67591-68224-68331-68398-68424-68555-68953-69211-69363-69768-69841-70079-70158-70281-70583-70595-70761-70965-71123-71173-71217-71237-71727-71735-72111-72417-72723-73183-73873-74701-74757-75675-76037-76185-76340-77711-78587-80148-80445-81598-82593-82656-83439-83505-83535-83615-83859-84029-84107-84175-84738-85131-85304-85756-85939-85974-86673-86864-86951-87639-87861-88263-88273-88625-89058-89813-89983-90069-90319-90377-90430-90571-90927-91088-92109-92393-92427-93008-93109-93521-93947-94519-94615-96281-96495-96735-97167-97463-97949-97971-98577-98914-99081-99301-99381-99399-99552-100373-101239-101551-101677-101691-101829-102203-102431-102539-102841-102870-102976-103083-103277-104141-104325-104661-104729-104796-104921-105142-105223-105235-105252-105494-105517-106077-106113-106247-106409-106623-106947-107821-108105-108249-108459-109769-109850-110163-110305-110648-111643-112328-112679-112715-113468-113909-113937-113966-114083-114091-114137-114499-114537-114649
1825,4876-10058-16132-16902-24094-27485-32314-33956-37482-41032-42654-43370-44378-44898-53422-54538-56126-57370-57682-58426-60294-61186-63584-63924-63958-65626-68068-69008-69090-70582-70714-71224-72916-76090-79828-82632-85202-85388-87454-89256-89880-89986-91788-93750-94076-99670-99830-100484-100631-101046-104358-108402-109180-109840-112160-114704
1826,4881-26842
1827,4884-8798-19408-45914-68408-104625
1828,4888-7569-21025-40182-45884-56734-67894-90437-92199-99736
1829,4895-19163-25623-31745-44447-52951-56441-74111-89515-100634-104281
1830,4899-56291-73231
1831,4900-5034-13212-18774-33758-33920-37820-38221-39731-41782-42300-42778-43600-45006-48618-49886-50318-50901-57084-57775-58588-60488-61013-63106-71500-72527-73340-76523-77916-79044-79822-80231-87049-88332-88820-89534-93476-94678-96319-98592-98635-98655-99126-100835-100951-104030-106903-110417-113514
1832,4906-20636-28020-51027-54700-76197-76776-91764-93872-97021
1833,4911-7159-27627-33847-45221-81365-110321
1834,4912-4946-7898-15370-24390-24414-24942-33130-33132-40266-50964-53510-62400-63908-67715-68660-72179-75500-89150-94518-94867-95682-96008-105150-105956-108364-109506-112393
1835,4916-9526-10506-18844-20798-26694-35320-38020-38177-38494-39521-39721-40215-40747-41170-41404-41463-41759-41998-42494-43725-43814-43827-44477-44822-45608-45770-46008-46201-46509-46905-47015-47029-47253-47920-48807-49388-49439-49525-49710-49729-50238-51003-51784-51894-52029-52253-53568-54167-54350-54376-54694-55231-55350-55998-56281-56430-56603-57243-57343-58057-58665-59546-59663-59921-60088-60691-61079-61416-61723-61803-61805-61945-62334-62345-62692-62725-63156-63469-63773-64008-65412-65422-66117-66195-66242-66541-66738-66984-67267-67318-67765-68125-68206-68452-68626-68669-68876-69541-69835-70032-70146-70326-71209-71499-71853-72055-72488-72522-72559-72648-72743-72955-73431-74082-74736-74778-75645-75834-76082-76307-76583-76894-77326-77349-77533-77794-78198-78524-78943-79306-79516-79618-80133-80746-81029-81503-81666-82013-82295-82523-82658-83010-83063-83239-83261-83433-83549-83755-84136-84454-84639-84664-84767-84997-85963-86187-86242-86496-87252-88261-88293-89023-89268-89542-89663-90328-90376-90419-91175-91445-91581-92007-92316-92420-92782-93000-93983-94343-94428-95338-95341-96948-97564-97589-98334-98417-98478-98557-98567-98887-98950-99051-99055-99256-99966-100881-101823-102021-102212-102528-102843-103146-104378-104395-104447-104681-104877-105082-105271-105774-106030-107369-107380-107457-107735-109289-109326-109375-110197-110603-111371-111754-112726-113120-113806-114280
1836,4918-5080-12078-14298-22816-23330-24938-29056-29734-30780-38058-38312-39498-50560-50640-52052-53872-53954-58240-69476-69488-74628-77282-80952-82326-84512-85996-89550-89806-93188-94838-95818-96196-96550-108530-113632-114880
1837,4920-27232-28217
1838,4923-18359-19133-21495-32511-33603-44827-45429-46939-59637-90519-105993-108383-109763
1839,4929
1840,4933
1841,4938-9248-12416-17950-25756-27748-33546-38682-40376-40693-40714-40935-41901-42210-42733-44409-45391-45500-46538-46970-47310-50176-51124-51321-51987-51999-52788-53100-54792-57010-57695-58562-58866-59696-59990-61348-61711-62448-62870-65871-66531-68847-69698-70209-72248-74428-75803-76788-77089-77109-77468-77687-79394-80280-80390-82128-82590-83173-86414-88946-89771-90291-91316-91603-91915-92438-94096-98453-98784-102142-102396-105077-106937-107186-108592-113248
1842,4944-16762-27754-38994-54134-55042-62716-62798-65932-71596-81528-102754-108798-112558-112812
1843,4951
1844,4953-11940-15390-33624-41868-48414-53482-54576-63094-80836-84820-91183-94342-97472-100530
1845,4955
1846,4957-34385
1847,4959
1848,4963
1849,4965-8261-50419
1850,4972-6545-6618-16813-19046-27934-63427-64047-70257-74509-77939-83672
1851,4975-14935-20746-52017-60109-77227-90163-102672
1852,4977
1853,4982-10009-24877-25715-41304-44260-55199-59651-62176-63329-64176-70361-70743-71094-71511-77504-81643-82512-83189-89261-90635-92783-93753-100686-104051-108199-108486-110078-110098-112675
1854,4984-18294-22162-42534-44225-49554-55914-56044-57350-61820-66630-67742-71962-72150-72802-77322-81782-82088-83006-89906-90822-95104-96796-102032-107790-111278-113994
1855,4987-20147-48077-63967-64543-78819-81648-84815-87753-99053-100196-102225
1856,4988-6224-41444-45571-48722-58308-77244-81413-86150-86884-99746-105361-106254-113951
1857,4990-7728-15142-39604-58624-63981-84007-99742-104870
1858,4993-5282-73657-82008-86983
1859,4995
1860,4998-7734-68992
1861,5008-17358
1862,5010-5482-16342-16372-19904-35082-36598-38106-39834-40542-40982-42046-43244-45272-45361-45362-46756-48492-48890-49040-49475-54038-56022-58196-58218-61926-64402-66028-67214-67746-68140-68192-68982-70034-70968-71614-77204-78034-79024-79246-79820-80063-83558-87236-87804-87882-89326-95430-96394-96774-97052-97242-98886-99045-101148-101902-103962-105976-106132-106964-107146-107878-109863-112806-114246
1863,5020-5144-10571-23144-40816-43320-53805-73406-75705-77851-80716-81057-93431-108545-108768-110950-114797
1864,5022-5931-11646-17130-19656-22697-30998-35153-40318
1865,5024-21279-28543-30102-32387-36805-40523-40887-43490-43853-45579-47205-51689-60189-60965-70169-71635-73390-82149-83043-86848-92535-92557-95280-98563-99359-100533-103831-104013-107263-111133-111583-114439
1866,5027-10697
1867,5028-6786-12760-13464-14083-19638-21864-27178-29158-34063-34566-37670-37842-39837-41124-41180-41468-42226-42829-43058-44344-44469-45506-46921-47024-48085-49824-52360-57308-59471-60004-62112-62626-63726-63840-64629-65920-66532-67282-67958-69975-72039-75050-75506-76036-77020-77034-81535-82708-86318-87123-87783-88269-89010-89179-92428-92952-93647-95166-95174-96085-98111-99660-100628-101685-101824-103187-103679-104962-105857-105943-106534-106790-107227-108998-109144-109524-111407-111413-112820-113678
1868,5031-5967-23697-31939-37927-40208-44411-44441-46881-54519-55907-60561-63262-64258-64623-68771-69293-69953-70396-70469-71067-73061-73453-76561-76751-76849-79783-79893-82909-85213-88571-88913-89743-90788-92105-94524-95431-97075-99622-100060-103349-103500-103528-106804-107116-108937-109724-111417-111691-112485-112565-113382-114795
1869,5032-44389-47225-48411-82898-85083-92845-94855-95127
1870,5039-5825
1871,5043-5453-20064-36265-42906-45339-45443-48088-48588-50143-51473-52363-56367-61996-65499-71569-76853-78401-89775-90553-91017-91760-91965-94369-94737-96461-97437-97749-98288-98293-102898-103647-106171-106734-106859-108559-109049-110137-110398
1872,5045-6143-31131-32119-64012
1873,5047-11071-29941-32559-34537-42205-42853-52264-54977-59639-90931-94423-100487
1874,5049-23395-24993
1875,5050
1876,5053-21901
1877,5054-14865
1878,5059-5537-21778-34606-43773-55843-101130-105929-106382-107802
1879,5060-20938-55288
1880,5065-37867-58779-60967-69301-84563-100547-104203-105019-109879-112697-113513
1881,5070-6846-7910-12420-20990-22402-25764-41598-53848-59444-66884-68194-71984-77558-77806-82308-84554-85100-89904-101078-107890-111322
1882,5073
1883,5074-25084-46350-49266-49624-58478-71702-82156-83385-83618-85354-86744-87194-92042-92118-92373-95022-97874-98742-110100
1884,5076-79386
1885,5079-56446
1886,5085
1887,5089-10831-16232-82775
1888,5092-40272-67960-89930-101314
1889,5097-5601-5773-5875-10803-15805-17059-18009-19185-19355-22261-25905-26949-30389-31597-32065-32617-37358-38099-38755-38779-39181-39411-40999-41835-42229-42275-42317-43257-43779-44057-44079-44081-44295-44335-46261-49281-50045-51211-52165-52664-53747-55239-55743-56477-57117-57543-59545-59981-60469-63403-63607-63703-63757-64437-65243-66227-66287-66465-66553-67049-68585-69021-69047-69891-70271-70709-70929-71497-73331-73423-75211-75487-75535-75945-76109-77346-77903-78239-78679-79289-79755-80151-80311-80508-80985-82289-83071-83275-83997-85067-86399-86763-87747-88117-89959-90071-91033-91601-91690-92275-93273-93369-94461-94525-94997-95681-96625-97157-97789-99297-99397-100505-100759-100997-102579-104109-106021-106389-109543-109797-110337-110967-111049-113929
1890,5100-8787-16944-17244-26066-29480-34898-37397-42750-45892-48244-51903-61780-63783-65612-72182-73848-78496-78861-86684-87007-88335-90570-94020-94829-99493-104535-105178-106328-110877
1891,5103
1892,5104-68430-69574-88102-90012-100050-103574-103912-107814-114876
1893,5107-45128
1894,5111
1895,5112-17725-30646-38005-40685-49365-54697-59749-60567-60824-63441-68874-86564-107581-109179-110511-111904
1896,5114-14814-41187-86927-90692-96672-97849
1897,5117-44908-53457-53685-63680
1898,5118-8438-40825-72178
1899,5121-17619-37297-43329-45423-54149-62467-70037-72375-87717-92709-96365-99091-105411-109111-112905-114431
1900,5129-36073-51337
1901,5131-17391-27281-40467-42593-48001-57889-61491-68113-71223-79499-101787-103801-104189
1902,5132-21265-46407-52828-73907-77148-81326-82903-105984
1903,5138-31576-45528-70362-78388-104756
1904,5141-6961-7249-7339-8317-12001-18455-19567-20285-20385-22947-28257-32753-66083-67615-71651-93103-97927-100913
1905,5146-16508
1906,5149-24007-50881-66717
1907,5150-6906-35827-38126-39180-42308-49672-58140-77238-77654-83611-84255-93962-94840-98754-99249-100106-102816-104185-107714-109430-111344-113422
1908,5153-9916-11680-28838-33824-72758-104256
1909,5156-5217-9918-32645-35572-36236-37986-39596-41550-41683-41709-42492-43613-46502-49066-51660-53982-54445-57301-60436-67713-69077-69134-69289-70383-82713-88020-88371-88794-91132-93158-93270-95273-96429-97359-98925-101054-102856-104568-105181-109091-114242
1910,5158-13572-18282-27069-27633-29228-32297-56515-66572-68094-74031-74564-79671-102551-103076
1911,5160-31852-37983-38532-39256-40370-41099-42298-42607-43610-47100-49918-54143-55523-58080-60182-65780-69972-72046-72673-75637-77102-82391-83614-83834-84223-88064-88374-92076-94640-95248-95598-96318-97982-98346-99409-101106-103080-103637-105624-106255-112854-113150-113479-113768
1912,5163-50345
1913,5168-5480-18754-41414-47778-51490-54223-56604-59580-66810-79647-98907-103063-113238
1914,5170-11052-30548
1915,5175
1916,5180-19002-22772-36520-43515-49960-52735-53704-55143-56615-58759-59452-60877-63159-64403-66309-73589-76407-76719-78621-80673-83429-84238-85752-92975-96987-98869-100608-101201-102428-105217-108756-112622
1917,5183-9158-45833
1918,5184
1919,5196-108912-112264
1920,5199-6586-13437-38091-47371-47407-47599-47615-49951-50019-53967-54087-54291-54484-56025-57309-57619-61800-62263-63026-64693-64936-70443-70964-73725-75561-76396-78981-79817-80317-80473-80559-80869-83527-83933-84317-88894-94269-95643-96589-99389-99765-99816-100164-101406-101876-104631-107400-108228-108389-109641-109709
1921,5201-40589-47281-52271-56009-61421-61777-62821-65397-68343-74959-76933-92027-94295-98608-100147-102899-103169-103939-112561
1922,5205-46434-66285-67868-71406-74223-75061-77525-93805-94117-114413
1923,5206-28461-79863
1924,5208-13162-21276-23242-38670-42333-44272-45539-54030-54735-60178-68832-75126-84161-87608-94390-100993-105587-108874
1925,5210-30336-32798-84769-106242-107936
1926,5213-5736-14111-16486-20224-21434-22200-23592-29966-33261-34676-48673-49688-52306-57039-58074-65092-69917-71690-72887-81056-82129-82330-82564-83693-85536-87258-88087-89631-104035-105787-111579
1927,5219
1928,5222
1929,5225-80921
1930,5227-11069-12394-18469-34071-50140-57751-75835-76865-82301-83351
1931,5229-10655-12809-35183-42115-51701-75017-88155
1932,5231-15538-25544-69672-91795-101035
1933,5236-6046-8338-9619-10554-14410-15376-16180-16740-20096-23874-37491-39872-40788-40810-40874-41310-42156-45054-47213-51562-54364-57584-58354-60226-61108-62888-63492-73832-75818-79048-80036-81950-82242-83504-87802-88798-88848-90774-99236-99768-100466-102128-106038
1934,5239-18353-37953-47903-48317-60261-68940-75411-106335-114411-114641
1935,5243-9444-23194-37624-46106-50502-57674-65498-80554-82818-94686-98238-103304
1936,5247-73229-90871-96693
1937,5248-13824-24455-35114-40008-40364-41636-51136-71191-75992-76796-83837-94831-96877
1938,5251-9823-20941-32225-52449-52986-56142-68567-84589
1939,5252-9633-22375-26145-37291-38101-38157-41593-51383-51767-54836-56327-56459-58393-59099-62430-63781-64935-66041-69078-70059-76569-77723-80897-81596-85288-85537-88886-91997-92165-95401-96900-99871-100905-104915-111237-111621-113402-114013
1940,5254-6697-17455-24357-29599-31795-38400-39525-41753-42710-50906-51742-59119-60865-68382-68743-71559-73671-79171-94945-95559-97821-98122-102823-103309-108013-108245-112445-112567-112591
1941,5259-22743-36027-46605-65839-96905
1942,5262-10302-14574-16480-16626-25538-26210-26900-37050-37438-38161-44292-47344-47686-49120-53538-55842-57118-58690-60300-60486-63078-63796-65983-67924-69836-70006-70464-70710-71570-73782-74122-75136-75874-76682-77484-79752-79855-80014-80848-81332-84008-84068-84376-84636-84756-85266-85476-88632-89227-89439-89788-97154-98502-98930-99869-99974-100673-101384-101452-102866-102889-103238-103320-103550-104130-104766-105058-106094-106670-107318-107556-110474
1943,5264-13340-15454-16950-17402-21788-28192-31190-37770-39210-39530-42182-42234-47363-51401-56650-58322-61212-61336-61768-61804-64498-67536-67902-69140-69210-69719-69742-71442-74370-75960-76256-80220-80404-85192-86238-86492-90458-92746-94436-97604-98380-98552-101206-102904-106506-107166-108034-108200-111386-112050-114088
1944,5269-11799-17189-22627
1945,5273-11100-17341-24607-54444-69641-76050-80928-90594-102960-103324-110486
1946,5280-15788-22837-37230-37351-37732-39808-43460-44661-45338-45365-51662-51807-55117-56067-57647-61269-61349-62317-63887-65082-66511-66933-67446-67979-68288-69466-70971-71179-71246-71646-71871-72096-72432-72725-72738-75029-76087-76478-76747-79112-80319-81071-81841-82997-83167-83740-84286-86206-86408-87305-88544-89484-92878-94406-94811-95121-95548-95909-95990-99434-99699-100239-100436-102165-102838-103070-103897-104171-104579-104943-105905-105985-107801-109527-109540-112958
1947,5293
1948,5295-53716-59152-74486-79002
1949,5298-8672-19776-34734-42420-45641-63128-70269-88395-92942-93189-109328
1950,5300-59410-85934-103850-107454
1951,5303-24918
1952,5305-21013-27947-43452-49343-53213-71829-81745-88259-88717-103213
1953,5307-21965-25993-29853-58367-74125
1954,5308
1955,5312-40794-46221-48551-63876-64800-81487-85861-99224
1956,5321-10875-39990-41364-43240-54367-79918-85113-86584-87495-93276-101683-105642-105983-107476-112985
1957,5323
1958,5327-16941-99203
1959,5329
1960,5330-10130-29884-40847-47781-57015-57801
1961,5338-7119-68384-77087-88756
1962,5343-39703-50205-75959-79887-81697-82749-95957
1963,5345-42689-80662-83665-106310-110764
1964,5348-11327-42404-43131-46775-48186-49722-51290-55967-57247-58825-63709-64600-67402-69251-71932-76494-82427-86962-88461-89430-90721-95823-100160-100903-102454-105052-107271-108677-111155-112042-114377
1965,5353-9359-44929-102625
1966,5355-12975-14963-106149-114477
1967,5362-15318-43214-72138-91114
1968,5364-12496-16606-41758-44848-63882-72592-73348-74972-98675-99244-102290
1969,5368-11051-60750-73835-110507
1970,5373-46555
1971,5375-27791-51601-71212-77550-99495-100027-105069-108676-109248-114132
1972,5377-53907
1973,5387-9543-16002-49841-92837
1974,5389-6113
1975,5393-12369-13687-32430-32466-42106-63339-92784-99555-107898
1976,5397-40691-41629
1977,5403-25065
1978,5405-12043-16648-20550-35872-57008-78704-90617-93587-110255
1979,5407-9303-11979-21207-32113-39229-39343-42421-42881-44829-48098-49155-52018-53666-54549-54551-54927-55381-56379-59837-59984-60747-61524-62745-62851-63641-67634-67775-68581-68690-70078-72386-72806-73675-76879-77450-78625-81336-82337-84278-91357-91983-92145-92912-92946-93358-95060-96153-96479-98477-99127-100839-101549-104337-104551-105159-106283-106593-107185-108157-109947-110956-111225-112538-114226
1980,5411-8757-13949-22927-24893
1981,5413-26283-32676
1982,5415-14695-27769-43513-84761
1983,5416-6434-21680-25078-33472-35750-46138-47768-48790-50598-54164-59998-69094-71196-75682-79866-82286-83972-94874-95150-109134-111992
1984,5420-18796
1985,5431-9904-36134-39608-47460-47762-69408-95547-107203-109062
1986,5432-16408-29230-92406-106626
1987,5437-30228-35505-37987-44487-45626-51355-75449-79927-105485
1988,5442
1989,5444-61859-112174
1990,5447-8325-11629-15677-17491-21229-24978-33673-39141-42289-44565-47588-47748-60739-66676-68745-72706-77847-83621-86883-91651-91807-101067-104889-112621
1991,5454-7261-19192-29022-35268-77490-79022-86076
1992,5457-13662-23037-23871-26732-26817-28713-38401-38895-39809-40079-41511-42163-44358-45445-46614-46936-47441-48237-49689-51472-51477-51560-51723-51792-52971-54277-54305-55425-56149-56668-57065-57553-58243-60917-61096-61152-64151-64711-65121-65418-65935-66331-66401-66446-67577-70408-71747-71859-72117-72219-74429-75852-75981-76189-76713-77057-77548-77917-78081-78423-79696-79995-80899-80989-81447-83731-85002-86497-86771-86795-87177-87566-87656-88347-88747-90979-91560-91958-92144-92362-92582-92594-93265-95089-95689-96501-96733-97845-100482-102206-102383-102784-104053-104155-104449-104747-105209-105535-105868-106107-107096-107262-107671-108880-109314-109476-109629-110898-112801-114441-114722
1993,5465-29435-30002-40059-40325-62011-63501-70315-73837-74393-79057-79769-80652-87593-94183-103165-108933-114647
1994,5468-62791-86860
1995,5476-11991-15882-18286-23125-32132-32230-46144-49235-64394-80752-94926
1996,5478-83843
1997,5487-15107
1998,5488-11692-28177-39838-57089
1999,5493-14160-27535-34029-35020-55497-60164-60248-64114-78979-84239-85760-87363-89385-91769-94135-94149-99784-100491-102463-107347
2000,5495
2001,5498-33302-37593-40246-42287-43753-46876-48745-50521-51735-52439-53267-54107-54707-54715-56337-57297-57478-59367-63413-63649-63678-65584-65623-65867-68449-69573-69881-69894-72973-75988-79975-82382-84743-85005-85660-92899-93906-95205-95638-97289-99534-103615-104135-105174-105397-106321-106855-110721-111178-114547
2002,5502-11475-37625-38182-39102-39110-39232-39331-39750-39778-39960-40097-40232-40486-40513-40571-40684-41010-41314-41322-41398-41942-42241-43695-43716-43741-44276-44281-44552-45124-45516-45876-46124-47372-47616-47855-48093-48154-48430-48566-49804-50630-50816-50931-51420-52234-52514-53444-56049-56198-57054-57076-57140-57632-57890-59110-59676-60158-60939-61176-61210-61307-61786-61892-62235-62457-62492-62678-63430-63570-63688-64490-64746-64908-65336-65364-66298-66892-67164-67302-67428-67767-68238-68911-68914-68944-69156-69734-70623-70775-71272-71613-72085-72301-72814-73501-74238-75036-75044-75127-75154-75226-75790-76006-76055-76110-76436-76508-76642-77054-77634-79378-79969-80832-81120-81276-81604-81731-81803-81981-82078-82516-82610-82902-82981-83123-83179-83468-83934-84414-85770-86924-87076-87195-87681-87912-88107-88626-88810-88834-88852-89182-89248-89604-89608-89799-90294-90446-90941-91008-91574-92729-92774-93446-93486-93596-93718-93851-93940-93972-94029-94116-94402-94468-94753-95016-95093-95526-95815-96909-97412-97544-98387-98619-99769-99790-100391-100408-100764-101079-101814-102245-102655-102896-103786-104240-104783-105244-105383-105600-105806-106192-106402-106606-106848-106932-106960-107219-107279-107924-108310-109348-109568-109746-110058-110218-110450-110625-110743-110867-111118-111459-111708-111868-112096-112828-114184-114247
2003,5504-41054-41290-53658-63150-78190-82342-85391-93796-100890
2004,5507-21842-38867-47080-48328-51449-51452-52438-53156-57814-70587-71276-72461-78806-86164-92925-94878-96192-101017-107104-108702
2005,5513-7480-7786-8801-8850-21602-22905-27273-34037-35614-36593-37510-39009-41730-49627-52897-53680-59116-70136-73803-78277-84385-87700-88111-91105-92669-101904-109358-110889-111443
2006,5519
2007,5523-17051-35091-44245-50219-72129-78486-91937-102277-111121
2008,5525-15808-17202-37287-38109-44219-47857-47916-49337-53303-91293-100297-100489-106377-107915-109184-112250
2009,5527-18229-19379-28681-31293-36017-40490-48213-49130-51175-56163-56745-65217-87199-93515-113687
2010,5528-27656-32780-46228-53301-67291-72728-87716
2011,5530
2012,5533-18556-71988-92665-95429
2013,5538-37679-48349-51540-72443-93140-96432-99825-106327
2014,5542-26195
2015,5546-56005-56412-67873-86608-112434
2016,5548-7366-11826-20026-20846-21252-25744-50044-51978-58032-59922-60102-61220-61864-62242-64697-66796-69364-71349-77772-79962-80252-88024-88428-94777-102026-104636-107557-108636-110968-112399-113042-114520
2017,5550-7954-10768-13188-15598-15712-20724-20730-21240-26689-27608-34222-35790-37504-43075-43759-45133-45829-46769-47191-47548-48348-51258-56461-56722-56784-57298-58009-58249-58888-61476-62936-63234-63276-64420-65973-66251-67036-68389-71550-72067-72576-72688-73271-73400-73430-73446-73572-74142-75305-75586-76687-76950-76966-81712-83101-83282-84124-84406-84835-87300-87749-88396-88947-89630-94475-95871-96216-99842-100448-100924-101682-101834-102745-103702-109196-109843-110942-110948-111033-112320-112349-113188
2018,5552-17904-51388-52530-82734-100954
2019,5553
2020,5554-11450-14486-15150-16428-17604-18866-22718-23174-36798-44514-46773-48109-48634-61787-72842-74118-74502-78958-80301-88601-94443-98052-105205-106020-107601-108147-109468-110359
2021,5559-23861-45851-54621-63219-72211-74859-106417-108883-110477
2022,5560-16422-17660-34595-37408-39758-41047-47634-50832-52071-56958-59821-66467-73395-77523-78523-85910-97585-99136-102173
2023,5564-8218-16738-18360-22189-23390-24907-28786-29223-30368-32278-33582-33861-34274-34897-36160-38461-39131-39135-39296-39302-40529-40544-42272-43256-43372-43957-44257-47625-49194-50413-50877-51369-52201-53106-53270-53367-57316-58969-59583-59865-62378-63048-63468-65104-67157-67931-68668-68960-69235-69309-69935-71621-74243-74913-75728-77458-78286-78924-79761-84530-85240-88706-88826-90968-92569-92747-95044-95926-100023-100668-103345-103422-105969-106421-106741-106816-106844-107045-108704-109107-109610-110112-110729-111088-111289-111525-113078-113127-113368
2024,5566-18946-24476-27162-33922-39870-42138-51812-60578-68310-73292-74638-75068-78398-80132-83782-83848-85210-86372-87022-87850-89370-89424-91024-92831-99836-103392-106302-106330-112322-112882
2025,5569-104301
2026,5570-10876-22367-29640-40814-46445-52646-100940-107270
2027,5574-6832-8381-22232-39712-41028-42337-46582-46943-48424-50136-67638-71440-80512-84485-87896-95724-96046-107218-109811-112094
2028,5577
2029,5581-19323-77811
2030,5584-35816
2031,5587-96683
2032,5588-37960
2033,5593-24849-100929
2034,5596-32998-39624-42927-43854-50152-56368-59946-67442-69946-79359-81354-106012-109150
2035,5604-6984-7242-8014-9342-9794-11480-15510-19564-23100-25302-29626-33766-38612-42484-46417-50174-50289-56064-59342-61264-63241-63292-67175-69886-70820-71920-78914-79669-80449-93575-95551-100068-100410-107121-107522-113366-113830
2036,5607-24581-49939-59717-61845-77301-107575
2037,5609-12137-49649-76911-92430
2038,5626-11320-11992-114902
2039,5629
2040,5635-26346-66508
2041,5637-5671-15379-31021-36269-41963-48721-54493-63505-82511-103439-107637-111695-114259
2042,5640-24080-42067-42625-48136-51611-54190-71557-77564-88875
2043,5646-9336-17196-36726-46603-62109
2044,5650-58415-70196
2045,5653-15355-28379-39257-43940-44498-45059-45346-45381-48051-52709-53310-58827-62295-67155-68595-69318-71203-72371-72683-72691-72995-78323-84153-86452-88413-105201-108897-113761
2046,5655-15043-18451-37647-40975-41775-42779-42891-44259-44875-49259-54119-55933-56623-58309-60015-60665-61829-64165-66759-70619-71773-72287-76431-79177-79615-82621-84105-88365-91719-92383-92913-94069-96699-98145-100343-100787-101451-102249-104935-105285-105971-108500-109959-110961-114450
2047,5659
2048,5660-13752-39941-42374-52968-53959-54790-56319-58072-59041-60133-63643-70114-70657-71593-72156-72403-72747-75229-76779-79349-82085-86343-86587-91108-91191-91593-91949-92130-93867-94177-94939-95471-96203-98505-103276-108622-110427-111932-111982-112307-112543-112597-112729-113139-113931-114390-114842
2049,5662-20118
2050,5664-18204-19830-20304-21740-34441-38164-49257-50339-64356-66966-71751-73865-76107-86114-89867-92253-96988-100104-105754
2051,5668-6062-9870-17362-21812-23370-24720-25796-35070-37096-49620-52332-79031
2052,5681-23157-28849-40413-43391-47179-54235-57365-61671-69725-73991-78647-86809-90305-101319-105191-106289
2053,5682-7132-9398-25808-41640-60800-76160-104717-105700-110692
2054,5685-14269-22549-33557-63892
2055,5686-7540-9466-18068-19882-23710-29330-32348-41346-41352-42118-42664-43216-43628-44253-44264-44612-45706-46988-47536-47700-47822-48372-48602-50040-50996-53424-54130-54666-55058-55282-58060-58082-60434-61439-61728-61852-62489-64362-65186-66550-66858-66868-67580-69838-71756-72456-72462-72588-72780-73144-75002-75244-75928-76232-79416-80682-80740-80868-83496-83710-86394-86858-87098-87646-88766-88950-89490-89896-90090-93022-93382-93470-93698-93934-95312-96498-97236-98218-99322-100680-101014-101354-101434-102552-102698-104507-104724-105076-105580-106160-106358-107554-108164-108194-108654-109420-109600-109838-111112-111138-111334-114394-114452
2056,5689
2057,5691-13945-15065-30297-31139-51891-56501-69969-70465-74209-93059
2058,5692
2059,5695-16259-59247-78836-85573-88131-103457
2060,5701-36267-48047-93043-104983
2061,5702-9186-9674-10430-13726-13754-28584-31410-37548-37766-37961-37978-38402-38475-38687-38688-38834-38852-38934-39146-39361-39500-39562-39738-40020-40454-40640-40686-41018-41108-41302-41638-41744-41890-42000-42028-42039-42110-42204-42242-42332-42334-42338-42398-42452-42480-42558-42704-42752-42842-43128-43286-43298-43319-43366-43480-43630-43702-44020-44046-44751-44791-44844-44850-44890-45010-45040-45190-45196-45404-45570-45578-45640-45832-45996-46194-46488-46674-46700-46768-46778-46808-46990-47388-47638-47780-47816-47948-48054-48104-48482-48590-48778-48858-48978-48984-49044-49062-49398-49816-49883-49898-49942-50296-50308-50322-50392-51058-51234-51306-51511-51657-51788-51936-51980-52014-52106-52121-52206-52208-52570-52727-53158-53380-53386-53898-53956-54135-54332-54644-54652-54698-54726-54803-54892-54900-54944-55206-55242-55272-55432-55484-55792-56012-56132-56585-56661-56835-56848-57004-57366-58134-58142-58174-58230-58237-58460-58484-58552-58974-59150-59232-59638-59738-60118-60181-60283-60338-60760-60936-60940-61038-61180-61294-61576-61832-62214-62500-62633-62884-62890-62975-63006-63204-63361-63454-63515-63896-64010-64270-64392-64447-64626-65116-65150-65346-65416-65554-65686-65714-65856-66009-66020-66050-66054-66458-66462-66590-66592-66704-66722-66774-66845-66936-67274-67602-67864-67948-68054-68080-68222-68314-68652-68778-68810-68838-68862-69150-69169-69228-69486-69576-70188-70338-70446-70544-70728-70812-70816-70827-70842-70902-71008-71274-71318-71360-71461-71556-71876-72171-72338-72509-72574-72708-72868-73150-73714-73755-73790-73824-73834-73932-73957-73990-74038-74172-74208-74354-74465-74560-74577-74658-74996-75071-75076-75278-75488-75828-76095-76429-76768-76850-77222-77513-77544-77810-77814-78110-78214-78443-78484-78504-78594-78712-78860-79026-79040-79150-79152-79507-79573-79764-80000-80039-80374-80392-80700-80783-80792-80944-81086-81195-81200-81706-81784-82064-82094-82096-82302-82424-82460-82636-82645-82680-83026-83398-83448-83530-83592-83664-83828-83870-84144-84280-84528-84666-84726-84744-84807-85007-85123-85144-85150-85208-85455-85496-85561-85594-85678-85686-85704-85812-85872-85878-85946-86022-86077-86440-86515-86532-86640-86760-86850-86926-87370-87548-87676-87683-87866-87932-87967-88038-88046-88200-88224-88290-88480-88688-89038-89126-89384-89392-89856-90044-90076-90080-90114-90380-90459-90532-91172-91320-91342-91400-91438-91670-92141-92146-92160-92162-92214-92422-92842-93046-93066-93120-93232-93481-93666-93860-93936-94032-94324-94784-94794-95014-95023-95071-95560-95678-95760-95928-96162-96462-96468-96904-97186-97284-97414-97430-97456-97556-97700-97878-98132-98158-98264-98466-98730-98952-99086-99230-99293-99366-99486-99530-99698-99724-100054-100186-100402-100444-100464-100492-100536-100845-101108-101126-101362-101458-101504-101543-101581-101920-101970-101984-102060-102118-102250-102518-102534-102592-102686-103008-103068-103086-103243-103244-103336-103473-103589-103910-103946-104294-104315-104412-104434-104596-104920-105110-105144-105146-105317-105832-105987-106216-106393-106493-106580-106617-106620-106690-106774-107008-107132-107304-107337-107572-107686-107750-107772-107774-107830-107866-107990-108024-108208-108412-108420-108504-108506-108712-108744-108868-108972-109110-109215-109496-109555-109762-109764-109875-110038-110510-110642-110762-110821-111044-111109-111164-111220-111414-111806-111934-112280-112286-113064-113132-113242-113408-113782-113852-114350-114680-114896
2062,5704-7846-88896-109288
2063,5707-17617-20239-25845-32233-34301-38809-39351-42271-52545-53203-55979-56445-58617-61865-64243-65863-66569-68527-68899-69451-71113-75519-79141-80917-86799-90455-90597-92205-92265-98935-103499-106675-106837-107869
2064,5709-8610-20617-59233-81457
2065,5713
2066,5714
2067,5716-23007-29148-41273-42129-67564-70448-77141-104731-104876-111442-112935
2068,5719-39475
2069,5723
2070,5732-7079
2071,5735-11001-15822-28770-28773-33093-68277
2072,5743-9833-30105-39333-98461
2073,5746-13358-15343-15846
2074,5750
2075,5755-24293-36946-40645-45036-48889-49019-50631-56078-58719-62742-67614-72549-73077-73677-81546-82722-87428-90304-100581-111219
2076,5763
2077,5764
2078,5771
2079,5774-8537-11625-18579-29985-33245-34053-43437-62247-70431-73934-77111-79293-80451-82821-89463-90361-90453-96514-100985-109365-109466
2080,5777-13815-16753-23687-24301-25679-28904-28977-35483-37481-44658-47886-58065-68658-70014-70786-85489-86677-94387-95171-99285
2081,5780-13394-23466-24262-61502-74282-102444
2082,5784-13500-30918-38183-38681-43974-46686-68540-72410-77750-78098-87383-88630-89348-101487
2083,5787-11914-82852
2084,5788-21486-24966-70798
2085,5794-55808-86782
2086,5797
2087,5800-11104-15226-25288-26088-53640-55391-58749-58815-68400-98085-112865-113734
2088,5802
2089,5809-19343-30993-32919-35897-39057-41681-62767-73163-74575-83375-92749-102137
2090,5811
2091,5813-23669
2092,5818
2093,5822-15485
2094,5827-38239-40565-71791-80051-98615
2095,5828-33224-64946-102052
2096,5834-26110-29262-33750-58758-66144-94292-95336-97554
2097,5840-6580-7813-8096-9970-15244-16850-18392-18631-19055-21616-23856-24916-29313-31018-36754-37614-37990-39548-40434-40436-41646-41949-45670-50383-50507-53551-56968-58954-59164-60772-61966-65575-65744-66837-67507-80724-84457-86936-87591-98696-99948-104237-107305-108597
2098,5842
2099,5844-35074-56346-57318-62574-76998-97666-107560
2100,5846-25448-45230-67884-72170-76738
2101,5850-31801-32638-35191-35432
2102,5853
2103,5855-6868-10231-10347-11177-18305-23584-26841-27701-29311-34749-37256-40389-42948-43147-46771-48023-51199-55823-59108-66661-69949-73037-78525-80615-80853-90512-92259-93736-94853-95212-100409-100687-101959-103901-112085
2104,5856-28212-43127-95384-105364
2105,5859
2106,5862-5962-8307-37044-40630-46428-48092-49634-52892-66626-74712-76240-78562-85366
2107,5867-61979-72401
2108,5869-6755-8639-9578-11742-13350-16016-16988-22565-26036-35900-41202-41422-42428-43198-46453-48162-52789-53036-56117-59595-60018-62483-64738-69700-70715-71149-75520-79717-83260-84198-88665-88768-92244-93599-93671-94386-94565-95529-100257-101197-102100-104411-104992-107584-108646-109146-112427-113522-114559
2109,5870-52816-53112-65102-78036-98110-105118
2110,5872-10219-35172-40006-59095-69553-78901-89985-100265
2111,5877-11421-57251-70527-84243-85815-93649-94349-95789
2112,5878-7850-39746-40220-40984-42576-42652-43190-43840-44770-45740-46113-46726-47034-47722-47830-48666-49002-51150-52390-52516-53134-54316-54476-54648-54998-55448-56618-56766-56939-56956-58190-58902-59723-60570-62036-63516-65030-65342-66926-67202-68046-68506-68670-69100-70050-72514-73882-74250-75440-75660-75710-75764-77188-77648-78922-79510-79908-80734-80966-81068-81266-81988-82146-82224-82998-83862-84390-84464-85604-86508-88624-88776-91186-91440-92624-92666-92732-93054-93475-94628-96005-96026-96122-96936-98274-99056-99186-99390-99706-100214-100322-101102-102874-103122-103774-104142-104172-104224-104600-104754-105072-105138-105320-105670-106298-107374-107760-108260-108964-109018-112099-112944-112994-113000-113881-114262
2113,5881-6501-26140-39417-39739-46071-61781-77745-87327-98331
2114,5883-19433-68568-78436
2115,5891-5954-7408-7870-11191-24078-26728-31574-37914-38173-39813-39972-40848-41512-43880-46948-48384-48614-49738-51411-53524-53928-54230-55756-57923-59349-60724-61939-63063-63482-66109-66561-66564-67292-74207-77649-82449-88010-88444-89081-98113-98880-99671-100944-104204-105187-105310-106739-107732-107753-109416-114321-114568
2116,5898-32140
2117,5900-6897-14499-19159-19443-20255-23825-28703-29419-76666-96167-98953
2118,5911-8393-41103-42501-44763-45455-45629-46283-56145-59993-65443-73491-77695-82911-86715-86871-89119-93175-100470-101709-107805-109267-111757
2119,5916-51695-75719-87545
2120,5918-20714-21160-34174-48648-67419-72442-80883-80953-81454-83142-85559-93615-95420-98690-106010-110378
2121,5921-7370-7521-16554-57248-61564-68791-69240-79096-96741-104458-107589-110203
2122,5922-112534
2123,5925-14195-15603-19615-19749-21669-30883-40377-41896-42062-46111-53073-53293-61809-62165-62605-67811-68209-70229-74400-85051-93111-95107-95727-96698-97125-99925-102965-106355-107228-107763-109721-113419
2124,5928
2125,5932-8108-33106-38864-41254-46622-51897-54546-58374-65952-67014-71208-81162-82996-87978-100578-101539-108028-111560-111634-112700-113464-113908
2126,5934-27561-38546-39520-40797-43005-44365-44485-46680-47842-48966-49056-49724-50334-50576-52137-53595-55911-57388-60400-61289-61828-63536-66882-66988-67317-68580-73429-74721-75439-76838-78156-80699-82053-83003-83944-86701-87709-93428-96186-98616-98851-99721-100850-101337-106074-106661-109726-111620-112969
2127,5938-65334-98994
2128,5943-70112
2129,5945-40555
2130,5948-37424-37632-37850-40132-41691-45378-46140-46995-47502-47622-47648-48008-48370-48906-52961-55980-57205-57333-58402-61908-64430-66728-66859-67676-68262-70232-74854-79876-81492-82693-83338-86932-89286-92150-93508-94162-97182-98304-99760-100455-101962-102196-102746-102975-107826-107970-108016-110208-111254-112184
2131,5951
2132,5952-7504-18214-46225-51047-66627-66896-69744-78716-82781-90278-95078-101493-112202-114744
2133,5958-68852-108126-110734
2134,5961-13211-15421-26540-26721-38043-52134-65710-76327-83673-83851-86851-87664-90478-91597-103701-107543-113104
2135,5969
2136,5971-35312
2137,5973-47017-68635-69199-86979-96361
2138,5977
2139,5979
2140,5980-15314-17854-19581-38191-52435-53193-53402-57359-59053-64914-82491-84040-96991
2141,5982-9774-57520-61540
2142,5986-47426-68806-114834
2143,5989-12649-35491-36057-37115-50081-60257-60497-87399
2144,5993-48084
2145,5995-13001-25985-31433-45201-56257
2146,5997
2147,5998-29764-37462-72316-89352-100808-103278-109566-109657-114430
2148,6001
2149,6002-12942-34461-36982-61139-71814-83308-104435-113096
2150,6008-10107-11592-16842-34419-39276-41488-42753-43045-45281-46359-47496-51566-53333-54474-59378-60398-62254-67284-68131-84870-87527-91382-94606-100364-103963-107281-107803-114758
2151,6013-22731
2152,6014-43694-58632-75072-79310
2153,6016-13795-21286-21736-33417-37728-38199-41757-41763-49046-51757-59719-61123-65388-68556-73285-81031-82351-96496-98975
2154,6019
2155,6024-24626
2156,6027-38137-47795-60963-63046-63155-71677-74617-76912-78745-82365-86495-97172-112749
2157,6028-44154-54066-59830-70742-89514-106434-109194
2158,6031
2159,6033
2160,6038-53736-61310-76574-83906-105524
2161,6042-15732-44790
2162,6048-17796-20024-25334-33678-43527-55696-63120-64136-71888-89438-93310-93642-94376-94684-106976-110412
2163,6050-21328-24692-30081-30572-32868-48231-50070-58212-61944-67768-68622-82220-91787-93367-93944-96325-100780-105994-108796
2164,6056-8884-29819-39123-41793-47405-49256-86262-92252-100076-105526-113528
2165,6061
2166,6067
2167,6069
2168,6071-6939-9377-11533-17033-37069-37699-37863-49450-53708-57290-60210-64289-64313-64721-66705-67467-67644-68083-74094-93487-97887-105940-106085-110871-111707
2169,6081-19441-22046-37596-38574-38626-38829-41858-42408-43130-46551-49109-49338-50286-55083-56751-63295-67687-69276-75794-78038-79753-81310-81458-87762-88808-90411-95157-96500-97516-98396-102336-103809-104486-107648-109607-110668
2170,6083-35807-40791-59395-91007-97432-110543-113757
2171,6087-16772
2172,6088-6193-8836-62640-79774-99332
2173,6091-6467-17789-26911-30177-38560-39890-42215-50635-55286-63789-65411-73116-74285-78631-86189-88321-92781-93817-101619-105417
2174,6092-6486-11999-15606-26655-37661-37718-38040-38256-38390-38435-38564-39063-39172-39359-39552-39574-39583-39725-40224-40333-40595-40621-40711-40768-41037-41199-41678-41908-42267-42496-42516-43071-43160-43178-43213-43966-44216-44324-44471-44995-45367-45987-46389-46676-46792-46798-47901-48183-48774-48926-49153-50101-50281-50741-50999-51336-51447-51559-51595-51710-52054-52104-52285-52502-52801-52830-53462-54499-54611-54624-54813-55050-55387-55699-56076-56083-56363-56436-56634-56819-56872-57110-57231-57369-57760-57833-57863-57937-58139-58342-58569-58610-58896-59568-59796-59938-59961-59988-60218-61055-61226-61403-61442-61485-61760-62343-62450-62541-62796-62816-63028-63533-63758-64322-64375-64432-64678-65174-65213-65463-65571-65790-65999-66261-66291-66360-66791-67300-67462-67725-67795-67927-69158-69589-69693-69731-70100-70481-70576-70863-70976-71066-71929-72377-72437-72532-72912-73515-73664-74025-74051-74124-74153-74545-74710-74845-75256-75518-75619-76535-76601-76908-77002-77267-77483-77555-77732-78364-79034-79049-79198-79309-79621-79939-79961-80069-80613-80887-82034-82092-82466-83191-83264-83354-83361-83750-84121-84541-84626-85450-85508-85825-85901-86016-86053-86862-86916-87033-87785-87807-87885-88146-88916-89460-89470-89707-89746-90232-90456-90489-90953-91270-91429-91945-93252-93316-93376-93503-93669-93689-93958-94125-94496-94549-95125-95315-95410-95779-95968-95977-96110-96315-96611-98153-98208-98325-98470-98611-99112-99524-99604-100098-100826-100908-101629-102157-102243-102980-103512-103616-103777-103790-103860-104111-104257-104408-104734-104737-104911-105135-105447-105715-105814-105863-106179-106525-106806-106823-107327-107536-107553-107905-108541-108624-108779-109295-109363-109587-109663-109814-109857-110409-110963-111283-111449-111601-112020-112245-112435-112876-112917-113287-113955-113985-114157-114640-114756-114779-114858
2175,6099-11835-68059-77975-88557-96439-107355
2176,6101-8045-8403-10339-12291-12949-14459-14505-15491-16209-22707-29703-31035-32057-33615-34465-37865-38145-38387-38921-39259-39665-40015-40289-40349-41045-41653-43123-43163-43423-43689-43995-44319-44359-44619-45347-45927-46057-46175-46317-46535-46805-46963-47059-47317-47497-47571-47665-47899-48083-48217-48281-48461-48875-49877-50043-50732-51111-51219-51393-51623-52595-53091-53689-53945-54261-54628-54963-54997-55037-55103-55173-56063-57059-57219-57229-57265-57397-57491-57673-57737-57765-57899-58029-58343-58625-58855-58919-59215-59259-59269-59337-59605-59825-60323-60478-60495-60957-61059-61311-61313-61679-61735-61775-61831-61925-62515-62793-63369-63491-63529-63893-64029-64599-64741-65205-65313-65721-65799-66545-66635-67069-67543-67645-67748-67952-68181-68335-68885-69097-69511-70113-70461-70771-70789-71283-71475-72001-72271-73525-73570-74347-74945-75745-75753-75775-76069-76575-76797-77039-77083-77093-77539-77673-78009-78079-78177-78263-78711-78827-78947-79159-79539-79553-79702-79721-79737-81153-81235-81943-81961-82113-82501-82839-82973-83129-83365-84057-84617-85193-85269-85319-85443-86271-86565-86967-87159-87285-87773-87786-87945-87999-88081-88179-88307-88497-88725-88963-89193-89397-89589-89659-89851-90371-90739-90828-91071-91509-92047-92133-92499-92787-92827-92884-92984-93009-93861-94027-94127-94244-94273-94329-94361-94483-94759-94899-95109-95482-95613-95925-96328-96949-97687-97731-97894-98323-98687-98769-98873-99455-99835-100271-100315-100601-101689-102175-102697-102778-103215-103249-103253-103287-103315-103619-104303-104839-105017-105281-105307-105635-105753-105793-106503-106961-107435-107486-107712-107765-107911-107963-108057-108331-108417-108665-108815-109011-109409-110065-110351-110397-110857-111039-111311-111747-111855-111859-112879-112975-113373-113517-113615-113648-113683-113813-113895-114080-114435-114563-114592-114621-114889
2177,6104-42441-51727-95006-103212
2178,6107-13563-17588-20818-21933-32030-37622-39747-46196-47216-55887-84411-94631-94991-96709-99579-101091
2179,6108-35924-56928-113224
2180,6111-19326-34920-61106
2181,6115
2182,6117-10119-19153-32336-39195-43643-43963-45265-46575-50242-52118-55694-57824-61844-67840-68313-91147-97973-98663-101967-109329-112587-114289
2183,6121-10787-11568-12008-12854-14027-17540-18889-19880-22399-22960-23971-32080-34092-35289-38187-38556-41299-41735-44607-44625-46693-47104-47905-48257-49021-49028-49182-50462-52821-53545-54297-54833-56278-57263-57563-57785-58039-58413-59048-60193-60356-60455-60964-61130-61191-61473-61695-63617-63935-64570-64895-65480-65646-66576-66939-66961-69778-69898-70105-70292-70865-71015-71339-74737-75589-77875-78421-78755-78915-79054-79747-79770-80391-82171-83443-83757-84019-86163-87005-87065-87815-87879-88833-89113-89472-90063-92455-93298-93462-93467-93829-96115-96786-97421-98571-98659-99961-100073-101745-101969-103587-104121-104154-105965-106565-107515-107646-108133-108687-108737-108742-109173-110310-110442-110456-110981-111702-111728-113655-114060-114163
2184,6125
2185,6129-7219-9755-32171
2186,6131-20315
2187,6133-9767-14551-63569-95769-114223
2188,6135-9078-36739-37955-38001-40131-43501-44083-44733-44976-45331-46413-50279-51809-58215-60329-60349-61499-61950-63075-63815-65333-67033-69085-69766-70616-71087-72141-73581-76605-76847-78229-79276-81225-87087-91133-91703-92263-92591-92629-93001-94715-94723-94729-95007-95985-97747-98047-99506-101853-101875-103066-104741-106091-106143-106883-107473-107897-110693-112191-112904-113297-113923
2189,6138-35854-45838-47480-68342-69434-71865-71964-81482-83000-84577-93019-94294-97218-101304-101494-103611-105045-113706
2190,6145-16267-16449-18829-23473-25785-26023-31537-32625-38421-38505-38881-42181-43424-43924-45801-45825-45967-46381-47280-50256-50939-51365-51527-60999-61235-61749-62357-64249-64533-71573-73003-74591-76705-78355-79519-82591-86075-86685-87501-96291-97207-97977-98791-98795-100939-102661-102873-105961-107487-112551-112569
2191,6147
2192,6150-9102-10572-15741-17590-21817-28158-29684-37814-43888-45107-45324-46795-46887-47238-54256-54591-55203-59694-61185-61676-64840-67314-68060-68215-73033-75514-77140-77249-77368-77584-78269-80639-81669-83552-84723-87178-87972-88429-89500-91646-92589-93982-97811-101394-102829-102949-105510-108235-111668
2193,6154
2194,6161-29454-31261
2195,6162-41336-58207-65635
2196,6165-13965-14791-31271-33109-38037-49481-52707-55451-68903-69249-69765-78649-78655-88449-88895-95289-107117-110493-111087-111436
2197,6173
2198,6182-18996-35024-94084
2199,6186-10074-12408-20930-23160-27694-29698-42938-48750-53526-60150-68884-84366-86854-98576-99166-100496-104576-106232-111462
2200,6189
2201,6190
2202,6194-59603-66131
2203,6196-14898-15090-24039-31194
2204,6198-30636-34105-36376-42601-44699-51096-56199-83241-85169-95137
2205,6200
2206,6205-55196-75755-97690-97899-101687
2207,6208-9350-16156-90872-93016
2208,6210-7928-15070-17786-41158-41982-42342-43268-43852-44528-44998-45856-47252-48166-48494-49250-49676-54948-55498-57064-62062-62718-64100-64634-69458-71055-71750-72962-73353-73811-76124-82746-83808-87916-89954-90792-93628-94322-95630-96308-97748-98669-98904-102496-106564-108314-108760-108968-110248-111416-112754-113658-113834
2209,6216-19997-22951-114285
2210,6219
2211,6220-30895-49254
2212,6229
2213,6237-40241-55709-57467-81723-83009-93993-95939-102925-107881
2214,6239-48391-79356-91697
2215,6247-44463-52339-75618-79308-104910-105975
2216,6248-27992-29492-36542-43560-44716-49558-54534-58438-59006-60564-61710-66972-71672-94238-96220-99190-99398-99467-104354-112346-113520
2217,6251-8878-9678-11341-14362-15010-18328-19182-23613-30328-34725-35468-50068-50110-54808-59046-60892-62150-66789-68435-79931-94121-95629-97378-97800-105193-111961
2218,6254-6870-7936-20562-21288-41076-42356-47954-52522-53128-55796-57532-59180-60834-63826-64976-66052-66260-70358-71456-72930-73198-73744-75998-76576-79690-80888-90698-91366-91824-91928-93556-94308-97334-100012-103863-104182-109696-113090-114544-114832
2219,6260
2220,6264-35754
2221,6269
2222,6271-18519-25609-35684
2223,6273-72365-74553-83280
2224,6274-9408-10052-25324-27248-35252-35622-59932-78744-94285-94824-96469-101762
2225,6277-22855-29921-43017-48212-61719-64915-75013-84889-91061-96687-104061-108320
2226,6284-32264-70804-99870-104544
2227,6289
2228,6291-8823-18375-19305-20023-20291-25013-37805-47215-48361-52922-53871-54765-57389-59563-61165-65347-66203-66253-66997-67307-69613-69627-70283-76763-77165-79243-83867-85899-87211-87292-89469-90554-94145-95683-97163-102381
2229,6292-9140-17256-20470-21200-22814-38012-45388-48676-49258-55076-55929-56148-61060-62052-63436-63470-64048-64684-68640-70097-70594-71724-73352-78015-90175-92230-95726-95804-95908-96868-101964-102580-104696-109508-111610
2230,6296-24244-31649
2231,6299
2232,6300-15640-30238-36544-38572-39786-43007-88136-89646-102861-103247
2233,6303-14057-15197-28149-34331-40793-88169-101051
2234,6308-16746-106834
2235,6315-25585-44049-51467-69584-74773
2236,6316-29552-31086-41592-48502-60690-81072-87062-101971-105588-106162-109502
2237,6318-22700-41050-49602-67732-71222-77383-81154-86102-87390-100236-101140-101288
2238,6324-29768-40417-47056-48226-49198-51087-51492-52544-55697-55912-56332-56690-58584-61756-65366-66024-68196-68416-74488-79781-80222-82823-83349-94318-99947-100300-107379-108150-109902-110512-111829
2239,6327-26175-36675-41351-52015-55085-55483-59421-59919-63795-68923-69383-73573-76829-81241-88699-98289-104073-109315-109351-114607
2240,6331-7570-12285-73768
2241,6333-86697
2242,6344-17696-76078
2243,6347-10771-35087-40419-40491-44357-50469-59457-60391-62839-66861-75517-79439-79745-80847-81027-85855-110715
2244,6349-7939-8607-10467-11193-20425-23143-30025-38877-40965-46611-48639-48847-50749-52049-55863-59861-60525-63535-65783-67963-69819-73831-78805-85413-92779-95051-97269-103553-109335-113156-113191-114269
2245,6352-91827-109686
2246,6357-15597-21728-33931-46891-50991-56541-57007-59705-68453-74274-81827-86103-91043-93741-96661-97662-98027-98531-100237-100755-109821-110339-112657
2247,6370
2248,6372-12441-71448-82828-84491-105134-105248
2249,6376-14676-21162-26265-30184-32763-38875-72038-76864
2250,6379-9261-29011-48883-56181-105437
2251,6380-34268-40062-41642-43052-43624-44506-46226-49286-50938-54404-55752-55958-61026-61770-63434-64376-64910-74130-79996-80482-81026-86971-88426-93528-98028-100630-100660-107458-109370-112746-113582
2252,6385-36083-40771-45301-48143-51233-69409-72981-81459
2253,6387-38305
2254,6390-22974-60717-84086-106016
2255,6393-23205-103534
2256,6397-7789-56352-76479-77667-107658
2257,6399
2258,6401-6670-8281-10380-11158-13919-14464-15486-19494-20514-21838-23052-27666-29910-30942-32913-33195-34560-37744-39632-40363-40998-41237-42303-42717-43092-43096-45559-46481-47608-47624-47633-47637-47684-48160-48341-49288-49371-49704-49868-50199-50340-50621-51860-52929-53241-53334-54213-55424-55572-55903-56428-57488-57902-58066-61688-62346-62853-64873-66628-67787-68482-68624-69026-69101-70570-71481-71912-72551-73386-73833-73895-74374-74589-75839-75982-77498-77577-77605-77822-78402-79810-80675-80968-81261-81532-81580-81870-82448-82474-82978-83055-83452-83821-84419-84427-84501-84586-84900-86229-86708-87264-88032-88811-88944-89215-89255-89902-93350-93756-93782-95038-96132-96244-96435-96652-97704-100141-100698-100849-101027-101028-101044-101274-101888-103490-103495-103723-104324-104355-104680-105453-105658-105996-107514-107769-108196-108294-108411-109383-109972-111296-111721-112045-112172-112519-112559-113249-113491-113724-113762-113833-114015-114095-114340-114356-114437
2259,6403
2260,6407
2261,6409-9991-54184-59364-61077-62386-64391-68255-92951-93357-109461-110109-111534-114131
2262,6411-26355-38596-44830-90718
2263,6419-51865-64887-65605-80726-86658-94663-103085-108099
2264,6420-9669-30751-46433-52088-59698-60588-62516-63147-66252-102066
2265,6422-19276-30144-44510-52214-69102-83700-85786-90679-91542-96520-103920-105860-108862-110568-112260
2266,6424-21304-59757-84448-113063
2267,6427-36413-38793-85285-109099
2268,6441-6822-17532
2269,6442-8877-10656-17706-22964-31553-32578-37522-37822-37912-38500-38616-39807-39984-40081-40292-40374-40477-41220-42084-43514-43644-43669-43808-45358-45581-45724-46591-46764-46800-46934-46976-47091-47347-47578-47695-47783-48190-48270-48448-48756-49287-49790-50014-50078-50602-52179-52883-53180-53321-53832-53981-54358-54420-54771-55363-56027-56514-57149-57588-58382-58757-59937-61244-61253-61851-62012-63724-63932-65636-66440-66488-66689-68011-68136-69506-69818-70150-70488-70580-70607-73100-73248-73638-73898-75012-75292-75536-75650-75701-76510-76632-76972-78145-79432-79480-81376-81484-81498-81934-82362-82868-82932-82948-83090-83603-83994-84763-85572-85638-85854-86305-87073-87348-87675-89212-89927-89994-90208-90312-90830-91244-91650-92308-93196-93616-93680-94194-94316-94400-95787-99630-100078-100796-101145-101396-101842-102237-102330-103596-105085-105189-105686-106225-107245-107362-107561-107880-108599-109038-109418-110314-110515-110859-111019-111472-111519-111943-112170-112192-112887-113790-113954-114398-114781-114790
2270,6451-6663-7983-9511-10005-10415-10601-12205-16587-17507-19645-24105-27673-36689-40087-41399-44101-48115-58843-62497-63467-68393-73367-79703-84603-89597-91129-99271-105115-106407-107333-110341-111267-114395
2271,6458-24928-34940-56242
2272,6469-25039-58069-68185-75583-82831-111321
2273,6470
2274,6473-15044-16388-18482-26505-26564-31056-50330-62779-88517-95527-101205
2275,6480
2276,6482-32636-49564-80234
2277,6488-58361-62027-108843
2278,6493
2279,6494-31455-44904-45489-52072-62573-72505-76060-76560-79788-80801-89204-89695-93368-94692-95129-100451-101819-102038-103972-104323-105949
2280,6499-30425-37569-42691-43667-44613-45725-50821-61591-65831-69764-71619-72279-76533-77239-91724-94983-97711-101500-104906-110009-113575
2281,6505-8699-15337-15403-22443-37685-39881-39962-40889-41612-42256-42777-45371-50085-51375-55121-57267-63401-64319-67055-71999-75815-77467-77477-77947-78428-79089-79733-81128-81761-84963-86757-87805-88545-91895-92449-93037-97847-99281-101049-102513-103387-103671-106219-107569-114856
2282,6512-14723-22252-24958-26305-40354-46652-48549-50301-64134-66468-76880-79023-81837-86827-91164-93190-102419-106163-109565
2283,6519
2284,6521
2285,6523-38368-43864
2286,6524
2287,6528-12414-25913-41641-44422-50510-52424-54344-60104-60900-81346-86730-106028-112564-113935
2288,6533-15007-22593-27105-32601-37415-38149-38949-40151-41335-43729-45659-46021-48479-48513-48569-48837-49973-51279-51636-52733-52943-53843-54011-54029-54051-54331-55757-58061-58797-58987-59985-60089-60097-60281-61937-62097-64505-65515-67065-68773-69233-69339-69361-71438-72839-73141-73269-74049-74307-74541-74719-75479-75833-78209-78397-79631-79663-79921-80347-81533-82109-82417-83959-84817-85341-85549-87291-87433-87853-91885-92817-93781-93881-94206-94395-95867-96685-96927-97223-97515-99891-99975-100593-101484-102161-102193-102449-102993-104071-104259-104269-107341-107853-108572-109796-110869-110899-111613-112101-114577
2289,6536-8986-14158-21544-29334-35384-37186-40024-40559-45263-46601-47122-49803-51927-52677-52995-55220-63238-63907-66638-71298-75990-77670-77865-80677-82888-84412-84730-87838-95224-100195-102047-102878-104430-104501-104980-107029-107075-110447-113728
2290,6539
2291,6541-8047-11683-22509-27655-33835-35939-37005-37595-37827-49409-49487-69381-72815-87069-97851-102715-112113
2292,6543-26101-89389-113425
2293,6548-15935-48043-111185
2294,6550-73310-81510
2295,6553-74001
2296,6563-19373-30313-50905-87197
2297,6564-47326-48421-48608-85747-91473
2298,6567
2299,6570-15055-75870-94528-96562
2300,6577-7207-10361-11949-13011-16217-29143-31643-41843-43455-45127-45605-46841-47107-47819-51143-53405-54857-55837-57131-58505-59445-59597-64609-66135-67915-71147-75253-77685-79409-79493-81431-82443-83255-83811-85991-87221-88235-88553-90093-90213-98343-99387-99883-100825-101501-101695-102095-102977-106051-106505-106581-108987-109977-111397-112121-112423-113877-114813
2301,6578-8154-11808-17414-24304-34738-39762-47328-50620-50930-51374-52112-56130-60312-62496-64466-66830-69216-70226-72216-72672-74934-75768-77818-77952-85662-90064-90537-93025-96606-96728-102600-107196-108774-110132-110862-112304
2302,6591-52534
2303,6595
2304,6596-15536-49494-64388-73250
2305,6604-10513-19679-39848-51719-110457-110657
2306,6606
2307,6609-6837-93404
2308,6613-14943-39453-51039-65145
2309,6615-19895-23513-24641-32019-41347-41489-43833-45651-46721-46857-47923-49463-51561-54755-56341-60289-64228-65026-68735-69019-69029-70419-70421-70577-71641-72253-74375-78275-81465-83279-83471-85157-89243-90431-91631-91691-91865-96935-98067-99909-102573-106223-107663-108919-111191-111947-112079
2310,6625-7396-8434-17392-18723-23960-37708-39136-98301-112002-114402
2311,6626-23786-26360-29150-31254-39122-41251-42722-42828-45255-49072-49262-49370-51198-54850-55258-56628-61248-62220-68306-69674-71822-72570-75222-81372-83772-87469-90396-91288-93038-94034-97348-99326-100556-100594-104014-104902-105240-107690-109297-109974-110662-110820
2312,6629-20115-30111-31763-110817
2313,6631
2314,6632-15173-60914-73054-92604
2315,6635-13309-63597-65610-105508
2316,6639-6675-16567-33699-38197-39211-40427-49777-51531-54675-58663-59755-62335-63697-64675-76093-76638-79142-79843-88289-91137-92799-93725-98165-100900-104800-107729-109010
2317,6641-25029
2318,6644-13426-22130-25467-28954-45804-80665-110611
2319,6647-34337-80995
2320,6649-27729-40511-89773
2321,6651-13512-16809-32577
2322,6652-7607-11854-12816-22262-28324-37306-37606-41376-42749-48264-50450-51084-55394-55468-56410-57122-60512-64588-73792-73796-90600-92556-98562-104844-105954-108962-113604-114572
2323,6655-105141
2324,6657
2325,6660-23850-23990-28420-28916-37657-39116-47438-49129-49484-55790-58274-58948-60693-61211-61506-61742-68364-79648-80990-87158-95518-96467-99480-103672-104694-104823-108899
2326,6665-19851
2327,6667-28062-52115
2328,6669-36311
2329,6673-27439-48188-90009-113321
2330,6676-9838-10140-10519-11746-12036-12180-18236-19300-21310-22266-23976-25214-25260-26648-27418-29255-29508-32774-35210-36250-41174-50106-52026-52838-54786-56914-61088-64276-67603-68655-69884-74824-75438-75774-77078-81436-81678-82438-87310-99680-102582-102966-105386
2331,6681
2332,6691
2333,6694-7872-9528-12460-15708-22180-27420-32694-38976-39964-42208-46180-53618-55580-55770-57686-58102-60128-65054-65240-69944-72970-80690-82622-82686-82848-82871-83020-84956-86988-91547-96574-97840-99292-99432-100876-100962-102246-110358
2334,6698-7306-12802-20552-29202-32808-33378-39292-41140-43354-46542-51402-53426-54144-56254-59864-65284-66752-70482-72168-75014-77146-79244-80942-82838-83432-83540-85028-87684-89194-95268-96704-106946-109530
2335,6700-20407
2336,6703-22963-46384-60499-89541-97305-97316-98817-109037
2337,6705-42763-71845-72873-83657-99805-100321-101427-105847
2338,6706-10694-17798-68249-75881-79964-88590
2339,6709-32537-52125-58809-59331-61025-82939-86686-96983-103923-104945-106568-106891
2340,6710-37042
2341,6717-9423-13331-18147-19549-22291-23527-27557-29477-30979-31385-31995-35675-36379-41947-43929-46019-49095-50493-50993-51637-52717-53875-55183-55325-57049-57183-59589-60779-61919-64835-69431-70117-71305-71801-72893-77641-82555-83175-85027-85757-87293-92985-93845-95084-99793-99817-102305-104365-107061
2342,6721-20117-31235-34525-34947-37629-38329-39519-41081-41845-42103-43015-49767-53535-53585-55505-55657-56215-57495-57986-59281-60186-60331-61141-61477-61549-61618-61808-62105-64841-67653-68117-69571-70859-74306-77631-78234-78285-80409-82531-82799-83739-84837-86511-87671-88603-88695-88729-89843-89993-90985-91663-93478-95172-95313-96263-96425-97643-97952-98021-99967-100339-100468-102609-102689-102783-103121-108167-108437-108535-109777-109789-110175-112409-114541-114691
2343,6722-12820-13476-14678-26953-29128-29759-30975-33851-36993-37785-41017-42957-45582-45999-46832-46981-49465-49753-50233-50739-52705-52738-53671-53787-54351-54489-55955-56003-58594-58723-59566-59697-60009-60243-60612-62376-62627-64689-65425-65514-65782-67529-70494-70706-70878-75754-77885-80205-81855-85017-85759-90217-92506-92577-95697-97677-98876-101579-104444-104585-105321-106587-108713-111231-113099-113261-114077-114519
2344,6727-17261-39241-44085-49609-54103-55841-80855-87453-92309
2345,6728-19606-27350-38178-38332-68078-74202-75570-81802-88658-92698-96738-98062-99040-103364-105426
2346,6730-14370-25492-37775-37799-39061-39228-47274-60704-67908-70840-71577-82311-95228-95272-95348-107624
2347,6732
2348,6734-13384-34733-95997-100727
2349,6738-6955-7494-13976-16514-17556-19092-23260-24468-24612-26201-27670-30442-34482-43219-43234-43300-45082-46223-47106-49117-49498-50500-50590-52256-52474-54606-58128-59004-59987-60026-61474-61615-61687-62529-63460-64197-64220-66110-66905-67076-68631-68898-69201-69287-69851-71536-71674-74210-74331-74386-74592-74744-79798-80358-80641-80822-81760-83270-84291-85020-85318-86650-86750-88375-89108-89200-89250-91515-92228-96372-97286-97319-97766-98992-99899-100070-104349-104637-107046-108934-109054-109776-110232-110868-111048-111836-114235-114416-114474-114774
2350,6743-8471-37499-88881-94793
2351,6745-8659-8747-17185-17349-23487-25015-25180-32142-33258-41645-49513-53580-54460-56659-57853-64846-66893-68582-69973-74246-75942-81094-82893-84635-85300-96443-101803-104580-107882-114027
2352,6749
2353,6751-9296-18584-29802-39382-58823-78955-81515-82662-84288-92804-92918-93453-108660-114175
2354,6763-34031
2355,6767-10337-30915
2356,6769
2357,6770-22389-24464-37566-41790-46858-49740-56674-71030-72343-73450-84265-85648-91786-96990-98499-98732-101127-107140-110742-111205-111228
2358,6776-96785-98068-99718-117707-117713-117715
2359,6781-41380-92225-108643
2360,6782-11784-13184-18966-21050-26497-49478-59629-65247-69664-81788-87867-91678-94447-101751-107495
2361,6794-23312-49106-54754-84724
2362,6802-18089-29271-32687-41313-67429-69413-76934-78474-82353-88543-91630-94825-106435
2363,6807-30355-34907-98399-103659
2364,6811-13093-15646-74900-95025-105243-108317
2365,6812-46038-53122-53573
2366,6815-9115-57829
2367,6817
2368,6819-12069-19730-37404-40469-41585-47235-48717-50357-53286-54071-55017-62645-64674-66600-67501-69545-70055-71088-71285-72187-72495-72739-73420-73851-77149-77161-85407-86885-88616-91225-91681-92521-92933-95192-95743-99668-100215-100695-101133-102365-103618-104667-104850-111666-112631-113760
2369,6824-37797-39286-49530-51694-63162-105612-108752-112608-114526
2370,6826-16654-21318-33279-37940-39660-42510-42770-42898-43666-44444-46930-50435-50539-54013-54024-54718-57237-58037-60435-62162-63646-64372-65440-66953-68273-68462-68996-69142-69570-70759-70905-71731-72018-73634-74650-75190-75362-75680-76244-79211-79256-79691-82264-82562-87397-88002-88411-90301-92124-94821-94856-97310-100108-100137-103266-104180-104985-110426-110884-112013
2371,6829-38801-104519-108825
2372,6835-39415-47721-54828-69371-96441-104497-106045
2373,6839
2374,6841
2375,6844-11656-30318-43175-87112
2376,6849-23438-25894-51418-55549
2377,6850-31921-43786-73606-74911-93693
2378,6853-17485-33654-42705-48291-59581-63282-82403-83637-88897-89670-93007-98711-103711
2379,6855
2380,6857-8249-9541-10781-60956
2381,6859-20063-30898-31279
2382,6863-17429-33395
2383,6867-14050-31068-41023-52933-53249-57787-69184-71894-75625-93388-99047-113616
2384,6873-25368-26039-32151-49958-57269-81127-81383-93374-93826-107142-113677
2385,6875-31159
2386,6877-20339-25799-88775-91343
2387,6881-36298-48125-97026-111962
2388,6882-8858-24156-31572-34186-37618-39414-54196-59244-59936-60116-60946-62772-63852-63976-64088-68036-70896-72938-75163-77801-79362-79881-86328-87024-88296-100806-101160-109446
2389,6887
2390,6888-32855-59332
2391,6893-9659-18467-20992-38029-43093-44078-48931-54609-70733-71023-94040-94049-99639-102608-105701-105970-107673-108063-109525
2392,6894
2393,6901-42243-50473-59806
2394,6903-27143-46707-92939-103235
2395,6913-21659-87315
2396,6914-12896-68468-110003
2397,6917-7141
2398,6919
2399,6921
2400,6922-9164-26787-57761-58814-66805-70614-84273-91942-93212-95589-106317
2401,6924-37608-42336-43114-43180-44688-48686-52314-52420-54389-54880-55116-55605-58832-59002-59831-60072-60878-61166-63576-68299-70694-71286-72320-72658-73540-75578-77246-84054-84194-84202-85634-87344-88656-89036-89327-89328-90180-91920-93790-94170-99108-100128-100570-106366-107246-107848-108944-109240-111113-113310-113344-113946-114118-114528-114626
2402,6927-27408-74524
2403,6928-9370-9858-17712-23500-29462-33288-50766-68738-79270-86840-113036
2404,6931-21611-24561-34701-42395-53813-55209-57809-63239-65937-83169-86431-101673
2405,6933-74059-83431-86853-87935-90771-109149
2406,6937-27950-38649-39121-46151-46864-53912-54298-56581-63453-64177-65419-66075-79419-79793-81322-81758-83393-86353-97015-98005-109489
2407,6940-30973-44690-53486-107032
2408,6951-7460-10382-11550-29400-45701-56738-68307-74992-79880-95218-102124
2409,6952-30862-34945-41888-42218-48654-59148-62880-62948-67061-72722-92696-96000-106308-108531-110937-112229
2410,6959-103297
2411,6962-11017-14203-15816-29782-33044-34893-84056-113372
2412,6965
2413,6977
2414,6979-10805-26059-54355-89107-92507-95959-103569-112987
2415,6981
2416,6987-17883-32003-40967-46263-46443-48173-107171-108321
2417,6988-17088-22588-23920-38730-39134-40314-46998-50503-50801-58548-65802-66288-67852-68279-76054-78508-78574-84306-85870-85995-92204-92480-92880-96918-99514-109452-113752
2418,6991
2419,6994
2420,7002-17518-40342-40740-41689-41693-42649-47006-52703-53718-56398-59513-59647-60996-61009-75461-76058-78653-78912-79970-82587-85253-91322-92425-93684-103458-103730-104406-104705-107105-109861-111269-111976
2421,7006-27964-45313-46607-50316-51683-52309-67679-71292-72877-85742-96138-98852-101627-105300-112873
2422,7008-23225-63827-71498-93622
2423,7013-21249-52475-69639-77065-78213-82103-92767-93889-95163
2424,7015
2425,7016-15303-22864-23570-30324-30743-45112-46868-52451-52814-55018-63581-67125-68653-75181-78114-81634-85378-85449-93287-93926-108252
2426,7019-9276-27044-28664-28741-39553-50053-51468-73469-75855-78199-87341-99450-100837-106554-107365-107551-107797-108721
2427,7020-18162-39664-46590-49362-65462-94893-101118-110272
2428,7022
2429,7027-8615-14039-38363-46377-66667-79029-95715-99479-99783-101731-112793
2430,7028-16006-17542-32244-32269-36330-37847-37922-37971-38677-39609-47261-47530-47546-47914-48365-50836-51553-59995-62074-69405-69820-70730-78392-84134-85320-86451-87371-90769-99591-100663-104728-109556-112995
2431,7032
2432,7035
2433,7041
2434,7047-7614-11876-24930-36313-36586-37233
2435,7050-8275-31717-37343-50465-99291-102209-102222-113891
2436,7057-16804-38130-39689-39859-39971-44353-46301-50277-54154-54425-55908-57957-67235-69353-77438-78706-80815-86989-92703-94087-94344-96916-100145-102669-104418-105854-106439-107655-112601
2437,7058-16136-22128-33022-33372-34236-39371-40725-50544-50671-52998-58124-59031-59903-60003-62588-80334-80457-82193-83823-89984-94570-107925-113515
2438,7064-15358-23228-27168-29450-34542-43146-44802-47077-48300-51382-53594-56839-65415-69187-70456-71618-76304-83502-85310-90688-94028-95176-97036-99929-100036-102741-105005-110182-111324
2439,7067-13174-16035-30524-48431-61052-71477-84173-85491-86553-89355-93434-102474-105601-109913
2440,7069
2441,7071
2442,7083-13523-43444
2443,7087-9852-24823
2444,7089-65843-80293-83320-83847-95979-113265-114145
2445,7093-16617
2446,7098-29838-33200-34102-37862-38224-38426-39306-39887-40003-40290-40378-40612-41866-44030-44408-45558-46046-47576-50154-51580-53408-56164-58761-62110-62326-63428-63874-63979-65316-65592-66904-66910-67736-68604-68782-69688-73196-75348-76444-76930-79084-80558-81012-81034-82370-82783-84296-84722-88012-88540-91130-91955-92448-98918-99734-100084-101832-102288-102476-104726-108734-111104-111202-113040
2447,7101
2448,7104-41986-50291-60275-75463-82544-86903-92166-99851-108855-109012
2449,7108-16060-28382-57426-62550
2450,7112-15350-16636-29304-30159-34360-38977-52070-69648-100156-100966-111965-113035
2451,7114
2452,7116-7496
2453,7122
2454,7124-11307-20911-35567-35899-53835-54175
2455,7129
2456,7131-42715-62462-94999
2457,7146-33393
2458,7152-71053-81658-105912-106974
2459,7161
2460,7167-76572-111134
2461,7170-40021-74435-106512
2462,7173-34873
2463,7180-30242-44212-81494-92174-96746
2464,7183-22637-25675-56555
2465,7187-29793
2466,7189
2467,7190-17844-38668-43573-43668-45032-48515-50206-56296-96092-97854-98467-99354-109464
2468,7192-7472-18697-27078-36055-39573-40754-41008-41014-42418-42588-43037-43683-44016-44936-45212-47408-47450-50809-50977-51170-51350-52237-53096-53598-53946-54153-55755-55839-56157-56193-57534-59726-61067-61170-61465-62104-62784-63487-65135-66302-66935-67590-67961-69370-70897-71099-72885-75038-75206-75395-76757-77226-77657-77932-78195-78637-79387-79447-82631-82753-82977-84187-84413-85108-85384-86813-87968-88468-90737-91793-92800-93757-94364-95155-95680-96295-98285-98454-99169-99532-100080-100355-100705-102542-102694-104545-104707-104880-105632-105968-106451-106497-106710-110856-111353-111490-111914-111990-112841-113043-113794-114458
2469,7194-45185-84716-108525-110533
2470,7196-11228-44704-67378-84490
2471,7204-53363-58357-70751-79551-108222
2472,7211-36372-50381-65473-70978-75842-78553-81700-92958-108571-113745-114560
2473,7221-11048-37907-42286-66902-81030-89874
2474,7224-8328-11240-45574-50943-57272-57855-61490-67328-68673-69988-72564-74602-76274-77158-86844-86918-90680-93408-98292-101828-110154
2475,7226-8914-105139
2476,7234
2477,7237-43407-47511
2478,7239-68418-110041-114898
2479,7258-30626-37696-97518
2480,7264-16295-21731-28992
2481,7266-10575-24765-26043-48885-55251-58519-74466-109625
2482,7269-40969-81549
2483,7271-33310-47806-57558-89964
2484,7272-84575
2485,7276-9604-11036-17974-20270-29864-39696-40909-44304-46112-47222-48246-51368-51844-53060-53998-55938-61890-63002-71652-74340-78040-78128-78371-83754-87776-89170-89254-91358-91375-95316-98170-98180-98226-100238-100378-105472-106296-108274-111096-111264-111714-113665
2486,7278-15678-41993-42889-57598-87392-107078
2487,7280-25778-25804-34242-55389-63451-68615-99616
2488,7283-10817-32779
2489,7286-16292-26862-40676-45509-47270-51768-53738-55290-57678-59590-61784-66636-83661-87355-89502-90842-93004-99815-100450-102417-105872-107975-109668
2490,7289-34625-55769-61833-105821-108025
2491,7290-9514
2492,7293-59627-91081
2493,7295-14272-36185-108450
2494,7299-11335-61229
2495,7305-36635-57139-77492
2496,7317-15957-57096
2497,7318-39930-42999-50674-61624-63900-75218-80802-86384-89056-89344-101478-107502
2498,7320-7620-8040-17400-44474-101214
2499,7324-10296-12481-24154-42599-58086-62129-66786-69670-88758
2500,7326-11824-12823-16081-18177-29429-51164-56935-75662-93667-95685-101616
2501,7334-93229-94279-97377
2502,7337-18855
2503,7341
2504,7348-15866-25919-31804-63004-78821-89084-93676
2505,7355-9126-29999-32205-39669-45846-59514-61137-62019-63375-67405-74479-83891-85172-88513-88595-89869-89971-91282-91922-96143-98054-101463-103829
2506,7356-9157-27761-34670-61417-61518-68587-75779-76770-77988-81806-83083-84451-95994-103295-104969-105995-106182-114584
2507,7359-9117-9188-54670-70440-85685-108273-110781
2508,7362-44922-56504-59844-69660
2509,7377-24249-24499-37065-38790-44089-49239-53790-81227-84043-95047-96665-105553
2510,7379-37026
2511,7380-35308-81548
2512,7384-26571-28812
2513,7386-37228-65502
2514,7388-93774
2515,7393-16129-26711-30266-32619-39631-41687-42647-47896-48009-57173-62655-65906-66177-68871-79281-79767-83563-84233-93271-104547-112217
2516,7395-36858-69341
2517,7398-34871-78906
2518,7401-12793-23793-24404-26147-33443-36935-39653-40287-41071-41101-47022-51021-54877-55791-56875-60423-62411-63229-66449-67220-75315-77943-85992-97795-103733-112615-113810-114177
2519,7404-9812-13664-21759-22998-28711-36702-38550-81908
2520,7407
2521,7412-24512-30996-31396-45417-86329-89607-97121
2522,7414-28672-49640-70519-97527-97980
2523,7418-7887-8182-10753-14447-17703-19719-21923-30609-30625-37671-40348-44180-44846-47149-47419-47514-50059-50706-53416-56024-56638-56707-56970-58585-63771-66327-66642-69685-71131-73323-75889-77933-77941-79011-79796-81739-83313-83420-84045-84580-85254-86090-88262-89231-90903-92815-93227-93356-95249-95276-96179-100361-100768-101001-101213-103047-103251-108047-110123-110599-111411-112255
2524,7423
2525,7427-11507-18583-19331-21917-25939-41731-60845-68545-93135-95091-98019-102151-106759
2526,7433
2527,7434-41428-43266-43526-47628-48416-50275-51288-52192-52494-54340-56714-61526-62092-66808-68440-69864-69994-70434-71516-72762-72972-75892-76252-76700-77614-77928-78990-79164-79468-80248-81952-83250-86448-88278-89197-91140-93815-93908-94766-95424-95584-97672-97740-99094-104380-105468-109340-110050-110254-110470-110854-112388-112906-113958-114144
2528,7436
2529,7441
2530,7442-59578-61390-87544
2531,7445-44413
2532,7447
2533,7451
2534,7452-90952
2535,7455-19490-39672-49081-62999-97278-99999-106872
2536,7456
2537,7459-102119
2538,7462-9549-10886-16800-19141-19759-22848-24586-25502-35779-37494-37932-41761-42805-44208-44895-45304-46244-46785-47582-51453-52480-53492-55019-56418-56542-56572-58112-60041-63097-64668-65687-67743-68894-69740-69910-70341-71335-72610-76344-76484-78448-78617-79347-80120-80748-81078-81089-81944-82029-83464-84529-85350-86237-88639-91267-93719-93806-94212-97288-98786-98789-101740-102525-102557-102791-103497-103729-104619-106861-107007-110586-113553-114258-114494-114738-114860
2539,7464-8186-9587-20106-28968-100114-108628
2540,7471
2541,7474-15742-41714-66038-76628-79330-85706-111518
2542,7477-60401-64307-66374-76217-100255-100785-113816
2543,7483-32864-38644-92456
2544,7485-42991-48425-56906-69803-70954-70989-73260-75772-85950-95836-101533-103162-109623
2545,7488
2546,7492-112252
2547,7499-10526-53774-71594
2548,7503
2549,7507-19049-28937-29881-59771-74087-75313-94306-100765-112056
2550,7510-27070
2551,7512-16614-67470-68784-107258
2552,7517-53296-74787-75527-79209-90199-109171
2553,7523-39152-43645-56463-112655
2554,7525-10292-13880-14979-20004-38245-44364-46182-46650-47738-50112-51963-54046-59010-59822-63256-65700-65862-66454-72199-77526-78415-79941-83769-84886-85004-85189-85597-86216-87666-88452-88786-93678-94100-95207-95585-97434-98750-101602-103670-104049-105591-106288-106842-106878-111105-112256
2555,7529-108995
2556,7531
2557,7536-11137-11438-16052-17057-32777-47603-51789-78795-83391-90391
2558,7542-43352
2559,7550-42400-57390-60817-72446-78132-87226-98796-109978-113606
2560,7557-29061-34168-75460
2561,7561-24647-32899
2562,7573-8617-11539-14657-16287-18107-19747-20897-21065-21081-21897-22377-24671-25573-26329-29347-33349-37399-37957-38299-38497-38535-38567-40383-41287-41327-41509-41927-44749-44977-45803-45959-47053-47193-47473-47823-47929-48209-48739-51203-51227-51251-51465-51775-51861-51879-52441-52854-53033-54807-55509-55577-57085-58685-58807-58965-59455-59507-60479-61069-61879-62379-62787-63109-63749-63927-63997-64518-65162-65423-65837-66643-67118-67539-67705-68271-68533-69389-69689-69825-70015-70433-70579-70933-71949-72269-72603-72823-72895-72947-73259-73783-74219-74267-74634-74831-75039-75135-76257-76273-77601-78725-79063-79357-79923-79985-80411-82419-82429-82569-83161-83594-84364-85095-85257-86285-86423-87311-87347-87797-87961-88239-90315-91305-91693-91873-92029-92471-92623-92721-93199-93387-94585-95299-97081-97331-97907-98367-98457-99683-99859-100165-100397-102121-102123-102711-103501-105471-105519-105699-105831-105907-107367-107683-107733-108536-108573-108971-109831-110053-110383-111011-111207-111317-111979-112335-112433-112453-112473-112489-114153-114197
2563,7574-14314-29332-31146-31976-39352-44640-58694-63884-88572-110916
2564,7580
2565,7587
2566,7588-18181-97646
2567,7593-45409
2568,7595-21210
2569,7597
2570,7600-8828-8874-8910-15058-21298-22104-22506-37502-37538-37577-38104-38110-38119-38244-39034-39332-39388-39532-39740-39792-39868-39879-40538-40734-40866-41260-41450-41494-41728-41849-41958-42104-42320-42377-42638-42883-43158-43397-43448-43502-43692-44314-44582-45118-45231-45240-45258-45344-45620-45929-46032-46090-46408-46729-46766-46784-46886-47082-47706-47729-47940-47996-48220-48732-48760-48876-49080-49234-49342-49612-49670-50026-50260-50575-50592-50962-51009-51182-51532-52448-53406-53606-53700-53849-53884-54116-54148-54152-54199-54751-55094-55263-55464-55593-56000-56238-56372-57254-57312-57324-57448-57560-58280-58476-58506-58579-58640-58892-58944-59446-59762-59820-59908-60272-60616-60684-60707-61045-61179-61266-61740-62485-63248-63426-63598-63612-64450-64726-64772-65122-65182-65292-65380-65816-66274-67490-67582-67923-69009-69082-69440-69743-69824-69982-70170-70296-70306-70520-70894-70936-71032-71195-71510-71528-71695-71782-72028-72324-72364-72890-73055-73064-73684-73800-73836-73960-74262-74442-74925-75676-75856-75871-75909-76176-76718-76848-77224-77502-77981-78124-78316-78554-78790-78846-79146-79800-79836-79966-80173-80325-81426-81764-82696-82786-82864-83044-83318-83896-83924-84026-84338-84450-84556-84898-84974-85312-85316-85342-85778-85796-85810-85942-86323-86867-87137-87182-87196-87317-87994-88092-88168-88210-88218-88340-88446-89078-89229-89356-89367-89498-89828-89872-89920-89966-90034-90546-90785-90827-90870-90896-90904-91178-91898-92220-92246-92295-92331-92580-92584-93116-93490-93524-93550-93810-94046-94078-94178-94236-94332-94445-94490-94494-95184-95197-95464-95544-96146-96506-96754-96876-96942-97745-97754-97816-98088-98116-98294-98832-99124-99152-99348-99351-99490-99516-99569-99758-100158-100442-100579-101116-101180-101729-101802-101958-102048-102150-102270-102448-102803-102846-102928-103514-104238-104516-105120-105672-105992-106286-106528-106530-107130-107242-107253-107332-107868-108264-108466-108469-108580-108596-108720-109592-109848-110502-110629-111002-111226-111382-111674-111814-111964-112110-112786-112844-113074-113370-113466-113670-113970-114234-114238-114282-114616-114630
2571,7602
2572,7609-109687
2573,7610
2574,7612-8092-33584-36352-70096-101424-112508
2575,7617-33508-112698
2576,7622-39544-40124-51810-53502-62908-65662-66515-72221-80118-91791-95013-98034-99685-110373
2577,7625
2578,7627
2579,7629-68426
2580,7630-8804-24856-27546
2581,7635-12611-22885-29889-35741-42645-54079-54349-60124-64747-66205-69207-77092-90563-95213-98375-98382-100435-103054-103987-109051-111901-114576
2582,7637
2583,7639-39277-77225-84595-108007
2584,7640
2585,7642-37402-38103-38996-39606-41812-41886-42109-42381-43099-44560-46290-46588-48075-48770-49103-50111-51461-51489-52577-54362-54508-54756-56811-57509-57884-58158-58592-59841-61246-63496-64306-65341-65961-66392-66565-66733-66745-67427-67717-68026-68286-68321-68513-69136-69903-71505-72467-72874-73241-74623-74728-75289-75483-76722-77176-77330-77563-79007-81317-81477-81681-81922-82259-84894-84916-85086-85632-86382-88493-88937-89171-89842-90088-91337-91503-91797-92187-92641-94216-94616-94779-95855-95983-96832-97689-98407-98430-98771-99037-99937-100510-101800-102685-102709-103581-104377-104698-106481-106797-107167-107191-107747-107804-107887-109303-111213-113913
2586,7646-14374-24058-39743-40484-49511-53792-56261-59051-76414-84591-86856-89444-99198-103502-107190-107720
2587,7650-8389-9121-10379-11055-12641-14119-14693-17320-20447-21627-26935-27327-32730-38297-39027-39197-39480-39675-40557-41027-41041-41165-41247-41805-42135-43117-43609-44537-44853-44931-45733-46546-46651-46719-47391-47792-47875-48145-48423-48428-48574-49162-49344-49652-50173-50633-51268-52113-52275-52443-52605-52662-53072-53169-53177-53783-53899-54563-54822-55056-55553-55603-56521-57347-57605-57949-58189-59803-59893-60006-60315-60431-61209-62237-62533-63105-63157-63651-63913-64317-64771-64851-65517-65873-66002-66122-66183-66975-67293-67876-68178-68599-69419-70880-71575-71687-72191-72272-72638-72729-73478-73557-74421-74715-74855-75281-75435-76059-76551-76643-76725-76903-77335-77499-77507-77812-78435-79629-79885-80563-80685-81047-82263-82459-82612-83277-84113-84197-84305-84322-84821-84885-84895-85008-85243-85783-86111-86235-86263-86582-87367-88221-88359-88485-88707-88789-89525-89665-89735-89752-90677-92950-93734-93949-94097-94191-95160-95275-95484-95571-95813-96111-96499-97131-97553-97579-97788-98023-98167-98234-98257-99304-99372-99388-99476-99527-100061-100095-100283-100683-101143-101681-101881-101886-102471-103197-103712-104311-104417-104523-104997-105259-105277-105502-105511-106999-107131-108179-108449-108473-108811-108993-109002-109236-109833-110399-110613-111063-111249-111323-111585-112347-112717-112751-112888-112921-113067-113334-114047-114422-114855
2588,7652-34370-34530-98420-101706
2589,7658-17006-25676-34288-77120-109504
2590,7661
2591,7664-9394-11248-11886-20222-46699-50867-51377-54488
2592,7666-47070-53322-68016-69914-75200-94000-102952
2593,7673
2594,7679
2595,7681-62305-74187-83745-91687
2596,7687-45153-87059-88305-100561-111327
2597,7694-11769
2598,7697
2599,7702-12744-28068-36484-37552-37636-39014-40324-41070-42982-43100-44008-44402-45342-48780-50946-51632-58264-58416-59162-66962-68618-76130-79716-80166-83570-89066-92256-92994-94498-96090-98564-102062-105730-107834-108280-109794-110906-113319-114760
2600,7705-26423-34127-96457
2601,7706-10362-57654-111790
2602,7709-8945-10709-17157-20789-23783-26427-28591-33773-41929-45093-45677-46463-47427-50189-50773-52687-54503-54741-55079-55659-56167-56201-56879-58861-59387-59779-60155-60185-61665-61935-62761-65061-65083-65219-66959-67483-67759-68509-68855-69489-72707-78385-79005-79329-79385-80627-81759-81929-82477-82855-84425-85039-85525-86179-86517-88409-95421-96255-97007-97417-101625-103269-104451-106185-108593-109157-109415-111377-112108-114347
2603,7711
2604,7714-69805-72480-82673-83815-84994
2605,7716-9412-10116-20344-31096-32986-37080-38464-45546-52222-60110-86702-87778-88781-95340-96436-98828-101088-103748
2606,7719
2607,7723-8523-10849-14167-30536-33205-33321-33351-37887-56681-64273-68886-72463-74498-82027-86061-86998-87575-90868-91004-94909-95415-99799-100301-107106-107787-107824
2608,7727-14954-39507-48420-53909-58621-81590-103154
2609,7732-8102-23484-25968-113357
2610,7737
2611,7739
2612,7740-17566-53759-84525-85034-103888
2613,7743-107927
2614,7751-54044
2615,7752-36640-39010-41296-48398-52495-60934-64126-66776-70172-73010-74666-75318-75356-76316-77411-78754-79838-83168-84348-86986-95922-96108-97728-100416-102046-102292-103640-103866-106292-109917
2616,7757
2617,7758
2618,7760-17036-25344-33292-35804-37354-37486-37800-38140-38188-38884-42987-43406-43446-44674-44896-46305-47074-47512-47798-49995-50022-51854-51993-54110-55809-57462-58222-58395-58756-59129-59142-59725-60402-62060-62928-63394-66200-67804-70628-71444-71610-71752-72352-73099-74762-75065-76074-76411-76596-77050-78010-81926-82248-83856-84196-85408-85826-86170-86364-87858-89912-90853-91227-91566-92064-92621-93804-94250-94651-94974-95988-97060-98154-100277-100569-101401-102194-103084-108154-109692-112080-112411-113731
2619,7762-26724-38128-61460-88122
2620,7765
2621,7766
2622,7771-96106-102251
2623,7775-10809-29487-34333-63447-63990-108209
2624,7778-28075-39836-41280-48046-50204-53772-64263-67904-71034-77344-84114-88796-89301-90253-95711-104884-105558-109272-110843
2625,7782-35286-42147-46513-87185-107526-110526-111351-111929
2626,7785
2627,7795-38517-40703-47007-50803-58537-62554-67144-77744-80835-81101-88887-107453-112221
2628,7797-12683-36581
2629,7799-8888-14170-20548-22794-34932-38231-39793-39932-40280-43482-47712-48454-49341-49986-52074-53637-55995-57530-60794-63216-67745-75225-76266-78938-80058-82163-84930-88143-88847-91216-94911-95783-100922-101275-101987-106190-106856-109440-110745-111832-113082-113805
2630,7803-44367-85461-89123-96841-114497
2631,7805-14775-31691
2632,7807-12362-14507-32846-38728-39504-40121-40839-43341-44029-44544-44576-44787-45121-45203-45813-46427-46438-46927-47283-48004-48105-48441-48473-48909-49766-49989-51659-51762-53028-53161-53913-54191-54242-55610-57601-58637-58673-59303-60733-61757-62144-65195-66379-66780-68889-69299-69811-70087-70711-73407-74324-74743-74965-75792-76269-76707-76777-77653-78155-78626-78963-80256-80591-83531-83580-84150-85043-85278-85907-85959-86395-86738-89329-89678-92021-92164-95233-96684-97616-97737-98303-99352-99583-100483-101955-103319-104163-104229-105003-105721-105751-106159-108380-108426-109131-109583-111332-112179-112582-112933-113177-113399
2633,7810
2634,7814-35824
2635,7816
2636,7818-36628-45593-52116-74588-81696-92238
2637,7822
2638,7828-23704-38066-81334-94934-106457
2639,7830-14556-15248-64288
2640,7834
2641,7836
2642,7839-41374-55947-83252
2643,7840-11521-55433-97812
2644,7843-11061
2645,7845
2646,7848
2647,7855-52133-68796-72577-103737
2648,7856-8714
2649,7859-25857-37519-38995-41221-75537-89429-93809-100473-101087-107941
2650,7860-17691-20045-26311-26804-34784-37375-37560-37627-37918-38893-39433-40067-40083-40440-41503-41513-41597-41795-42091-42273-42397-42530-42661-42709-43349-43555-43780-44273-44327-44705-44932-45192-45512-45793-45843-45870-46466-47251-47488-47732-48415-48657-49404-49547-50120-51764-51994-52065-52430-52483-52526-52981-53099-53419-53616-53727-53876-54324-55114-56085-57733-58220-58391-58446-58700-59525-59699-60468-60718-61145-61677-61955-62347-62774-63566-63589-63692-63938-64173-64669-65103-66145-66587-66624-67071-67082-67888-68034-68520-68747-69045-69120-69346-69538-70191-70604-71185-71249-71662-71746-72133-73519-73551-73787-73889-74681-75016-75113-75173-75679-75962-75969-76288-76331-76419-76616-76758-76902-77130-77166-77298-77515-77522-77740-78241-78292-78368-78381-78630-78865-79032-79129-79251-79382-79531-79547-79773-79913-80215-80269-80602-80823-80919-81480-81984-83227-84022-84810-85130-85472-85663-86094-86589-86774-86787-86845-86996-87320-87536-88049-88115-88440-88459-88620-88769-88921-89106-89893-90226-90777-91916-92017-92858-93315-93389-93420-93442-93581-93921-94061-94198-94563-95801-95949-96154-96647-96831-97103-97129-97170-97391-97491-97698-97866-98082-98586-98801-98916-99597-100198-101409-102933-103204-103530-103716-103955-104360-105030-105254-105549-105878-105885-106007-106054-106102-106244-106270-106911-107795-108004-108415-108515-109471-109528-110870-111187-111894-111900-113012-113773-114188-114336-114638-114754
2651,7865-8810-10163-19641-28227-32875-34649-37883-41293-41974-48768-51289-52421-52569-61334-63523-69137-77699-82853-83591-89000-90691-91405-92737-93095-103533-108867-109305-110295-114365
2652,7869
2653,7883-20873-22221-29859-33587-34227-42361-48155-48835-63823-72405-72727-72749-75647-75943-76173-79461-95413-98911-100337-102423-105563-109801
2654,7884-23070-59576-77157-81353-81514
2655,7889-23132-24686-30093-37331-44967-73445-79181-81901-83133-89671-101165-107591-107981
2656,7892-8010-27792-31672-99568
2657,7895-31519-43165-57385-74134-99803
2658,7902-9696-79590-88070-91896
2659,7905
2660,7907-10281-13148-70119-70124-81974-87002-96883-98768-103656-106043-108033
2661,7915-39044-45017-45951-46379-46521-50540-54007-60379-64475-65041-65445-65717-67223-69491-75109-81751-83174-89155-93085-97275-98779-109743-112249-114017-114873
2662,7922-10150-24894-45452-48240-49212-51048-54760-57386-67991-68964-69267-69328-74580-75004-86078-87212-87381-91046-95094-104084-107670-109523
2663,7924-56850
2664,7927
2665,7934-43416
2666,7940-22354-33140-44476-50556-75824-80326-80462-94284-109712
2667,7948-11022-26802-26986-38302-38614-39011-39790-42412-43532-44232-47904-52252-54536-57276-58768-59022-62440-63636-67348-68516-73778-76171-80072-80276-83476-86570-87042-87644-89492-92008-93896-94938-95512-98104-100102-100610-101258-101496-101769-103184-103256-104558-105488-107414-108255-109542-114228
2668,7951-64767-68291-85289
2669,7953-11457-20427-23349-26855-84295-112637
2670,7958-9012-10114-23883-44202-51514-56849-58180-66100-73635-75548-76007-80175-85828-98198-100911-110322-114039
2671,7961-17679-20611-27415-51705-69307-69537-74005-90753-109319
2672,7962-10463-25792-28642-47956-89260-90209-93183-95679-105736
2673,7966-9902-22556-30630
2674,7968
2675,7975-28841-32806-78215
2676,7977-104963
2677,7979-40705-49233-59899-69483-71655-72844-73856-83898-84814-95185-107875-112269
2678,7980-13571-22523-28363-89047
2679,7988-11467-16326-36494-50009-73108-91545
2680,7992-65548
2681,7994-39413-54262-86050
2682,7996
2683,7998
2684,8001-18536-18827-32862-48236-48704-54293-56447-57934-58682-60622-63456-87180-91348-93290-98738-98959-112064
2685,8003-14283
2686,8007-50849-78899-101483-110519
2687,8012-46461-46918-54691
2688,8021-8467-76975-83069
2689,8023-102453
2690,8026-19374-34248-36780-72997-102616
2691,8029-14912-19990-21218-31050
2692,8033-24352-25190-31772-39948-41830-43145-53880-54626-60826-61716-64756-66000-66090-74734-80398-80546-82134-84400-89536-89882-91912-93566-94222-102072-106546-106860-107182-110766
2693,8035
2694,8038-23050-33058-40812-55482-64987-75088-79637-81395-83741-84131-86523-91296-92857-95616-107573-109503-113505-114353
2695,8054-18440-22937-39404-69785-72070-114736
2696,8057-14851-18047-19481-26031-31881-32833-33780-39565-75385-75455-82168-86200-86622-92127-102247
2697,8063-36677-57073-59547-64009-82875-98395-113289
2698,8067-10746-56432-72538-73076-91964-94064-101085-107779-110749
2699,8071
2700,8074-14334-14394-43412-44464-49772-54104-70175-80912-91818-114516
2701,8081-11631-33211-37511-53350-57683-61969-75227-79661-80299-84323-93895-96635-97781-107653-113630
2702,8084-9212-25702-44868-57796-58258-61160-66724-81444-89312-90146-101580
2703,8088-88058-91946
2704,8090-41773-86447-92227
2705,8107
2706,8110
2707,8115-68560
2708,8116
2709,8118-17021-26380-74752-82735
2710,8121-8739-45303
2711,8124-12868-20411-24770-35958-36852-38964-39281-40371-41814-43782-49606-53768-54471-55380-56045-56633-58300-61548-62618-63062-64630-65277-73165-73399-75130-77568-78430-80124-83136-83939-85148-87794-88453-89592-92932-93056-93683-95474-97488-98030-101334-102667-103488-105218-106318-106450-108056
2712,8126-11842-29510-41145-44994-45469-46654-63158-68031-68234-79722-84912-99822-108178-108350-112076
2713,8130-38684-54936-93326
2714,8136-56423-67002
2715,8140-45050-57994-73326
2716,8146-10046-14908-17536-19064-35186-35256-49490-68678-87316-105986
2717,8150
2718,8153
2719,8156-26402
2720,8158-20816-22658-23002-24874-33062-37992-40420-40578-45566-64740-68300-68746-79484-93318-98148
2721,8165-25207-68880
2722,8171
2723,8181-16995-22369-29037-29933-40925-46969-51995-53055-57433-58247-58793-60161-65095-68627-74213-74665-82568-84423-87191-87845-87849-88533-89531-90621-91009-94245-95291-95829-96259-97947-99125-99335-108429-113455
2724,8184-15012-18332-20791-23912-43562-54740-81014-113672-114034-114769
2725,8189-20409-22111
2726,8191-14389-23419
2727,8192-11926-36400-42038-61188-82312-99614-108700
2728,8194
2729,8197-30249-32623-59037-67558-76807-100919
2730,8207-28829-43640-51409-68352-70888-71561-72128-72244-72491-74415-77073-81838-90011-93395-94217-96531-99119-100063-106753
2731,8209-48775
2732,8215
2733,8221-24440-35338-89551-91591
2734,8222-14630
2735,8225-10477-22665-24193-41193-44141-50459-57023-61903-64853-67857-78019-84083-89015-97875-98475-111359
2736,8228-29248-43567-57124
2737,8233-18535
2738,8234
2739,8239-10456-22633-28619-42465-42949-45583-46003-53745-57361-60373-80279-86095-87419-96773-100653-103205-104361-104465-105656
2740,8243
2741,8244-11830-35910-46549-46975-47562-58136-77028-77168-79620-79824-84479-91706-93244-101512-108021
2742,8247
2743,8256-15688-19728-23120-35743-37316-40534-40914-42050-42886-44084-44962-47471-49078-49442-51056-52640-53441-53938-54102-54728-55140-57226-57574-58192-58194-58314-58890-59972-60562-61030-62044-62805-65758-66890-67032-67132-67260-68008-68656-69118-69974-72090-72198-72430-73048-73574-73588-73658-73880-76784-78101-79390-80322-81148-82906-84386-84403-87678-88530-89770-90742-91454-92472-92500-93964-94192-96618-96739-97360-99408-103014-103360-106122-106414-106630-107014-108180-108424-111130-112118-112929-113950
2744,8258-10175-23270-41776-56014
2745,8263
2746,8269-27235-34054-39130-39741-45158-47522-57840-58551-61337-62180-64517-65776-71948-83099-87462-92270-92742-95408-98416-100446-103405
2747,8270-10368-11293-25129-26336-44698-49351-51877-63266-76744-81021-83801-101002-113890-114791
2748,8272-38946-40522-109936-110024
2749,8276-21760-22038-38254-39020-40468-41822-44252-45270-46596-47236-48742-50180-52038-53314-54330-57596-58412-60710-63138-64836-65484-69170-69552-70356-73736-74288-74642-75304-75598-81420-85864-86344-86514-88490-88938-91434-93882-96100-96974-98042-100730-100920-101910-106386-106712-107244-111392-111456-112992
2750,8279-17645
2751,8283
2752,8285-13111-16727-17097-21043-23189-34077-36409-42057-47293-47513-51432-58121-62397-73199-73597-77363-91365-103151
2753,8294-11330-27706-56026-57068
2754,8296-56912
2755,8299
2756,8304
2757,8313
2758,8315
2759,8327
2760,8330-12839-16148-36404-41533-47201-61654-73487-89857-106933-106997-110835-112406
2761,8335-93544
2762,8336-9069-15777-31420-43599-60856-87769
2763,8340
2764,8342-35692-40345-49948-66188-70536-82915-108505
2765,8355-19837-34421-43134-46129-51114-55021-58324-65893-67486-71001-71269-74747-78345-89913-91717-99298-103290-109643-112576
2766,8356-12100-20350-21203-24252-24714-28962-36782-37476-38434-41534-41895-44426-50914-51264-51310-58606-63356-64464-68120-69834-70658-72106-72110-74492-83212-97582-100140-100640-107748-108516-111784
2767,8359-49538-54658-61764-63510-87108
2768,8373
2769,8375-39923-40885-41747-46759-47499-48073-52473-52651-61973-64347-66323-79453-79545-80977-84097-87565-90917-92327-96889-99897-101469-104719-109009
2770,8377-67109-68129-94047
2771,8382
2772,8387-51739-86911-93373-96119-110765-112925
2773,8390-47442-51504-52064-71234-82877-86138-104446-107024
2774,8395-57655
2775,8397
2776,8401-62828
2777,8404
2778,8406-13980-32562
2779,8411-70941-85609-85697-112759
2780,8415-24604-30961-31891-33413-43454-49445-66371-66749-71146-73637-90239-94959-97801-100352-102780-112158-112658
2781,8417-24503
2782,8420
2783,8423
2784,8429-74232
2785,8430-38056-42872-46396-52598-56042-56842-59640-64076-64666-67920-70566-71420-72902-77416-77694-78965-82890-90130-92597-94680-94809-96134-100368-100500-104094
2786,8436-34457-90888
2787,8441
2788,8445-57984-78389-93614-99824-100982-104757
2789,8449
2790,8451-35310-104972
2791,8453
2792,8457-24953-47379-55265-66481-82461-111127
2793,8461-40218-91476-101596
2794,8463
2795,8464-59849
2796,8473-10722
2797,8474
2798,8476-14522-16664-21244-22348-32454-41395-53603-57353-58170-63153-69793-71835-87326-101798
2799,8480
2800,8483-14713-31641-32679-41937-46861-49462-60422-71779-86272-106552-109665
2801,8484-19166-21282-50015-53856-57862-84383-102588
2802,8486-13306-30459-96503
2803,8489-11441-12815-14377-24650-39043-66579-82153-88722-106105
2804,8493-9841-10007-10565-11130-18386-20206-22279-23321-23659-25515-26259-29225-29265-31434-32075-33009-33341-34377-34576-37485-38534-38557-39529-40107-40727-41133-41567-42227-42447-42729-44092-45658-45835-47263-48239-48325-48839-49099-49329-49765-49849-49914-50005-51485-52767-52834-52905-53309-54993-55443-55719-57209-57451-58599-58955-58991-59363-60038-60881-61689-62293-62807-62833-62883-62964-63043-64379-64551-65093-65617-65939-66409-66517-67273-70199-70612-70891-71219-71299-71307-71615-72299-73433-74899-75495-75987-78765-79413-80083-80136-80149-80285-81891-82197-82439-82944-83269-84509-85064-85153-86211-87789-88309-88437-88745-89605-89732-91391-92931-94082-94107-94441-95713-95771-97349-97381-98383-98439-98765-99497-99571-99593-100268-102097-102507-102985-103378-103697-103949-104131-104277-105465-105567-105585-107523-108617-109210-109426-109499-112041-113335-113545-113771-113915
2805,8495-18550-22167-49817-61790-99068
2806,8497
2807,8501-41375-83253
2808,8502-11433-21986-41009-44150-55855-58399-60534-68915-70855-78092-81941-85562-92531-102367
2809,8507-30991
2810,8508-62900-114294
2811,8518-33275-69435-82588
2812,8525-20201-30639-85568-86521-105124
2813,8527-10428-13348-22192-23470-26090-26320-28254-32288-37160-37252-39196-41527-42672-47891-49449-51138-51192-53915-58604-60736-61690-64141-64501-64731-67090-67448-70690-71537-76679-78403-78431-79568-80017-84628-85331-89727-90900-91563-93672-95064-97002-102900-105605-106246-110019-110705-110803-113387-113802
2814,8529-13675
2815,8540-12812-28416-34592-49560-70975-79738-109924-113341
2816,8542
2817,8551-30055
2818,8553
2819,8558-48971-52254-58565-64049-95194
2820,8563-30481
2821,8565-46309-46838-51204-53720-58451-74042-84932-100943-103172-107844-108877
2822,8567-24251-44491
2823,8571-18153-66097-76362-83177-90269
2824,8572-12087-17339-29212-29946-74660
2825,8574-91977
2826,8580-78078-95738
2827,8584-29546-42626-44072-46497-47932-49895-52950-63522-64764-64930-66072-73992-80050-84384-89922-90106-98514-98524-102813-104886-108118-114314
2828,8586-20520-30662-31927-49851-59132
2829,8592-36106-59236-62080-63032-74962-76378-84476-94014-94591-103318
2830,8597-23340-28354-38406-42029-42849-43554-43603-45781-47060-48598-48698-50525-52795-56713-57594-60895-65859-68128-69797-71210-71692-72315-76199-79584-79914-82552-82889-83084-83132-85964-87031-87757-88258-89800-90349-92718-97387-97502-101743-102086-104415-105618-107604-107851-108023-110250-110368-110666-112224-112647
2831,8601-15076-25636-31417-32261-35926-48712-49909-53934-62719-63232-67110-67689-78926-80879-91783-95503-103419-103629-110759-111611-111622
2832,8603-66137-91929-92922
2833,8618-14240-34995-36776-40014-46500-78351-78957-85644-95052-95901-99228-100009-102268
2834,8621-28637-32381-62359-66293-76995-78017
2835,8623-11273-13733-14933-23575-42694-73827-110677
2836,8625-37423
2837,8629-21347-45386-67913
2838,8630-23164-38980-41281-42143-43958-45720-47828-49773-51840-53491-53504-53696-53900-54642-55254-57550-57979-58988-59348-62520-62615-63346-65560-65604-66551-67120-67148-68066-69051-69326-69563-72923-73940-75020-76263-76662-76739-77589-77970-78427-79465-79813-80834-81555-82719-85180-86810-86826-88432-89045-89719-89742-91103-92559-94514-96342-99468-102497-103511-103556-105379-107440-108211-108892-109193-111638-112220-112826-114582-114865
2839,8645-20138-29652-33536-42422-52142-55520-58586-64297-69840-73082-75363-77142-78030-78683-85692-95154-100857-104647-112325
2840,8647-54289-88871
2841,8649-82709-96357-101749
2842,8654
2843,8657-27427-38529-39041-40532-45411-50483-53105-69654-73209-73307-86891-87990-95579-101069-101993-102347-106987-110563-113454-113633-113673
2844,8660-18079-23701-37575-98313-114671
2845,8662-9756-12798-20954-23024-28143-38360-38510-46670-46788-47900-52376-53688-54975-58858-60276-63179-63970-64052-69992-70430-71028-83122-87982-101472-102942-103988-105232-107718
2846,8665
2847,8667
2848,8668-24908-31510-40898-96681-112075
2849,8674-11635-16380-32794-102210
2850,8678
2851,8680-20130-52568-99446-108826
2852,8688
2853,8691
2854,8693
2855,8696-41661-52313-67819-68549
2856,8700-13076-21819-27504-30366-31956-33588-36648-37942-38975-39928-40013-40838-40864-44137-47773-49586-50562-51969-51973-56224-57771-59436-60897-61377-63619-63648-63943-64496-67771-68363-68570-71041-72615-74586-78077-78606-78849-81407-82565-84183-85793-86482-87016-89186-89826-91999-92697-92978-93679-95558-95953-95991-100187-100669-101471-105964-107879-109893-112033-113137-113327
2857,8704-9897-28167-61441-81709-103093
2858,8707-28342-59192-90142-105258-106723
2859,8711
2860,8718-21428-51344-66770-69128-82522
2861,8721-14205-17332-31201-32165-40041-44767-49059-53773-60426-67613-71748-73113-74249-81611-89234-102201-104441-106205
2862,8723
2863,8724-11090-15088-22474-29234-40066-41848-60052-60968-61486-76482-85552-88593-88948-107552
2864,8727
2865,8730-32448-35768-63209-65879-81408
2866,8733-24422-31782-51885-64304-68642-68786-79216-84741-98487-100893-105177-113535
2867,8737-14049-52055-61241-73133-74483-79462-80545-92138-93225-95411-104115
2868,8740-10348-75077
2869,8743-8769-8989-11009-22091-24427-31031-32021-68511-86047-108575
2870,8754-25877-26209-41609-56822-59503-63841-78169-101117-104473
2871,8762-9644-9880-13354-15798-24452-26482-34974-35850-36786-38780-40056-40682-42455-44032-44864-49588-56660-59052-63226-64230-71102-75922-103751-111056-114200-114840
2872,8765
2873,8767-18308
2874,8770
2875,8773-101607
2876,8775-26254-41496-63288-68142-80486-86866-104522-105080-109510-111072
2877,8777-18438-29204-82316-96800
2878,8782
2879,8785-12463-31041-41671-44337-45727-47873-49201-49349-54170-54655-63161-68935-72849-84365-84493-86453-87987-96389-98977-103908-111597
2880,8789
2881,8793-37658-60906-90878
2882,8803-45716-49366-66477-66823-82371-104977-107865
2883,8813-35915-51031-54933-65441-72019
2884,8817-15703-20723-25727-43769-74191-74601-103173-113993
2885,8827-58253-88337-110601
2886,8831-73821
2887,8832
2888,8835-35625
2889,8845-23660-51078
2890,8846
2891,8849-20937-41733-102650
2892,8853-19089
2893,8855
2894,8856-22406-41176-66190
2895,8864-12588-15600-15860-25182-39450-41460-43118-51132-51536-55917-57554-57978-61046-61184-65536-67290-71992-72961-74946-77064-80538-82950-83858-86960-87704-87732-90534-91278-93856-96124-99575-105286-106922-108632-108688-111557-112152-113668-113832
2896,8880-46186-61467-68588-72061-105596
2897,8883
2898,8891-9075-10971-36067-67479-75155-81287-89289-108113
2899,8892-10754-26099-40633-45307-46926-59695-73044-84583-92348-97796-103141-104894-112628-113916-114483
2900,8904-41105-67855-85438
2901,8907-46839
2902,8908-16425-25800-34155-110016
2903,8912-56964-70675
2904,8919-70701-73799-98790-102833-105509-113573
2905,8920-35575
2906,8922
2907,8925-9119-22339-25077-42262-42393-42651-44149-55909-65519-77890-85059-93174-94393-94769-94885-95501-98235-107783-108061-113378
2908,8926-15605-29603-36767-45077-45603-48036-50367-56799-78003-80460-84319-93305-93969-94075-105111-106410
2909,8929-74569-87871-93245
2910,8931
2911,8933-24663
2912,8936-60180
2913,8941
2914,8942-68725-90545-101448
2915,8947
2916,8949-25955-89755
2917,8950-9364-16946-20272-29882-34166-39258-40708-47234-51628-53582-53855-58806-62858-63102-66372-67060-69218-71356-72531-76448-77418-78518-87161-88116-89998-91782-93618-94506-95468-95570-103726-104804-110364-113980
2918,8952-49661-52349-59465-62744-75089
2919,8957-12530-24173-66187
2920,8961-12833-23507-57079-62762-73490-78337-99073-104718-107199-109669
2921,8966-15264-31393-38350-45621-62892-83957
2922,8973-35181-38703-46147-63889-74281-82143
2923,8975
2924,8977-71233-84211
2925,8982-21031-81285
2926,8993-10129-11653-17623-48595-57977-75857-79249-82561-82657-83903-91161-102529-113397
2927,8995-11377-25975-56349-73945-83127-84232-84237-89330
2928,8997-23605-42979-99991-101169-110317
2929,9005-10195-35529-36662-46446-57859-67806-103571
2930,9006
2931,9015
2932,9020-35905
2933,9022-34496-37866-40798-42472-54776-56924-65781-72008-84872-88071-98013-102493-103662-106126-108082-108975
2934,9024-12590-13290-13652-22014-22120-31460-38074-39468-40204-45734-51406-53976-56636-59094-59542-62542-66088-67040-67392-67422-68646-69022-69920-72280-72518-73016-73160-74312-75302-77598-77620-77736-78150-82282-83386-88334-92722-93152-95844-97658-98532-99626-102762-103036-105340-107256-107358-108860-108988-110244-113978-114708
2935,9027-13869-29705-39799-47047-48163-55191
2936,9031
2937,9035
2938,9040-20970-21912-32812-87000-103242
2939,9044-79471-102567-108936-109166
2940,9046-11530-40560-52812-55273-60406-104953
2941,9048-27845
2942,9051
2943,9053
2944,9056-46931-55821-110918-111654
2945,9059
2946,9062-11748-13407-15345-18733-18934-19204-27365-33447-33819-38415-41454-45187-46337-47572-50672-52401-52594-57271-57611-64981-65979-66390-67325-68161-73471-75287-76023-84061-84328-85327-87275-88149-94330-110790-112938-114189-114447
2947,9065
2948,9076-20077-24544-32436-33434-39858-46723-66256-74405-84146-103074-105556-112316
2949,9080
2950,9083-33169-33560-101022-103753
2951,9085-9803-78592-84269-88157
2952,9088-10684-18252-20842-20916-34182-40774-41358-44614-45062-46190-55124-55419-58716-60134-69990-72704-73914-76222-81174-82138-82736-83466-87976-91580-95178-109192-114306
2953,9091-25107-45868-60344-65203-69782-77163-83196-84906-105180
2954,9097
2955,9100-34516-74556
2956,9105-13467-83599
2957,9110
2958,9113-22021-81229-96547
2959,9123-104169
2960,9129-11103-18313-19341-21274-30603-95027
2961,9131-9468-24677-52959-54222-55113-55635-60432-60451-64031-66068-76064-78613-84687-87153-89422-89847-102964-103564-108831-114615
2962,9133-40177-41686-73205-104700
2963,9134-18096-18772-21374-22318-24236-25896-26554-26938-27308-28910-30004-30834-33886-34074-36326-39428-39458-40472-41078-41344-41926-42088-44376-44746-44804-45476-45612-47246-47832-49972-50012-50872-51456-51798-54616-54742-55706-60278-60899-61322-62026-62350-62498-63338-64068-65896-65958-67136-67250-71681-72714-73214-74462-75508-75554-77006-78002-78700-79730-81692-84892-86374-86984-88232-89366-90067-90530-92346-92830-93576-94754-95972-97104-98360-100306-103012-103112-104402-105270-107118-107384-107386-108090-109082-110698-110758-111656-111804
2964,9137-82521
2965,9142-11122-13346-36522-45394-65245-88086-90120-104722-110315
2966,9152
2967,9163
2968,9166-16874-24153-80225-112025
2969,9170-17154-45132-48298-60383-72627-87223
2970,9175-31174-73001-86232
2971,9181-11879-16383-17473-45891-46501-50677-61639-63085-70647-72339-82075-88567-98307-100347-101753-107319-111511
2972,9182
2973,9191-44067
2974,9193-14782-26860-62990-81554-89766-90766-101733
2975,9194-21942-36869-78188-113865
2976,9197
2977,9200-104703
2978,9202-21608-28678-29382-39092-62974-86413-109206-110674-111576
2979,9207-14209-27481-40347-61791-79683-98941-99069-102019-103849-112343
2980,9210-37810-39270-40548-43776-49244-52005-52678-53288-55936-60376-60498-69936-70836-77958-82430-85588-102126-103102-103608-107016-114676
2981,9215-20019-47794
2982,9216-14182-17598-95034
2983,9219-11111-43206-50767-74676-77708
2984,9223-21343-22343-27164-29245-29989-32039-36455-41665-42945-61669-61837-85495-88935-90245-101725-102149-102639-106443-106876-109079-111671-113614
2985,9226-44135-58152-72804-79651-90270-93591-99895-107528-112616
2986,9228-44423-55065-55679-55812-56985-57956-61737-68730-75033-75693-99590-107005
2987,9231-17413-41785-45493-53435-55345-56179-56433-56523-58141-58279-60997-68139-70061-70289-76384-88953-92261-97825-101593-102641-104375-109279-110687
2988,9233-36193-88917
2989,9238-14328-17146-22744-24972-31178-31446-63462-69735-83871-95832-112162
2990,9246-10274-14080-28768-33247-38696-38738-47888-48761-54772-65302-65444-67354-90074-94158-98000-107206-114530
2991,9253-18639-27483
2992,9254
2993,9259-25463-30321-86157
2994,9263-40861
2995,9265
2996,9271-67281-95817-108492-112193
2997,9273-55853-108368
2998,9279
2999,9294-16359-51846-75416-112129
3000,9298-9424-15590-16250-18692-19492-19738-20430-21516-33134-33264-35920-38156-39568-39674-40118-41968-43171-44482-44974-45058-45206-45932-46236-46250-46980-46994-47930-48204-52794-53590-54956-55136-55494-57300-57562-58304-59096-61958-62330-62418-62580-63240-66012-67826-72126-72264-73794-74478-75128-76300-77252-77630-79902-81032-81438-84604-85098-86734-87380-87490-87954-89228-90096-90740-90760-91540-91546-92730-93582-93724-95206-98826-98980-99189-99928-99964-100284-100326-100456-101338-102236-102858-103400-103610-104198-106022-107160-107370-108966-110048-110074-110594-111032-112054-112950-113926-114366
3001,9305-29078-73853-107742
3002,9308-11178-13014-19816-23558-27526-34346-39406-41062-41650-42458-44460-44854-45368-49524-50452-50942-56134-57176-57292-57756-57886-61788-69002-69052-69270-70426-70768-71052-71542-72652-73734-74378-75240-76750-79220-79532-80348-80658-85748-86028-87304-88874-89152-90314-92196-94444-96870-100092-100314-101928-102692-103998-107937-108170-109352-109754-111384
3003,9310
3004,9316-10374-18220-21297-40739-47385-50781-52784-64757-68287-86031-87144-92587-96767-97707-100637-101081-107066-108590-110381
3005,9319
3006,9320-17278-19751
3007,9325-38489-95877-103449
3008,9327-14461-14747-30727-33669-58609-67503-81907-92563-99577-100973-103645-110171
3009,9328-39107-40862-44797-44970-51013-55270-55621-66359-66696-73452-74516-74918-78255-78374-82795-86326-87863-89232-100178-107874-110120
3010,9333
3011,9340-25310-43856-44396-45122-45848-48410-50784-52694-53722-55510-58822-59346-59472-68986-71198-71330-72196-78580-78918-79108-86444-87270-90392-91314-91908-93800-96926-104272-104946-106658
3012,9347-15515-23779-41600-99695
3013,9348-23596-27554-38628-78418-82324-99142
3014,9355-34929-43836
3015,9357-28432-57418-76785
3016,9378-9848-21140-52602-58339-60509-61090-61674-63571-63740-64337-74834-95009-97644-98220-98494-99131-107226-108727-109486
3017,9380-33988-37854-97018
3018,9383-26409-59940-96083-103968
3019,9384-51307-71243-90354
3020,9388-10212-35673-73627
3021,9391-48223-77722-88807-95915-110008
3022,9397
3023,9402
3024,9411-13660-18130-21222-21589-22551-45102-55102-56462-59704-70090-75446-75541-76543-78578-78585-79609-80067-81529-84946-90018-102326-102943-104003-106639-107403-108037-110331-114084
3025,9414-11284-26055-40520-54552-57198-64663-106524
3026,9421-53407
3027,9428-49549-73191-98379
3028,9433-15995-17029-18413-30482-32741-33523
3029,9435-11666-12125-15175-24602-26734-27354-44811-46115-46220-47506-49780-50569-53891-55186-57985-61546-61600-63325-69544-71547-72800-80592-81778-86541-86975-91905-96664-98473-100172-106838-112984-113751
3030,9437-29161-34118-42136
3031,9438-28309-28339-48772-102144
3032,9441
3033,9443
3034,9452-12758-60846-66124-107112
3035,9454
3036,9461
3037,9463-17239-25246-78087
3038,9465-80731
3039,9473-27197-28335-33969-38339-41043-45821-60461-64631-66419-80729-86817-88463-107103-108231-109517
3040,9475
3041,9477-110546
3042,9480-13582-31440-37926-38992-40428-43374-44109-44880-47338-48068-52524-54736-56268-56282-57340-57718-57943-58952-58970-61424-63294-63662-64058-66176-67882-68252-68930-69407-70288-72308-73004-73818-74772-75448-75601-75900-79376-80632-80638-81394-83986-84042-86306-87146-88964-89162-89776-90056-90762-92960-93072-94070-95134-95592-99106-101137-101178-102214-103742-103808-104560-107602-108732-109268-110532-112732-112907-112951-113266-113635-114432-114690-114748
3043,9484
3044,9488
3045,9491-13853
3046,9494-23896-29837
3047,9499-9622-10241-16086-17721-30501-30848-40519-43405-44453-48833-50934-51424-57819-57911-59228-65632-65805-71946-77618-83714-85583-86162-86935-89722-93260-93498-95111-96638-107055-112843
3048,9505-41159-42771-55787-58113-65141-68934-87261-92683-100972-111483-113065
3049,9507-10542-22631-31750-32015-38642-39895-42682-49947-55401-55981-57341-59711-64485-68015-68018-73971-78771-78890-79831-80579-81920-82219-86226-86753-88201-90959-94102-98845-100389-102134-105967-108616
3050,9509
3051,9513-16434-40134-56151-66119-68696-76150-78870-82884-85376-86024-106986-107908
3052,9516
3053,9521-24069-42179-54415-60460-66977-68693-76247-77924-78331-98855-109741
3054,9523
3055,9530-16977-18724-32100-34468-43024-64725-69260-91069-94599-96997-107810
3056,9533-71981-105001-112831
3057,9534
3058,9536-25213-64699-111791
3059,9554-23202-46730-51208-61858-64870-92862
3060,9556-45161-53463-69748-74097-85846
3061,9563-40603-46615-47127-55477-57325-72831-73157-84573-91277-95095-100917-102656-110141-113355
3062,9567
3063,9568-36865-59850-96418-96688
3064,9571-10807-12679-17969-39199-39461-39661-39877-42921-43079-45941-47217-47459-47585-48937-48967-50505-52942-53667-55452-56295-61089-62225-64549-66301-66930-67277-67657-70243-72485-74009-79229-79826-80121-86653-90407-91070-97329-98424-98434-98751-98871-102248-103098-103958-104709-109569-109577-109635-110589-111655
3065,9573-14191-19126-30935-34137-45261-49211-51110-60781-67797-76358-92011-92498-93331-111400
3066,9575-22055-23603-27115-36019-58019-62829-63485-64293-65729-65749-71671-75723-75791-90643-91565-99689-108349-110673-111769-114489
3067,9577
3068,9588-10220-39064-44108-44270-57332-64208-78168-83358-86018-91744-96412-108468
3069,9596-13556-48076-48081-50752-56204-75372-77066-81917-87898-100171-100984
3070,9606-13082
3071,9613-79068-114204
3072,9617
3073,9624-12881-21420-23569-35781-37782-46070-50720-70337-70473-71207-77444-81543-83679-101363
3074,9629-14531-32471-39151-52583-63047-73931-79125-84259-98957-114028
3075,9639-59071-65373-73745-88715-95416-112577
3076,9641
3077,9643-16119-48353-55983
3078,9652
3079,9654-15844-18990-21490-22438-22758-22874-25100-28748-29068-30212-37880-41526-52156-53942-55194-56954-57628-67406-73188-74164-75484-79154-79974-82500-83758-87498-96004-99954-100034-101296-106392-108230-113410
3080,9662-93392
3081,9664-17522-40072-44170-46429-48838-49638-55246-66198-68451-68824-74388-83991-93802-95667-97656-100866-106631-108681
3082,9667-10866-28987-32539-39874-41856-43040-44351-46467-47528-51811-56101-57214-63233-64219-64577-65468-65599-65933-68002-71905-73699-78096-79588-80565-81780-83316-86455-88016-89819-90448-93036-94001-97130-101175-111850
3083,9677-11409-14813-24349-25917-26989-40183-49213-56753-59057-65897-66669-78989-88727-112949
3084,9681-18665-70999-87895
3085,9683-10705
3086,9686-14172-15501-19350-20178-37344-44512-60024-89566-100123-110844
3087,9689
3088,9690-16686-17781-20060-25932-35645-42724-49945-69559-82252-94266
3089,9692-12592-64395-102176
3090,9699
3091,9702-39600
3092,9704-11363-47660
3093,9707-23799
3094,9708-12552-85655
3095,9711-32154-44517-48679-54451-97696
3096,9713
3097,9714
3098,9716-29364
3099,9719
3100,9721
3101,9725-21989
3102,9727-42043
3103,9731-40396-43590-43928-58169-59252-62629-66498-76028-76755-85544-96227-110974
3104,9734-69814-70648-90234-106015-107212
3105,9737
3106,9739-60447-70977
3107,9740-71592
3108,9742-19157-38485-50384-54226-55992-56610-74997-76898-83342-88597-113488
3109,9744
3110,9747-23915-24242-58384-73380-81390-86922
3111,9748-14800-48460-60353-64923-88678-99375-110596
3112,9752-36194
3113,9759-108863-113721
3114,9763
3115,9768-54267-65582-80902
3116,9770-37997-43142-43646-67102-77170-77787-91984-99478-103279-106498-106718-109338-114894
3117,9773
3118,9776-17194-21868-61982-92006
3119,9785-36511-48033-62040-72471
3120,9788-19840-29298-53160-75031-75965-91695
3121,9793-40475-95147-106869
3122,9800-37242-98017
3123,9806-16884-25672-57408-60324-75752-88306-108552
3124,9809-18223
3125,9814-25442-42719-51640-53372-55479-57571-61128-63965-66258-69004-72604-79646-81176-81341-84778-104957-106221
3126,9816-13468-16880-21953-27060-34408-45426-51471-55074-55849-63231-65153-66901-67327-70164-73397-74917-75748-85738-99676-103464-105645-109310
3127,9819-10404-11497-11643-14407-14919-17775-19603-26092-38622-39218-39745-40503-40941-41189-41637-41853-42281-43062-43273-43315-43427-43983-44051-44239-45287-45407-45446-45790-46923-47789-47925-48369-49149-49226-51305-51341-51759-51930-51971-52191-52267-52625-53274-53803-54145-54303-54479-54845-54867-55353-55514-55588-55735-56513-56729-56844-57001-57133-57281-58529-58600-58751-59218-59515-59557-60151-60835-62641-63172-63351-64335-64597-64643-65173-66141-68469-68659-69300-69393-69749-69755-69801-70197-70393-70898-70998-71143-71657-71739-71809-73358-73587-74675-75107-75409-75417-75885-75937-76503-76532-77369-77862-78503-80352-80761-80920-81109-81325-81880-81893-82025-82235-82829-82963-83263-83641-85403-85460-85557-85703-86301-86555-86675-87775-88697-88991-89621-89730-90389-90714-91311-92890-93607-94013-94025-94661-94861-95261-95883-96641-97679-99033-99273-99691-100865-101032-101347-101433-101513-101571-102042-102107-102221-102309-102353-102373-102869-103585-104481-104543-104924-105419-106003-106151-106461-106845-107859-107995-108079-108169-108248-108517-108645-109027-109501-109722-109915-109941-111173-111240-111357-112078-113729-114178-114699-114799
3128,9824-18886-38292-49814-53552-54915-64859-64912-71881-74184-74702-84978-92590-100704-107904-110156-111987-113126-114254
3129,9826-15316-35093-41452-69122
3130,9837-62663-99275-109981
3131,9844-15900-26866-34010
3132,9850-13132-27942-43184-45888-57548-63348-64968-68518-71884-87834-96289-105065
3133,9861-28651
3134,9867
3135,9869-32341-56449
3136,9875
3137,9876-50146-50955-74140-99462-110992
3138,9879
3139,9885
3140,9886-11410-20754-31588-58260-61578-69564-79776-81682-89738-96505-96692-108852-111409
3141,9888-28820-55200-60174-64344-76186-83560-89238-106214-106440-106516-109772-114518
3142,9892-16689-20886-52916-74532-75125-77162-81217-105757-112368
3143,9899
3144,9900-10620-28328
3145,9907-32712-93838-111446
3146,9908-49846-103296
3147,9923-65545
3148,9924-68933-70970
3149,9927-66048-74434-98926
3150,9931
3151,9935-40697-55831-56033-65827-97905-107525
3152,9939
3153,9947-30739-31517-36707-38311-38417-39897-40231-40395-46715-47349-48511-53987-55867-56293-57083-60023-60209-60859-62623-63275-64959-65003-65945-70143-74653-76993-78599-79527-82137-83479-83911-84271-84695-84697-84759-85523-85947-89035-90441-90735-90821-91149-91785-93785-96847-100773-102627-103177-103991-106079-106475-106983-107189-111997-113203
3154,9949
3155,9951-14348-21791
3156,9967-21377-34667-41541-47311-64022-86519-96165-100863-103985
3157,9972-25810-64916-91280-97920
3158,9974-111939
3159,9980-14532
3160,9983-14090-24543-26887-38432-43918-56667-58791-60232-61642-62652-79014-81157-81177-83559-85626-88519-91671-96676-105105-108634-109246-111529-112008-114445
3161,9984-22250-22888-29610-39775-113519
3162,9986-17404-18260-18926-43115-48683-53378-54894-84582-85080-91300-102306-102404-104509-105104-108040-114806
3163,9989-40332-46092-60528-80303-111675
3164,9993
3165,9996
3166,10000-39637-42892-62119-77304
3167,10002
3168,10010-21714-112557
3169,10012-31151
3170,10016-17908-40346-51620-51758-86557-94716-104489
3171,10021-35350-110900
3172,10025-26313-38923-47991-79581
3173,10027
3174,10031-12713-18939-21133-27775-33301-38589-39903-40671-41269-41379-42257-44939-45235-45491-46179-46469-47099-47583-47927-48990-49719-50715-51631-52465-53364-54347-54629-57232-58889-60542-60961-61699-61743-63103-65779-69037-69809-70303-72063-73561-74605-75321-75767-76839-77451-77569-77793-79297-80491-86081-86409-87603-88617-93011-94043-96651-99059-100341-100477-100817-101097-101367-102727-103011-103099-103183-106449-107123-113391
3175,10033
3176,10042-26791-110022
3177,10048-101138
3178,10050-13772-15228-17026-35266-36746-40916-48056-50224-50276-56600-57228-57504-65960-83226-97548-99062
3179,10061-38017-62941-64359-75613-87823-96931-109317
3180,10065-17916-20998-60067-62213
3181,10066
3182,10072-75092-78442-79524-111724
3183,10080-45649-56190-67453-69064-80749-90099-91141-94941-100219-102033-105829-106538-113697
3184,10083-51093-52194
3185,10085-13432-75310
3186,10089-12108-73728-107991
3187,10090-29125-46556-49223-51796-71901-74730-77116-81352-85932-100748-100760-102558-114174
3188,10092-38528-57358-63031-65147-65218-70044-73345-79593-83964-85106-85487-87584-93406-97771-105532-107793-111684-112106-113291
3189,10094-11898-19324-27392-45018-45638-58444-70776
3190,10099-39819-74594-89252
3191,10101-13327-70375-87507-88253-100573
3192,10102-37590-42216-42630-45964-47526-48380-52004-52776-55538-57034-57144-61910-62914-66410-67394-77206-80526-82596-83778-87034-89062-90322-90464-94278-95590-96608-97328-107500-110444-112752-114360
3193,10105-10962-19753-21072-24283-34184-36262
3194,10109
3195,10111-28676-47228
3196,10113-24731-28939-41569-49193-49385-53259-53399-59827-74608-77317-84245-87459-90177-91021-91848-95030-99097-107163-112554
3197,10120-18950
3198,10127-38057
3199,10133-19484-32322-46807-49657-51297-51823-54423-54712-59061-68349-69063-73384-77859-85205-86931-93807-95608-97461-103760-104639-105859-114149
3200,10143-14618-33384
3201,10145-24743
3202,10146-19128-52458-56150-67418-80882-83724-84866-87434-94118-108462-109022
3203,10152
3204,10155-51033
3205,10166-11358-50774-55888-61262-63591-70528-74222-86588
3206,10168
3207,10171-10995-27217
3208,10176
3209,10179-28915-30955-56763-66349-82787-92213-102215
3210,10183
3211,10184-24122
3212,10189-13912-18464-21303-31620-39784-46945-49024-51547-52601-54374-61393-62171-62919-65039-67309-69190-76999-77626-78329-80455-92981-95472-96447-97282-99644-102331-106109-106954-108190-109135-109141-109301-114652
3213,10190-30373-30511-43675-91749-114533
3214,10192-82214
3215,10196-19962-22541-67531-77783-80991-81587
3216,10201-89065
3217,10203-14043-20251-26857-37910-45885-61793-67322-70983-78063-79626-82931-86379-99737
3218,10207
3219,10209-53325-60647-86667-92339-95561-104949-114755
3220,10216-24828-37200-40236-41832-50634-55764-58469-60046-65786-73442-74508-102788-103257-103555-111849
3221,10222-98716
3222,10245-13567-17999-20497-20529-21119-27124-31737-33485-35414-42095-43085-44679-54295-57536-62137-68457-75691-81600-84523-94572-113180
3223,10247
3224,10250-37649-70101-92325
3225,10252-15334-81118
3226,10256-52000-59469-60814-67820-84343-88036-89413-91658-110193-113903
3227,10259-26130-41633-53448-56298-62943-83118-88193-88868-91988-93727-105676
3228,10265-29217-33073
3229,10269-59255
3230,10270
3231,10272-16237-40822-60763-67622-74040-108494-108691
3232,10278-11696-40832-61520-74290-75788-80288-89154-98988-99920
3233,10287
3234,10290
3235,10300-11302-11880-15216-22994-47662-49736-50332-54566-57092-59240-59322-65032-65868-73234-74548-74576-82728-85666-91444-98906-107630-114540
3236,10305-29501-40108-53799-62664-70862-83190
3237,10306-24471-42959-43589-44055-46959-49615-50034-53183-55805-63851-67417-70633-75425-75789-78533-84941-87129-87984-89977-94425-97893-100220-101552-101946-105356-113103-114701
3238,10311-16311-34019
3239,10313
3240,10318
3241,10327-36145-40576-41383-43334-45308-47210-57157-62313-63737-63929-64248-65429-66045-66425-66479-78103-79393-90989-95578-104401-108362-111937
3242,10331-11217-11911-12312-13889-14197-14975-15311-25433-29562-33319-33631-37605-38019-39001-39021-39214-39635-40185-42008-43459-43465-44185-44432-45461-45673-47597-48005-49042-50032-50239-50645-50660-50663-51889-51913-52603-52977-53417-54654-55851-56427-56685-58079-58161-58197-58465-58605-59406-59607-60601-60945-61001-61277-61774-62113-63811-64881-65232-65491-66149-66475-67209-67349-67733-69630-70669-70767-71489-71673-71883-73419-73496-73913-74975-75761-75957-76715-77045-77393-78146-79185-80787-81043-81215-81993-82469-82804-83937-84749-85026-85029-85477-85653-85680-87091-87125-88692-88723-88743-88836-88977-89251-89303-89323-89363-90079-90137-91731-93665-93842-94254-94582-95896-96175-96925-97330-98392-98714-100681-100823-101039-101207-102961-103371-103491-103745-104347-104505-104663-106591-106921-107330-107451-110659-110829-110920-111152-111501-111569-112058-112422-112468-113079-114460-114521
3243,10344-19621-26572-29816-40938-43340-43489-46754-48396-50519-50638-50981-54394-56996-59832-60377-60481-63611-65013-65507-66656-66992-67791-70966-72952-73954-76099-80520-81284-81811-84225-86552-92074-96716-98548-101510-101588-102946-104144-104416-106233-108221-113149-114580-114603
3244,10350-37549-79546
3245,10353-16681-16893-21401-21511-22013-27637-35451-37435-39599-41391-44140-45887-53929-56673-66507-70745-71713-74218-77983-78165-82581-83705-89715-94005-94231-96139-99261-102065-106628-109185-113048-114562
3246,10356-49270-55080-67788-76440-96632-102435-104092-113981
3247,10359-10663-22223-60429-71333
3248,10364-11566-62222-70770-74080-83925-102758-105742
3249,10370-12888-20368-36806-38038-46284-46292-49408-50468-51535-52157-53034-58546-59154-60860-61984-62246-64077-66043-68566-69352-72662-73280-74151-80766-81542-82198-82480-83632-84560-85497-86014-92273-92276-93286-97239-97452-97972-98508-99363-99570-99638-101308-105204-106378-106584-106910-107594-109911-111504-112586-112668-114219
3250,10373-57094
3251,10377-10761
3252,10388-16322-18258
3253,10392-40549-64452-72793-75098-85551-103934-109474
3254,10395-46187-58788-91973-102345-113218
3255,10400
3256,10406-14468-33162-41119-43346-43964-47112-51546-52310-58903-65022-73356-73500-75143-87466-89650-95622-98968-100750-102017-106052-110744-112124
3257,10409
3258,10419-57125-71975
3259,10424-17296-18472-31233-41136-41591-46034-54560-54650-58344-58417-79664-80493-80964-92180-96398-97344-100884-103890-113621
3260,10427-75499
3261,10433-14546-17379-44196-49148-62815
3262,10435-106121
3263,10436-64978-91620
3264,10444
3265,10447-37886-43199-46347-47258-47587-49975-52021-56431-60757-61205-65169-67899-70679-72252-75688-80843-80885-82026-91579-94144-98761-99349-108301
3266,10453-68407-84975
3267,10460-15097-25742
3268,10464-24188-26513
3269,10469-11095-56648-60308-60714-62301-89805-93031-96584-106090
3270,10472
3271,10475
3272,10479-15837-38377-41207-41743-55211-58905-59356-63731-64325-64852-65211-69911-96929-97583-99543-100371-100793-103363-106391-108661
3273,10480-25352-32325-38506-41245-42301-43592-45207-46013-46495-53654-57002-60225-60456-60913-62368-64159-65317-65489-66795-70410-73268-75955-77056-77427-77552-79396-86535-87859-88350-88549-92003-92854-94229-95943-100150-101204-106352-107260-111812-114171-114467
3274,10483
3275,10487-86819
3276,10491-19255-23823-57395-79965
3277,10492-25815-45460-48409-49070-50210-65065-77353-99269-101339-103810-105249
3278,10498
3279,10514-50853-60070-73122-83542-100396
3280,10521-38771-48397-81067-113975
3281,10523
3282,10525-15267
3283,10529-30462-34963-78465
3284,10540-45744-94038-110733
3285,10546-24517-52580-75330-75708-81158-82971-110192
3286,10550
3287,10552-112004
3288,10559-19928-20263-21973-40689-78288-80085-82513-93097-95751-109073-114277
3289,10561
3290,10567-19061-22061-23127-27913-31143-32287-33855-35709-36937-38897-39033-39445-40019-40169-40537-40927-40939-41809-41991-43961-44330-44503-44757-46479-47313-48019-48477-49361-50929-54372-54377-56787-58147-60280-61147-67163-67883-68153-68579-69107-70293-71803-72599-72807-73162-76805-77081-77395-78045-79477-83399-84987-86865-87701-87791-88441-89437-89680-90752-93457-99197-100621-101963-106209-107079-108081-108087-108983-109473-110061-111068-111589-112369-113725-114427-114461
3291,10577-11351-36305-59737-63905-86737-108237-110117-110935
3292,10579-21103-43019-47245-61125-65187-72755-109585
3293,10580-19610
3294,10582
3295,10589
3296,10599-18559-30317-38876-39099-42093-42456-42659-43789-46367-51919-54137-55559-57874-57929-59761-60042-63555-63775-68780-71151-78313-79901-92139-95995-97133-110066-112149
3297,10607-35003-36467-37669-44629-51772-64523-76607-83298-84725-92806-111975-114643
3298,10608-16916-19936-25112-27598-43792-44018-44672-49818-55616-56892-57288-68464-78232-79332-84349-90272-98618-101312-103554-104618-105294-107080-107788-108278-110440-110928-113866
3299,10614-13286-43174-50608-53572-54412-58730-70538-75762-88378-102888-107202
3300,10619-35140-68184
3301,10625-12739-29841-41149-42463-90807
3302,10634-25416-84115
3303,10641-63759-79199
3304,10645-11373-11549-27857-39055-41989-44433-44847-45145-46207-47537-47818-48385-49679-50001-51761-53133-53609-59089-62015-62121-64929-68061-70239-72487-74325-74815-76867-79025-79429-81255-83581-84148-84587-85927-85965-88611-88629-90555-90965-91089-91609-92607-93127-93613-93795-94221-94865-97465-98311-98735-101407-106367-106695-107335-108427-108567-113041
3305,10647-20947-85359
3306,10659-18691
3307,10665-18727-31387
3308,10666-12282-14755-28685-32620-33688-34673-38835-41015-46105-62855-65509-67472-79046-81058-95375-100112-114335
3309,10669-72872
3310,10675-32083-113264
3311,10677-24905-102721
3312,10678-58289
3313,10681
3314,10683-44773-74441-76413-106543-111726-112318-112680
3315,10688-10907-11930-102049
3316,10691
3317,10692-63778-75654-87067
3318,10698-23986-42252-62370-64989-65074-72020-86032-88640-99944
3319,10706-63578-68628-72043-83734
3320,10712-19119-19913-33382-51582-58025-74112-75867-80156-81238-82258-89652-98103
3321,10717
3322,10725-13865-17329-19767-23893-25365-35013
3323,10727
3324,10728-25092-50700-109088
3325,10731-10985-27875-29654-41356-52615-59801-82938-86293-102063
3326,10735-30377-51955-52675
3327,10737-25769-54787
3328,10739-15979-16553-17167-22199-23091-32748-33074-35084-35263-36044-45337-49183-49743-52255-54849-54891-58787-61751-61821-63139-64150-64685-66847-72053-72186-79803-85093-86881-97247-97441-108373-108991-109081-110035-111821-113390
3329,10743
3330,10751-16235-44817-100797
3331,10757-75905-91479
3332,10765-19080-19662-21208-42282-42876-44385-46238-55614-60056-65974-67242-67834-71450-72309-73533-85732-91303-93509-98858-102301-108586-113787
3333,10767-15291-21645-36539-38585-42469-51205-56724-61501-70903-89573-90031-93837-100887-114511
3334,10777-38611-46286-52293-55470-76471-94936-97956-106547
3335,10779
3336,10782-11198-14330-17638-29220-45123-54284-55284-58840-62504-67922-83360-93610-96812-101856-109872
3337,10785-15650-19577-40844-40879-42130-42846-47377-50734-56942-62325-86575-101869-104403-110371-113693
3338,10790-40973-44048-51075-72176-75340-80612-82176-85434-98867-105666-113283
3339,10793-12258-14778-34861
3340,10795-52611-73652-100055-100325-101806-107113-112210
3341,10796
3342,10811
3343,10813-72983-73066-78462
3344,10819-15211
3345,10825-69402-81833-85284-87636-99780
3346,10827-11604-12848-13380-15356-27012-28112-30520-30530-39239-40388-42728-42858-44075-44192-44717-44969-46104-47495-47586-50488-50835-51339-51616-52871-55171-55968-56658-58633-58748-60002-60220-60927-61922-64082-64348-64441-67665-67997-68021-68324-70075-70294-70516-71019-71699-72407-73355-73887-74029-74119-75291-76220-76223-76371-78749-79240-80430-80654-80810-81039-81130-81949-82207-85200-87633-90292-91128-96445-97032-97315-97409-98112-98749-99892-100349-100882-102205-102400-102670-102989-103797-103937-104405-106478-106952-107571-109953-112541-112677-112966-113116-113953
3347,10837-31827
3348,10839-29425-32937
3349,10841-24940-32902-33670-37000-42817-46999-47692-61696-80732-85245-92954-93916-102281
3350,10843-70190-86533-90669-94611
3351,10850-30344-38223-54447-54758-58895-72421-79234-80193-106175-110623
3352,10854-73964-81298-97232-100256
3353,10858-27924-29890-40572-42764-46728-49540-51376-55015-55536-55996-60034-61510-61822-70104-71763-77152-85866-87736-90160-92926-96114-104318-106280-107084-107736
3354,10860-16138-19726-35968-44398-48860-49492-65181-65212-72636-73012-73958-84828-89223-102058-104200-107108
3355,10888-19229-33041-34882-37240-39686-43031-68439-78588-94736-107392-114698
3356,10890-40516-48329-54537-60176-79348-86745-102422-113358-113657
3357,10895-20327-38952-42260-48121-54020-55440-66196-71830-78737-79118-95246-101498-110437
3358,10901-22993
3359,10902-16960-25832-28510-36334-40994-41924-43299-45774-56982-67698-68378-71780-77990-83076-88823-97480-107302-108527
3360,10905
3361,10911-15705-38257-55051
3362,10923
3363,10925-29209
3364,10926-10958-47267-65112-71843-101328
3365,10928-13012-18448-25542-30676-35686-37376-37464-38050-38114-38290-39862-40023-40128-40449-41138-41906-42082-42436-42467-42767-42996-43104-43383-43442-43531-43654-44458-44788-44869-45141-45198-45316-45343-45898-45976-46068-46152-46314-47046-47315-48232-48290-48546-48582-48792-49004-49548-49646-50082-50496-50596-51265-51696-52082-52154-52282-52578-52692-53129-53164-53278-53488-54746-54935-54984-55092-55372-55570-55723-55942-56396-56448-56535-57072-57136-57348-57958-58211-58648-58808-58928-59034-59300-59330-59594-59828-59847-60848-61256-61365-61412-62000-62148-63336-64144-64314-64458-64482-64514-64660-64700-64850-64905-65403-65553-65602-65808-66232-66878-66928-67101-67188-68093-68406-69066-69366-69624-69675-69794-69878-70400-70406-70470-70686-70750-70796-70914-71344-71374-71937-72024-72040-72071-72940-73305-73904-74186-74287-74333-74344-74416-75756-75952-76158-76228-76243-76406-76674-76824-76942-77798-78108-78874-79124-79364-79525-79576-79586-79886-80534-80566-80704-80934-81114-81173-81898-81998-82228-82414-82478-82700-83018-83114-83800-84024-84165-84440-84474-86324-86646-86678-86802-86846-86990-87547-87742-88094-88120-88154-88324-88761-89210-89383-89823-89859-90004-90642-91398-91518-91520-91532-91534-91615-92142-92836-92916-93533-93565-94240-94961-95264-95686-95722-95798-95863-96310-96614-96784-96838-97112-97511-97680-98368-98446-98459-98486-98632-98658-99141-99172-99309-99437-99474-99620-99778-99885-100118-100404-101041-101050-101077-101125-101534-101784-101980-102913-103048-103096-103483-103756-104306-105160-105195-105242-105349-105390-105442-105449-105697-105937-106610-106624-106682-106899-106992-107372-107574-108296-108382-109602-109716-110455-110605-110988-112516-112898-113084-113448-114456
3366,10936
3367,10941-42169-60119
3368,10944
3369,10953-15161-27387-32043-39803-40505-44213-47715-58899-61053-67182-71089-72165-73197-75949-82495-90667-92232-93820-106069-107025-109231
3370,10961
3371,10964-41155-89956
3372,10967-101777
3373,10973
3374,10977-91283
3375,10979-14153-17621-47617-57556
3376,10981-14238-34509-81377-85507-85967-108927
3377,10983
3378,10986-22716-33313
3379,10990-12052-49166-51301-61934-78444-78913-81499-82124-84171-97419-99709-106164
3380,10993-20288-21112-22824-31972-43312-60371-62722-67085-68524-83058-86124-91853-93661-94054-98974-99418-113333
3381,10999-27837
3382,11003
3383,11006-32384-32814-76568-80412-88047
3384,11015
3385,11020-18070-32890-33262-41618-44840-52674-52878-53850-69292-76380-101098
3386,11024-27210-63091-74437-83646-106521
3387,11033-13181-33267-40251-51569-64129-74561
3388,11038-36582-40493-73418-77029-98549
3389,11041-73871-89556-91709-91879
3390,11044-29095-36414-38084-55989-61849-68819-80839-91861-107036-110660
3391,11057-88686-99038
3392,11063-21915-40481
3393,11065
3394,11067-32746
3395,11076-19514-32856-58726-69848-78167-83449
3396,11080-11262-55023-57334-108421
3397,11085-24987-37416-37523-37641-37905-38259-38327-38365-38413-38443-38577-38633-38691-38837-38887-39076-39240-39403-39601-39617-39641-39811-39861-40201-40409-40435-40553-40607-40855-41073-41097-41117-41143-41225-41279-41318-41483-41531-41589-41698-41883-42233-42311-42340-42433-42439-42507-42541-42671-43107-43419-43497-43775-44041-44303-44631-44656-45521-45867-46049-46149-46169-46647-46691-47265-47341-47999-48127-48179-48471-48571-48765-48857-48873-48919-48947-49060-49139-49628-49693-49795-49905-49961-50401-50795-51011-51035-51113-51163-51177-51231-51294-51379-51443-51585-51671-51778-52195-52300-52369-52405-52455-52629-52793-52835-53119-53195-53209-53471-53733-53831-53917-54133-54241-54419-54685-54843-55081-55157-55233-55257-55371-55541-55664-55835-55857-56253-56321-56375-56913-56941-57275-57278-57379-57625-57745-57773-57993-58075-58163-58183-58199-58229-58277-58577-58657-58732-58801-58805-58957-58962-58983-59042-59191-59231-59401-59891-60077-60169-60415-60477-60503-60511-60613-60621-60885-60983-61095-61172-61453-61489-61534-61587-61663-61755-61897-61906-62208-62219-62269-62407-62527-62537-63130-63297-63511-63687-63801-63860-64093-64308-64333-64557-64877-64921-65178-65297-65527-65728-65757-65775-65847-66315-66337-66523-66539-66603-66767-67099-67323-67481-67839-67881-67959-68165-68345-68447-68563-68905-69131-69175-69183-69557-69579-69605-69823-70029-70585-71083-71084-71231-71311-71391-71393-71401-71412-71623-71819-71873-72005-72045-72049-72077-72099-72209-72395-72587-72989-73135-73301-73391-73415-73461-73475-73565-73605-73751-73769-73985-74231-74471-74539-74647-74663-74777-74905-75335-75906-76141-76547-76549-76553-76556-76591-76693-76727-76767-76799-76833-76875-76885-76969-77013-77043-77293-77379-77471-77493-77675-77915-78149-78237-78265-78451-78635-78705-78751-78763-78773-78910-79039-79087-79667-79685-79757-80013-80037-80435-80447-80873-81015-81137-81263-81363-81375-81625-81813-81825-82009-82051-82107-82239-82485-82699-82721-83059-83285-83427-83545-83961-84047-84177-84321-84443-84710-84771-84869-85335-85621-85775-85909-86007-86059-86117-86126-86349-86467-86505-86595-86631-86767-86835-86953-87319-87531-87989-88007-88191-88280-88737-88741-88841-88855-89122-89149-89253-89313-89528-89539-89601-89721-89803-89933-90025-90087-90141-90345-90405-90504-90805-90999-91096-91389-91407-91511-91621-91843-91987-92041-92203-92351-92401-92474-92496-92643-92883-93021-93113-93125-93195-93355-93371-93391-93543-93663-93769-94039-94045-94108-94467-94677-94845-95073-95645-95649-95653-95675-95809-95811-95999-96045-96403-96409-96419-96431-96643-97137-97159-97205-97229-97253-97497-97523-97525-97575-97596-97693-97881-97883-97984-97995-98667-98681-98703-98777-98901-99453-99477-99715-99719-99785-99823-100205-100217-100249-100299-100399-100439-100576-100926-101007-101159-101192-101311-101402-101517-101527-102069-102091-102109-102319-102459-102809-103042-103155-103427-103695-103899-103959-104029-104127-104265-104333-104555-104743-104819-105247-105269-105326-105521-105639-105749-105811-106001-106311-106333-106569-107317-107354-107497-107539-107913-108049-108125-108325-108345-108523-108668-108929-109323-109933-109934-109954-110073-110119-110277-110761-110771-110775-110879-111085-111171-111209-111261-111326-111341-112019-112115-112339-112367-112481-112878-112919-112927-113131-113269-113308-113441-113503-113653-113701-113869-113965-114025-114075-114251-114261-114299-114487-114721-114737
3398,11086-58238
3399,11089-11235-11615-17861-32697-38859-38927-40789-42801-43647-44709-45665-45853-47048-48577-52805-56221-60215-62373-62597-67758-70909-72047-75132-76581-76931-78353-79287-79935-85163-86895-88771-93156-98718-98773-106369-106519-109190-110127-113938
3400,11092
3401,11098-31488-32146
3402,11115-39325-74105-82859-84397-99813
3403,11117
3404,11119-15824-23765-42239-51584-60471-67696-68095-72827-74731-75582-108425-111320
3405,11121-15282-15700-19698-33218-35549-35814-49302-68758-69830-73092-93064-108485-109816
3406,11125-14602-17009-22661-26675-30752-43207-70203-81152-96069
3407,11127
3408,11132-15434-16385-18115-19250-19328-20070-23932-27328-31402-31780-37456-39138-39279-40836-41168-41573-43004-45623-46252-46288-46757-47318-47580-47659-47865-49172-49186-50156-52482-55043-62056-63618-67938-68266-68645-68811-70764-70784-71154-71552-73138-73462-74289-74542-74882-75303-76305-76920-77808-79564-79830-80633-82678-84888-88054-88866-89950-91523-97660-98899-99182-99820-104952-105750-106632-106671-108833-109773-111192-111372-111510-114491
3409,11139-21095
3410,11141-15445-21033-21127-24901-26556-34277-44387-56979-66623-77977-84361-90706-92546-97119-108009-108431-113921
3411,11148
3412,11150-12344-63745-77619-80414-92708-98045-102610
3413,11155-16997
3414,11161-11845-16641-18971-24341-28067-32685-36003-44467-49732-51343-67939-80573-82597-84377-84961-87384-97865-103525-104801-105230
3415,11162-18731
3416,11165-20500-47671
3417,11167
3418,11169
3419,11182
3420,11185
3421,11187-78548
3422,11188-20783
3423,11195
3424,11200-103930
3425,11211-54567
3426,11213-34757-48927-89461
3427,11219
3428,11220-17782-30538-38316-107973
3429,11223-27026-30858
3430,11224-18857-21349-32429-32669-52203-72933-77046-78840-96919-105807-108793
3431,11237-87302
3432,11243
3433,11255-68223-87570-88914-104589
3434,11256
3435,11260-41632-52178-57970-62942-88192-93726-96284-98250
3436,11269-33949-35325-40695-41913-46547-57135-60171-68977-73981-80397-90387-92919
3437,11271
3438,11274-36258-36552-49346-74679-74802-94405
3439,11278-60676
3440,11280
3441,11283-22577
3442,11287-18984-20960-32392-34846-39266-39676-40806-43713-46830-47398-49618-51679-52496-53434-55343-56154-57052-59710-59973-61236-63452-65033-65260-65551-71638-71994-73027-73056-75706-80744-81016-81544-84282-84701-86178-88890-91315-91410-92586-94350-96674-99078-100206-102030-105680-107588-108844-109344-111128-111166
3443,11290
3444,11295-31525-59909-62453-113209
3445,11300-22536-35360-100666
3446,11304-53294-81524
3447,11308-46048-47420-74879-86010
3448,11313
3449,11318-32218-38108-39934-42700-50856-54141-68098-70670-94132-98336-101391-104572-105790
3450,11322-14101-77169
3451,11339
3452,11342-30847-72623-74609-88778-112231-114333-114712
3453,11344-46033-52181-56531-67459
3454,11348-11494-14117-17126-17440-20074-36986-38078-38158-38978-40313-40398-40744-43477-46874-49092-52666-53837-57746-59872-60672-61815-62437-63556-64842-68085-68600-70416-70753-73534-74528-75280-76612-77062-78564-78902-80667-81242-83406-83764-83814-84012-84078-85442-87394-88860-90728-91370-93743-94434-94868-96426-96810-97231-98522-98811-100056-100136-101612-104970-105652-111494-112528-112936-114006
3455,11355
3456,11357-55179
3457,11370
3458,11381-28881
3459,11384-17399-66682-106061
3460,11387-38378-41606-64567-79266-81842-107134-114172
3461,11395
3462,11399-41601-94521
3463,11400-21918-27416-39357-39497-50440-50924-51956-52294-54189-54898-55362-56098-56470-63792-65452-66086-67990-76014-76278-77688-86480-88901-93364-96986-97156-98038-104120-107306-109994-112956
3464,11412-11775-15668-17662-25610-28509-32098-36696-46282-46320-46326-51262-57346-62042-73850-79948-86363-86660-87576-104397-107026-107649-113004-113353
3465,11419-39749
3466,11425-31257
3467,11426-13272-29092-44298-50814-60200-85498-87748-90524
3468,11444-18679-29276-40181-40527-42200-44702-47693-47810-49057-53053-55135-56727-56967-59833-60523-63193-65057-65320-68544-69439-69999-70553-71417-71452-71493-72155-72173-74137-75257-77296-77985-80104-80513-80796-85012-85575-85755-87009-88489-88773-88877-90359-91338-93514-95853-95950-97797-98287-98913-100481-101771-102115-103037-105309-105403-105429-106579-106613-111329-112308-113823
3469,11447
3470,11452-15896-19993-23000-27972-31476-35456-38151-38206-40666-40748-43236-47494-49455-50083-52328-60081-64943-69324-76356-85800-90224-92541-105741-107427-111659
3471,11454-34782
3472,11465-19371-35038-114274
3473,11477-12131-12955-13317-14207-20237-39451-46025-51617-59177-80619-86243-87803-91309
3474,11478-31892-34433
3475,11485-12511-17315-19218-31877-34777-35551-36717-39391-61612-64410-72819-76973-80061-81192-84553-86337-89074-96817-102410-104420-107799-107944-112014-112313
3476,11486-92224-93563-107989
3477,11491-107485
3478,11501-92611
3479,11504
3480,11509-48727-71159-83645-94633-98955-112043
3481,11512-20686-51858-82346
3482,11523-14988
3483,11524-19544-45142-49651-50896-51141-56736-60553-61507-69854-78472-78565-78614-80784-81108-81521-85315-85780-90849-98712-105220-106490-106938-108540-110446
3484,11526-24638-27009-36100-37436-40651-45540-46483-47155-48655-50753-55336-56817-58547-59291-62315-63385-69547-73439-74688-86748-88037-91688-95360
3485,11535-17025-17207-18271-26063-32473-40451-47145-51095-52549-58149-58910-59389-60637-61545-62657-63409-65795-67353-68893-71255-71767-72145-73117-88475-90661-92609-93119-94675-95259-99607-99771-101003-101877-102429-102811-106779-107419-112161-112547
3486,11536-34064-44914-45614-54443-55878-59118-67794-94163-101273
3487,11541-21649-43003-56175-62603-65569-91607-112090
3488,11544-16788-26682-44533-44680-44684-50360-51074-58780-59764-65184-67270-79071-86704-90916-94247-100062-103340
3489,11560-13659-29482-40986-43980-45436-59476-109031
3490,11565-29843
3491,11572-45896-48956-51144-61866-63830-68822-70064-94756-95145-96126-98036-99416-104514
3492,11575-25490-71930
3493,11577
3494,11581
3495,11582-23074-34312-58856-71478-75994
3496,11588-17221-30334-33580-38322-44601-47559-53625-54309-60987-63606-67633-73243-76778-79839-81197-93932-95620-97492-97983-100226-100422-102575-105396-110150-111330-113559-114485
3497,11595-13991-20081-26777-32061-32521-32905-43825-51193-54613-61111-65267-65651-68613-70578-74003-83331-83981-86651-91289-100177-101045-104284-112267-113527
3498,11597-74983
3499,11600-65832-84430-89516-103620-111177
3500,11607-19605
3501,11609-20645-24255-34263-35365-43641-50361-58623-59577-65048-67697-75295-84461-96799-97455-103065-105357-105547-114804
3502,11617-35839-89693
3503,11619
3504,11623-22329-112685
3505,11627
3506,11632-19070-29145-36041-53381-58573-67337-75246-76511-82604-89079-97175-108185
3507,11637-17269-21803-23873-32088-58445-67917-87461-106709-111919-114495
3508,11639-15811-64013-68373-82410-85065-89879
3509,11641
3510,11644-21478
3511,11649-32005-99690
3512,11655
3513,11659-33414-35238-41354-47516-53802-65288-66979-80535-82865-98406
3514,11660-12794-17307-39395-53188-66235-70719-95391-111167-112612
3515,11669
3516,11671-100086
3517,11674
3518,11679
3519,11684-48070-55082-57766
3520,11689-22628-23791-23869-27253-33030-34569-39019-39558-40199-40903-43512-44163-44421-45085-47643-47827-48747-48963-50655-50859-51201-59391-60915-61131-64438-70568-74046-74891-75725-76858-78119-78951-82015-87891-90235-91206-96177-96222-96686-97098-99544-100235-101043-104503-104769-106380-109176-110861-110959
3521,11695-15852-20858-27578-28130-32892-38196-39531-43159-51054-52186-52462-60301-66244-72778-75052-78318-82982-85920-87586-98488-99998-102120-105034-106640-108356-108954
3522,11700-73244-100130-111922
3523,11709-55001-57155-67573-109156-109779
3524,11714
3525,11718-13676-19319-37836-45473-50666-50729-56144-56989-58702-94639-98492-104091-110789-111648-113562-113651-113722-114000-114438-114522
3526,11720-17572-23830-42690-50472-50806-52908-55150-57196-70024-70718-71678-73584-78164-81472-83998-84170-86879-94837-104432-105802-106526-108576
3527,11723-31171-42503-53677-74455-77733-103272
3528,11725-15889-19429-21781-41917-54171-58303-58597-67593-79225-101465-102797-103209-104797-106489
3529,11729-48779-56705-101651
3530,11731-14561-18495-22831-25053-37463-44397-48355-49471-49901-54961-56733-57857-58151-58521-60935-65089-65663-66347-66437-68793-72735-73443-76039-77391-77551-79635-83569-86479-90731-91055-94731-98411-98893-100453-102537-103441-103859-105932-107771-109059-110181-110419-110471
3531,11733-12717-13264-34365-34609-38229-40762-44071-52845-53639-55875-59675-60221-66739-68275-88532-96943-98309
3532,11735-29755-55569-56271-58629-59789-66221-76801-94080-100513
3533,11744-15352-18233-28118-33487-90457-92341-102835
3534,11751-13885-14895-20587-43701-49083-51381-61985-71029-76729-81795-84209-92179-92731-101083-101531-103003-112195-112372-112839
3535,11755-28759-33115-44701-59203-87308-93819-94465-95239-110253-111640
3536,11756-24913-108648
3537,11760-26594
3538,11764-45096-52730-56300-66641-69546-73438
3539,11771-76787
3540,11772
3541,11777-86476
3542,11779
3543,11790-12719-24373-27953-28413-36961-38067-51001-51741-54039-56871-58083-60699-60923-63173-68047-73702-109603-112720
3544,11792-12476-33864-68458-87703
3545,11795-49731-68787-94897-97169-114751
3546,11800-17015
3547,11802-23800-28138
3548,11813-20403
3549,11815
3550,11816-19957-25268-33544-52539-58488-58535-60286-60548-68760-76387-85486-111257-113863
3551,11829-13253-13955
3552,11832
3553,11837-43305-57531-78478-80999-82179-97906-106201
3554,11848-38097-38739-38908-45858-55910-59167-62909-66765-73654-79342-80004-81275-86549-86725-88128-92570-94662-96404-100623-101843-107952-108709-110579-111788
3555,11851-32907-34955-64353-104197-109928-113645
3556,11857
3557,11859
3558,11863
3559,11866-18717-24775-85998
3560,11870-23328-91210-105512
3561,11872
3562,11874-42631-51445-61118-62902-66160-67226-69714-75825-78652-79160-89517-109888
3563,11889-22005
3564,11893
3565,11895-38237-78831
3566,11901
3567,11904-37217-58133-63668-89701-104367-113474
3568,11917
3569,11918-31830-39883-45602-48252-57836-75743-80340-80878-82098-84776-90256-91194-92158-96380-101722-109096-109553-114339
3570,11920-29504-32427-34244-38214-61471
3571,11934
3572,11936-11984-12006-18742-19710-21852-22662-24886-29274-33898-37840-38242-40026-41120-42470-44982-45244-46478-48758-51982-53098-54912-57838-62436-63273-63342-65332-67246-67538-67970-69298-69344-70230-70746-70872-71757-72288-73776-74402-75474-77060-77826-78020-78876-78996-79972-83046-83070-83206-83380-84094-85194-85340-87192-88282-88474-88842-88998-89662-89898-90682-91752-92018-92182-92372-93092-93148-93540-94666-95448-95712-96101-96264-96324-96712-96886-99336-99360-99826-100848-101846-102461-105439-106199-106950-108224-110234-110560-112376-113838-113948
3573,11938-32418-37706-38123-42052-49502-49593-51888-52928-55410-56202-57720-58813-64006-66132-68304-73888-83857-89908-90772-91544-93656-97998-98221-101179-102083-103311-104672-106027-113038
3574,11943-18227-27517-35464-35786-53788-66027-93254-109121
3575,11946-27214-78450-94052
3576,11953-13928-23280-24316-37727-38666-38807-39370-40792-41230-41828-42291-43804-45239-49175-49289-49757-50171-50956-51026-51716-53536-54338-54571-54635-55426-56583-57097-58345-59802-60322-60515-61194-64193-64961-66595-67038-67117-70130-70212-72234-72349-72598-74389-74903-75267-77199-77384-77782-80407-80417-80429-84263-85248-85741-86280-87983-88330-88361-89625-90671-91222-92278-92376-93137-95387-95646-96745-96981-97703-98162-98242-100007-100024-100832-102844-104117-104767-105318-105952-106602-106672-106827-108351-108365-108520-109823-112342-112652-112725-113580-114807
3577,11954-83294-87966
3578,11958-12354-22256
3579,11962-22476-28924-33346
3580,11965
3581,11968-30874-33400-42199-51460-54660-63667-63714-68564-70256-72863-80169-80702-90271-91263-91815-95730-97498-104339-107426-111802
3582,11971
3583,11973
3584,11981-79749
3585,11986-17813-26484-49647-92419-98529
3586,11995
3587,11997-35637
3588,12011
3589,12014
3590,12017
3591,12018-22635-87241
3592,12022-22464-22870-25888-37908-41262-46875-49026-51638-53206-55243-56187-56818-63366-66818-70625-81815-85178-88685-89083-89831-97255-101710
3593,12024-33418
3594,12027-39996-42594-46216-50714-54106-54550-61223-75086-77931-80150-80609-84861-84905-86836-86889-88333-90811-94990-94995-96721-100538-107660-111469
3595,12031-42663-44886-64578-85513
3596,12033-12882-30383-32721-34621-46005-48147-57615-66269-68089-69139-74775-90165-95619-95773-99018-99873-111991
3597,12034
3598,12075-23745-24729-71685-109955
3599,12077
3600,12085-37515-63227-73389-77662-89739
3601,12092-57541-70912-70991-77512-87734-89782-105683-106864
3602,12095
3603,12102-14012-19381-20213-30681-39449-40029-41366-44548-58681-59195-76047-78365-89957-98291-113473
3604,12107
3605,12113-21500-40000-46323-58647-58687-61367-62017-68261-81010-86225-86335-94482-94703-98373-99633-107650-110754
3606,12121
3607,12123-34743
3608,12126
3609,12133
3610,12138
3611,12146-56226-85370-94780-104026
3612,12149-42824-83370-87986-97981
3613,12154-14882-38260-48216-55884-61432-61656-80498-89726-98676-103834-106208-110326
3614,12156-12458-21476-26566-39078-50995-58200-104690-112370
3615,12158
3616,12163-90481
3617,12169-13445-14852-24409-26191-28285-57077-60269-63565-72575-84565-85107-86585-94536-94981-95049
3618,12170
3619,12173-23227
3620,12186
3621,12188-19842-25972-28236-37094-40710-70140-102092
3622,12191-103907
3623,12192-34983-42693-61707-76965-77586-91368-92229-96958
3624,12197-17063-24060-24506-25854-36722-45709-46470-53290-54573-57975-69781-70945-71323-76618-101933-111865-112533-114030
3625,12199-25823-37634-37757-37943-38553-41855-42935-43281-44905-45073-45079-46299-46387-48303-49225-50751-53467-53921-54113-57071-57925-63165-64155-64367-64709-65185-65396-65915-68797-69895-70703-70963-72086-72337-73177-73629-76285-79459-80377-81839-86897-87992-88295-91325-92805-92941-93163-95105-96405-97587-98041-99058-100872-101211-102938-104165-104691-105301-109541-110293-110651-110827-111647-114001-114569
3626,12200-14553-18960-29537-34016-42579-43579-53253-63192-81932-83028-97362-104246
3627,12206-19632-21334-22826-26252-28970-29922-30705-33273-39261-42940-51816-56790-80800-87552
3628,12210-23721-58485-106795
3629,12219-14475-17929-32849-41479-67953-73311-81511-88075-112991
3630,12225-14995-17425-25989-32331-51497-55351-56933-57303-65719-66723-76341-86341-87281-94583-95039-98983-99457-105745-108313-109159
3631,12228-24934-34405-35818-53657-62730-82067-94271-94609-98713-99075-102397-110115
3632,12232-54026-56907-64710-80057-88484-90610-97661
3633,12236-31118-42572-43682-47002-49748-57234-57330-64768-68045-76402-77778-77800-90940-93258-101373-111314
3634,12239
3635,12241
3636,12242-60643-83377-87156-100571
3637,12245-36514-62434-69682-72418-84976-107316-112030
3638,12247-71508
3639,12249-39070-46030-55323-74826
3640,12254-28088-46657-50617
3641,12265-17577-33567-71744
3642,12266
3643,12268
3644,12273-18895-47264-57685-103361-112555
3645,12277-62501-88039-95913-101643
3646,12280
3647,12294-18196-54002-80320-83108-95814-106462-112676
3648,12297-22799-50433-51509-55411-66929-96955-107466
3649,12298-28909
3650,12309
3651,12317
3652,12318
3653,12322-20832-36694
3654,12324-61616
3655,12328-19063-26316-38263-49303-49826-51023-53864-56170-56925-58184-58602-59366-71862-79337-81938-82019-83744-86131-86579-90915-91913-94211-99013-100693-106349-108940-111857-112107
3656,12330-24755-29120-37136
3657,12332-58622-59000-60908-93904-113019-114579
3658,12340-41935-80450
3659,12350-62348
3660,12353
3661,12365
3662,12367-12551-17761-23089-33049-37665-38233-43375-44529-45441-48891-49503-49967-54287-55939-57697-58859-59567-60061-60589-63831-66423-66917-70233-74643-82003-83346-84151-84447-85143-86657-88329-89507-90655-91335-92093-93165-95193-95235-99501-101589-105505-108941-111025-111069-111771
3663,12378-19069-39882-66118-72508-88150-89382
3664,12381
3665,12384-15162-20484-21426-29430-30708-34562-40830-42460-46848-50408-52009-52144-54819-56870-57367-65649-66080-67122-69274-69760-70792-72164-72228-73170-74020-75266-76512-78541-88392-88510-88785-89804-92210-93332-93372-103390-109402
3666,12388-21496-22796-24902-26596-31208-31784-35760-37098-46162-48096-65766-68358-76702-109622
3667,12390
3668,12396
3669,12400
3670,12402-58008-65972-66527-69876-80510-81240-84081-107928-112996
3671,12413
3672,12425-21176-28273-51935-108644
3673,12429-40404
3674,12431-17785
3675,12435
3676,12436-63285
3677,12449
3678,12453-30303-31846
3679,12455-40936-95899
3680,12469
3681,12471-46567-71839-85787-90919-96043
3682,12472-19502-36496-104036
3683,12479-23029-58329-63439-65539
3684,12498-28888-32924-37892-38136-47942-52476-60236-63012-64489-66272-66485-66554-66764-68146-68322-75464-79102-83369-86531-87386-87980-94832-99095-100502-103961-104114-108193
3685,12502
3686,12504-15879-75861-94227-101518
3687,12506-37567-56556-80441-107490
3688,12509-51159-79420-102285-104778
3689,12512-34696-38384-38754-38902-40922-41556-41710-43494-44492-45444-48474-48706-48942-49474-50006-50208-52403-52566-53534-55686-56184-56228-58560-59438-60540-60962-62804-64534-68084-68486-69172-69358-71120-71722-73618-73712-75084-75714-77538-79210-81412-81680-82384-83310-83822-84344-84808-84952-85470-86254-86720-87532-89008-91324-92194-92446-92686-92898-94560-96580-97536-98296-98774-101355-101768-101922-102450-102460-105182-106713-108014-108432-112146-112348-112630-113654
3690,12514-24712-30550-33907-35523
3691,12517
3692,12520-61894-71792-78797-90586-100619-102159-104927-105615-112203
3693,12525-18981-37779-51613
3694,12526-51550-87474-98150-100684
3695,12533
3696,12535
3697,12536
3698,12539-28697-46983-59202-70787-73953-78203-98763
3699,12542-15892-22567-47273-56180-81721
3700,12545-15281-17893-20031-45875-73577-114637
3701,12546-30444-32866-38338-84992-96517-104648
3702,12556-14210-73788-82452-86706
3703,12561-100445
3704,12563-14611-19357-33645-63019-64255-68199-80117-85675-97343
3705,12567-45103
3706,12576-17285-27268-36039-39025-53004-72556-81960
3707,12578-59414-85529
3708,12583
3709,12587-60883-63765-76139
3710,12595-36815
3711,12598-28064-35164-57086
3712,12600-23538-39622-40300-40888-41944-42960-47129-49544-51098-54036-59670-60404-64074-66514-67395-67563-69269-69696-73344-78387-78596-78770-80040-83248-87271-88207-88818-91139-92829-93345-95522-95830-97820-98182-99655-104134-104967-105690-105904-106269-106282-108447-108607-110180-110847-111564-111898-113192-114236
3713,12602-26610-38766-53663-85251-97743
3714,12604-12828-13382-18006-18238-22390-22520-25722-27384-28726-28950-33046-37860-38129-38226-38898-39590-40127-40278-40488-40787-41040-41330-41718-41764-42196-42644-42757-42804-42970-43094-43342-43404-43434-44718-45228-45354-45486-45696-45860-46037-46852-47134-47364-47504-47797-48560-49107-49210-49464-50052-50477-50656-50787-51050-51787-52109-52690-52832-52947-52975-54115-54334-54692-54796-54882-54916-55341-55385-55660-56056-56116-56348-56579-57810-57944-58373-58430-58458-59493-59572-59896-59978-60000-60446-60926-61622-62221-62814-62823-63458-63862-63996-64495-64972-65488-65598-65900-66026-66968-67351-67786-67898-67936-68312-68438-69272-69404-70000-70238-71156-71848-71957-72078-72846-72943-73298-73334-73342-73427-73499-73666-74252-74342-74672-75696-76196-76554-76672-76900-77121-77791-78383-78824-78935-79304-79944-80146-80194-80237-80300-80664-80694-80755-81076-81100-81156-81550-81902-81994-82121-82557-82594-82766-84669-84966-85394-86396-86528-86920-87452-87624-87744-88676-88793-89116-89372-89710-89756-90112-90601-90602-90632-90924-90976-90996-91067-91494-91976-92566-92598-93058-93579-94139-94314-94986-95704-95850-95886-95935-96142-97191-97216-97271-97538-97790-98194-98798-99651-101134-101294-101536-102224-102226-102390-102464-102511-102514-102886-102986-103190-103384-103398-104176-104702-105500-105568-105893-106294-106476-106912-106963-107240-107872-108794-109132-110015-110070-110096-110124-110422-110566-110732-110773-111607-112027-112230-112442-112953-113235-113426-113452-113461-114405-114532-114666-114839
3715,12607
3716,12616-30925-40445-41211-53147-54302-60646-77982
3717,12618
3718,12621
3719,12626-23192-24758-29642
3720,12628-29750-38030-38168-39032-39850-40400-40988-42044-42164-42919-43271-43336-44859-45370-46553-46662-47144-47147-47305-47843-48407-48529-49925-51586-51614-52400-52745-54168-55077-57952-58020-58497-59380-60350-60981-61302-61319-61980-62244-64350-64583-66537-66869-67682-68091-69027-69459-70496-71040-73392-74849-75638-76225-78440-78624-79180-81282-81821-82416-83546-83780-84093-84393-84693-84842-85383-86210-86398-87234-87911-87973-90309-90686-90864-90902-91053-91432-92368-92873-93664-93691-93828-93897-94761-94857-95489-95975-96778-98168-99962-101250-101739-101909-102743-105473-105871-106131-107820-108062-108464-109393-111457-111946-112291-113439-113453-113536-114291
3721,12632-12636-29012-35752-41005-41881-52797-59028-62860-63407-66452-68702-71878-72836-75911-80357-82842-84680-86642-100173-100540-100978-105096-105930-108454
3722,12634-23222-23606-29584-32176-37578-37752-39356-39704-41590-52326-52882-64822-75624-78742-92094-95024-101808-113260
3723,12643-14803-42473-63131-71939-74181-81151-97189
3724,12652-35230-39516-45475-71141-95880
3725,12656-76230
3726,12666-60265
3727,12668
3728,12671-53131-103651-112773
3729,12673
3730,12675
3731,12677
3732,12685-24113-25095-84313
3733,12690-63267-73318-92959-95902-102172-106119
3734,12692-18256-45822-50669-53348-55919-60173-77258-82858-84522-88537-98191-109518-112758
3735,12697-89802
3736,12699
3737,12701
3738,12703-20153-39314-39328-40745-46353-49085-50073-51502-51884-55271-56114-65899-66116-67062-67757-71517-73696-78257-80333-80804-80951-82118-82376-83249-85142-85509-89101-96816-101432-106110-106576-110357-113912
3739,12709-27323-41791-94081
3740,12711-18849
3741,12723
3742,12724-90541-99723
3743,12727-21417-40205-41312-41777-42747-43182-44887-45152-48184-54689-55500-55502-56440-59011-62031-62917-63945-65191-67287-72759-74449-77448-78529-83147-84947-85103-86597-86621-87770-89271-89832-92613-93187-94613-98193-100554-100775-103273-103969-106275-108935-109980-111151-113197
3744,12729-15305-24074-25067-28927-54383-63101-65199-76495-80503-86963-104556-113301
3745,12743
3746,12746-28765-47042-55356-60136-64638-68790-81545-85558-88902-97338-98760-104548-113482
3747,12749-62065
3748,12750
3749,12755-13172-71617-96237
3750,12757-77003-86647-104617
3751,12764-13099-16438-40539-46846-59242-60722-63350-68603-77135-97110-110902
3752,12768
3753,12770-37938-40946-44430-47242-50098-50358-52827-53514-55367-55859-58046-60864-65269-67369-68920-68950-70724-71408-72011-72060-72914-72936-73053-73127-73185-74076-75148-76044-76328-76939-77582-81258-81348-83674-84432-90274-92977-95460-96455-98489-100030-100534-102988-105469-106702-107559-107699-108902-109253-109805-113364-113744
3754,12773
3755,12777-46644-83396-92488-93380
3756,12779-35335-42739-55309-76825-99421-107475-109929
3757,12781-78271
3758,12800-28666-64977
3759,12811-26880-31981
3760,12818-19191-26434-36276-42800-50071-50343-52543-59598-61638-67491-83267-91500-98315-101863-104780-106183-114176
3761,12826-15838-16028-21250-38330-38440-39942-40546-41242-41572-42094-45114-46510-51118-58204-60084-61606-62728-64336-64754-65464-65580-68432-72215-75552-76204-76550-78360-78534-79780-80794-81814-83072-83330-85226-87218-87883-88760-90964-91596-91802-92886-93082-93568-94168-98232-101522-103348-104348-104960-105375-106210-107994-110257-111924
3762,12837
3763,12842-58424
3764,12846-14836-30182-32491-58572-69213-69549-78728-100113
3765,12857-23411
3766,12863
3767,12871-34632-44837-61493
3768,12872-29178-65809-82764
3769,12875-84396
3770,12876
3771,12878-71906
3772,12887
3773,12893-50733-97895-114593
3774,12894-18206-22269-35513-45057-45552-57634-58318-84027-87483-88971-101966
3775,12899-44437-103687
3776,12904-26376-51457
3777,12909
3778,12913-56131-70177-76527-90988-108635
3779,12927-26601-29355-32517-55161-56029-56382-93375-104939
3780,12929-17517-20567-28239-36633-40667-57692
3781,12933
3782,12934-19898-38147-39975-55633-63705-70137-79424-80298-94659-102155-108250
3783,12940
3784,12945
3785,12950-14036-41940-47076-48222-61992-97710
3786,12953
3787,12956
3788,12960-15894-52374-101122
3789,12963-23317-29199-33897-42047-44271-45514-47051-49725-50963-56518-66125-87723-93081-94672-104650-106249
3790,12964-18936-28023-40512-41451-42313-42655-45672-46824-51726-57837-58884-60162-60554-66950-82236-84428-86474-88610-89990-93555-102351-107884-109492-110043
3791,12966-37980-57659-63164-81530-95535-104776-113856
3792,12969-102106
3793,12970-46304-50368-53135-56748-57428-60304-64494-72373-79275-85824-98512-106724-106904
3794,12976-42416-53973-61024-68589-74423-76633-79242-83319-84770-100333-110085-110897
3795,12981
3796,12985-93309
3797,12986
3798,12989-13575-31331
3799,12991-14973-46679-55013-63089-66677-97993
3800,12999-87201
3801,13003-15253-25287-39084-39505-49176-49379-50508-52747-56947-57919-58854-67973-67983-68027-68925-74966-79045-80833-83110-90487-92447-94971-96309-98427-101637-102207-102935-104055-104628-107583-111095-112833
3802,13017-29295-38355-38467-48809-49131-53721-57241-71369-73179-80629-80949-90015-99611
3803,13020-15960-23726-29874-39408-43857-43902-48844-49231-50429-50780-51708-54322-60132-60234-61795-64320-65821-68210-69253-69726-70412-72426-77527-77720-78205-78954-78991-80530-80736-81699-83658-84154-86780-88302-89852-91698-93242-95048-95330-96736-96768-98222-98472-99712-100777-104374-104456
3804,13023-17483-22353-42821-51825-86239
3805,13025-61373
3806,13026-35354-44082
3807,13033
3808,13035-17001-21255-23361-24229-48959-69655-74073-90479-101021-103713-110260
3809,13040-46065-46172-54228-55244-59935-65618-74910-75386-86798-92808
3810,13058-55213-113906
3811,13060-15548-16572-20356-26262-26770-44484-44654-47156-48707-51528-52782-55180-55512-55676-57790-62666-63302-63642-66194-66470-66709-68028-68282-72278-74490-75916-80842-81727-89230-90188-90960-91588-95179-96130-96210-102740-107888-108416
3812,13065-14764-29246-58782-67397-73550-74245-80631-88560-98216-106995
3813,13071-91097
3814,13072-20652-27592-27773-30257-51207-61913-64744-81602-110297-112131
3815,13075-41044-63228-65722-112315
3816,13079-101473
3817,13086-99578
3818,13089-30855-36977
3819,13094-87974
3820,13096
3821,13105-33979-69943-73317
3822,13107-13323-37561-48399-49047-49866-50759-51814-55330-55487-59107-74183-76334-76409-82613-92649-94652-101425-103167-105577
3823,13109-40035-41200-59319-60504-64057-72897-90641-91079-92571-97697-98035-102827
3824,13112-19944-84868-109433-109653
3825,13119
3826,13127-19785-102749
3827,13129-16176-28670-44555-47178-50410-50550-55554-57657-67385-69065-71483-74114-76803-87585-100831-106705-112311
3828,13131-21045
3829,13135-110225
3830,13139-33227
3831,13140-29050-87154
3832,13150-21881-33553
3833,13152-25322-27223-45922-50675-54396-57104-64691-67386-80876-96776
3834,13155-103931-113578
3835,13159-13601-17141-32121-37563-37741-39087-45375-46853-47520-47527-49563-53007-54151-54881-54939-60307-64461-67249-67315-67524-70273-71531-72595-73109-73479-73683-75807-78570-79139-85695-86801-87357-87715-87799-89141-92470-95954-96095-99542-101369-101957-109066-109515-109791-111101-111347-111541-112001
3836,13161-25177-31705-33711-49597-80177-81967
3837,13182-18404-47014-50710-73621-82652-100912-102978-107730
3838,13187-13805-41197
3839,13191-108891
3840,13192-70526-82005-82211-107377-113205
3841,13195
3842,13197
3843,13200-15690-18338-23064-26122-35799-40857-46570-62022-72813-75898-103824-111298
3844,13202-17575-18545-18618-23702-28919-38204-38451-38516-38657-54034-56103-63383-72635-76989-77996-85291-93513-93617-99101-103409-107808
3845,13206-94093
3846,13214-21034
3847,13216-35669-112575
3848,13223-24091-28620-29086-29308-43734-47174-48645-58704-75164-88401-90584-106299
3849,13226-13618-31110-44132-64459
3850,13229-19170-36320-37772-38352-38816-42430-43272-45398-50168-58137-58608-66940-66986-66999-67244-73337-73846-76960-77456-82671-87887-88541-95274-95936-95965-98582-101874-106285-110683-114202
3851,13231-19240-57307
3852,13236-33020-39430-42980-61193-111418-114488
3853,13239-28539
3854,13243-19669-22841-43830-79919-97815
3855,13247
3856,13261-19263
3857,13270-15940-17064-33814-54229-55548-56854-57106-57780-58084-58616-63354-65762-65988-72618-75380-77106-77824-79136-90696-91490-93692-94889-103308-107320-111626-114892
3858,13284
3859,13289-14623-44521-97361
3860,13293-20323-112197
3861,13296-43011-56290-64034-76593-111629
3862,13300-17476-24000-30224-31127-40678-45421-47807-48567-50065-50380-50756-51610-55620-56178-57704-58337-60598-63055-65948-71825-72675-75097-77951-81504-82854-82882-90812-91768-97293
3863,13305-21145-25893-28199-38855-40517-41065-41767-45831-54225-58789-60177-66547-69520-69727-77119-77919-80561-85968-87790-88303-91846-94265-97559-110672-113219
3864,13311
3865,13312-41464-49592-56544-65784-77920-84002-85690-85890-88522-92188-96680-106196-109142-112166
3866,13314-16674-76330
3867,13319-47543-64331-83575
3868,13329-31359-39781-57141-71445-75345-77573-77647-94476-97871-111959
3869,13339
3870,13362-21550-105782
3871,13369
3872,13371-40323-86073
3873,13375-13823-15563-18149-34825-47211-51579-53385-56519-60991-61827-63761-76723-79055-87309-89725-94787-97353-99959
3874,13377
3875,13378-23079-24324-24750-44921-45363-47509-62207-72892-80128-83681-84883-88945-90539-93306-96979-108259-110639
3876,13387
3877,13390-22625-68576-78246
3878,13398-25681-38112-58010-93531-101171
3879,13401-31849-50967-52221-61661-66701-73761-89221-94724
3880,13408-26115-29592-46741-63672-66814-102104-113962
3881,13412-16610-43760-63196-76282
3882,13418-21542-43034
3883,13423-32994-42556-57093-57940-67833-107631-111432
3884,13425
3885,13428-16532-85560-93480
3886,13431
3887,13434-56246
3888,13439
3889,13447-30977
3890,13449
3891,13451
3892,13452-41576-43523-50727-64426-65012-73543-75268-91229-107077-111276
3893,13457-27679-34020
3894,13459-15405-21547-24417-38341-78467
3895,13462-14041-28997-39863-68386-71738-72497-96042-110403
3896,13471-13747-42197-43156-49543-65990-66625-112031-113961
3897,13475-26164-35710-35962-44034-44978-75114-84638-87908-100222-101018-113500
3898,13478-43402-94624
3899,13481
3900,13482-20894-40953-49789-56069-57669-60918-67094-73483-74943-75804-79438-79706-84038-88806-89704-94004-94799-96567-97555-97853-98135-101648-109292-109302
3901,13485-38055-58047-62051-62945-81381-88525-101989-105999-106411-113109
3902,13491-19935-28943-34369-40211-50075-52581-57507-59036-59845-60663-62023-66655-68122-68381-68801-73503-74083-84103-84799-110466-110925-114198
3903,13494-76968
3904,13497-14896-31074
3905,13498-25736-36990-45232-48338-72984-84032-94186-97624-108102
3906,13502-37700-40514-42680-44947-51983-55141-57906-70622-72934-76588-79184-91351-93957-94742-104032-106374
3907,13521-35435
3908,13525-32077-37245-89284-93297
3909,13527-38625-41755-44761-50923-57865-58513-59681-67409-72303-75643-85809-87127-96529-99489-108073-110945-111303
3910,13534-17478-65387-82132-84686-85608-96098-99180-106217-113581
3911,13538-15840-28033-35593
3912,13541
3913,13542-34358-41497-41903-49716-60135-60361-60812-62090-64506-66516-66815-69225-71268-92691-95136-99624-100057-100782-107484-107544-112408
3914,13545-24683
3915,13561
3916,13568-13847-30877-33345-34813-38854-39656-40085-40526-41519-46041-58536-58555-65505-66022-66281-68263-69197-75082-76439-79253-79479-89436-91054-91806-95445-95781-97506-100915-102148-104183-104228-104428-114749
3917,13579-38810
3918,13581-60327-68158-73656-111842
3919,13591-95969-105815
3920,13597
3921,13609
3922,13612-64493-89588
3923,13615-19805-67475-74821-96096-109389
3924,13616-25154-46827-61836-67649-99088-99748-103175-105823-105916-107886-111495-112301
3925,13621-23725-29379-62935
3926,13623-17083-21159-29919-33455-39939-41435-51173-52392-69337-73128-80223-90203-90237-97333
3927,13624-31569-43761-57897
3928,13629-18513-65259-73341-78238-80585-81069-82933-83587-88923-91878-94927-110092-114617-114885
3929,13632-33694-37278-49858-52564-69445-79228-80925-87143-94701-112467
3930,13634-14964-20294-24314-34878-53002-100079
3931,13638-15406
3932,13642
3933,13644-21618-42666-48274-49894-54180-62004-63780-64454-66614-69374-73238-77790-86790-89070-96859-112742
3934,13655-35732-56641-57098-92269
3935,13668
3936,13673-16051-20735-29301-40655
3937,13684-32607-38023-38701-39697-43778-44221-45194-46631-46790-47456-47758-47779-48403-48834-49791-51274-52141-52407-52477-52491-52503-54182-54856-55189-61119-61175-62001-62141-63746-64508-68517-73709-75091-75238-75355-75685-76211-76789-78157-78441-82995-83045-83640-86327-86333-89527-89951-90383-92863-93414-93720-93855-98775-99001-99927-100293-102000-104175-104961-106177-107141-107293-107647-108945-109965-111425-112829-113053
3938,13689-110468
3939,13695-24611-32787-43943-62077-104675-113851
3940,13699-106471
3941,13701-35380-37804-49089-51975-53393-53811-58971-59159-65849-75481-81107-86302-90877-94929-95556-102462-102857-112593
3942,13703-22317-36011-42575-71213-83335
3943,13708
3944,13717-71954-109374
3945,13718-25612-29412-45176-49864-59102-110222
3946,13723
3947,13729
3948,13730
3949,13734-32012-55158-59868-85978-88198-97712
3950,13737-81750
3951,13744-26315-31644-105731
3952,13749
3953,13758-50947-74323-76891-81577-103380-111143-113008-114765
3954,13761-55739-65625-69497-77053-81878-82929-93231-94688-97265-97605-109516
3955,13763
3956,13764-36748-37666-41465-46204-49708-53816-62444-66708-67802-68454-76188-76194-79900-91890-93793-98884-100658-102688
3957,13767-30583-97520
3958,13769
3959,13771-74499
3960,13774-31506-58502-72015-81819-85367
3961,13777
3962,13779
3963,13784-16803-18132-19571-25398-46464-62708-85873-111003-111847
3964,13789-13987-35857-41889-49835-59437-63281-78729-83869-86859-92997-104683-105873-114099
3965,13793
3966,13796
3967,13801
3968,13803-72987
3969,13806-43686-95322
3970,13811-28225-28323-49016-55611-58403-60841-87939-95587-105047
3971,13821-14857-17271-35891-42845-42851-47061-47415-50769-58745-63919-91763-100655-106893-108487-111881-112883-113207
3972,13827-27053-41930-66275
3973,13828
3974,13832-15049-25982-38209-38660-39560-43053-43498-45656-45674-46183-49068-51281-51390-52319-54710-55268-55550-56536-56718-59642-61834-62690-66542-68448-70950-71715-74338-75263-75667-79701-80866-82080-82405-84924-84960-87128-89054-91409-92520-92555-93114-95156-97012-98048-99977-101873-104066-109048-109526-109703-112111-114098-114634
3975,13834-29236-30174-56474
3976,13841-24350-78823
3977,13844-22932-31556-52470-65210-71410-72016-80820-83050-89048-96240-98333-112850
3978,13850-41656
3979,13857-51361-58251-91538-98102
3980,13858-19000
3981,13861-54221-66811-70251-92870-101060
3982,13863-73878
3983,13875
3984,13887-41096-50933
3985,13891
3986,13893-94420
3987,13896-47564-79597-93133-94859-112011
3988,13898-50476
3989,13903-18741-21607-38879-40905-40913-45601-45969-46045-49159-50257-54125-54129-54237-59871-60187-62621-64371-65461-69515-70705-70927-71077-71717-72097-73401-73875-75919-78688-80901-81251-82409-85975-87039-87360-87763-87917-87993-89491-90497-92711-94259-96555-97111-98043-98213-99507-99669-100567-101335-101345-101485-103443-103669-108129-108777-109477-111381-111565-114857
3990,13915-14581
3991,13917-15748-20331-26806-38068-39056-71828-92361-94626-101752-102283-103604-105245-110000
3992,13921-37597-37902-44230-45675-47020-54352-56421-57014-58244-58532-67434-90786-93766-95530-97048-98821-100597-106798-107548-109632-112708-114376
3993,13924-39666
3994,13927-14383-24191-24227-41981-44283-63455-72537-94709-110909
3995,13930-15911-23952-101246
3996,13939-29369
3997,13942-52228-80344
3998,13952-43876-52336-64037-81371-104152
3999,13956-73396-78346-95459-100020
4000,13958-65984-108066
4001,13973
4002,13975-54470-78121-86080-90279-91078-108044-111989-112766
4003,13979-28999-41495
4004,13982-33268-35613-35936-37052-38354-44954-46322-52046-56471-57559-63960-65372-70308-71428-74620-75522-76708-77854-77866-80570-81552-84222-84496-84551-85640-85994-88438-89960-90514-94964-97954-98178-102730-104341-107564-109922-111306
4005,13992-40661-47950-52786-110211
4006,13998-14096-23105-24367-27572-32692-32954-33801-35226-37765-37937-39551-51342-63543-63802-66775-73645-75300-82984-84909-91025-91073-91403-96041-96967-99880-100081-102722-105279-108480-112716-113129-113485-114648
4007,14004-54096-112144
4008,14009-27121
4009,14010-92154-101495
4010,14014-77815
4011,14016-44536-46840
4012,14021-15261
4013,14022-111938
4014,14034-21071-24850-28164-38232-40987-44116-44897-46432-52039-53988-54764-54918-60729-62466-67316-72206-77338-78174-79147-86655-87350-90633-92684-93204-95144-98802-101073-107920-110999
4015,14045-26625-50843
4016,14046-15220-15772-15870-16628-30892-37158-37684-37891-38162-38333-39910-41412-41458-42564-43585-44204-46336-48134-48347-48692-48804-48938-49800-50314-50548-51128-51690-52279-52320-52552-53062-53627-54016-54492-56424-57074-57116-57898-58014-58766-59138-59986-60096-60297-60625-60796-61291-61394-61396-62138-62414-62646-63117-63842-63890-64283-64286-65068-65678-67454-67560-68616-69032-69110-69359-69614-70098-70548-71214-72286-72781-74108-74968-76128-76678-76854-77007-77360-77686-80049-80190-82010-83500-83652-83748-83874-83978-84044-84316-84471-84642-84692-84839-85166-85259-85772-85918-86140-86358-86942-87518-88346-88502-90683-91548-93516-94704-94877-95180-95541-95604-95910-97178-97806-98105-98176-98634-99024-99666-99735-100356-101464-102302-103226-103948-104856-105123-105278-107470-107510-108132-108430-108614-109112-109682-109858-110658-111288-111352-112488-112823-112993-113294-113349-113486-113490-114664-114812-114901
4017,14052
4018,14055
4019,14058
4020,14061-63265
4021,14062-43838
4022,14069
4023,14072-81388
4024,14074-14500-16807-22676-39888-88683
4025,14079-21931-49215-64951-65449-65727-70839-101361-101365
4026,14089-37015-85954-93317
4027,14095-109151
4028,14103-32933
4029,14108-16619-54197-55061-81046-107303
4030,14115-70562
4031,14122-45498-72120
4032,14126
4033,14128
4034,14140-14878-18119-24184-32270-33294-37299-61260-61609-64478-68264-68326-71073-76017-80020-84596-85546-90135-91426-100974-110153
4035,14149-111761-114049
4036,14154-16990-41663-44161-47593-55090-59733-67059-70467-71990-77877-83302-101703-102795-109364-109907-112769
4037,14165-27539-51183
4038,14169-23931-32343-34513-35639-37379-38371-38588-41205-41613-44873-46355-50299-50565-51423-57189-61881-70455-74357-76345-76619-81744-84444-88240-88615-92243-100713-102001-108819-112127
4039,14174-111084
4040,14177-63899
4041,14178
4042,14186-14675-16447-25439-41019-50191-68768-81939-84127-88328-89110-99151-101615-103869
4043,14189-31329-86560-102333-112835
4044,14192-20761-22098-24891-34664-49500-55444-56047-66840-67088-68695-69939-71061-71788-73272-74044-74255-75961-84688-87860-90836-93638-99050-103936-105726-106460-108467-111524-111688-112232-112530
4045,14198
4046,14200-33526-47481-51312-55162-69316-91264-98868-100707-103282-109232-109837-113583
4047,14216-17830-25082-44266
4048,14218
4049,14220-21615-68539
4050,14225-25051
4051,14227-71808-76959
4052,14228-36616-37236-44418-67949-73809-74136-79426-86593-90460-109636-113861
4053,14231-16477
4054,14232-25023-27074-45067-56704-60159-64934-76929
4055,14234-37422-68662-68700-72154-77352-86923-87600-95840-107322
4056,14244-19434-28506-37762-39008-40305-42969-44130-49252-50908-52796-56455-57690-59554-59740-60170-62609-62760-63044-69181-70286-73616-75357-84658-86540-86714-93086-93886-101858-102790-103156-106206
4057,14249
4058,14251
4059,14252-18341-55106-87721
4060,14255-15019-91840-109368
4061,14256
4062,14259-19223-52183-83355
4063,14271
4064,14275-72250-83533-113237
4065,14281
4066,14285-21701-96820
4067,14289-25313
4068,14290-17779-79938
4069,14292-19201-46402-68056-92736
4070,14295-38419
4071,14297-15417-19261-23421-24107-29609-30353-31869-37431-38615-39323-39542-41151-42175-42737-42811-44667-45061-45151-45519-45786-46009-46685-47458-47791-48965-49313-50069-50650-51970-52051-53132-53223-56977-57412-57739-58098-60037-60825-60943-61479-61745-63036-66101-66473-68235-69109-70053-70565-70823-71451-71474-73140-74247-74535-76235-77531-82418-83159-83423-84409-84613-88001-88491-88980-89833-92043-92841-94587-95414-97196-97503-98225-99979-100313-100549-100562-101226-101565-102531-102657-104212-104344-104483-104607-106353-106971-108871-108965-109655-109859-110567-110631-110811-111827
4072,14305
4073,14312
4074,14317-26053-26467-32407-39513-46804-58945-76146-78051-79271-107434-107845-114111
4075,14318-27558-64656-67413
4076,14322-41064-41442-42475-56478-64919-97958-99194-102006-111466-113417
4077,14333-18673-32615-48789-67191
4078,14339-21784-22249-30650-43975-45751-46687-76659-90934
4079,14341-46419-50253-53991-93529-106973
4080,14342-112972
4081,14345-36801-40683-70931-76653-86861
4082,14346-22051-35300
4083,14356-15586-46192-47918-53490-60252-63376-70478-78812-83900-84076-84690-85198-112464-112525-112736
4084,14361-49921
4085,14365-29779-40658-48929-50337-53630-63095-76701-79777-97200-97886-107462-107697-109467-111144-112613
4086,14372-22596-64590
4087,14384-75540
4088,14387-30209-40741-80711-108956
4089,14390-19976
4090,14398-19314-39264
4091,14421-19459-66573-74565
4092,14431
4093,14433
4094,14434-77100-94293-107709
4095,14436
4096,14441-37807-38281-38447-38457-38469-39156-39891-41371-43920-44025-44148-45637-47166-47175-47457-47491-49096-50747-50831-51267-51819-52297-53641-54823-54825-55993-56139-56205-58607-58613-59915-59997-60743-61931-62601-63359-65523-67031-67565-68058-68721-69006-70615-70757-71013-71484-71601-71777-72382-72685-72967-73795-74823-76115-76937-77439-78325-78855-79001-79237-81347-81591-83792-83985-84543-84671-85247-85857-86477-86976-87131-87543-87615-88556-88757-88763-88878-89145-89319-90109-91811-92217-95597-95747-96438-97780-98255-98319-101653-101667-101719-101747-102258-103650-104008-104011-104389-104809-108116-108251-108347-108747-108757-110641-111053
4097,14444-37248
4098,14455
4099,14457
4100,14467
4101,14470-35745-41997-46783-52413-54323-55568-59345-60852-80998-81536-95525-98385-99713-107971-113088
4102,14473-19294-20453-26760-28414-28614-31942-39026-45573-55420-55943-56976-57037-58770-62438-62738-64676-68367-72064-77124-81607-84785-86713-88018-90132-91460-95332-105280-105758-108829-111830-114154
4103,14477-80443
4104,14481-36370-45175-98699
4105,14485
4106,14495-15279-36913
4107,14497-45413-103470
4108,14515-14672-24803-25945-30013
4109,14527
4110,14535-29905-45737-82567
4111,14537-37348-38769-39060-39288-39354-40055-40709-40712-40872-41130-41524-41752-42004-42634-42946-42968-43054-43361-45572-46380-46961-47332-47484-48268-48320-48406-48444-49660-49755-50054-50200-50605-51280-51366-51776-52468-52880-53110-53806-54342-55920-56364-56800-57373-57703-58210-59199-59310-59354-59690-59818-60472-60482-61420-61568-62186-62886-63167-63406-64110-64750-65246-65386-67410-67642-69246-69285-69332-69736-69775-70794-71696-72626-72776-73112-73370-74713-74788-75186-77218-77602-77844-78090-79848-80511-80791-80900-84436-84674-84732-85804-85884-89220-89340-90410-91224-91914-92226-92280-95444-96312-97440-97844-100338-100452-100746-101992-102264-106281-106326-106452-106511-107698-107704-108866-109276-109424-109558-110808-110853-111852-112396-113607-114508
4112,14538-19052-19136-26308-44462-66206-82196-95756-100122-101998-102802-103792
4113,14541-29410-51600-73142-73375-83334-96030-114008
4114,14542-29206-56909-81105-105315
4115,14544
4116,14558-24027-51082-56664-62461-84090-89021-89878-108771
4117,14565-21993-37155-112091-114803
4118,14567-23567-36296-39346-43535-43717-47519-48664-52930-60291-66493-67254-68590-76473-80180-80598-82637-83733-86265-88000-93074-96157-102663-107723-107860
4119,14571-29009-41581-41841-62808-63289-67129-73373-90561-92901-94589-95509-104082
4120,14584-46200-83053-105884
4121,14588-17208
4122,14592
4123,14596-40743-41175-46476-62468-108396-110173
4124,14598-34972-67334-84959-95252-95876-109656
4125,14601-27996-37734-45440-55683-72051-76483-91119-93415-101815-109869
4126,14605
4127,14607-15953-30879-41517-45600-45818-47967-64429-64991-65371-67135-77925-79165-81705-86829-97227-98299
4128,14615
4129,14616-37074-37646-37928-43712-44158-44220-46806-47184-47552-49892-50028-50870-58746-61550-62612-62958-63554-64428-66898-67484-70154-70492-72180-81004-84784-85650-85694-86832-88266-95062-95388-101818-102388-104048-107816-110720-111822-112824
4130,14621-14957-18246-27979-40463-42907-46965-49999-57273-57591-58959-61395-62410-62847-64203-64421-67493-68433-69116-73057-73523-74735-76286-79113-83095-83763-84775-84816-85271-85671-87145-87279-89187-89473-89917-92937-95532-96265-96313-96373-96835-97277-99076-99539-99972-102389-103795-110353-111809
4131,14633
4132,14634-39642-55430-55604-60390-71046-73458-73598-90348
4133,14636
4134,14639-38073-41423-54335-68709-86244-92207-105121
4135,14644-22666-34942-51517-63335
4136,14651
4137,14652-104704
4138,14662-36760-48060-61018-66321-70210-73806-74952-75096-76468-95506-106990-111268-112890
4139,14668-21351-27401-28099-39405-52771-58697-60829-61409-64997-71402-76111-81345-83861-88339-88589-95115-105153
4140,14681
4141,14682
4142,14684-24500-40911-43331-46363-46706-49358-49466-62746-64299-69678-70681-75346-75860-84062-87014-91655-91936-97675-99589-101664-101868-103234-104148-108903-111883
4143,14691-19697-37055-92801-109865
4144,14696
4145,14714-19969-27399-52053-61321-62837-105833-110971
4146,14717-56689
4147,14719
4148,14720-22224-52693-108693
4149,14724-17012-23324-24974-39432-44059-45104-47432-48994-50398-51780-60227-67147-70427-83266-93106-96396-103436-109580-111571-113910
4150,14728
4151,14734-65570-93238
4152,14739
4153,14741
4154,14745
4155,14748-14776-76405
4156,14751
4157,14753
4158,14760-28189-37007-57207-60093-69863
4159,14763
4160,14770
4161,14781-38828-50878-55700-62856-64906-66136-78514-95868-97370-98856-106600-111176
4162,14785-26820-64262
4163,14787
4164,14794-35540-59144-73698-109876
4165,14797
4166,14808-91171
4167,14811-61081-62431-98533-102439
4168,14816
4169,14822
4170,14825-20029
4171,14826-15462-23576-24328-27594-35346-52002-57880-58836-63212-85696-99548-100494
4172,14831
4173,14841-20641-24989-37109-38569-45279
4174,14843-29845-48464-60777-89233
4175,14849-15753
4176,14855-29414-31367-32353-76773
4177,14861-28003-37689-39630-45627-50528-50571-59237-59305-65110-65927-67849-68318-81211-82325-84515-85173-86484-87187-88795-93100-94190-98350-99277-103872-109458-109826
4178,14862
4179,14868-21336-35654
4180,14873-27087-67420
4181,14874
4182,14877-27639-39139-42933-48123-50265-51433-51639-54249-58939-63424-63949-65929-65941-67677-69713-70713-71606-75105-78741-79399-82361-84721-89163-89307-90789-92431-93907-95557-96137-100769-103467-106719-107351-108363-108587-109346-111131
4183,14880-96402
4184,14886-16580
4185,14891-27077
4186,14907-95940
4187,14910
4188,14915-58566-68688-69826-87026-89614-106230
4189,14916
4190,14925-95820
4191,14928-15430-18860-24948-43604-52632-59460-66021-80659-81324-82827-86118-86464-87506-89029-99026
4192,14931-16431
4193,14937
4194,14938-20844-44891-72641-95721
4195,14945-17381-27945-35105-72465-79205-94421-109165-114147
4196,14947
4197,14949-58509
4198,14951
4199,14959-23385-34386-54785-58299-60851-62008-64565-77849-95243-105621-107980
4200,14961-51319-62355-89127-110313
4201,14969-22923-33257-49665-51303-61107-65577-78347-81095-82049-89185-105197-106743-108435-112659
4202,14980-22158
4203,14983-34811-39441-52547-75160-76392-85713-106604-112159
4204,14990
4205,14996-15494-21294-31512
4206,15002
4207,15005
4208,15016-26117-33468-40373-40974-46235-47146-47742-47974-51619-52210-53882-54300-56403-62906-64980-65681-72034-80982-84416-84830-84850-84925-85190-87841-96334-96382-98451-104786-104812-109172-111931
4209,15020-39442-75510-76258-76949-89358
4210,15028-86558
4211,15030-47698-84532
4212,15036-21458-26926-34390-45098-50000-63663-67355-67662-69683-73102-74123-74507-79258-85646-90075-95733-98001-99243-99772-101385-102622-103106-108166-110191-111390-112838
4213,15040-98016
4214,15052-32334-46247-47955-50818-57416-61644-64522-70026-107680-109254
4215,15056-37584-70070
4216,15067-26173-100438
4217,15072
4218,15079-15917-101403
4219,15081
4220,15082-15534-15912-21422-21702-22604-28128-35536-38698-38939-39894-41053-41060-41844-44288-45526-49154-49601-49903-51476-53750-54414-55846-56893-58028-58999-59752-60804-61288-61779-62604-63014-63916-67815-69376-69526-70704-71705-73202-74408-78842-79082-81328-83164-83422-84215-85468-90172-90352-90858-91645-92183-94234-96829-101620-101908-101941-102659-102973-104330-105128-105834-109137-110241-110584-111468-112354-113601-113960
4221,15084-18604-19084-22656-26614-29596-48820-64898-77032-98090-111590
4222,15086-23662-52648-75801-93014
4223,15100-41760-42230-47705-53191-53500-53725-56972-57145-60237-67818-70672-71582-72231-72828-79233-80544-80548-81650-82648-85960-89489-96271-96648-109454-111593
4224,15105-23862-25234-36540-75550-77272
4225,15113-42285-91428-113571
4226,15114-37498-39022-41624-41894-45348-69302-69958-86946-89520-93630-94792-98646-98770-101554
4227,15121
4228,15125-20969-21713-30579-32299-34619-47037-49805-54967-63549-68995-75473-102719
4229,15127
4230,15128-33806
4231,15131
4232,15135
4233,15137-28207
4234,15139-36615-77441
4235,15140-16768-21694-29548-34048-39502-41086-51774-65091-65281-70010-80241-82470-83514-88068-88220-94752-107058-111958-113542
4236,15153
4237,15154-18192-23972-27780-43396-89316-99324-101760-109874
4238,15164-38455-38580-40859-46519-47323-50298-54711-55458-56621-64751-65751-68329-69191-69468-70844-91527-94446-100017-100558-100732-101090-101182-102276-104885-105165-107157-107433-109988-111279-111875-111955-112444
4239,15167-15387
4240,15171-88975-111756
4241,15181-63725-69722-79448-83326-91608-100737
4242,15187-34207-53833-102703
4243,15188-27154-38186-42268-43135-44524-46294-47447-50854-52056-54453-56551-56691-60687-61637-62007-62403-66150-66343-67669-67846-68101-68510-69815-72224-73058-74321-77927-78677-78693-79515-79953-82160-82763-82919-83623-83721-86060-87297-88376-89190-90254-90515-90779-91080-92851-93223-93560-95201-95357-95980-97380-99420-100591-100833-100928-101816-103851-107098-107668-108574-109187-112312-112486-113401
4244,15190
4245,15193-22064-30006-30254-39524-40380-42474-42852-54008-54248-54844-54954-56036-63057-63066-67452-69530-72151-72540-84132-91038-91145-94668-107870-109700
4246,15199
4247,15201-62089-100818-102141
4248,15223-29097-33799-36525-38891-75663-90134-91755-95124-97736
4249,15225
4250,15236-21652-63580-75180-76354-76810-110772
4251,15241
4252,15250
4253,15254-33170-33590-37382
4254,15257-57485-62333-97611-101056-104695
4255,15259-19825-21572-61355-98359
4256,15273-25579-33747-47668-57148
4257,15274
4258,15277-59459-110087
4259,15285-18871-73938
4260,15288-29682-80886
4261,15292-29986-40719-41415-41447-41480-42270-42795-46050-50563-55669-64964-65143-77965-83885-87667-98273-101315-106483-107133-108130-108533-108621-109285-114361-114700
4262,15296-37558-43960-51835-55466-59115-64564-69306-69536-70357-73858-74864-76057-96230-99007-102545-103546-113230-114825
4263,15300-15460-29018-89300
4264,15306-79572
4265,15313-21895
4266,15327-16899-17043-22595-25575-32267-32771-46316-51733-63994-65427-74329-79682-79758-88503-93823-102536-106394-107757-112413-112817
4267,15331-108913
4268,15333-15906-38060-49295-55575-59473-94267-104931
4269,15341-16556-18832-20068-28929-30567-38303-40962-41024-47366-48267-49838-50113-56846-61874-62088-65828-68765-68805-69173-69229-70984-79009-87444-87958-90267-90833-91446-93104-99788-102702-103365-104524-105772-105776-111421-112903-113550
4270,15347
4271,15348-29994-34081-37460-37896-38246-38558-38607-39242-39378-40996-41177-41240-41400-41602-42568-43108-43126-43232-43968-44452-44664-45408-46028-46586-47358-48242-48304-48616-49202-50373-50688-50898-51412-51909-52354-54097-54416-54964-55046-55636-55702-55956-55976-56070-56207-56594-56760-57866-58482-59287-59708-60428-61004-61102-61359-61454-61682-61916-61964-62160-62194-62360-62769-63024-63602-64205-64671-65544-66006-66276-67942-68666-69503-69587-70344-70590-70649-70818-70852-71042-72163-72782-72964-74562-74888-75567-75712-75840-76333-76752-77644-77942-79580-80422-80582-80642-82986-83684-84570-84801-85625-85682-86085-87388-87672-87996-88076-90260-90265-91660-91940-92080-92450-93006-93172-93200-93279-93405-93418-93518-94066-94352-94900-95222-96366-97199-97826-98114-99850-99990-100632-101034-101196-101228-101252-101820-102152-102378-103526-103562-105042-105261-106046-106120-107376-107926-108316-108834-109025-110874-111182-111636-111782-112362-112418-112513-112856-113144-114496
4272,15361
4273,15367-16797-26613
4274,15373-37133-37823-51751-61383-68169-101870
4275,15374
4276,15380-30106-44392
4277,15383-28435-66913-84847
4278,15393-51059
4279,15397
4280,15398-29572-31661-50231-65921-69049-69325
4281,15410-23346-28912-42426-42701-47856-83062
4282,15412-37944-73630-95978
4283,15422-16410
4284,15425-50775-51750-72345-85308-91567
4285,15433
4286,15439-39779-67041-69124-78233-99223
4287,15452-45661-64232-68143-70452-71899-76246-83287-92982-94022-97447-99452-106646-113675
4288,15458-62135-76818-110537-112361
4289,15465-36893-108921
4290,15467
4291,15469-21940-46701-82095
4292,15473-37643-52238-53157-55151-61619-61869-77259-80135-81729-82183-84545-85567-86643-97987-102064-104821-107701-109561
4293,15488-30489-31338-41938-49315-56759-62098-62469-76101-80181-82545-83794-89497-92323
4294,15493-36483-93891-112523
4295,15499
4296,15502
4297,15505-16166-27066-28558-39623-46338-50215-57187-80007-84289-85353-101212-103301-106218
4298,15506-33100-34547-35878-44156-47735-49428-53283-61854-64882-66566-76926-79178-80382-80468-82058-86668-91012-94858-104112-108136-108842-111592-111700-114476
4299,15516-31986-67308-87114
4300,15519
4301,15525-29042-44874
4302,15527-35903-74173-105420
4303,15546-48799
4304,15557-40795-40845-41516-43625-46472-49461-51557-54531-56171-56901-58525-59353-62477-63817-67741-74163-75284-77265-86627-93611-94813-95347-95639-109455-109672-110217-111188-111389
4305,15559-40835-107443
4306,15567-21003
4307,15569-21955-55891-59487-60635-64239-65319-111401
4308,15570-15684-20848-33042-35206-37390-37969-38334-39770-39776-40868-40926-41382-43339-45563-48302-50966-51100-51899-52630-55166-55693-56620-56927-57212-57989-59504-59870-60833-62146-62367-64053-65088-67738-68405-69400-69746-71336-77464-79343-80947-81237-83155-83459-83716-86106-89275-90185-90562-90967-91470-94810-97164-98129-100804-100809-101366-102748-105989-109491-110270-111580-111863-112290-113108
4309,15573
4310,15579-30039-40777-67415-67731-68229-72087-79067-80543-91045-109197-112709
4311,15582-15958-16350-16538-23072-25258-31814-48738-49938-53648-69888-88080-94048-100182-102070-110264-114002
4312,15584-60250-100756-106060
4313,15588-35228-36775-46627-52888-61796-62659-70071-70739-93169-95403-112573
4314,15592-18760-37834-40116-44027-46372-48256-49768-50290-51314-52414-53047-53089-53108-54914-55404-55788-56922-57112-59382-59856-60112-60389-60811-60920-61150-61952-62494-62616-63332-63791-64540-65394-65578-66129-67751-68608-71908-73316-73742-74056-74192-76178-77356-78270-78498-78856-82810-83198-83970-84650-85616-86240-86784-88439-90051-90167-91627-93584-93816-96568-96814-98300-98440-99376-100052-100814-101763-104564-105107-106725-107338-109480-110768-111140-111428-111951-114284-114466-114854
4315,15594
4316,15608-34380
4317,15611
4318,15612-66400-112392
4319,15615-19037-44088-51439-94059-113069
4320,15616
4321,15621-28005-71753-77731
4322,15622-24296-31008-38888-61657-81774-100010-103892
4323,15625
4324,15627-57717-80127-86231-93410-108491
4325,15629-65179
4326,15631-36103-69871-73009-82347-98209
4327,15632-79856
4328,15637-18319-47852-47997
4329,15638-25390-30522-37949-38285-38407-38817-43227-68633-70023-71663-72921-73369-76237-77334-79033-79679-84169-85913-86811-87405-93545-94171-96049-96508-99485-105755
4330,15642-24838-33736-35626-48600-49720-51941-52744-55923-56089-82352-90038-106771
4331,15645-19225-40217-112803
4332,15649-16725-35068-42309-49115-49249-54801-58712-66646-67285-68302-68553-75681-79708-85149-90406-90797-95491-98344-102346-104268-106295-106356-106688-111061
4333,15657-40219-66668-91477-93827-100869
4334,15663
4335,15664-37458-40180-43440-51859-56420-57180-57920-64755-69870-70340-72435-81212-82683-84988-89666-90048-97578-101872-102738-105024-110030
4336,15675-33013
4337,15686-40228-44332-49082-50428-52396-54370-62608-64766-70048-76326-82498-83048-94802-101020-101266
4338,15695
4339,15697
4340,15699
4341,15711-20945-108067
4342,15717-16307-27495-32294-57313
4343,15719
4344,15727-22197-37545-39663-47817-49067-59456-62607-63923-68051-68827-71119-87460-87541-90957-96341-98707-100961-106808-112932
4345,15729
4346,15737-75333
4347,15739-53920-54236-60355-63349-67709-68767-79162-85049-94726-94955-95857-106048-114346
4348,15745-33797-75045-85979-86568-94801-109355-113032
4349,15747-91941
4350,15756-16889-17259-19953-29016-65350-76499-78244-78378-79062-90727-91960-92945-94515-99371-106686-112282
4351,15759
4352,15765-19293-27024-43549-73647-94151
4353,15767
4354,15770-37035-39191-52100-55729-109697
4355,15774-17600-19932-36554-42220-44646-45048-46232-46552-50448-51140-57540-57938-59439-59889-59956-60064-60986-61706-63312-66598-67152-67398-68990-69360-70435-72866-73532-74618-75320-76170-77274-77280-78701-82364-83036-86833-88414-89237-90236-93451-95232-104140-105590-105808-106198-108084-108390-109408-109718-113138-114072
4356,15781-33749-49168-54682-61358-98046-100762
4357,15787
4358,15797-43849-59571-81881-83883-103531-104673-106331
4359,15803-82509
4360,15813-56405-101715
4361,15820-25224-41462-45890-57270-70722-81194-81418-90932
4362,15826
4363,15831
4364,15843-45906-86930
4365,15848-28202-41900-45372-46386-52223-53336-54308-55774-56088-57552-58914-58920-60080-60862-63142-65778-66108-66982-67252-69436-69572-70944-72580-74336-74626-74668-74936-75836-81392-81446-82385-86180-86530-87188-87711-88230-88968-90810-91031-92650-93098-93416-94870-95262-96174-99412-99618-101236-102140-102744-105185-106272-106453-108918-113070
4366,15850
4367,15854-16582-26350
4368,15863-93186-110994
4369,15868-28252-40391-50597-64409-87019-114074
4370,15875-41869-42427-58241-66391-101649-104674-113095-113497
4371,15881-33025-37650-41116-60617-61731-91497
4372,15884-28319
4373,15891-35871
4374,15899
4375,15909
4376,15914-39992-40592-40599-46925-50750-65834-72529-73566-85478-93360-93887-96055-97446-102216-111646-111811
4377,15918
4378,15920-61062
4379,15923-60644-66174-72674-86724-90994-97652-103424
4380,15926-50211-53752-57515-58908-66562-70176-91708-91829-100449-102233-106917-111243
4381,15931-31207
4382,15933-59435
4383,15942
4384,15947-19175-23427-51641-53015-85803-89481-95797-96777-109617
4385,15954-17714-38133-47275-52538-58320-61956-83919-86425-91654-104433-109868
4386,15963-73537
4387,15966-92754
4388,15968-39534-69168-71362-93354
4389,15972-54558-70521-74839-81442-85928-88718-109423-112868
4390,15980-30197-34788-37755-57806-65303-80262-80837-87694-92993-106259-110283-111816
4391,15983-21857-24478-25483-32509-35517-35555-42745-48725-55399-68029-68949-80431-85439-86501-90627-96663-106747-113807-113896-114185
4392,15985-71386-100971-112251
4393,15993-18973-20307-25149-29359-29727-31579-38357-39269-40247-40593-41973-43783-44719-45369-46593-48625-51523-53533-55471-57233-59409-59613-62913-62949-65947-68353-68375-68505-76065-77557-77781-78185-78459-79977-80679-81823-85417-86483-88017-93537-94031-96789-98347-99973-102039-106979-108131-109221-111379-114451
4394,15996-45197-71740-101848-104736
4395,15998-17610-21408-22147-31652-37576-38858-39536-39886-41098-41500-43029-43538-43790-43844-43926-44647-45396-45764-46462-47114-49084-51188-51422-52608-53468-53576-56926-59550-61085-62196-62771-63086-65276-65438-65550-66300-66460-70155-70832-71545-71648-72724-72894-73404-73900-74723-75544-75917-77860-77930-78076-78376-78758-79562-79616-80086-80178-82294-82319-82472-83372-84360-85416-85744-86308-86904-86906-89914-90350-90874-91354-91592-91756-92009-92434-92482-92940-93262-93868-95624-96828-97135-97862-98942-102955-103120-104602-106256-109396-109702-109842-110336-110960-111097-111538-113256-114106
4396,16000
4397,16005
4398,16036
4399,16046-39023-39320-39952-40337-48652-52145-52428-57779-58765-63813-64284-65234-68632-69970-71806-73973-75170-75684-83551-87572-91844-94286-96047-96164-100697
4400,16057
4401,16058-47321-50385-54437-55123-64419-73031-78162-92156-110539
4402,16065-56923-100546
4403,16067-35453-79323-85381-94110
4404,16070-21708-24574-91376
4405,16072-21950-37687-50212-70525
4406,16077-18277-33499
4407,16079-30985-50400
4408,16089
4409,16091
4410,16097
4411,16103-58917-92765-110545
4412,16105
4413,16109-61315
4414,16112
4415,16115-40109-40587
4416,16117
4417,16123
4418,16125
4419,16130-21180
4420,16143-47663-57249-111364
4421,16145-23482-32514-33492-34950-37812-84088-85050-93773
4422,16147
4423,16174-22178-41978-42314-42930-53226-72642-78644-82876-97818-106664-109752
4424,16190
4425,16199
4426,16202
4427,16211-22787-93250-94154-109593
4428,16218-35366
4429,16227-72366
4430,16230-28422-33440-39898-81252-93361
4431,16239-24557-51661-94537-108673-110093
4432,16241
4433,16243-20219-71893-93241
4434,16253-65035-68150-88013-94871-97903-109786-113112
4435,16261-27851
4436,16264-96998
4437,16269-99149
4438,16270-40778-42020-44596-45146-45961-48670-49786-50610-53356-53360-53374-53410-53794-54084-55250-57016-59018-59559-60484-60632-63530-64838-66525-67438-67755-68619-68942-69590-71598-72359-73094-73315-73416-75530-75686-75746-77435-79714-82208-82758-83078-83538-84334-84350-85133-85636-86321-87914-88190-88214-88892-89830-89855-90650-93996-97529-98402-100968-101441-105023-107632-110006-111014-112169-112424-113114-113246-114217-114312-114478
4439,16272-20216-21301-25862-25971-30374-33505-39117-39690-40311-41783-41933-43906-44581-44779-44883-45625-46529-48419-49321-49603-50264-50869-52273-52317-52877-53451-54486-56248-56476-56484-58479-58986-59906-62188-62559-63609-65923-67208-69171-69721-71010-71295-73619-73708-76649-81283-83120-83165-83556-87827-90618-93099-95912-98278-99951-99989-101609-103727-104276-104283-104708-105224-106075-110151-112173
4440,16281
4441,16284-17073-76904
4442,16296
4443,16298-25291-33804-45909-47733-47960-52174-60795-78054-85940-95549-95755-100013-113445
4444,16300-41338-42358-46404-49625-52040-68794-85094-102368-111122-114662
4445,16316-25710-29189-46977-49957-61650
4446,16318-17456-41882-79865
4447,16321
4448,16329
4449,16330-68620-70018-71124-75138-80790-107345
4450,16333
4451,16339
4452,16341-34919-90755-101841
4453,16363
4454,16366-96890
4455,16375
4456,16386-27098-55438-66104-82784
4457,16395-77336
4458,16402-36602-80394-92615-95516-95746
4459,16404-34801-44989-105312
4460,16407
4461,16415-20533-22775-26071-34834-42457-43002-43183-44777-47199-48273-51278-52791-53985-54092-55317-64673-66127-70261-73041-75339-75787-84279-84928-87095-87828-89063-95555-97505-104529-105747-111302-114061-114759
4462,16417-24085-61709-73685
4463,16419-30268-44833-49403-95705-98631
4464,16421
4465,16427-112227
4466,16432-32234-35563-37144-101757
4467,16437
4468,16441
4469,16443-20813-34095-85533-107071-113273
4470,16444-16692-18704-21074-26158-28110-67632-70285-79872-85643-98097-110540
4471,16458
4472,16461-16529-38695-46287-49055-56549-61819-63181-64238-64811-70049-70735-73839-76480-85085-91927-92551-96261-106831-109699-110275
4473,16470-16754-23674-24030-33990-39728-42950-45726-52226-70752-74600-77415-94474-98973-106770-114224
4474,16473-23583-34611-68601-114355
4475,16479
4476,16501
4477,16503-19023-27907-39917-44768-46879-48466-59645-99159-107761-111277
4478,16507
4479,16517-29539
4480,16521
4481,16523
4482,16525-22335-29591-45762-47849-76845-83791-86839-91617-101721-107145-108816-113705
4483,16537
4484,16541
4485,16546-23422-48934-62857-95734-101459-111968
4486,16549-20975-24911-38250-43063-61942-66747-68251-89453-94707-109237
4487,16561-98569
4488,16562-63730-90816
4489,16569-76004-83697-106165
4490,16570-66944
4491,16592
4492,16595-17647
4493,16597
4494,16603-20265
4495,16631
4496,16638
4497,16643-25687-79875
4498,16645-31954-78105-85903-97631-112117
4499,16657-30507-41980-47463-75360-79809-104243-110908
4500,16661
4501,16676
4502,16691-59709
4503,16701-38051
4504,16706-28836
4505,16711-87944
4506,16717
4507,16729-32981
4508,16731-18024-18208-35836-37764-38170-38760-39038-40752-41876-42343-43764-43894-45814-47751-48168-52356-52567-54878-57304-57626-60085-61178-62812-63303-64512-67272-68242-68357-70668-73498-74206-75034-79294-80600-80756-81402-81507-84644-86948-89100-90258-90300-92652-93214-95568-97202-98228-99144-102968-103170-106408-110886
4509,16736-60334-63298-98306-100421-102646-104810
4510,16742-47040-61376-68111-69869-71551-81689-86360-94218-95000-98341-100138-105841-107027-108562-110489-113375
4511,16748
4512,16751
4513,16758-28714-38514-38587-38880-39058-42405-46399-49224-49568-49809-50520-54633-55961-62642-64829-67414-68749-69617-70477-74129-78178-80617-82081-82130-83029-86389-88813-91919-94637-97050-100230-103421-106203
4514,16765
4515,16775-26848-30873-33066-37440-75559-82421
4516,16777-27031
4517,16778-33704-73896-88268-98838-103060
4518,16781-46388
4519,16785-18159-48465-57213
4520,16790-49890-51938-52338-65654-79998-85654-97126-111424
4521,16818-95976
4522,16820
4523,16823
4524,16824
4525,16826-75406
4526,16829-23807-33354-38548-46011-46871-47879-49879-50109-57589-66003-67981-73919-75387-77009-87151-91635-107390-109707-110097
4527,16834-23308-30758-33992-38006-41360-42265-46522-51286-55434-55649-56466-60577-68086-68962-71588-74180-74998-75231-84592-87780-88138-88569-90631-90768-93482-93825-94264-100474-103580-104050-109273-109384-113512
4528,16837-45108-93812
4529,16840-38945-83056
4530,16849
4531,16852-21622-33232-37613-42006-42488-42961-45397-47448-49527-54528-57349-58126-59532-60806-61580-66357-70181-71177-72433-72453-74847-77595-80775-85365-94381-100963-107156-109534-113576-113930
4532,16856-19550
4533,16859-27073
4534,16863-21107-23517-68303-76935-87991-107943
4535,16865
4536,16872-24382-24493-26226-26508-30888-38142-42283-43026-43072-43328-44985-45106-45126-47922-49314-51250-53176-54568-56112-57178-57474-57871-60100-64210-65274-67067-67262-71889-79312-89353-89989-90736-91514-91610-92070-94600-95970-97950-99496-107028-107404-107768-110784-111007-113436-114492
4537,16877-25226-30982-37707-41620-46298-46668-49930-52472-55319-55970-58316-58915-64168-67485-67776-77156-77302-77714-86882-87491-92663-96037-104188-106128-112189-113656
4538,16887-23355-30948-45405
4539,16890-34660-68133-72132
4540,16901
4541,16904-22972-44222
4542,16909-19951-57835-62250-83946
4543,16910-90997
4544,16929-17563-48106-63959-64893-68697-75235-83525
4545,16934
4546,16936-41669-48633-80323
4547,16938-20534-21484-37220-44774-46666-64640-69164-73426-78166-83256-100902-105674-109818-110614
4548,16943
4549,16953
4550,16957-72073
4551,16958
4552,16970-18576-23546-25245-36219-39802-39902-41692-47120-49136-51426-54098-55628-57028-59296-60141-63586-64706-65992-66216-69342-71640-73405-74894-74912-75938-76460-77684-78272-79784-82393-83824-87843-90856-91525-94504-95140-95800-98268-98678-100133-103720-103880-104346-105573-109735-111252-113708-113778-114741
4553,16974
4554,16979
4555,16983
4556,16992-34459-41925
4557,17004-23888-28246-44736-44842-74102-79472
4558,17016-19786-27312-43627-46573-59328-63814-65454-97786
4559,17019
4560,17022-19362-46098-53052-57024-64368-73692-74610-83024-90240-103928-105756-110360-111942
4561,17045-66319-93715
4562,17047-43247-45977-57637-60051-61643-67269-77775
4563,17048-55262
4564,17068-107216
4565,17075
4566,17077-18883-24447-36643-42569
4567,17091
4568,17094
4569,17100-65708-100790
4570,17102
4571,17104-30322-40466-51813-56241-56810-60094-60419-60658-64292-73738-74798-74920-76446-77080-77452-81216-89305-89816-90241-95827-96915-103840-104270-107672
4572,17107-36447-51703-67889-97913
4573,17113-27863-40983-44499-49545-54015-56305-56522-59977-62613-63665-66325-67241-67877-73225-73441-73613-76041-82972-84139-84407-84993-85079-85097-88749-90983-92129-92435-95475-98605-100015-100816-102489-102793-102907-103549-107127-110133-110259-114227
4574,17119-29395-29711-81142
4575,17123-17299-42189-49831-65673-68901-80515-93427-103917-108651
4576,17125-31237-56302-60339
4577,17128-28794-38646-39966-40092-41979-42888-44427-44796-45168-45274-50486-51664-54286-55457-55539-57616-59610-60544-61104-61446-65086-66280-66692-68578-69406-69606-69937-70310-71328-72910-74146-74957-75060-75426-76056-76164-78540-78968-81810-82038-83956-84462-84948-85550-87046-89540-89648-93170-96212-97512-97566-104069-105570-106578-107298-108358-109036-110386-110670-112450-114331
4578,17135-32401
4579,17136-26996
4580,17143
4581,17145-90416
4582,17149
4583,17150-50890
4584,17159
4585,17161
4586,17165
4587,17171-24982-28168-35876-37754-39028-40193-40485-44687-45484-45968-54647-61885-62274-64089-67907-72052-73641-74792-79336-79841-80346-82367-83671-85716-87865-93057-93696-95169-99696-100072-104981-105497-109113-111694-111776-112412
4588,17173-38349
4589,17174-35694-46512-95920
4590,17178-43653-79226-93925
4591,17181
4592,17183
4593,17191
4594,17192-72434-94540-103667
4595,17205-27294-30118-30661-37585-52355-57264-74944-75744-98987-102847-113819-114465
4596,17211-35397-35507-38907-48245-75497-86129-87817-87848-99471
4597,17216-31406-80212-98458-113130
4598,17225-101961
4599,17237
4600,17241
4601,17246-32045
4602,17250
4603,17252-19334-31664-44771-54874-111606
4604,17255-60683
4605,17262-36877-72777
4606,17264
4607,17272-74537
4608,17275
4609,17276-24834-43239-52864-58711-63114-63450-63708-68004-70667-71968
4610,17282-53390-62020-63132-66788-91952-93424-102020
4611,17287-95537
4612,17301
4613,17312-32640-40334-48626-80838-109026-110796
4614,17316-38277-95752-105198-112728
4615,17327-51065-57913-92943-98185
4616,17345-34042-47479-113995
4617,17350-60242-94389
4618,17353
4619,17354-26896
4620,17361-39986-49535-54431-56251-64787-82241-92745-94233-97401-108755
4621,17365-94901
4622,17367
4623,17369-87997
4624,17375-19050-31748-43255-49217-52389-74791-79481-90072-106468-108849-109829-112139
4625,17376
4626,17382
4627,17384-44274-100134
4628,17387-18381-20757-21361-22145-23077-45481
4629,17389-47635-59405-66748-79713-94051-108507-111936
4630,17406-59492-73508-77532-101480-110882
4631,17411-19649-22451-23023-30190-30430-33411-37778-38971-42523-43211-63121-67063-73261-73987-78535-81312-86042-86458-88821-90370-91063-92689-93288-108582-112471
4632,17421-58097
4633,17432
4634,17434-40663-40696-43478-47989-50258-50402-50974-74098-78490-101702
4635,17439-37321
4636,17443-30599-70995
4637,17446-50892
4638,17448
4639,17451
4640,17453-37086-57159-74139
4641,17459
4642,17460-31360-31374-78373-84118
4643,17465
4644,17467
4645,17469-25995-30559
4646,17470-74464-91392
4647,17489
4648,17493
4649,17502
4650,17509
4651,17515-27653-32395-34171-39645-41737-42939-50049-50517-63853-72935-74583-77779-78593-79759-85563-114651
4652,17529
4653,17530-89264-108101
4654,17534
4655,17547-29613
4656,17548-50954-71902-80386
4657,17555
4658,17559
4659,17560-20614-24792-30699-32104-36658-39787-42904-43036-49124-51425-59744-60902-60947-64160-66870-71942-77481-88322-90020-90733-92409-92813-93995-94320-94690-97832-102146-102756
4660,17565-52741-58743-60681-60989-66860
4661,17579-39482-58956-108748-109104
4662,17580
4663,17585
4664,17587
4665,17593-26244
4666,17597
4667,17603-44987-50117-52102-69043-73935-80549-90556-91059-93049-105101-113447
4668,17606-27056
4669,17625
4670,17637-31377-34013-38885
4671,17667
4672,17668-37056-57394
4673,17671
4674,17682-51248-69392-82024-85441-109258
4675,17686-37811-41522-47848-50542-54676-61078-62992-72994-73488-77160-80182-80940-82039-95854-97546-98507-104947-112777
4676,17694-100516
4677,17699-25852-53307-68444
4678,17704-39278-41797-51216-52934-74960-76301-86566-94016-96840-102300-103926-107264-108698
4679,17719-79538
4680,17730-29397-34581-46195-55472-82530
4681,17734-62058-79316-95286
4682,17742-57578-85836
4683,17744
4684,17748
4685,17750-58900
4686,17752-18596-70856-80845-81786-98201-102863-104566-105706
4687,17755-46973-47595
4688,17756-29694-34146-37586-70354-103506-109554
4689,17762-31173-35974-48935-61556-76676-92948-99515-101737-106243
4690,17764-37664-57617-58003-72792-76162-76804-85268
4691,17767-20438-49443-90593
4692,17777-80339
4693,17791
4694,17793-25651-35393-40365-50959
4695,17803
4696,17804-94024-99436
4697,17815
4698,17817
4699,17821
4700,17829
4701,17832
4702,17835
4703,17837-47453
4704,17838
4705,17840
4706,17842-49899
4707,17847
4708,17850
4709,17852-19828-42658-43116-56192-67335-105125
4710,17857-18838-19920-26428-30542-44876-49170-59495-82476-82776-103064
4711,17859-34685-35881
4712,17862-39715-50559-64833-80616-90121-98053-104326
4713,17871
4714,17873-21147-69463
4715,17874
4716,17877-33894
4717,17878-22727-26169-28407-28486-30838-43350-48662-52169-54978-64867-68733-76117-80433-86886-88055-94627-97783-97839-98164-99085-100041-105744-107043-113481
4718,17881-41213
4719,17884
4720,17896-52806-81232-90798-93546
4721,17898-52388-66908-99876
4722,17907
4723,17910-30794-61464-95911
4724,17912-85122-99588
4725,17914-51315-64202-73210-96972-105226-108348
4726,17919
4727,17920-40735
4728,17923-70157-109275
4729,17925
4730,17930-38118-51444-95432
4731,17937-19221-25159-53791-70749-91201
4732,17939-61413-65763-84303-94357-113661
4733,17943-32597-54418
4734,17947-59268
4735,17957-90743
4736,17959
4737,17961-24541-45499-47985-102981
4738,17978-41610
4739,17981
4740,17985
4741,17987-21538-24066
4742,17997-31555-36771-45795-78948
4743,18000-22424-41426-45820-49220-50484-59706-77396-100791-105460-110680
4744,18002
4745,18015
4746,18022-39636-70084-89791-114835
4747,18026-18422-38116-39330-39842-43752-43984-45294-45630-52550-62034-70540-72074-85832-86334-91550-92888-99782-108898-109183
4748,18031
4749,18035
4750,18038-40192-44744-45492-52260-54006-58874-59748-62596-63440-70992-72644-77410-95650-97648-103200-106454-106978-109178-111774-112626-112798
4751,18043-57987-71289-75665-107477-112223
4752,18050
4753,18055
4754,18059
4755,18061
4756,18064-26239-57786
4757,18075-48583-101186
4758,18076
4759,18090-81742
4760,18095-27029
4761,18100-27762-31584-61838-75021-94315-106424
4762,18105
4763,18109
4764,18110-97272
4765,18112-51066-57371-61341
4766,18117
4767,18124-18593-34716-36238-92291
4768,18129
4769,18138-85362
4770,18142
4771,18145
4772,18157-30499-52351-54363-59091-62927-79020-80531-92300-110332
4773,18169-37445-38169-40581-44151-46093-47847-48805-49667-53703-56249-58364-62340-64769-69025-69695-70947-82221-84607-85785-91501-92515-93463-94851-94869-96667-102786-105183-112505-114763
4774,18172-22543-28504-43649-58307-73679-74767-82489-96360-97565-97953-110779-111983
4775,18179
4776,18184
4777,18189-38655-52681-80337-94257
4778,18191
4779,18195-18355-69795-83097
4780,18200-37717-40129-41922-45518-46134-49880-59730-61718-63190-64492-65624-65731-66503-71379-77624-79283-79659-80750-81396-90898-92678-93176-95068-97959-98239-98997-101025-104588-107283-112740-114203-114695
4781,18210-85151-102027
4782,18219-67023-83105-92874-112651
4783,18225
4784,18234
4785,18251-37063-37853-43039-43931-43941-49557-49569-54381-54713-55653-62911-64125-65369-65853-67783-74157-75493-75595-83081-84125-84481-87337-93787-95055-96869-104739-104975
4786,18254
4787,18263
4788,18265
4789,18278
4790,18281
4791,18291-35100-92170-114655
4792,18297-54950-55172-70866-76981
4793,18307
4794,18317-25211-28135-41865-70165-97147
4795,18321
4796,18323-103735
4797,18342-40162-42900-43479-77290-77994-93839-107183-110767
4798,18345
4799,18347
4800,18351-72516-92236
4801,18356-32346-38942-72796
4802,18363-38772-41215-41749-44321-46678-48675-51603-53881-56191-71697-74201-82695-87401-95043-96035-101066-109788-109919-113569-114567
4803,18366-22834-24698-37544-40353-41525-42780-43202-45275-45974-46485-47492-47882-48174-48208-48389-48818-49421-49698-50680-51574-52411-53995-54327-54440-54906-54924-55122-56775-57405-57439-57592-57698-60822-61155-61963-62123-62429-62933-63326-64345-64592-64824-65078-65278-65629-66680-66857-67356-68039-68858-69846-70042-70378-71441-72378-72464-73171-74168-75195-75273-77953-78153-78243-79132-79907-80274-81566-82271-82492-82727-83951-84035-85766-86008-86188-86294-86696-87012-87053-87735-88576-88788-88880-89290-89887-90193-90435-90889-92235-93029-93268-93770-94104-94694-95188-95422-96538-96849-97732-98710-98938-99567-99985-100413-100907-102208-102984-104190-104207-104342-104660-104669-106843-107710-108160-108218-108220-108291-108404-108418-108463-108735-109189-109283-109366-109684-110434-111912-114811
4804,18368-31225-49324-50311-63260-90547
4805,18371
4806,18377
4807,18383-19927-67035-70557-87707-90073-94597-95741-105569
4808,18394
4809,18396-48284-67037-68541-72958-90367
4810,18406
4811,18408-79153
4812,18425
4813,18433-37203-55589-59835-84025-106807
4814,18435-22939-88090-90723
4815,18447-28629-63005-85435-86929-93767-100799-108323
4816,18458-31274-39473-40294-45757-48606-49075-56335-58053-64809-65483-74951-77153-78049-78783-78970-80911-85645-85867-87737-88804-92358-94092-94224-94744-98653-99662-113476
4817,18471-46645-83397
4818,18476-56756
4819,18486
4820,18489
4821,18490-114190
4822,18496-107243
4823,18499-24737-82333
4824,18505
4825,18506
4826,18511-34927-41419-41429-41831-47067-48122-52119-55566-73920-74475-83033-84475-89633-95757-98538-101005-112761
4827,18517
4828,18523-60911-80157-88528
4829,18531-90108
4830,18543-110976
4831,18547
4832,18555-79158-95003
4833,18560
4834,18564
4835,18567-26636-36612-80477
4836,18569-19763-41319
4837,18573
4838,18574-51771-51853-56232-68488-78256-78500
4839,18599
4840,18608-20620-28903-33034-33916-40392-44692-46012-47476-47690-48878-49010-54561-55039-56357-82988-84020-88851-103692-110221-111362
4841,18613
4842,18614-27302-38449-54905-55799-69518-70795-75946-79741-97307
4843,18617-24413
4844,18623-32359
4845,18632-34340
4846,18635-36087-70345-76846
4847,18640-24265-25062-35264-52489-75400-84240
4848,18643-59617-93201
4849,18647
4850,18651-19849-32699-49821
4851,18652-38752-48282-90918
4852,18657
4853,18659-100868
4854,18663
4855,18669-23818-30077-32880-52189-60937
4856,18681
4857,18689-36908-42714-94998
4858,18695
4859,18699-45935-97979-113713
4860,18701
4861,18711-23149-26237-47928-73816-104105
4862,18715-20241-85030-93846-95455
4863,18729-37845
4864,18739
4865,18744-35682-67636
4866,18751
4867,18753-18875-32571-37579-68369
4868,18757
4869,18764-32246-53902-57893-64448-67112-77594-92462-93321-100014
4870,18767-18805-76349-91245
4871,18769
4872,18771-46922
4873,18783-35488-46566-62308-78600-80648-86468-88492-95794-106674-108980-112641
4874,18795
4875,18811
4876,18816-37564-44493-46526-48249-56899-58628-60576-64815-69877-70861-71874-76442-77390-85023-87208-87430-87642-94632-102324-105611-105740-111471-112997-113637-114762
4877,18819
4878,18821-49718-53343-54725-72305-76871-88719-89901-93705-105681-112869
4879,18830-53102
4880,18843
4881,18851-24681-25047-25375-32443-38743-39389-44461-56141-62669-82139-100029-109339-113101
4882,18853-23044-27036-59463-102757-113586
4883,18859
4884,18890
4885,18901
4886,18911-30611-65271-76318-79483-99034-106062
4887,18915-40022
4888,18919-26869-30917-39899-39993-55303-77031-92791-94030
4889,18925
4890,18929-29100-31948-62476-64562-109989
4891,18931-93635
4892,18940
4893,18943-42971-82733-93525-98352-104897
4894,18948-30802-42041-68686
4895,18952-31628-37952-39724-45450-47902-48316-60260-60599-62445-67552-70083-74758-75274-75657-87205-90202-91985-114410
4896,18957
4897,18959
4898,18962-52167-53737-61140-83907
4899,18969
4900,18975-105880
4901,18977
4902,18989-77715
4903,19007
4904,19010-21194-23528-30122-31754-31866-33004-35628-37690-38524-41568-42525-44781-47230-48669-49580-52859-52870-53094-54090-56203-57342-57736-58489-58973-62595-66846-67361-68156-69070-69651-71847-74874-80235-84172-85734-86013-87854-88356-89080-89674-89786-89982-91265-91526-93430-93901-94313-94598-96576-97192-97833-99442-101628-102632-102728-103062-104064-105373-105665-108145-108448-108801-110406-110894-111295-111619-112040-112744-113255-114654-114798
4905,19018
4906,19021-56237
4907,19024-56080-72744-110004
4908,19028-110128
4909,19034-34796
4910,19043
4911,19045-34172-52627-79959-106406
4912,19066-82374-106934
4913,19072
4914,19075
4915,19097-37391-43172-68843-69709-70343-73937-79853-81132-82535-87906-112791-114599
4916,19098-19589-25701-90169
4917,19103-42207-57497-79505-91713-103231-113663
4918,19105-21424-25730-54620-79053
4919,19107-81707
4920,19131-26693-39091-70407-74811-82195-84735-110131-113897-114069
4921,19134-31212-69505-70299-85875
4922,19139-28261-32017-64953-65163-68399-69481-71397-74635-109545
4923,19149-50359-92221
4924,19168-24385-32182-33016-68232-68844-87251-106470-110998-113458
4925,19177-41317-60979-66381-72297-106531
4926,19178-40566-56882-60706-76398-80226-85944
4927,19180-30968
4928,19188-24381-28481-41069-51249-52417-57383-61697-63633-68927-69450-71258-73625-77047-78601-86136-90230-99215-102093-105599-109175-111974
4929,19198-35123-68067-89265-100281
4930,19203
4931,19208-81983
4932,19212-24888
4933,19214
4934,19217
4935,19227
4936,19232
4937,19235
4938,19237
4939,19242-43639-55005-58549-61867-64695-83237-88270-92505-92788-96941-100202-113323
4940,19244-20460-32028-41634-43064-43194-43596-44660-44810-44812-45410-45972-47478-48584-49900-50978-55422-57568-59918-60470-61496-64828-64992-65532-65672-66526-67488-68534-68900-69202-69252-69284-71794-72134-72232-72858-75174-75338-76310-77912-78547-79072-79936-80006-81146-81656-81864-82602-82782-83450-83518-83660-84080-84298-84402-85188-85860-87284-87500-87874-88188-88294-89246-89860-90282-90422-90520-90548-91116-91488-93340-93344-93452-94088-95082-95164-95952-97514-98326-98772-100998-101101-101344-102004-103116-103130-103376-103420-105164-106388-106446-106730-107540-107791-111998-112142-112562-113638
4941,19247-47271-59241-62085-69099-76819-78491-78919-111365
4942,19249
4943,19253-30223-37127-72245
4944,19258-19708-22858-28124-37452-38146-39438-40265-40656-41236-42042-42520-43187-43705-43848-44044-44342-44902-45012-45334-45799-46583-48611-49009-50240-51462-52126-52130-52357-53323-53558-53662-53841-54186-54659-54817-56162-57184-57444-58286-58583-59500-60855-60872-61631-61968-61970-62231-62660-63060-64326-64732-65410-65669-65748-65904-67184-67225-67234-67694-68115-68522-68947-69113-69254-69492-69634-69902-69915-70148-70429-71104-71114-71476-71514-71907-72237-72805-73105-73336-73720-74418-75718-77517-77897-78116-78310-78835-80093-80442-80463-80670-82006-82186-82223-83892-84878-84903-85789-86506-87081-87240-87540-87712-89783-90544-91657-92693-94142-94967-95018-95120-95148-96330-96730-96960-97070-97124-97576-98022-98146-98621-99364-99677-100083-100275-100392-100914-101697-101700-102348-102516-103201-104999-105836-105894-107452-107468-108359-108766-109085-110520-110777-110797-110888-112240-112690-112852-113457-113508-113640-114042
4945,19267
4946,19272-25607-38709-56563-60844-62038-63528-95543-106124
4947,19275
4948,19281-19386-20278-22040-41238-49311-51371-53079-56208-57047-58081-66049-67800-70505-72473-76265-77665-80611-86027-92680-96881-101634-101660-103877-105977-106371-107491-108532-109737
4949,19290-28747
4950,19297-111783
4951,19307-38789-59181-91247
4952,19309-28956-29731-47631-68397-74448-91789-114215
4953,19311-35327
4954,19312-34641-50719-60645-63268-65814-72591-73289-95001-96748-98645-105881
4955,19333
4956,19346-43394-46318-46789-49969-52377-60244-60441-77706-78602-86902-87765-90937-92619-93903-96254-97019-111867
4957,19349
4958,19360-20082
4959,19368-33845-111452
4960,19376-19670-20918-24402-26459-35472-41631-43708-49310-54019-54527-55656-56342-57622-60251-63762-69900-75736-78053-79754-80097-80959-85092-85531-86291-89426-89586-93088-93652-94071-96797-96913-97741-100702-100786-104021-105909-106263-111493-111595-112858
4961,19382-53924-67185-77408
4962,19388-27405-38662-41784-46557-47322-56031-57827-58653-60442-61126-66453-71186-72105-73371-78106-78445-78882-80056-80125-81147-81191-82907-88183-89919-99041-100207-103780-106839-107144-110845
4963,19390
4964,19401-88740-109095
4965,19403
4966,19411-65435-81703-106549
4967,19413
4968,19414
4969,19419-37967
4970,19430-79612-92809-101009-105303-108518
4971,19449-110860
4972,19450
4973,19452-46136-109806
4974,19456-111325
4975,19463-110329
4976,19467-19597-57009-75569-86127
4977,19468-19866
4978,19470-22959-86350
4979,19476-38919-40910-45236-45903-46376-53532-53873-59149-63816-69868-77858-79868-89694-89853-99016-102338-104720-112979-114895
4980,19478-47770-52647-61633-63752-70247-74819-77329-99983-104178-111005
4981,19498-66763
4982,19501-19595
4983,19509
4984,19511
4985,19516-37444-39920-50684-52172-54018-71998-75784-75798-89627-91682-92034-102436-106663
4986,19520-37790-45002-48484-70466-78350-83414-107780-109008-112212-112284
4987,19527
4988,19528-32921-43436-45022-51730-86286-112600-114888
4989,19530
4990,19535-63794
4991,19537-25072-36323-101215
4992,19539-34447-53743-105147
4993,19540-32564-97992-114566
4994,19547-20837-29543-33407-38521-46787-51900-51906-69311-69514-69861-72699-73319-81853-85069-90201-92671-102113-103894-106539-106735-107775-111285-112595
4995,19555
4996,19557-83842
4997,19558
4998,19561-20095-26081-45471-82194-91819-111119
4999,19569-41127-41297-42231-43337-44507-45599-64999-66727-69901-70748-71711-72451-72611-73281-73631-74141-85961-88225-102051-102805-105613
5000,19573-45881-82917
5001,19578-38652-42188-55824-57547-64780-76626-77273-85858-88388-92927-97674-107168-113777
5002,19585-35883
5003,19591-56465-69415-72740-74241-102596-103402
5004,19601-34522
5005,19612-35458-36953-48449-49269-49970-55278-60147-92612
5006,19616-43845-74084
5007,19622
5008,19631-37995-103161
5009,19634-30016-55334-58175-83503-110592
5010,19642
5011,19651-92970
5012,19661-40915-102763-105015-105877
5013,19665
5014,19667-55721
5015,19687
5016,19695
5017,19701
5018,19702-55574-64819-68987-96017
5019,19705-27089
5020,19713-26715-41893-42787-46230-48467-48867-49377-64703-69561-75085-84159-85631-89306-97459-104219
5021,19715-101915
5022,19723
5023,19724
5024,19740-33014-57454-99502-107914-110846-114816
5025,19744-34252-42048-45179-46116-50423-54462-55560-56953-64099-71361-74645-75094-84117-87458-93052-95671
5026,19754
5027,19757-27357-33761-33919-38961-41397-47947-64439-66067-87253
5028,19761-58223
5029,19768-29624-30842-32878-35908-40195-41734-42532-46406-47553-50084-50662-51806-54054-59335-60440-62584-63341-63917-64290-66138-66396-68205-73640-76620-77786-78715-79328-79592-82250-82290-83788-85084-86794-87557-89640-96522-99754-105948-108446-109720-110707-110946
5030,19773-50323-77534-82697-95892-99470-104875-108214-114322
5031,19789
5032,19790-28123-28645-33877-37787-43140-46893-48135-55716-56473-58867-61281-66303-67723-67856-71666-72477-72682-76808-77126-77680-79367-81849-83222-86245-87625-88627-95267-97730-98933
5033,19792
5034,19799
5035,19800
5036,19802-44968-50834-51338-56322-64440-112540
5037,19806
5038,19811
5039,19814
5040,19818-60366-70138-80078-85112-91312-92322-97326-98688-101412-113674
5041,19821-91084-102167
5042,19822-48856
5043,19827
5044,19833-34179
5045,19835
5046,19839-21055-29574-32161-36965-38573-39691-40765-41075-42360-49053-50709-51571-51881-53215-56657-57403-58729-61880-69985-70179-70491-71966-75457-79296-79709-82383-84437-85709-92983-98098-98345-107817-108233-110644-111043-112609-113435
5047,19855
5048,19859
5049,19870-48570
5050,19875
5051,19876-72695-89067
5052,19879
5053,19885-50679-66408-72448-88407-89709-98441-112913-114182
5054,19890-31334-80798-109608
5055,19897-81355-108032
5056,19923-21605
5057,19925
5058,19931-96387
5059,19939
5060,19947
5061,19967
5062,19971-57113
5063,19973
5064,19974-36750-68147-97702
5065,19979-68106
5066,19985-21191-27463-27571
5067,19988-83201-84066
5068,19999
5069,20000-64385-71049-91313-108857-113444
5070,20006
5071,20012-31382-37784-39800-41284-45494-50058-52672-52898-53230-53744-54388-54504-62472-64888-65018-66170-69308-71060-73218-74166-74986-75509-76116-78326-79556-81296-84538-85614-87071-88310-89050-90402-96806-102380-102918-103292-103904-106100-107450-109106-109760-112588-112714
5072,20015-23847-30655-34605-58733
5073,20032-21820-66218-79208
5074,20036-61488
5075,20051-85053
5076,20052-28682-40054-43996-53458-64548-71730-82682-89585-92114-109392-110256-111060
5077,20079-78075-82084
5078,20085-50884-58096-107021
5079,20088-36214-37018-47591-49158-57470-61640-64266-69418-72376-75116-76311-76337-78080-82164-85596-95946-97884-98320-100986-108558-110852-114900
5080,20092-26812-32311-88797-114392
5081,20100-57834-102603
5082,20103-27603
5083,20104-22296-31602-37271-38323-40471-40540-41129-42918-44039-44440-44805-47384-48643-49102-49279-49552-49695-50245-50391-55100-55134-55753-61527-64170-64256-68145-68295-68869-69256-69849-70656-71826-72596-76464-79201-79320-79579-81872-82276-85768-85936-86693-90205-90605-94417-94940-95500-97076-98203-98759-102470-102637-104231-104976-106681-110896-111588-111751
5084,20110-20924-63182
5085,20113
5086,20120
5087,20129-23773-27691-34107-38914-39919-45789-46781-46955-48653-52135-55261-55369-59027-65164-66430-66793-72205-72907-74477-76151-77287-78115-78671-88119-88343-89483-90029-90311-90705-92171-93129-96509-99423-100721-101166-101755-103389-103649-104531-110979
5088,20142-49656-52596-82550
5089,20145-20353-26384
5090,20154-24961
5091,20159-50699-70111-103484
5092,20165
5093,20167
5094,20173
5095,20174-44326-53449-101012
5096,20177
5097,20181
5098,20185
5099,20195
5100,20199
5101,20211
5102,20221
5103,20226
5104,20233-23844
5105,20242-30744-74536
5106,20247-47893
5107,20258
5108,20260-38493-40784-40869-41943-44756-54285-62881-69873-73511-78731-80962-83049-85062-89777-95453-97246-110915-112185
5109,20287-34571-60502
5110,20292-50982-54972-62702-64724-67412-70782-80366-84034-85446-93748-97372-99052
5111,20297-40465-86591-100801
5112,20301
5113,20303-31789-45101-80403
5114,20320-43912-52299-61480-65557-84849
5115,20329
5116,20332-30309-41164-45335
5117,20337-22143-31079-32927-40554-49954-57123-57847-62879-86815-92131-96273-114421
5118,20346
5119,20354
5120,20371-78267-91571-107209
5121,20372
5122,20375
5123,20381-21242-52322-91726
5124,20387
5125,20388-22725-55926-57821-65227-88830-98141-99800-104772
5126,20393-34489-63029-81239
5127,20397
5128,20399-48782-60416-64455-104388
5129,20404-56602
5130,20414-21387-30008-39284-60194-68998-76410-101476
5131,20429
5132,20433
5133,20434-33276-40237-41131-44128-50029-57129-59773-72820-94122-102310-108695-113006-114420-114482
5134,20442-32050-36638-41726-42562-43936-45259-53056-57066-59276-62046-65852-69950-72590-80483-85651-86510-88526-89262-93417-95054-96492-100892-103236-103916-105610-105998-109560
5135,20444-58340-67574-89720-109182
5136,20450
5137,20462
5138,20464-75123
5139,20473
5140,20479
5141,20480-21137-23678-54203-66720-74326-89317-99325
5142,20483
5143,20487
5144,20488-63551
5145,20493
5146,20494-97336-100711
5147,20498-25976-26904-36284-44347-47087-51583-52158-52780-54678-56728-59185-63689-63722-63788-66161-67338-67555-69806-70377-75047-79585-82649-84486-86601-88112-90929-91435-92966-96187-96781-102297-102665-103092-104714-109138-109620-110598-113406-113822-114609
5148,20503-52726-98686
5149,20504-41424-55402-55994-59888-60888-64844-66330-66536-69020-69720-72130-75786-79888-87334-89396-93226-94982-97046-97388-104290-105764-106920-109601-112228-112755-114162
5150,20506-28688-39908-44382-45402-64120-67010-67890-83608-90262-91888-99036-99188-102322
5151,20509-24563-64469-85751-88673
5152,20510-33795-50858-80551-104829
5153,20517
5154,20518-51836-67660-96594-111045
5155,20522-111482-113243
5156,20538
5157,20540-95033
5158,20547-21001-104343
5159,20554-26294-32504-38024-38586-40912-45364-45442-46133-47045-48129-50530-50879-53006-54210-55201-59373-59481-61508-64948-67892-68227-71280-71571-78494-79625-79818-80308-82329-82483-83806-87754-88809-89314-89997-91998-96144-97570-98061-99179-99654-101974-102872-103524-104603-107767-110578-110685-113135-113750-114724
5160,20559
5161,20560
5162,20564-21854-45273-78062-78620-80701-94691-99838
5163,20569-24745
5164,20580-79684
5165,20588-23431-43306-46214-47196-52272-53584-56336-58434-59836-60054-61230-62285-64282-65310-68429-68602-70490-75918-76154-76254-76918-77488-81520-82281-85298-89158-90818-91775-92483-93083-100981-101393-107716-109897-111094-112006-113558-114264
5166,20590-76485-86729-107751
5167,20603-40504-52006-96323
5168,20605
5169,20624
5170,20627-20767-61035-72931-76577-87429-110291
5171,20631-30851-59897-90058-109835
5172,20643
5173,20646-24529-33026-71163-90436
5174,20649
5175,20656-97426
5176,20662-26719
5177,20664
5178,20668-27894-41787-77737
5179,20679
5180,20684-25872-27228-53796-62025-83756-108392
5181,20693
5182,20695
5183,20700-27522-35828-42240-88338-112125
5184,20703
5185,20706
5186,20709
5187,20711
5188,20713-22751
5189,20717-26795-37729-39657-40005-40831-40891-41437-46385-57067-58847-60199-62375-62557-63395-69697-71387-72919-76657-80797-82297-84381-88927-89475-91057-98283
5190,20719-42580-42617-42775-48063-50629-66085-67719-72103-74257-79353-89095-94392-97691-104009-105117-114019
5191,20720-74674
5192,20726
5193,20733-22515-47541-49357-56055-61997-63185-64793-74143-78091-79355-80025-86473-97206-98745-100941-102455-105169-110952-111507
5194,20736
5195,20745
5196,20749
5197,20762
5198,20772-40356-63133-66698-81651-91598-104390
5199,20787-23179-58239
5200,20794
5201,20797-24308-53243-54886-66750-75816
5202,20801-35108-36049-39471-41553-41811-44553-44769-46953-48777-49669-57848-58099-61553-66063-67075-75604-83853-91743-92298-93735-96193-97367-98823-99819-104371-105851-109983
5203,20802-31217
5204,20805-23985
5205,20823-94923
5206,20826-24738-28856-33086-42897-46346-59264-109744
5207,20835
5208,20839
5209,20853-32199-78207-98629
5210,20863-21291-27683-37225-64616
5211,20867
5212,20868
5213,20871-29448-46837-54126-57197-66582-79161-88787-97649-103582-109097-110686-114391
5214,20874-107022
5215,20877-85658
5216,20880-24808-29978-44867-74514-80416-91856-114276
5217,20882-54266-80198-103486
5218,20884-36329
5219,20889-50702-52721-63635-71863-83649-101519
5220,20892
5221,20899-57631
5222,20905-25205
5223,20908-26657
5224,20923-72511-108521
5225,20932-34985-45030-73444-95165-101068-109262
5226,20935
5227,20948-59301
5228,20951
5229,20959
5230,20977
5231,20980-41072-88918
5232,20987-29997
5233,20996-100210
5234,21009
5235,21017-58851
5236,21021
5237,21046
5238,21048
5239,21057-38141-70529
5240,21067-22747-32435-54752-66619-77131
5241,21078-39470-47434-73660-77850-82514-98484-99642
5242,21083
5243,21084-43022
5244,21086
5245,21089-35217-38933-52211-52910-70058-73955
5246,21092
5247,21108
5248,21110-32938-40028-61730-93426
5249,21116-32338-70552
5250,21120-30576-62567-95116-97768-99225-99239-112563
5251,21122-22410-67962-81400-89610-96444-111169
5252,21125-38207-60387-71257-73807-78775-92163-92967-99787
5253,21128-33914-34138-37582-38803-42002-54730-59014-62010-64080-71866-76598-77387-78834-79973-81743-83633-102425-103166-108210-109174-109662-113796
5254,21134-76851-82045-91401
5255,21138-24806-26150-28512-29372-35344-36450-38762-39904-44912-46010-50754-52860-56004-60894-60904-61826-67658-73166-78628-80470-85374-90716-90886-91994-92000-92522-93124-95612-98408-103862-108858-111658-114726
5256,21152
5257,21156-28154-29316-31900-37340-38002-38094-38324-41092-41218-42514-44745-45904-46020-46702-47720-48358-50232-50920-52188-54378-55110-55234-55511-56712-59032-59552-61712-62422-65328-65772-66494-68204-68650-74838-76516-77196-77440-78252-80742-81495-84602-84605-85292-89174-89900-89996-90473-91030-91060-92392-94788-97212-97770-98262-98898-98940-98998-99362-100840-102770-103117-104024-105962-108000-108820-109052-109906-112200-112458-113020-114570
5258,21165
5259,21168
5260,21175-111680
5261,21178-24618
5262,21184-49298
5263,21188-47412
5264,21193-86939
5265,21198-64960
5266,21205-22247-66732-109056
5267,21214-32566-68713
5268,21216-82292-94472
5269,21221-44203
5270,21225-54310
5271,21233-63025
5272,21235
5273,21247
5274,21256-43738-47490-50567-51647-51925-52785-61739-66215-68391-70537-74572-78575-79151-82023-91202-92725-96595-97299-97365-99537-101807-105031-105060-108792
5275,21267-43059-62637
5276,21272-24089-27948-38872-48035-53212-54910-55810-64473-69750-69761-75177-75927-94148-97567-99761-113883
5277,21285-21716-32594-53474-74596-89471-95799
5278,21292-28526-63034
5279,21307-31319-45100-53567-57947-61351-61599-70923-72569-81997-84247-89769-90893-97803-98011-102893-108565-108887-109645-113743
5280,21312-86390
5281,21321
5282,21353
5283,21355-60669
5284,21358-54804
5285,21365-58656
5286,21367-33502-63244-99469
5287,21368-83713
5288,21373-53279-62763-78845
5289,21379
5290,21380-32103-35966
5291,21383
5292,21385-23155-70819-76081
5293,21388-24396-63201-98117-105412
5294,21397
5295,21399-69397
5296,21415-81382
5297,21418-85454
5298,21432
5299,21437
5300,21443
5301,21445-37101-45693-47623-51421-65851-74519-81937-112539
5302,21448-32592
5303,21451-42746-58378-95343-104454
5304,21453-23326-31712-35690-44457-45478-46732-49854-51808-55181-55198-57029-58310-58436-59314-60370-60508-65804-66060-70626-71433-72384-73522-75102-75539-76404-77771-82726-83410-87408-91326-93874-96084-97919-98256-100047-100520-101442-102731-103676-104710-106064-108812-109651-109780-110376-110962-111006-111627-112712
5305,21456-33652-101146
5306,21461
5307,21462
5308,21469
5309,21470-37763-40492-45872-46958-47709-48265-55176-55379-57134-58176-66078-113504
5310,21473-110037
5311,21475-32059-46677-100099
5312,21481-34159-38252
5313,21492-32026-42350-45522-88711-100696-112238
5314,21503
5315,21504-23463-31547-44645-45037-48997-52399-62581-63073-63868-65465-83207-85805-93107-105055-106929-108311-108594-109264
5316,21509-108671
5317,21515-80713-103487
5318,21524-89598
5319,21527
5320,21529-38597-90719
5321,21531-27618-46153
5322,21536
5323,21554-37954-43279-43295-44563-45911-47435-48227-48599-51957-56557-56930-57777-61121-61586-65237-65518-68939-73181-74086-76943-77703-83278-83765-84985-87451-88105-92645-93875-96757-98971-101977-103603-103681-104202-104965
5324,21563-28745-39157-42698-45984-50305-80926-90577-97639-102037-104533-110365-114141
5325,21574-97758
5326,21579
5327,21586-67508-99512
5328,21590-85457-92538
5329,21593-107901
5330,21594
5331,21613
5332,21624-54060-58870-64894-69247-81769-87596-101284-114375
5333,21632-100135
5334,21635-28489-50689-102648
5335,21641-21983-22149-92433
5336,21642-114433
5337,21646-28722-30868
5338,21651-30151-97571-102465-111843
5339,21655-31542-76650-78070-78885-83144
5340,21656-38631-41416-53812-54525-62868-67647
5341,21663-34656
5342,21671
5343,21673
5344,21675
5345,21687-65803-83299
5346,21699-108876
5347,21706-48248-48436-50158-69715-78493-91411
5348,21735-48877-59731-68035-85375-94607
5349,21747
5350,21753
5351,21755-26606-28705-40106-53781-65031-73237-108168
5352,21762-49751-92702-92936-100082-102282-107595-108340
5353,21764-33658-38912-40721-52992-53200-54112-61660-68820-74958-84469-85410-93210-104090-104685-107408-111722-111740-114018
5354,21771-40687-41700-71372-104062
5355,21774-108008
5356,21777
5357,21804-89667
5358,21806-42128-42146-52778-53650-56360-59480-64098-85707-86908-92464-92724-102614-103688
5359,21808-26290-47554
5360,21811-42464-44062-47464-49788-51777-53298-55730-56568-59862-63886-65709-66156-71033-72332-72594-75216-76175-76822-81385-86913-87170-87418-94881-97852-100861-107950-110681-112568
5361,21822-93700
5362,21824-41277-49063
5363,21829
5364,21831-64191
5365,21833
5366,21849
5367,21850-109006
5368,21861
5369,21862
5370,21876-48812-63738-72100
5371,21879-36099
5372,21883-64686-69444-73330-82684-85000
5373,21893-59371-108401
5374,21902-39804
5375,21908-24120-40642-64271-71986-101954-107382
5376,21911-56723
5377,21921-62835-101267-104888-106881
5378,21927
5379,21936-44900-69980
5380,21938-64254-70758-80760-103746-104266-111050
5381,21944
5382,21946-32658-48814-84465
5383,21948-92048-94550
5384,21969-24945-36001-45401-48177-83041-101423
5385,21975-22079-45864-51391-60197-61726-61972-62625-66703-68228-69317-73002-75217-78569-80439-90283-93207-94749-95955-97219-98029-99535-100231-103203-103938-108352-110591-110741-112511-112847
5386,21976-23646-26644-32458-33238-35466-37406-38796-39000-39268-40012-40508-40562-41608-45390-49834-53222-53888-57502-58638-60558-61036-66594-66876-68741-72014-73304-73620-75142-78014-88170-88443-92534-93834-94594-97276-102408-102634-103516-105404-105900-106314-109944-110506-110678-111070-113438
5387,21985
5388,21994
5389,21996
5390,22002-42563-51441-55219-67016-79133-81139-85589-89561-97513-103025-104145-106071
5391,22007-26991-110021
5392,22010-41621-45646-55481-61019-78984-82525-84590-98340
5393,22016-28303-30852-39708-45534-48297-52094-53299-61988-84166-87948-107346-110524
5394,22019-66105-76800
5395,22025-59573-65825
5396,22032-24077-40631-44851-46951-63144-83042-94450-101247
5397,22048
5398,22058-28274-43296-59009-64245-70265-89417-110425
5399,22070-22384-32736-48954-50738-61306
5400,22080-49590-51589-58052-67458-72737-73184-74950-78354-80560-80910-82690-103330-103560-105628-108824-113415
5401,22083
5402,22092
5403,22094-27186
5404,22097-29219
5405,22102-71676-76976-88267-98642-108696-111823
5406,22112-44028-50595-52525-62499-70206-102197
5407,22122
5408,22132-40336-45760-46782-54194-56825-60305-60374-60458-68975-69179-75891-77704-79542-84205-87760-88358-89086-90244-90346-95524-96208-96707-99458-100862-103984-105457-106913-112292-112807-112931
5409,22141-23503-44105-47027-53225-55840-60473-68421-68535-68769-69259-70731-71419-74205-81713-84699-85889-87647-91586-94477-97507-101139-102259-108639
5410,22150-36346-47618-56616-85788-101594
5411,22157-27321-43233
5412,22161-25699-44583-45459-55615-76067-76882-112430
5413,22171-102937
5414,22173
5415,22174-49674-60624-68200-109442
5416,22184-34022-41717-48230-54233-62258-63928-64216-68042-87611-101632
5417,22203-26439-28721-31481-34953-36887-40418-41107-43311-45785-53693-56247-60529-65963-72799-76621-85657-103059
5418,22205-25165-52623-54739-111631
5419,22207-99509
5420,22213-35236-39168-101150
5421,22215
5422,22242
5423,22258-25776-28496-42054-59602-64311
5424,22271-35077-56640
5425,22280
5426,22283
5427,22289-40551-59289-63444
5428,22293
5429,22294
5430,22299
5431,22301-56744
5432,22303-102230-102424
5433,22304-25110-33822-40166-55594-85630-88196-112620
5434,22321
5435,22324-48748
5436,22327-80423
5437,22337-24020
5438,22345-94153
5439,22346-101429-113850-113976
5440,22351-79027
5441,22356-37110-39965-70634-87010
5442,22362-62251-71487-73368-84168-103807
5443,22365
5444,22370-36834-48066-51076-56299-70106-83047-83119-91989-102690-105677
5445,22378-74546
5446,22381-114325
5447,22386-93808
5448,22393
5449,22396-33908-54866-87924-95386
5450,22400-42542-43812-44710-44870-46246-46664-46748-52710-53528-55682-55762-66891-74096-82200-83846-86600-88163-88772-90252-92762-92832-96077-109792-110804-114838
5451,22409
5452,22413
5453,22423-70388
5454,22427-25533-30163-81719
5455,22429
5456,22431-35067
5457,22437-23415-35965-38423-42259-42425-48660-53749-56887-70047-72539-79149-79463-83715-89965-93441-94937-96839-107912-108134-110823
5458,22445-47981-95399
5459,22447
5460,22448-50581-65129
5461,22453
5462,22455-111637
5463,22467-52111
5464,22468
5465,22483
5466,22490-66506-72583-73131-91262-103425-108570
5467,22492-26757
5468,22495
5469,22496-23290-29848-35390-56048-92544-94296-106507
5470,22504
5471,22513
5472,22525-32628-42983
5473,22526-26223-29969
5474,22535-66742-84840
5475,22562-30600
5476,22580
5477,22598-47486-47766-72204-72466-90477-92098-92739-101164
5478,22603
5479,22606
5480,22613-41122-42323-66273-69012-89753
5481,22619-85237-113617
5482,22621
5483,22622
5484,22641-39580
5485,22645
5486,22651
5487,22655
5488,22671-24947
5489,22672-43057-101037
5490,22682-46198-80370
5491,22699
5492,22710
5493,22714-27692-44472-55314-57202-68465-73908-80108-85398-91304-102178-104474-111682
5494,22733
5495,22734
5496,22739-40585-43517-43913-45598-54680-56771-59275-67340-73119-73903-73983-74467-74585-75041-75260-80871-82332-86435-94957-97035-99299-100163-102376-102909
5497,22757-27246-66096-74651-83176-90717-91453-94786
5498,22767-28385-43707-43897-60573-71063-73151-85293
5499,22770
5500,22776-61237-71331
5501,22779-30761-39335-50745-71857-82497
5502,22785
5503,22791
5504,22792
5505,22801-27937
5506,22802-25951-51549-87254
5507,22804-97341-98124
5508,22812-84478
5509,22822
5510,22828
5511,22839-39546-43656-55105-105238
5512,22843
5513,22844-26528-60057-64996-76732-81080
5514,22873-26250-48862-95594
5515,22879-37895-42650-45596-49320-50765-55783-59429-59931-62066-66865-71338-87237-91020-91995-94479-95695-104033-112644-113288-114887
5516,22897
5517,22903
5518,22906
5519,22913
5520,22917-110812
5521,22925
5522,22941-33533-36207-36291-43021-58319-63695-97371-106363
5523,22948
5524,22952-26002-33656-37802-38010-38026-38317-39002-39760-39906-40069-40284-40403-41445-41781-41995-42024-42145-42347-42372-42546-42676-42789-42793-42818-42870-42990-43192-43450-43828-43886-43976-44486-44643-44734-44740-44923-45400-45458-46016-46424-46578-46888-46915-46982-47009-47036-47740-47761-47853-48111-48176-48367-48392-48481-48785-48800-49101-49745-50030-50163-50891-51259-51869-52166-52426-52444-52555-52622-53018-53043-53123-53506-54270-54365-54641-55069-55295-55304-55608-56211-56244-56256-56475-57239-57482-57506-57715-57767-57999-58570-58996-59458-59810-59927-59975-60240-60299-61356-61369-61860-62106-62380-62417-62439-62776-62836-63799-64657-64704-64795-65046-65374-65586-66382-66836-67257-67379-67383-67832-68247-68471-68856-69115-70062-70252-70373-71175-71201-71239-71248-71317-71464-71486-72068-72118-72222-72226-72469-72656-72757-72767-72818-72883-73137-73366-73436-74018-74022-74064-74149-74327-74559-74652-74784-74836-75309-75369-75858-76623-76953-77129-77324-77342-77462-77606-77837-77945-78394-78544-78892-78973-81386-81777-81808-81968-82000-82062-82066-82262-82398-82761-82778-83040-83086-83134-83138-83376-83378-84798-85061-85223-85332-85458-85534-85862-85952-85976-86112-86174-86346-86433-86550-87322-87414-87553-88933-89089-89129-89371-89487-91027-91029-91667-91809-91887-92031-92049-92492-92965-93033-93711-94297-94301-94464-94520-94735-95355-95398-95626-95825-95986-96375-96392-96670-96783-97084-97188-97478-97848-98018-98328-98339-98598-98728-99341-99694-99731-100067-100131-100189-100264-100332-100598-101422-101676-102076-102260-102564-102675-103599-103885-104022-104464-104898-104905-105414-105525-105899-107248-107752-107829-108039-108267-108489-109029-109495-110318-110815-111566-111825-112084-112183-112570-112941-113003-113611-113886-113900-114048-114121-114329-114436-114575-114874
5525,22957-28438
5526,22971
5527,22977-36619-37623-39997-40123-41439-48167-50509-52701-58365-59925-60055-60543-61873-63479-64229-70833-72387-72388-75243-76205-77455-78473-78717-81805-85135-85593-86411-87361-88113-89235-89567-95493-97609-99161-99205-102055-105253-107987-111403
5528,22991
5529,23004-73590-75984-106750-111030
5530,23008
5531,23010-88147-106635
5532,23012-31654
5533,23015
5534,23033
5535,23035-109261
5536,23042-62544
5537,23047
5538,23059-45703-48851-63675
5539,23066-69859
5540,23069-96074
5541,23081-62253-110216
5542,23083-88100-110875
5543,23085
5544,23103-52659
5545,23109-27955-28235
5546,23112-43892
5547,23117-81338
5548,23118-57868-67127-74254-77570-84996-98058-102202
5549,23130
5550,23137-30386-38519-62391-68680-108838
5551,23140
5552,23146
5553,23163-34218-54336-55969-64451-81595-88164-95015
5554,23170-39394-52914-74200-104020-109918
5555,23172-28752-39518-40442-41932-41956-44375-48623-49734-51857-55973-60214-67498-70060-70231-72811-73023-77773-79391-82885-83162-83568-83893-87147-93301-96463-97061-99875-107201-110387-110484-114180-114800
5556,23187-97761
5557,23191-36644-42034-75876
5558,23196-25238-49752
5559,23199
5560,23200-63883-77337-86500
5561,23206
5562,23219
5563,23220
5564,23231
5565,23233
5566,23237
5567,23239
5568,23240-31540
5569,23245
5570,23246-31586-47642-90684-106698
5571,23254-42444-52918-53319-61386-76563-99154
5572,23273
5573,23278
5574,23283
5575,23285-42882-49990-60420-90468-108286
5576,23289-30115-39613-43697-49857-92715
5577,23299
5578,23301-31659-31959-51419-59666-68723-79735-80010-83307
5579,23302
5580,23304
5581,23307
5582,23311
5583,23315-31975-41967-42835-53101-61483-81661-83455-92335-94827-113695
5584,23318-32229-35810-41402-51389-73278-75897-81796-89076-96884
5585,23323-24511-29123-39219
5586,23342-39175-39926-41928-43542-45937-48586-50555-50757-52631-59799-64075-64639-66209-68495-71007-78829-79634-88891-91659-93407-94219-97468-98595-99755-100334-106499-108922-110809
5587,23350-27161-34044-35600-57337
5588,23353
5589,23362-81009
5590,23365
5591,23368-38716-38775-42815-43709-44054-44724-48003-51501-56388-56732-69104-78895-80684-89811-96928-97873-98033-100218-104908-109155
5592,23375-50862-65774-75326-79988
5593,23378-47123-52304-56595-71014-73944-77085-77253-83473
5594,23380
5595,23383-35525-35587-43129-50721-57235-61082-63197-66017-76283-77882-86125-94341-113925
5596,23389
5597,23393-31979
5598,23396
5599,23399
5600,23403-47139
5601,23409
5602,23412-38736-44960-83486-102916-103744-105906
5603,23417-40669-52233-68860-87888-92161
5604,23437
5605,23447
5606,23449-70899-105861
5607,23451-25481
5608,23468-29770-48000
5609,23474-104612
5610,23477
5611,23480-40615-55009-94261
5612,23488
5613,23497
5614,23505
5615,23521-23717-30091-44623
5616,23522
5617,23535
5618,23540-62122-67052
5619,23545-28547-57991-63214-85493-91397
5620,23551-29697-80816
5621,23553
5622,23581-33554-55627
5623,23601-72413-77405-87731-109147
5624,23614-36672
5625,23622-46801-50918-62078-64526-67123-80539-95603-104814-110023
5626,23625
5627,23626-32852-33728-37913-45551-45916-47862-55854-60213-60317-61929-62314-64084-66367-67630-71943-74670-76033-76403-77754-88929-92751-93455-106080
5628,23637
5629,23639-101708
5630,23641
5631,23644-32967-67034-106086
5632,23649
5633,23654-37129-39528-41264-42012-44362-45218-47295-47754-48307-48627-50464-50935-57045-59024-61830-64081-67044-69295-69427-72732-74427-77834-77979-78067-78668-81575-81653-81718-81793-84844-85184-87078-88377-93651-98409-99010-100245-102953-106928-107809-108859-109199-110174-112623-113587-114064
5634,23665
5635,23667-31871
5636,23670-61875-91732
5637,23673-34487
5638,23676
5639,23682-33716-53586-108050
5640,23691-72855
5641,23695-29257
5642,23709
5643,23713-87139
5644,23723-28739
5645,23728-70472-78976
5646,23730-40568-46960-72900-87480-97640-103552
5647,23743
5648,23753-58877-91728
5649,23756
5650,23766-83701-104267
5651,23768
5652,23770
5653,23784-24482-37574-37675-39016-44713-46251-48519-54074-61533-63207-64050-72109-74366-76234-78640-90439-98924-104546
5654,23813
5655,23820
5656,23827-52337-85333
5657,23832-24204
5658,23853-29519-33913-77463
5659,23866-24124-31559-36248-48509-54042-70330-88734-101292-107082-112750-112980
5660,23879
5661,23881-28352-44285-48067-50010-62319-62517-65506-70065-70850-71466-72172-72190-76226-85352-92092-93205-94682-97267-99417-100101-103732-104366
5662,23884-28899
5663,23886-47804-59963-80637-94592-103595-104773
5664,23890
5665,23898-29290-31812-58798-69729-73403-89394-101428-113094
5666,23902-30478-36550-37534-39336-48796-52434-54840-56068-57974-62758-63410-67608-70635-71518-72718-75726-78426-84536-85956-92122-93134-93960-97667-109864-112842-113030
5667,23904-51902-60262
5668,23906-47389-69792-104438
5669,23924-27304-38000-38672-38922-40138-40257-41051-41996-42030-42923-43155-43362-43867-48462-48561-50086-52383-52644-53612-53717-53857-54023-54218-54273-55032-56434-56776-58038-58646-60412-61006-61978-62035-62801-62934-63560-63655-65287-65892-67495-67937-69340-69977-69981-70254-72408-74294-75502-75958-76608-76783-76786-77592-78446-78933-79003-79433-80440-81527-81560-81904-82032-82450-82872-83844-85718-85922-85924-86331-86764-88515-89167-90016-90168-90379-90463-90835-91090-91415-94554-94872-95216-95304-96590-98372-99609-99678-101680-104562-104659-105974-106325-106924-107164-107590-107983-108282-108300-108398-108854
5670,23935
5671,23940-26700-28958-35202-95086
5672,23945
5673,23947-113389
5674,23954-32212-45340-61733-103148-106820-111460
5675,23957-46001
5676,23959-53280-54117-77639
5677,23962-38436-39671-55218-56240-75328-91187-93401
5678,23964-43323-51949-74659
5679,23967-113700
5680,23975-46643
5681,23982-47824-78832
5682,23988-29663
5683,24005-64729-93485
5684,24013
5685,24016-82434-86432
5686,24024
5687,24033
5688,24044-71090
5689,24047
5690,24051-29777-32055-41275-42353-58433-64383-75247-77883-80195-82957-93893-98015-100159-100677-104285-111145
5691,24052
5692,24055-65391-69121-84897
5693,24063
5694,24071
5695,24083-37780
5696,24087
5697,24092
5698,24101
5699,24109-30831-40611-42895-66585-93289-100714-102555-102739
5700,24129-46581
5701,24130
5702,24142-41607-78343-103561-109425
5703,24147-39015-54601-83819
5704,24148-50497-60091
5705,24159-50654-50899-59383-69454-89577
5706,24161
5707,24162-61352
5708,24165-41123-41892-55655-56889-85849-88425-110089
5709,24167-31429-37919-50543-57429-65601-67601-81335-101219
5710,24168
5711,24178-38382-45045-69186
5712,24183
5713,24195
5714,24199
5715,24201
5716,24202-31817-40960-46655-49758-50790-52331-54239-58305-58614-60807-60853-65379-65829-70108-71854-79689-80189-82993-85777-85791-85941-100703-109654-110669
5717,24217-28071-37443-42141-42847-48336-76870-79075-102799
5718,24219
5719,24230
5720,24232
5721,24239-32803-52519-55473-78235
5722,24261-43890
5723,24266
5724,24270
5725,24272-67874
5726,24275
5727,24278-74906
5728,24281-38085
5729,24285
5730,24286-36130-46145
5731,24319-44909-53579-62117
5732,24322-26462-41724
5733,24326-43274-48930-85845
5734,24330-38967-66609-67384-71079-77848-83224-84015-86869
5735,24332
5736,24339
5737,24346-75575-109198
5738,24355
5739,24359-51358-52432-54343-58330-60264-71389-80606-81574-88048-89428-93171-102502
5740,24369
5741,24375-54888-60761-87998-108094
5742,24388-38474-52122
5743,24394-55332-56454-80162-109834
5744,24399
5745,24428-111981
5746,24430-39375-47171-53400-57453-68081-86386-104511-105735-109971
5747,24435-55093-65910
5748,24437-29407-48153-68875
5749,24439
5750,24443
5751,24449
5752,24451
5753,24459-60157-96297
5754,24463
5755,24473
5756,24474-57427-66608-74979-83610-96628-113636-114546
5757,24484-46633-51699
5758,24486-38833
5759,24489-32743-48563-50577-84345-93535-95177-100715
5760,24508-86296
5761,24530-45264-92532
5762,24533-86928-104255-108601
5763,24538-51500-97860
5764,24546-33594
5765,24549
5766,24551-51543-60933-64183-80087-86513-89161
5767,24553
5768,24564-60712-61066
5769,24572-44360
5770,24576-56458
5771,24584
5772,24590-27606
5773,24595
5774,24597
5775,24609-27335-32613
5776,24629
5777,24631
5778,24635
5779,24649-80395-95517-104419
5780,24652-79260-114681
5781,24661-25685
5782,24669-25461-37473-38253-38595-39987-42533-45451-54091-56999-60827-67993-69387-73413-75877-82181-83889-91423-91561-91583-97235-97274-98065-98070-110575-112353
5783,24678-39695-48828-49454-50116-64298-67258-72317-73402-73482-83153-101438-105481-112760
5784,24685-29824-55012-63088
5785,24689
5786,24690-59904
5787,24700-27688
5788,24702-28052-41294-45535-47867-48456-57186-62257-63254-64658-64708-65909-75587-79452-79819-80542-85146-85357-89477-89510-96150-98603-102822-103833-109923-112285-113723-114514
5789,24710-58332
5790,24719
5791,24723-34551
5792,24724
5793,24733-59853-100049-101462-108625
5794,24740-31316-56750-57080-58122-59340-60078-71842-79470-96882-100472-100480-104784-114490
5795,24752-103947
5796,24767
5797,24769
5798,24777-41540-42713-50447-57781-59579-62602-63497-64143-65621-70205-71807-84859-85037-85679-90347-91629-112407
5799,24778-30710-77030-95122
5800,24795
5801,24805-58420-63299-88566
5802,24821
5803,24827-30981-92904
5804,24837-77593-87040-113871
5805,24845-46043-66675
5806,24847-82021
5807,24855
5808,24863
5809,24868
5810,24871
5811,24873-27270-36472-43265-45946-47689-57484-59982-66990-73333-73593-78528-85015-86624-102473-103970-104777-106430-112859
5812,24881
5813,24897-35957
5814,24920-75947-114883
5815,24925
5816,24955-68481-79823
5817,24965
5818,24968-29436
5819,24970-82090
5820,24977-27521
5821,24994-27771-28564-31024-67020-69161-78111-94409-98722
5822,24998-30347-73715-83607
5823,25001-40235
5824,25011-40902
5825,25017
5826,25026-27014
5827,25031
5828,25032-74993-78889
5829,25035-51942-57030
5830,25037
5831,25041
5832,25042-34862-76487
5833,25045
5834,25055-114250
5835,25056
5836,25059-33391-48334-69931-82913-85215-95929-107949
5837,25087-28361
5838,25090-28690-32138-57169-58068-58524-66222-72826-76430-80986-82350-84506-85462-86828-90400-94954-99238-99980-108143-108714-110480
5839,25104
5840,25114-102652-112494
5841,25123
5842,25125
5843,25134-87818-101943
5844,25136
5845,25144-28340-31066-62455-73864-77348-90866-98252
5846,25161-29737
5847,25168-40038-99844
5848,25172-34086-84864-96160-100744-108706-108790
5849,25187-36229
5850,25189
5851,25194-67940-109732
5852,25197
5853,25198
5854,25201-39291-46390-56847-85119-98245
5855,25203-45791
5856,25208-45852-48533-49161-53496-56075-57826-59508-59777-61427-62861-70841-71840-72925-83230-89734-92436-99160-102130-107715
5857,25218
5858,25220
5859,25222-29472-48031
5860,25231-57535-60653-67313-68423-73817-80053-88061-89931-103136-109349-110473
5861,25236
5862,25240
5863,25248
5864,25250
5865,25263
5866,25264-46160-58950-59169-66018-66970-71492-84126-89039-102328
5867,25267-28529-37119-85183
5868,25272
5869,25285
5870,25293
5871,25298-89020
5872,25301
5873,25309-62248-86304
5874,25316-94499
5875,25328
5876,25337-49797-50151-51117-78627-103493
5877,25342-33681
5878,25357
5879,25371-51988-59451-80586-86315-90533
5880,25373-25486-71273-93047
5881,25376-47775-55207
5882,25381-26527-42632
5883,25393-61645-63671
5884,25401
5885,25403
5886,25405
5887,25407-26975-43395-64073-70875-73727-109211
5888,25411
5889,25419
5890,25423-59489
5891,25424
5892,25427-35484-43768-58795-61317-62653-62715-84813-95253-101779
5893,25429-36174-37695-57240-94747
5894,25430
5895,25436
5896,25441
5897,25444-44031-60579-65275
5898,25446
5899,25451-30748-43105-61436-101785
5900,25455
5901,25469
5902,25470-35007-47066-52342-54976-72484-78877-80577-87943-88670-89427-89452-91254-94146-96903-98910-100830-105293-107148
5903,25473
5904,25477-59213-72069
5905,25485
5906,25497
5907,25498
5908,25501-64601-71158-83785-89431-92319
5909,25505
5910,25510
5911,25512-25906-100320
5912,25519
5913,25520-46744-83950-88920-94090-99759-104102
5914,25529-41909-114087
5915,25531
5916,25534
5917,25537-60723-69042-70831-73870-78615-106009-109713
5918,25548
5919,25556-43572-55333
5920,25567-87637-95334-99781
5921,25580-58771-61216-81185-98032
5922,25586-33665-34520-59392-80603-87417
5923,25589-74314
5924,25590-52759-74050-79658-107636
5925,25600-30216-57951
5926,25615-38831-46681-52469-61345-74687-77561-78807-80327-85831-85847-102495
5927,25616-45750-76658
5928,25620-35609-38627-63664-74691-85753-96798-101277-112707
5929,25625-109432-109652
5930,25632-41022-65466-68634
5931,25644-35526-70924-80852
5932,25647-29559-83949
5933,25658-44354-66350-78629-87404-93564-99484
5934,25682-48374-65361-89434-92178-96516-98902-106886
5935,25690-40473-63368-94828-98831-104534
5936,25693-54475-72009-94619-98455
5937,25697
5938,25705
5939,25707-28197
5940,25725
5941,25751
5942,25755
5943,25759-51394-111383
5944,25763
5945,25782-27625-74863-92143
5946,25789
5947,25791-31353
5948,25794
5949,25807
5950,25812-87933
5951,25818-27899-29522-30604-37725-48637-50776-59417-65426-65666-68055-68565-73078-76437-81608-87837-90961-100289-100350-105785
5952,25829-44986
5953,25834-37796-105668
5954,25842-30288-55766-99231
5955,25861-42176-42299-42822-45001-53354-55583-63567-64343-67297-73329-78393-80419-88635-90575-90708-93063-93489-101550-102011-102219-106323-107504-111770-111813-111892
5956,25864
5957,25875
5958,25878
5959,25881
5960,25884-43212-53851-69443-74544
5961,25891
5962,25898
5963,25900-26014
5964,25915
5965,25921
5966,25926-61340-87455
5967,25929-43723-48327-49577
5968,25935
5969,25942-29252-39100-57878-59794-86502-90572
5970,25946
5971,25957-31085-43162-49733-82703-103031
5972,25958-84668
5973,25961-41959-64717-81051
5974,25965
5975,25979-66521-82503-88949
5976,25980-74030
5977,25986-33856-66593
5978,26001-92117
5979,26005
5980,26007-49328-78251-89072-98485-100541-108672
5981,26009-97574
5982,26019-27525-93253-93659
5983,26021-54596
5984,26024-68799-69918-83987-97183-103461
5985,26044-85834
5986,26049-38491-40018-41110-41467-41945-43586-43648-44247-45083-45685-47177-59778-61023-62002-62127-62203-63393-70115-70398-73306-79403-81879-84207-88213-90619-92437-93359-93708-94559-96141-97799-98875-100155-103509-105737-108947-109767-111137-112389
5987,26057-29660-31821-50516-96489
5988,26065
5989,26068-39843-40643-41332-42148-49881-52911-56350-61073-65367-71188-75630-79411-84293-84836-86182-87529-98418-107968-108509-113846
5990,26074
5991,26077-42085-45775-58580-62743-67140-70121-74077-75347-77579-83771-85001-92081-93079-97957-104089-105805-112268
5992,26086-37352-65139
5993,26104-48766-65471-66591-106212-107315
5994,26121-36943-45171-51943-57031-66519-75197-76315-85369-100405
5995,26126-57883-74805-89376-103680
5996,26133-27969-58542-95451-97809
5997,26137
5998,26148-34220-86554-101040
5999,26153
6000,26183-46820-72263
6001,26185-55465-67583-74685
6002,26187-78520
6003,26197
6004,26202-37247-48638-101055
6005,26216-89240
6006,26219-77878
6007,26221
6008,26224-49300
6009,26235
6010,26247-111339
6011,26249-80211
6012,26257-49561-61357
6013,26260-29707-36441-41912-46592-64366-66069-67691-69475-73275-79571-82899-92595-92871-93835-96007-96229-100479-104687-109771-111727
6014,26266-43534
6015,26273
6016,26279-73175
6017,26281-86797
6018,26296
6019,26301-77519
6020,26342-28602-46170-97322-97406-105830-112971
6021,26344-86461-99187-110838
6022,26349-65639
6023,26356-79325
6024,26362-38920-87682-106745
6025,26365
6026,26373
6027,26382-28940
6028,26388-27800-76651-87931
6029,26394-30052-34150-86925-90568
6030,26398-36820-39472-39550-41084-43580-46340-46712-47750-47764-48908-49764-50524-54232-54456-58468-60065-61976-63316-64714-64892-65180-67828-69482-71632-73956-73970-88072-88562-89180-91594-91636-92110-94551-98063-99608-101486-101668-103246-104484-113348
6031,26406
6032,26411
6033,26417
6034,26420-101030
6035,26425
6036,26433-37336-65352-69147-76764-86822
6037,26447-36789-53531-65079-70689
6038,26455
6039,26464-61300
6040,26469
6041,26479-53159
6042,26481
6043,26486-46866-58936-61840-97678
6044,26493
6045,26495-61584
6046,26500-31562-38138-42312-56838-61993-64650-64812-80698-95914-113574-113688
6047,26503-97827
6048,26510-71834-91472
6049,26514-28808-36158-37433-40145-43693-44207-44277-46202-47596-48119-48422-52370-58221-69954-80188-81677-84267-92218-94807-97475-97910-100317-104595-111933-112506
6050,26517-38439-39129-39543-44159-46731-48903-49966-50335-54183-54793-55283-55895-56019-56873-60351-61408-62183-63895-64171-65481-66464-70353-70653-72392-72963-75159-76169-80375-80459-80599-81037-81083-81553-88835-93149-96071-96283-97709-99893-101349-102192-107069-107277-109648-111190
6051,26519
6052,26520-40600-40917-42388-44119-87622
6053,26524-89970
6054,26533-94558
6055,26537-38861-76070-86281-111046
6056,26548
6057,26550-33578-48138-55266-58334-63384-65884-81518
6058,26559-69493-93768
6059,26563
6060,26583-33666
6061,26589-29775-37199
6062,26598
6063,26617
6064,26619-81733
6065,26620
6066,26635-49769
6067,26643
6068,26652-39644-43409-51260-53686-59758-66512-67896-73972-84584-94953-109639
6069,26658
6070,26661
6071,26662
6072,26665
6073,26666-44958-48813-112034
6074,26671-28975-32438-57471-70009-77817
6075,26673
6076,26678-31090-49683-54136-56898-59442-76491-78563-78796-78804-81708-84858-89940-101095-105667-111242
6077,26685-29791
6078,26690
6079,26713-46042-66674
6080,26716-29606-43082-44834-60358-67137-76910-98504
6081,26737
6082,26745
6083,26747
6084,26749
6085,26764-37835-63198
6086,26768
6087,26773
6088,26775
6089,26779
6090,26783-53762-67674
6091,26785-49232-73045-79911-100045-105237-105725-107153-113167
6092,26793-58432-71776-74914-87695-107391-110421
6093,26830
6094,26832
6095,26837-37171
6096,26846
6097,26853
6098,26858
6099,26873
6100,26876-74426
6101,26882
6102,26884-79030
6103,26894-40980-105594
6104,26907-64065-108241-113221
6105,26913-71928-114454
6106,26918
6107,26922-34353-54816-82368
6108,26924-36808
6109,26931
6110,26936
6111,26943-42706-54353-61371-77095-92839-93987-95531-97013-101730-101783-102198-108787
6112,26945
6113,26947-87727-91295
6114,26950-47639-66482-93094-101377
6115,26957
6116,26960-39013-61741
6117,26966-35944-101381
6118,26970-37453-55036-60114
6119,26981-35618-113495
6120,26983-79093
6121,26992-31842-39140-40357-46597-65194-66662-67831-72911-73678-79222-81450-84937-89263-89937-93920-98044-108455-110481-112544-113142
6122,27001
6123,27005
6124,27022
6125,27033
6126,27038-51397-53845-63030-79074-114324
6127,27042
6128,27046-29700
6129,27049-112512
6130,27058-85527-87296-110907-111801
6131,27091-43277
6132,27093-73789
6133,27095-28623-44586-48821-58923
6134,27096-38488-44174-53190-67431-79414-105094-111156-111758-113858
6135,27100
6136,27102
6137,27110-51028-82860-107252
6138,27112
6139,27118-94433
6140,27137-29089-30471
6141,27139-31043-65991-72419-74291-93084
6142,27145-32745
6143,27146-98644-101672-104440
6144,27171
6145,27173
6146,27175
6147,27180-55071-72966-75382-79801-93654-95167-100270-107111-108568
6148,27191
6149,27201-33924-108330
6150,27206-35746-48016-80923
6151,27227-41012
6152,27242
6153,27251
6154,27259
6155,27261
6156,27267
6157,27282-66518-76314
6158,27291-36623
6159,27292-28327-57900-76034-90656
6160,27297-81946
6161,27298-46482-47128-55663-56200-56566-61614-62849-64546-68138-70920-71096-72452-77698-77712-77871-80608-81424-84521-86454-89457-98731-107154-108750-110819-112701
6162,27316-49150
6163,27325
6164,27330-41748
6165,27333
6166,27337
6167,27340
6168,27360-42410
6169,27369-62298-97065-111075-113549
6170,27371
6171,27375-52588
6172,27379
6173,27381-55977
6174,27382-62050-62572-67678-111108
6175,27397
6176,27403
6177,27406-52308-86868
6178,27429-37592-40130-53782-63685-71105-72643-81155-87643-92514
6179,27431-30741-95108
6180,27441-71309-75617-85871-103383
6181,27445-34059-47545-48142-53466-55555-59741-61835-62447-65442-67222-71293-80055-80163-90759-91573-93087-95056-111775
6182,27453-61387-82845-113073
6183,27455
6184,27456-73564-76166-90329-101326
6185,27467-30815-113603
6186,27468-39376-53276-66820-69929-71036-72084-101918-110708
6187,27486-28760-67288-67544-114591
6188,27493-33457-81905
6189,27499
6190,27509
6191,27511
6192,27515-46639-79655-82441-82801-91893-98349-100795-103773-111967
6193,27540
6194,27543-94647-94969
6195,27545
6196,27549
6197,27550-51834
6198,27577-52645
6199,27583-56809-104025-104855
6200,27585
6201,27590-70738
6202,27596-42461-50686-74627-75219
6203,27628-91226-94650
6204,27634
6205,27647-75777-92137
6206,27648-34445-55586-68888-93123-98670-104177-107385
6207,27658-29856-35748-36768-60282-98364-105760-110200
6208,27660-43204-58654-75466-92923-97921
6209,27663-35010-47787-76646-83523-102394-105662
6210,27664-39318-39386-40446-41030-43267-43933-47026-52612-54047-56390-60547-61561-66254-67259-67860-70180-70600-71297-71409-73350-74010-76686-80164-81470-81748-81865-82537-83336-85514-86578-87354-90730-92676-92710-93786-95012-96888-96992-97543-98788-99178-102563-102995-104942-104974-109284-109514-109666-110279-112810-113326-114714
6211,27669
6212,27675-65842-79982-92014
6213,27687-28983-63431-81597-87133
6214,27697-70236-79345-83886-85225-106781-112337
6215,27703
6216,27705-54812-93668
6217,27709
6218,27717
6219,27718-39768-51440-53126-65192-79652-82431-89304-91770-107017
6220,27725-29907
6221,27730-30720-43308-45302-48061-48532-49570-54818-58652-58898-63174-63324-63608-64536-65024-71532-72862-73472-84949-87382-95059-99386-103836-104750-105710-113592
6222,27733
6223,27736
6224,27750-28567-37021-46671-69993
6225,27752-31198-32238-34401-89455
6226,27757
6227,27758-82358-104150
6228,27765-106404
6229,27777
6230,27782-31760-44442-114784
6231,27794
6232,27797-44114
6233,27799-35511
6234,27816-67822-80858-83759-85330-87424-100374-110624
6235,27823
6236,27828-37066-46558-49247-81300-94333-96480
6237,27831
6238,27853
6239,27859
6240,27860
6241,27865
6242,27881-49904
6243,27891-42976-44312-46957-47351-50479-51127-51395-51590-53049-55107-55667-61316-64445-66779-69677-78126-78841-79069-79622-80604-82881-83909-89638-94256-99032-104362-105025-108477-109259-110459-113905
6244,27893
6245,27902-36895-59930-60583-64105-65432-76148-76641-111546
6246,27904-31623-67739
6247,27916-38437
6248,27918-52760-58686-90024
6249,27920-104940
6250,27922-36535-61254-64251-76509-78974-92567-98967-101070
6251,27961-38916-65382-72816-90158-98077
6252,27963-44103-73187-73477-78369-106145
6253,27966-43475-82386
6254,28009
6255,28013
6256,28025
6257,28029
6258,28037-94157
6259,28041-32531-35280-72913-74361-89320-108731
6260,28042-35124-72092
6261,28047-76332
6262,28048-46302-48352-58236-65014-76820-95070-114818
6263,28054-78697-91379
6264,28059-36213-44726-57127-74482-87981-93918-103270-113541
6265,28061
6266,28087-30533-36077-44425-104263
6267,28090-77776
6268,28093-84655
6269,28095
6270,28097
6271,28101-38637-41635-46110-46369-48659-48924-53493-59357-61727-64200-67074-68173-70021-72225-73047-74346-75573-85808-87217-88427-95703-112321-114713
6272,28106
6273,28109-92489-93381
6274,28115-44556-64572
6275,28133-43553-44683-64733-68179-86487-102653
6276,28136
6277,28140
6278,28145
6279,28151
6280,28157-97861-97872-108914
6281,28163
6282,28173-31109
6283,28174-34880-36651
6284,28201-29761-53581-54319-79445-88363-97573-103779-107755-114631
6285,28211-93328
6286,28215-49221-51479-52177-52505-53446-56537-59621-59943-62971-63269-66873-71097-72367-88015-92407-93411-94739-94896-97877-102605-103755-105643-111447-112222-114735
6287,28220
6288,28223
6289,28229-35455-37194-40297-43185-45908-47644-52162-60765-63870-65670-68705-77559-83211-84112-85263-98356-104149-106500-109667
6290,28231
6291,28241
6292,28251-97671
6293,28268-71194-79346-98800
6294,28279-62415-79303
6295,28281-79299
6296,28286-67207-84873-95860-110189
6297,28289
6298,28290-53655-101921
6299,28293
6300,28301
6301,28304-53601
6302,28312-47558-50904-62551-91652-101890-106594
6303,28315
6304,28321
6305,28336
6306,28345-79523-91301
6307,28348-31010-39143-46656-53456-55160-60952-68868-68873-73276-82231-91727-109209-110938-113692
6308,28357
6309,28359-55111-88457
6310,28372-30218-62662-106274
6311,28380
6312,28387
6313,28390-50969-86921-103686-106826
6314,28405
6315,28425-37705-76546
6316,28437
6317,28450
6318,28459
6319,28471
6320,28498-69776-70167-70217-73410
6321,28500-32344-65540
6322,28520
6323,28522-39350-40094-41405-42943-43483-46705-53711-56737-57743-88341-88512
6324,28532-31514-39736-57392-72854-88316-100864
6325,28541-41931-45483-45873-55395-63449-64525-67161-68681-72327-82953-87373-108839-114379
6326,28553-39466
6327,28561
6328,28569
6329,28573-43080-104328
6330,28578
6331,28581-45447-52527-92320
6332,28582
6333,28592
6334,28595-59491
6335,28601
6336,28606-33127-86462
6337,28617-64212
6338,28625-41432
6339,28630
6340,28646-36234
6341,28649-35713-39147-63871-74343
6342,28655-69897-112363
6343,28657-89311-101105
6344,28659-32145-59151-69151
6345,28663-66436-87663-95328
6346,28669-31283
6347,28692-29108-41055-47976-68072-68812-81654-86108-89130-94419-100891-107984-114388
6348,28694
6349,28701-62142-98120
6350,28708-41278-58938
6351,28737
6352,28751-33019-33765-37715-72711-76699-97539-113755
6353,28755
6354,28778-57468-93597-103143
6355,28790-58312-107506
6356,28793-30277-36985-59254-77991
6357,28800-110188
6358,28802
6359,28804-33880
6360,28815-51862-103463
6361,28817
6362,28818-109985-111664
6363,28827-32109-46803
6364,28834
6365,28844-94497
6366,28851
6367,28852-34046-94880-102406
6368,28855-39469
6369,28859-69642-76219-96011
6370,28861-39794-57494-58499-63582-81537-83999-111376
6371,28862
6372,28865
6373,28870-29740-37981-40991-44725-46737-47004-49355-49860-58703-62421-65685-68895-72655-77646-83655-84064-96769-102329-110167-111149-111737-114105
6374,28873-39517
6375,28874
6376,28882
6377,28887
6378,28893
6379,28897-98071
6380,28931
6381,28932-33156-41558-48555-55130-65306-65833-72716-88755-101163-104317-111193
6382,28946-41807-43612-71688-90876-95135
6383,28948-63252-79104
6384,28953-80557
6385,28965
6386,28980-48905-90977
6387,28991-37327-47653-51475-53173-54279-67189-72734-81453-93342-106341
6388,29003
6389,29025-35728-40366-52671-56562-58311-60001-84023
6390,29026-66651
6391,29039
6392,29045-65417
6393,29053-35401-63083-64593-89069-108387-109519
6394,29062-72546
6395,29066-36114
6396,29072-33038-40556-57222-69262-72751-104314-111609
6397,29076
6398,29080-76890
6399,29090
6400,29102-86727
6401,29107-106757
6402,29110
6403,29116-38366-48894-57164-62287-62685-64788-67086-82706-89617-91001-92176-101983-109736
6404,29127-76391-90340
6405,29130-43304-58132-58463-63866-66265-67772-81077-81364-90622-94398-105890-110320
6406,29133
6407,29139-31885-41033
6408,29153
6409,29155
6410,29156-93798
6411,29163
6412,29164-39922-45392-49882-50624-52003-63364-71296-79070-112900
6413,29167-76325-94473
6414,29169-33719-37255-44497-49446-102357
6415,29175
6416,29177-46774-67286-67690-79368-92625
6417,29185
6418,29187
6419,29190
6420,29211-41385-77529-78217-93791
6421,29214-80708
6422,29238-48346
6423,29243
6424,29261-51752-83418-101810-110523
6425,29272-48007-80071-93633-101379-101996-106586-108111-111742
6426,29278-65052-77380-92302-96076-103782
6427,29281-34322-38318-39112-56489-59189-68976-69890-75482-82327-82598-83659-84910-85841-93653-95079-95574-99158-103876-106527-109770
6428,29293
6429,29307-31215
6430,29318-35143-108258
6431,29326
6432,29348-35492-85322
6433,29351-46281
6434,29363-48488-53172-62249-90285-96151-98964-114043
6435,29375
6436,29398
6437,29403-85145
6438,29409
6439,29417-78551
6440,29440
6441,29453
6442,29461-56259
6443,29465
6444,29466-32664-37893-50131-55241-55475-67547-68103-76443-80505-89941-106129
6445,29468-33650-108546
6446,29488
6447,29497
6448,29499
6449,29513
6450,29531-91387
6451,29533-50349-51458
6452,29550
6453,29560
6454,29565
6455,29571-63828
6456,29583-36128-52152-60513
6457,29600-94495
6458,29617-57843-64413-67435-71969-78687-80827-105675-114133
6459,29618-39194-39383-46540-46635-52497-53392-54068-55801-59894-61133-65067-68172-68508-77540-78828-79937-81435-83244-83913-85159-88467-88499-88943-89613-90930-91189-96564-97339-97635-97798-98040-100139-101220-104541-104611-108246-112748
6460,29622-31810-33172-38954-43714-54690-62318-78222-90008-90552-94418-106520-111824
6461,29633-73178
6462,29647
6463,29648-75365
6464,29658-34698-47208-48740-50379-67627-70779-78362-96718-98850-107269
6465,29669
6466,29673
6467,29675-54085-67523-73361-100248-114059
6468,29690-33079-33563-39875-42489-57604-62693-67865-70811-76061-88783-90409-93552-103412-104848
6469,29692-79318-83612-87977
6470,29708-42040-85182-88966
6471,29712
6472,29714-37516-38636-40582-44992-48736-52042-68112-77910-78210-83216-83532-97716-97759-114408
6473,29718
6474,29733-92603
6475,29739
6476,29743-42123
6477,29744
6478,29773-31203
6479,29789
6480,29795-80428
6481,29807-42101-84204-93898-98241-105477-113350
6482,29811-61049-112338
6483,29821-64011
6484,29822-30210
6485,29827
6486,29828-108304
6487,29831
6488,29833
6489,29861
6490,29887-32369
6491,29893
6492,29894
6493,29899-45415
6494,29903-35159
6495,29913
6496,29931-95795
6497,29938
6498,29951
6499,29955-90094
6500,29958-34740-41766-45830-48612-48642-51120-55598-56758-58676-60678-65588-74654-74686-84670-85014-86478-88466-90102-104500-106262
6501,29962-30782-34297-88458-91862
6502,29981
6503,29992
6504,30011
6505,30015
6506,30027
6507,30034
6508,30037-36949-54781-56401-62157-81135-97493-98123
6509,30063-62069-71259-84380
6510,30068
6511,30079
6512,30082
6513,30084-104422-110436
6514,30095-32993-36881-55131
6515,30097-40455-71877-76462-100324
6516,30100-51488-60448-69966-96950-108680
6517,30109
6518,30124
6519,30129-38539-43179-51185
6520,30130
6521,30139
6522,30141-39486
6523,30153-68490-93222-113561
6524,30155-36671-45043-52329-62885
6525,30161-71020
6526,30167
6527,30168-39132-42328-46457-74607-85154-98820-99717-101318-113225
6528,30172
6529,30195-75749-80233-92013-102443-103281
6530,30203
6531,30215-33057
6532,30221
6533,30233
6534,30235-88095-103339
6535,30237
6536,30246-58186-68879
6537,30252-86529
6538,30262-35050-38212-39650-39718-40167-42161-42566-44754-49536-50108-60905-61744-63092-79978-99414-101944-103689-106638-111661-112374
6539,30272
6540,30275
6541,30281-62514
6542,30298-33752
6543,30306-38504-44554-47064-49088-53252-61404-63313-63321-75802-76395-80826-83382-84576-84740-85196-89310-91871-96349-97450-99774-101082-102050-102923-109871-112510-113282
6544,30311
6545,30315
6546,30343
6547,30378-46015-54747-101375-111819
6548,30381-43710-52909
6549,30392
6550,30403-85683
6551,30405-33997-49686
6552,30407-31265-43846-80353-104791
6553,30409-45068-49245-65228-67707-72447-80474-95581
6554,30413
6555,30427-63686
6556,30453
6557,30457
6558,30467-38445
6559,30472-39769-43018-43309-59277-61124-61447-64886-75099-79906-85294-88014-92914-97304-98620-102544-108490-112456
6560,30477-55029
6561,30484
6562,30487
6563,30493-88195
6564,30496-38174-55678-61736
6565,30515-37303
6566,30517
6567,30519-35337-41185-43739-48101-51405-52779-55579-73653-76463-80501-92543-100203
6568,30535-34977
6569,30546-89858
6570,30557
6571,30561-55596
6572,30569
6573,30586-49180-51686-98517
6574,30597-70857-87728-105707
6575,30607
6576,30617-75358-96897-109114-110228
6577,30622-45508-57078-58110-64974-107876
6578,30632-38046-49033-64236-67556-82101-83309-108547
6579,30640
6580,30642-52217-52896-63096-65393-67332-69290-79496-81149-84079-84387-96033-100878-104227-106566-108244-108715
6581,30644-42774-48112-65542-82158-85475-94757-97241
6582,30652-33974-39584-41126-53038-55558-62480-78610-82182-91813-92924-93792-93814-96922-98810-102078-107268
6583,30665-98109
6584,30671-91185
6585,30683-46120-64762-78279
6586,30689
6587,30694-36182-56312-60880-62310-63471-66296-73018-73114-77520-84070-85066-90152-111586-114094
6588,30697-77852
6589,30701-43335-44115-49691-59780-59895-66231-71583-87905-88705-90386-92909-93873-96159
6590,30703-106265
6591,30707
6592,30713-40105-44685-47565-53821-65368-67133-72035-73257-88529-92211-93139-99279-103229-105941-106871-113347-114195-114805
6593,30722-67762-95834-96116-105574-110438
6594,30724-37380-55086-59026-62309-62876-71927-76606-97363-101276
6595,30735
6596,30747
6597,30765
6598,30768
6599,30775
6600,30791-64777
6601,30793
6602,30797
6603,30799-87487-107953
6604,30806
6605,30822-31520-84494
6606,30844
6607,30866-87037
6608,30881
6609,30886-35480-42351-45523-112239
6610,30896
6611,30906-114542
6612,30922-93713
6613,30939-35319
6614,30945
6615,30947
6616,30952-80008-106117-113944
6617,30963
6618,31005-49015
6619,31017-53141
6620,31044-38860-56868-64621
6621,31053
6622,31061
6623,31065-92469-92493
6624,31071
6625,31072-52277-71924-94712-107579-112743
6626,31100-45662-83736-109357
6627,31107-57137-83707
6628,31114
6629,31120
6630,31125
6631,31128-63820-90493-94847-108890
6632,31133
6633,31134-35721-59448-90122
6634,31141
6635,31152
6636,31163-100896
6637,31165
6638,31219-93233
6639,31227
6640,31243
6641,31252-32513
6642,31269-63897-70093-101693
6643,31272-58754-83790-84208-94086-98960-100508-101400-109053
6644,31276
6645,31281
6646,31297-49897-58471
6647,31303
6648,31305-32078-68639
6649,31306-46163-52967-101300
6650,31310-46539-58092-60506-88641
6651,31321
6652,31346-82836
6653,31349-50863-52563-58049-62303-82745-85905
6654,31350
6655,31354
6656,31368-111026
6657,31370
6658,31372-54934
6659,31381
6660,31395-43464-44793-73303-109281
6661,31399-67238-82942-93997-94305
6662,31425
6663,31427
6664,31437
6665,31442
6666,31448-40853-77501-90846-113685
6667,31451
6668,31453-97822
6669,31459-36827-51055-88181-101283
6670,31464-42725-52325-88298
6671,31473-73526
6672,31479-42195-50235-50950-52521-67895-68281-79595-84212-90373-98647-110964
6673,31483
6674,31484
6675,31492-40971-84619-99605-105709-113625
6676,31497-40681-102999
6677,31499-106959-107173
6678,31503
6679,31522-75270
6680,31527
6681,31528
6682,31531
6683,31534-48148-104785-109167
6684,31549
6685,31551-49188
6686,31581-34558
6687,31594-48459
6688,31600
6689,31609
6690,31615-53925-77409-106057
6691,31617
6692,31627
6693,31637-57458-80238-80955-101576
6694,31639
6695,31669
6696,31671
6697,31680
6698,31689
6699,31693
6700,31696-39567-40202-57245-58321-59809-64130-75427-79269-79653-80109-86407-88735-92915-102344-106070-108439-112023-113051-113593-114303
6701,31699
6702,31708
6703,31714
6704,31719-55047
6705,31721-35251
6706,31723
6707,31735
6708,31741-48607
6709,31743-43541-45149-46937-55221-59145-59941-60223-65541-66011-70453-75609-78357-85273-86543-89111-92502-100527-102959-107193-114050
6710,31765
6711,31777
6712,31787-32259
6713,31791
6714,31823
6715,31836
6716,31838
6717,31841-37900-75375
6718,31844-38102-39646-40233-44445-61933-65384-65460-74881-77872-82994-83835-94396-107425-111284
6719,31851
6720,31860-56416-59948-64798-87620-93078-100656-107784-111918
6721,31863-44863-92442-99550-111229
6722,31875
6723,31878
6724,31889
6725,31899-55957
6726,31903-93943-98073
6727,31905
6728,31911-77373
6729,31919
6730,31923-70016
6731,31935-103771
6732,31936-43711-45074-47001-47335-49581-55129-57971-60775-62339-66352-67969-82494-93967-95898-112314
6733,31944-80970
6734,31947-39788-43593-44236-50255-55034-62423-63743-67237-68854-73495-81464-83195-85929-93065-98075-101845-112633
6735,31953-99753
6736,31964-81779-111581
6737,31967-63459
6738,31971-35429
6739,31982-53042
6740,31989
6741,31990-44963-64061-68931-84718-108017
6742,31996-43809-54163-65337-84938
6743,32001-51148
6744,32040-51222-51829-84980-98928
6745,32048-43292-50800-56626-57942-59934-63706-96276-101642
6746,32063
6747,32084-95436
6748,32095
6749,32116-38179-44136-47470-48585-49076-49742-51678-51966-53574-54142-56392-57788-59632-60040-60316-60378-61084-63330-66214-66510-67708-69636-70020-71054-71900-73126-73164-77780-78532-80062-81236-83210-84774-84834-85948-86030-88248-88460-89196-89404-89456-89584-89846-90823-90938-92036-92195-93024-93422-99473-100776-101592-102826-103684-104984-105064-105158-105298-105408-105480-106169-106596-108012-108142-108276-109058-109968-110738
6750,32129
6751,32136
6752,32153-37529-38581-40533-42545-46051-47331-50203-51491-52013-53201-56391-57057-57915-58995-60919-63221-64321-66543-71607-84445-85415-87985-90229-91969-99147-99935-102691-105231-105933-106629-108959-110307-110587-111531-111649-113363-113899-114469-114841
6753,32162-44618-49934-78424-106396-109064
6754,32173
6755,32174
6756,32193
6757,32201
6758,32210-36906-40238
6759,32222-47396-48864-49420-51748-54598-58816-61758-62460-65472-68396-70038-72474-73190-73646-74708-82458-84497-85052-85684-87058-88304-89118-91536-92152-93132-94432-95996-97473-99096-99636-104067-104926-104964-108036-108684-108770-110044-110780-110822
6760,32227
6761,32243-35471-45170-73504-75196-94774
6762,32249-68074
6763,32250-63728-80788
6764,32282-54544-66441-82930-92198-110939
6765,32284-42324-56609
6766,32303-64532-74780-75332-93236-93681
6767,32304-39202-42365-42803-45013-70741-71616-87366-89406-106603-109839
6768,32320-50250-52452-66107-105384
6769,32327
6770,32332
6771,32351
6772,32365-85951-92679-95725-99757
6773,32370-33790-36254
6774,32378
6775,32383-48787-72761-84877-113799-114207
6776,32389
6777,32390-36398-36693-56409-63575-63878-71112-103747
6778,32398
6779,32415
6780,32421
6781,32433-64412
6782,32444
6783,32452
6784,32462-39437-60982-97071
6785,32475
6786,32493
6787,32497-60661
6788,32498
6789,32519
6790,32525-58918-63205-68853-70447-97701-98946-100493-108127
6791,32535-39772-40680-102998
6792,32545
6793,32547-37923-38424-43557-47161-52436-53082-54345-55006-59123-78607-81103-83475-85179-88671-94345-103929
6794,32550-32948-59323-81749-91349-97988
6795,32561-33883-54313-71892-93067-93240
6796,32569
6797,32575
6798,32598-51954-52879-60490-75612-88498-91466-94413-101778-112594
6799,32609-94017-103337
6800,32611-90947
6801,32631-52739-53631-83613-97201
6802,32633
6803,32642-46910-79094-81414-105056-106264
6804,32655-109571
6805,32656
6806,32660
6807,32663-41393-41514-61261-64659-68327-71106-82072-85586-90899-104721
6808,32671-35793-38287-38405-41961-41983-48493-48661-50639-51793-52096-53937-55836-57431-58612-62184-63402-63527-64405-64607-70593-76317-78027-78433-78987-81085-81985-83643-84439-84805-87099-88801-91003-92177-93939-94407-96805-97723-98757-99353-100469-100921-102879-106814
6809,32681
6810,32690
6811,32707
6812,32708-69948-77968-98172-110384-112960
6813,32714-46494
6814,32719-34707-47745
6815,32726-34212-110763
6816,32739
6817,32750-78320
6818,32755
6819,32756
6820,32769-37903-40677-40807-49243-50871-52695-53057-55091-56039-59221-59413-60519-61429-63717-71719-71933-75707-91979-99247-107781-108355-109673
6821,32783-106625
6822,32785-114407
6823,32788-92859-113714
6824,32791-44975-56580-82399-85077-87555-88602
6825,32793
6826,32801-42629
6827,32810-35865
6828,32819-33490-67346-78336
6829,32825-43731
6830,32835-38773-39541-39701-45092-46241-46621-47963-48589-50115-50166-51213-52921-54205-57980-59013-60971-65357-69865-72065-75067-75221-77535-78179-81134-87171-92249-93211-98989-99146-99896-101553-103347-103883-104327-106049-114397
6831,32838-74078-81846
6832,32851
6833,32858-60491-86561-95869-97917-110461
6834,32860-47197-49702-54530-55269-69879-71281-79999-107679
6835,32885
6836,32935
6837,32942-59686
6838,32945-48973-65477
6839,32947-101694-104655
6840,32953
6841,32957-109681
6842,32965-65895
6843,32968
6844,32971-35739
6845,32983-61267
6846,33001
6847,33029-39789-42581-43917-46577-47487-49163-49367-52751-56389-56963-56983-57691-59193-60217-62869-68759-87767-89395-100221-100523-105097-106941-114371
6848,33053-68403-85368
6849,33055
6850,33064
6851,33076-61298-92692
6852,33081-80041-83582
6853,33088-36418-39618-57362-97936
6854,33095-55865
6855,33103
6856,33112-54192-65157-66226-68422-85386-112500
6857,33116
6858,33119
6859,33125
6860,33128-50427-53969-62898-73912
6861,33137-47071
6862,33138-48728-59689-83616
6863,33145-75175-79073-83405-87657
6864,33152
6865,33165
6866,33178-91018
6867,33184-67228-78029-105837
6868,33187
6869,33191-82665
6870,33193-100827
6871,33197
6872,33199-36383-57005-73227-109967
6873,33207-82900
6874,33209
6875,33214
6876,33221-62199
6877,33223
6878,33228-54452-54738
6879,33235
6880,33241-41232
6881,33243
6882,33281
6883,33282
6884,33306
6885,33309-45319-77636-110503
6886,33314-53412-63806-68543-70534
6887,33332-64062-74706-87332-101528-102668
6888,33337-37227
6889,33357
6890,33358
6891,33362-63183-84812-96751
6892,33369
6893,33402-72246
6894,33405
6895,33409-73539-84389
6896,33423
6897,33431
6898,33437
6899,33439-39299-46477-76852-80555-89587
6900,33445
6901,33452-45828-48681-55236-75108-82404-84826-89848-97184-99997-101094-101774-102232-112123
6902,33463-51654
6903,33465
6904,33467-40707
6905,33477
6906,33478
6907,33494
6908,33501
6909,33506-47268-93871-98625
6910,33511
6911,33517
6912,33540-46310-61905-94458
6913,33559-35249-68687-88967
6914,33569-47209-48975-60605
6915,33600
6916,33610
6917,33613-38565-43548-50681-52416-56680-62916-64667-67600-72496-74999-75711-81683-84109-84615-86733-93970-104407-104425-106345-107231-110285
6918,33621-36075
6919,33626
6920,33647
6921,33657
6922,33674
6923,33693-55847-77404-95283-101817
6924,33703
6925,33713
6926,33722-98414
6927,33731
6928,33732-43276-46014-53017-53839-67716-83221-112171
6929,33735
6930,33744
6931,33757-42250
6932,33763
6933,33770
6934,33779
6935,33813-67295-82314
6936,33826
6937,33838
6938,33849-34271
6939,33862-74007-77048-104520-114573
6940,33868
6941,33871
6942,33900
6943,33934-35776
6944,33939-40487-59884
6945,33941-38480
6946,33944-41406-44390-46897-47640-50619-53548-53818-55634-55751-56034-57921-61070-61560-67782-71965-73026-73208-73480-74937-75381-77615-78000-80993-83566-84468-84965-85844-86619-89532-89764-91918-98136-98945-99430-100564-100688-102717-108822-110590-112560-112768-113290-113374-113898-114396-114534
6947,33947
6948,33952-112964
6949,33963-53885-73609
6950,33964
6951,33966-99464
6952,33973-105371
6953,33984-89297
6954,33987
6955,33999
6956,34005
6957,34026
6958,34038
6959,34040-40344-98984
6960,34051-38345-56986-63888-76085
6961,34066-37929-74170-84003-93728-114230
6962,34068-43508-47320
6963,34082
6964,34085
6965,34088
6966,34111-49030-54069-72959-87952-89094-95032-100522-106914-108423
6967,34115
6968,34129
6969,34141
6970,34145
6971,34153-67985
6972,34157-40301-44406-53453-66035-84460-95377-101988
6973,34160-76814-84641
6974,34163
6975,34181
6976,34193
6977,34199
6978,34214
6979,34217
6980,34239
6981,34241
6982,34259
6983,34266
6984,34273
6985,34279-45435-67255-85799-91841
6986,34280-90531
6987,34283
6988,34309-71325
6989,34316
6990,34345-36012-46458-85624-91352
6991,34349-37420
6992,34351-49453-84143-101724-111602
6993,34354-109612
6994,34363
6995,34374
6996,34378-34894-41190-45687-63502-65036-97355-102860
6997,34383-103415
6998,34389
6999,34392-74147-108438
7000,34397
7001,34406-64096-66211-90013-109908
7002,34413
7003,34422-48165
7004,34427
7005,34439-41100-53041-66806-71795-89861-102615
7006,34449
7007,34450-83343
7008,34466-36180-40882-41676-42635-45902-48674-51524-52958-61605-66230-66424-69646-72230-72896-73246-77194-85356-95128-96246-97784-97804-103208-111034
7009,34479-40521-57199
7010,34485
7011,34493-88349
7012,34511
7013,34535
7014,34549
7015,34552
7016,34565
7017,34572-37490-44824-51740-64424-66106-78966-99599
7018,34614
7019,34617-102313-103087
7020,34623
7021,34627
7022,34644
7023,34647-43481-75893
7024,34654
7025,34658-49436-55775-57158-59062-84308-101242
7026,34678-107387
7027,34691
7028,34694-50712-63952-90218
7029,34705
7030,34711
7031,34715
7032,34719
7033,34721
7034,34730
7035,34737-42137-65101-69215-110571-110801-112039
7036,34745
7037,34751
7038,34759
7039,34761
7040,34775
7041,34778-36362-59368
7042,34799
7043,34805-43565-67847-82840
7044,34809-82275
7045,34817
7046,34819
7047,34831
7048,34832
7049,34836
7050,34840
7051,34843
7052,34848-60568-66906-108270
7053,34850-114618
7054,34856-40078-70830-96780-98064-105432
7055,34859-60397-67812-82334
7056,34866
7057,34903
7058,34904
7059,34909
7060,34912
7061,34923-36797-90381-111367
7062,34935-110549-113811
7063,34938-36817
7064,34949-38969-41353-41960-42890-43757-44073-53115-53171-53315-53605-56018-57648-58561-58639-59059-61303-62707-62907-65401-66883-67455-70168-71469-71649-71775-73421-74495-74593-76500-76689-79771-80364-82305-83371-84853-85463-86371-86723-87413-88250-88987-90793-91291-92991-93164-97107-97642-98080-99435-99681-101203-102815-103313-107703-110405-111833-112047-112190-112484-112881-113599-114053-114493
7065,34956
7066,34958-67440-79090-112352
7067,34966
7068,34971-86100
7069,34989
7070,34999-111984
7071,35016
7072,35023
7073,35031-47710-74446-78634
7074,35040-47380-51045-59994-67196-71850-78218-81052-81463-88910-94750-100345
7075,35043-111828
7076,35045-88667
7077,35047-95723
7078,35054-100110
7079,35059-39149-40586-43195-43746-44513-55097-57132-57651-62679-64665-67333-74977-77187-82663-89763-93492-100955-101183-109316
7080,35060
7081,35064-35984-61200-70654
7082,35072-39851-42839-43283-48619-54791-58409-61381-66434-68443-71670-72503-76716-79273-83888-83945-88969-100784-110930-113007
7083,35080
7084,35094-51131-54043-57244-59090-62904-70974-85705-103590-109071-109124-112371
7085,35099
7086,35117
7087,35134
7088,35147-59125-72310-84656-87426-90511
7089,35149-36559
7090,35151
7091,35155
7092,35167
7093,35170
7094,35175-35727-41603-44146-66328-72468-84373-90488-96491-104208-105634
7095,35185-52635-58017-75057-105487
7096,35194-65606
7097,35197
7098,35232-41673-47065-53516-53691-80306-98783-99012-99441-109567-110536
7099,35241-60521
7100,35243
7101,35275-36089
7102,35279-40112-48552
7103,35282
7104,35284-40767-57803-61196-70847-76253-98965-113510
7105,35295-39304-91156-107954-108100
7106,35297
7107,35304-49196-64874-71764-76012-79052-88608-89934
7108,35307-103655-107233-108901
7109,35317
7110,35341-95119-104106
7111,35356-51918-51974-104610-108870
7112,35359-37141-59745-88323
7113,35368-37794-51232-52574-56852-59200-60082-62790-69119-70930-74606-80930-113018
7114,35373-37410
7115,35374-56828
7116,35387
7117,35395-62278-62507-74637-76564-76603-80258-95382-97557-106025-110090
7118,35399
7119,35411-42497-55033-57498-58257-62525-70379-72988-75975-76303-77417-95788-106157-106381-111705
7120,35412-71703
7121,35417
7122,35419
7123,35423-62277-114383
7124,35427
7125,35446-89435
7126,35474-45545-81526-88764-102071
7127,35477-54101-60493-77381-81797-92891
7128,35479
7129,35487
7130,35497-64261
7131,35499-55377
7132,35501
7133,35502-52840-98324
7134,35514
7135,35521-106611
7136,35531-45950-59999-77055-94033-106029-109551-111993
7137,35533
7138,35535
7139,35545-43449-45482-62390-69991-87372-97028-111940
7140,35546-42277-47821-85171-94917
7141,35556-37061-38008-43939-52450-55361-60044-60832-62982-63045-63506-66310-76517-77955-84733-88524-93892-98782-105214-108121-112248
7142,35569-53903-69963-86857-94963
7143,35571
7144,35576-37771-38685-45164-47938-49292-53054-57143-57424-58313-60685-62028-79486-81028-82928-85400-86099-91424-99565-104404-107056
7145,35589-50449-65971-79598
7146,35617-39105
7147,35620-80857-102554
7148,35630-49759-53228-54643-67477-69417-75933-76555-78542-81313-113119
7149,35647
7150,35648-103455
7151,35651
7152,35657-51174-113686
7153,35660
7154,35662-40776-46954-51886-58366-91179-98237-102088
7155,35670-87080
7156,35680-40268-44644-77242-102628-104028-111012
7157,35689
7158,35697
7159,35707
7160,35715
7161,35719-62649
7162,35722
7163,35757
7164,35772
7165,35775-60224-89114-113342
7166,35789-45680-59416
7167,35800-40716-42538-46300-46334-50900-52872-52944-62086-64153-64904-65590-65740-71378-74694-79290-79292-85054-86142-94796-99210-103536-105586-105963-106342-106951-111890
7168,35813
7169,35820
7170,35822-80466-97449
7171,35842
7172,35859-60050-73129
7173,35862-40260-79614-96178-96335-106197-106704
7174,35884-60590-84550
7175,35923
7176,35928-72664
7177,35961-81380-111328
7178,35971
7179,35973
7180,35977-44349-87876-99111
7181,35980-40742-51551-93822
7182,35989-59539-92635
7183,35991
7184,35994-40063-46418-58245-66801-80372-91195-97814-104461-107436-108519
7185,36007-110453
7186,36023-43041
7187,36035
7188,36059-43737-75471-85402-92579
7189,36064
7190,36080-54834-67043-83628-103035
7191,36090-51133-84275-99383
7192,36105
7193,36110-37540-40644-53198-53204-56402-60912-65280-71802-89974-105122-107290
7194,36125-78344
7195,36137-75951
7196,36138-57945-78818-85724-104998-105602-113534
7197,36148
7198,36153-39616
7199,36164-48206-80954
7200,36169
7201,36171-105684
7202,36179
7203,36187-63115-91013-109005
7204,36190
7205,36198-43376-44350-49364-49382-66942-95888
7206,36203
7207,36209-36911-66602-95719
7208,36216-107900
7209,36223-48949-64349-67987-89829-104223
7210,36226-59664-73680-83845
7211,36246-41664-71424-110538
7212,36253
7213,36256-61039-71184-74844-78317-85574-91404-93606-99647
7214,36271
7215,36273-95017
7216,36274
7217,36306-41276-51335-65996-70334-70826
7218,36318-108658
7219,36333-39785-81008-99023
7220,36339
7221,36344-38821-45245-56359-96843-102257-111467
7222,36349-39995-70128-101509
7223,36357-45507
7224,36367
7225,36385
7226,36386
7227,36391
7228,36393
7229,36395
7230,36403-57268
7231,36416-38805-41854-42973-47337-49931-50251-52027-53151-54278-77887-84096-88125-88494-93015-94730-100043-114517-114561
7232,36423-42005-42995-43137-44282-47259-47467-58297-64181-66375-67589-75780-83923-86049-86283-92255-103453-113359
7233,36424
7234,36429-84933
7235,36442-57794-108524-111028
7236,36452-67616
7237,36456-83966
7238,36458-36728-41208-43745-45356-45406-45707-45938-46442-46708-47374-49596-50104-50792-51876-53712-53866-54198-55626-56980-57518-58396-58688-58692-59902-60012-60716-60879-63010-63408-64554-64718-65854-68088-68708-68846-68948-72908-74678-74810-75124-75242-76218-76562-78702-78988-81660-81818-85464-87330-90636-91350-93300-93864-94534-95266-96010-96474-97926-99342-99646-99672-100247-100288-100542-101477-101960-102323-105630-106236-107034-109388-110170-110294-110452-110842-110986-111258-112894-114040-114590
7239,36464-105728-109225
7240,36475
7241,36477
7242,36487-61667-114045
7243,36490
7244,36499
7245,36513
7246,36517
7247,36519
7248,36526-99176
7249,36533
7250,36546
7251,36556
7252,36561
7253,36579
7254,36590-41469-43262-53344-64324-75023-78240-79195-80214-89042-91002-92279-103504
7255,36609
7256,36625-85579
7257,36631
7258,36637
7259,36647
7260,36661-79315-85764
7261,36666-52634-75056
7262,36680
7263,36683
7264,36708-52207-53342-53944-83128
7265,36712-56274-97914-104288-107250
7266,36714-47982-109282
7267,36719
7268,36725
7269,36732-67764-112156
7270,36736-90536
7271,36753-75006
7272,36757
7273,36758
7274,36773
7275,36779-40039-83126
7276,36811
7277,36823-46649
7278,36829-58024-85010-85957-99216-113076
7279,36845
7280,36847-81686
7281,36849
7282,36875-54234-101507
7283,36903
7284,36915
7285,36924
7286,36927
7287,36932
7288,36955
7289,36957
7290,36972
7291,36975-73615
7292,36980
7293,37003-60969-87155
7294,37009-113496
7295,37010
7296,37025-104735
7297,37029
7298,37041-63627
7299,37084-60368-64520-65690-105462
7300,37091
7301,37093
7302,37104-38027-56435-87345-89474-110245
7303,37123
7304,37142
7305,37146
7306,37149
7307,37165
7308,37166-45907-55096-75668-91640-104273-109148-114148
7309,37169-63790
7310,37178
7311,37183
7312,37205-51545-83601-102387-107073-111503
7313,37207
7314,37209-40943-103219
7315,37214-73101
7316,37218-58232-89885-90499
7317,37234
7318,37251-45199-76030
7319,37263-39710-107441
7320,37269
7321,37283
7322,37285
7323,37288-61630
7324,37293
7325,37301
7326,37304-53798
7327,37308
7328,37311
7329,37312-104476
7330,37355-54053-74156-97550-104697-106170-114323-114535-117621
7331,37359-44993-45385-47641-50167-53331-66971-67437-67951-70349-72645-86439-92885-110943-115883-115909-117457
7332,37365-41499-43597-45472-56990-60382-70019-73274-76412-77264-79624-79849-85262-86388-86548-89274-90302-96094-98464-101272-104738-107678-107877-114710-115776-115948-116136-116798-117030
7333,37369
7334,37371-38710-38806-39285-43001-46137-49110-50893-54450-55720-56617-57019-57579-60090-66112-66912-67471-73186-75606-83694-85035-85323-85456-85902-86465-90030-90995-95296-96456-97454-98706-99035-106548-107942-110136-110656-114578-114922-114957-115100-115132-115184-115202-115250-115572-115626-115862-115935-115989-116150-116184-116428-116553-116669-116789-116867-117019-117061-117098-117278-117359-117410
7335,37373
7336,37374-115083-116460
7337,37387
7338,37393-101833
7339,37394-41410-43360-53664-53760-60726-68096-75288-84458-91832-98758-105302-106896-116098-116852
7340,37396-71446-111255-117427
7341,37400-115696
7342,37413-42878-57702-87486-117500
7343,37425-46315-46444-49482-67803-69250-97049-97517-105779-115040-115978-116405-116858
7344,37434-42972-47866-48514-49470-62420-70174-70244-70744-91972-93714-94638-99884-101626-106752-114734-115734-117456-117490-117602
7345,37437-116761
7346,37448-40068-54022-115042
7347,37450-60774-89939
7348,37455-43065-48737-116507
7349,37459-82629-116477-117151
7350,37465
7351,37468
7352,37472-106486-115022
7353,37475
7354,37487-71519
7355,37489
7356,37492
7357,37509-39003-41523-81963-97145-102587
7358,37517-48558
7359,37521-41741
7360,37527
7361,37528-52092-59012-63507-112683
7362,37531-92685
7363,37533-102153
7364,37547-68531-73951-75323-114965-115341-115589-115615-116279
7365,37550-38484-72102-98318-99518-116635-117040-117568
7366,37555
7367,37568-38340-40907-41833-50051-65872-98684-102752-103896-109412-116322-117188
7368,37571-92599
7369,37581-84917-114459
7370,37587-64446-73693-78180-81694
7371,37607
7372,37609-106988
7373,37616
7374,37619
7375,37628-68044-81940-101372-102366
7376,37633-65087-70837-73005-103609-115597-116439-116510
7377,37638-90128-94449-103368-113758
7378,37640
7379,37645-93965
7380,37648
7381,37654-38853-47654-62648-76869-115805-116328-117439
7382,37660-89926
7383,37662-40176-40834-43998-44483-47906-53338-53810-56502-67100-73204-91876-99030-99586-101084-107442-107778-113318-114670-115028-115280-115302-116496-117038-117402
7384,37667-81541-87774
7385,37668-48983-71793-79028
7386,37674-42794-48342-68804-72127-83548-89537-89810-93578-94848-95088-102556-115466
7387,37678-46924-49744-50568-51972-54570-57352-60679-67058-67562-68328-71470-77556-89488-91909-94424-95502-95962-98049-101278-102434-103718-106447-107792-107863-110740-111262-112566-114893-115288-116822
7388,37688-74417-108730-116267
7389,37701
7390,37713
7391,37716
7392,37720-42172-67996-86956
7393,37726
7394,37737-117124
7395,37738-52068-103013
7396,37740-39730-90832-94288-96554-108904-116718
7397,37743
7398,37746
7399,37751-73251
7400,37753
7401,37758
7402,37760-44111-46580-49169-60874-63764-64042-66191-68010-68779-73670-73808-76080-76138-80332-80402-99722-105070-107428-113968-115181-115354-115392-115444-115519-115580-115666-116120-116524-116528-116531-116562-116608-116626-116818-117223-117414-117559
7403,37768-41067-41083
7404,37774-40720-43754-46896-115852-116344-117094-117538
7405,37777
7406,37789-116797-117326
7407,37791-47771-49541-49706-53232-56569-59707-64323-71167-84559-97250-116398-116868
7408,37795-37906-39540-40770-43938-62446-64620-65908-66322-84893-86912-96348-98746-112747-116489
7409,37801-61662
7410,37806-107782
7411,37816-40456-52418-54124-56378-65370-65914-68548-68630-76812-89578-97082-102524-107832-112188
7412,37828-63327
7413,37843
7414,37846
7415,37852-49123-74786-75551-76627-77603-77948-82142-110494-116572-116759-117620
7416,37855
7417,37858-38758-39436-43728-49830-53250-53936-55378-59772-60130-74396-82280-87784-112596-115966-116014-116190-117386
7418,37869-51478-52993-54701-56174-65620-69331-113563
7419,37870
7420,37878-78422
7421,37888-97234
7422,37894-76629-97069-111928-113753-115933
7423,37904
7424,37911-79627-86093
7425,37917
7426,37925-47437-48417-51317-52565-54960-65563-68781-70951-72157-73435-75083-77901-79384-81129-85414-88223-93605-95461-96180-98425-101925-107350-107861-110062-113577-114793-115050-116225-116945
7427,37935
7428,37941
7429,37959
7430,37977-44407-75294-105461-114981
7431,37979
7432,37993
7433,37996-43431-44708-48072-50190-52960-54702-55868-64399-72010-78714-81180-85272-93073-94246-95870-103103-107299-109892-110445-115596-116944-117079
7434,38011-45027-72353
7435,38021-115170-115226-116092
7436,38041
7437,38053-42485
7438,38054-42261-81675-91044
7439,38059-46022-73332-76016-86036-110695-111810-116095-116646
7440,38061-73039-91923-116768
7441,38065
7442,38077-39173
7443,38086-57586
7444,38105
7445,38115
7446,38131-95281-115297-115727
7447,38144-82681-101109
7448,38150
7449,38184-39698-47168-53104-55112-55642-68320-69600-71963-78102-86562-94228-94635-103280-103710-106455-109350-116048-116853
7450,38189-102619
7451,38208-42809-67686-69628-83415-89160-89774-99492-100008-110865-114266-117512
7452,38215-48172-97622
7453,38216
7454,38219-47949-53150-75100-76734-94765-117275
7455,38220-39174-52762-57514-60154-67236-100706-103202-115317-115594-115634
7456,38236-39648-45965-55905-65848-66826-79956-101295
7457,38238-40567-48339-53257-65525-71553-72139-93673-114110-115209-115415-116575
7458,38247
7459,38249-42319-62223-64945-69845-76913-113165-117109
7460,38258
7461,38264
7462,38273-55185
7463,38278-55880
7464,38280-38468-69258-116674
7465,38284-41377-42076-43110-47090-48366-51308-51718-53140-67854-86446-86746-90414-94388-100100-104196-108216-108930-109638-110610-113091-115060-115274-116805-117004-117312-117373-117426-117575
7466,38300
7467,38309-91618
7468,38326
7469,38337-96548-115702-116690
7470,38346-81572-112294
7471,38356-39711-43400-51818-53512-56611-64575-68050-86376-95189-98919-102099-108161-108957-111921-116551-116704-117089
7472,38364-111052-117130
7473,38370-47266-62822-72342-89496-112788-116840
7474,38372
7475,38376-61721-88399-90817-116141
7476,38379
7477,38386-98872
7478,38388-52366-52824-86445
7479,38391
7480,38394-41582-47704-50782-56304-61604-67706-69203-74444-75492-77323-79997-87400-91489-94368-97460-98922-109742-112978-115244-115818-115868-116049-116180-116830-116832-116960
7481,38403-82524-115076
7482,38408
7483,38412-91810
7484,38425-53447-55813-104557-116687-117264
7485,38428-102296
7486,38431-46718-60411-66373-71587-73468-75568-79943-81299-81982-84021-88636-96682-98513-99503-99701-100280-108773-109855-110798-111995-115197-115644-115720-116234-116379-116385-116618-116825-116947-117365-117521-117553
7487,38452
7488,38454-46504-47592-51130-51556-65644-68766-69414-75669-89412-90697-110354-113102-115733-116834-116936-117632
7489,38456
7490,38471-38707-41723-55349-59883-64937-66533-73497-83729-87619-110885-117067
7491,38490-42624-77963-116693-117270
7492,38507
7493,38508
7494,38513-115773
7495,38515-57323
7496,38554-57404-64820-73648-84618-95350-105708-113624-114987-115032-116444
7497,38561-41907
7498,38576
7499,38582
7500,38594
7501,38599-41166-44095-81720
7502,38604-116339
7503,38606
7504,38608-52459-57549-68704-74459-95438-116722-117095
7505,38624-52197-85904
7506,38630-43923-44284-65016-115754-115826-117384
7507,38653-53515
7508,38654-39840-42390-49317-63512-114954-115056-116146-116848-117170
7509,38664-39358-45286-107326-115268-116730
7510,38667-52427-67342-89146-95214-112579
7511,38673-51235-54219
7512,38690-48957-51145-68823-117062-117394
7513,38694-55227-72249-80209
7514,38702-49700-52718-58655-77181-90198-96731-112914-116573
7515,38719
7516,38722-53306-69167-74334-87142
7517,38733
7518,38734
7519,38740
7520,38746-56780
7521,38748
7522,38751
7523,38753-45425-48283-69665-77959-95311-116831
7524,38763-38870-39474-39722-40046-42284-42998-44826-45174-45668-45994-46158-47992-48853-50506-51392-51873-52508-53908-54122-54202-55376-56516-56878-57036-58452-59470-61620-61778-62594-63432-64954-66588-66725-67324-67684-70314-70952-71322-71682-71709-73106-73512-74438-75498-77738-78206-78454-79322-79324-80204-80666-80880-82614-82834-84958-85336-87202-87224-87496-88108-88672-88684-90268-90564-91452-91642-93948-96490-97290-100266-103570-104472-105044-105476-105980-107110-107422-108836-109105-109912-110330-110980-111444-114504-114914-114920-114940-114942-114950-114952-114958-114978-114982-114988-114992-114994-115002-115006-115016-115018-115020-115046-115064-115090-115092-115098-115102-115105-115114-115130-115134-115136-115158-115160-115164-115166-115187-115210-115215-115224-115229-115234-115248-115262-115264-115266-115270-115272-115282-115290-115318-115320-115326-115328-115336-115348-115358-115366-115368-115374-115382-115384-115396-115412-115422-115424-115448-115454-115456-115468-115496-115541-115544-115550-115552-115559-115560-115582-115600-115617-115618-115620-115624-115628-115632-115648-115654-115658-115670-115672-115674-115692-115698-115700-115718-115728-115738-115744-115750-115752-115756-115758-115762-115768-115774-115778-115780-115791-115806-115814-115822-115838-115844-115856-115870-115874-115876-115878-115887-115906-115910-115916-115936-115942-115944-115950-115954-115956-115960-115968-115970-116008-116012-116024-116029-116030-116060-116062-116066-116068-116070-116077-116080-116088-116096-116100-116102-116104-116107-116112-116114-116122-116124-116126-116128-116173-116182-116194-116198-116200-116214-116226-116228-116244-116252-116276-116282-116288-116290-116292-116302-116306-116308-116314-116318-116326-116356-116364-116366-116376-116416-116422-116426-116440-116446-116450-116454-116462-116465-116470-116474-116482-116504-116508-116516-116526-116544-116556-116558-116560-116564-116566-116568-116577-116580-116582-116589-116596-116612-116636-116644-116648-116650-116660-116662-116676-116678-116684-116708-116712-116716-116744-116750-116762-116770-116780-116783-116784-116786-116790-116836-116850-116864-116882-116888-116896-116901-116922-116926-116952-116966-116971-116978-116988-117020-117032-117044-117052-117102-117118-117120-117126-117134-117140-117144-117157-117166-117174-117176-117181-117182-117184-117186-117196-117210-117218-117228-117230-117272-117282-117286-117290-117292-117298-117300-117304-117306-117309-117324-117330-117336-117347-117362-117368-117376-117388-117396-117407-117408-117417-117421-117432-117440-117452-117458-117462-117470-117472-117474-117487-117488-117499-117506-117510-117534-117546-117550-117556-117572-117576-117578-117580
7525,38764-43138-56283-61324-77973-95848-97590-114212-114342-115860
7526,38770-58201-117110
7527,38774-50362-83272-84908-84940-86490-89378-103874-105132-113480-117236
7528,38787
7529,38794-44798-47560-58500-61290-68958-69310-74848-89236-90290-96944-97006-103362-106168-108254-109890-109910-114772
7530,38799
7531,38808-44371-79101-115987
7532,38814-54704-63978-66956-83008-85392-89948-98954-106340-116734-117610
7533,38818-50873-106958
7534,38822-99350
7535,38825-52205-54010-55563-66785-71189
7536,38836-80830
7537,38838-48630-79890-90360-92846-96112
7538,38856-67387-72861
7539,38869-39186-106088
7540,38882-57926
7541,38886
7542,38928-64804
7543,38944-41806-47658-51354-55690-63224-64060-65850-69390-73582-75742-76174-81930-83359-88265-91302-95664-100429-101414-106956-112532-114986-115194-117070
7544,38950
7545,38955-90674
7546,38957-115306-116728
7547,38970
7548,38979
7549,38999-89177-115703
7550,39004-113252
7551,39018
7552,39029-44346-53769-57056-66095-69611-69951-84138-95492-98248-107409
7553,39035
7554,39040-99540
7555,39059-40091-44981-47645-49069-50531-51241-54854-55299-64182-66563-68289-72275-74085-77583-80529-83080-83753-87599-94741-96377-97785-98003-100431-100733-106737-111437-113639-115051-115245-115435-115595-115809-116065-116667-117263-117513
7556,39062
7557,39071-117026
7558,39073
7559,39077-41111-41291-44703-47483-73489-116951
7560,39080-96493-117400
7561,39083-47072-104379
7562,39137-101120-108203-110903
7563,39148
7564,39159-45403-83520-94209-116706
7565,39160
7566,39165-52218-68800-79218-110464
7567,39169-55922-56619-72460-73592-74616-96566
7568,39183
7569,39189
7570,39200-51790
7571,39204
7572,39206-52586-75615
7573,39216-43758-52750-105116-109170-116224-117078-117594
7574,39221-40749-87198-109293
7575,39223-69521-73729-76647-90211-115613-116879
7576,39250-50746-70624-98590-115602
7577,39254-66128-74648
7578,39263-40178-45217-51178-56310-57299-61632-63067-66238-70160-71568-74224-75066-103846-105215-113140-113302-115401-115443-115808-116166-117595
7579,39295
7580,39305-117129
7581,39319-49278-69030-82603-90036-115345-115846
7582,39324-99812
7583,39327-43390-66290-74753-91537-105190-105446-110045-113451-117042-117484
7584,39337
7585,39344-109614-116160
7586,39360
7587,39379
7588,39381-39561-48601-49375-54118-55469-68685-69103-73547-74741-81293-83001-83689-85830-86165-88059-91058-100559-105346-106082-106828-111817-111907-113815-115311-116345-117007-117215
7589,39392
7590,39448
7591,39452
7592,39457-54557-81343-92753-105203
7593,39459
7594,39467-69159-81391-89259-116055
7595,39477-97524
7596,39478-100942
7597,39485-61947
7598,39489-61041-100652
7599,39490-115523
7600,39496-72302-116360
7601,39514-45568-46072-51220-62384-74982-77420-88380-108618-115322
7602,39523-77896
7603,39557
7604,39578-40883-41685-52043-52261-57912-58664-59628-63736-78813-89918-95923-113774-115233-115908-116854-117438
7605,39588-44352
7606,39597-46039-46889-65111-70539
7607,39612-92714
7608,39625
7609,39627
7610,39633-40494-42511-43556-50225-51838-56645-57501-57795-63168-63704-83942-85058-89033-90065-90248-90341-92949-94884-97364-98804-102553-106463-107652-115357-115439-116179-116203-117041-117431
7611,39640
7612,39668-40343-42567-51822-56414-58181-79076-83619-89124-113797
7613,39670
7614,39683
7615,39688-58261-61596-77110-114288-114571
7616,39692
7617,39700-43012-88171-114155
7618,39702-57194-64250
7619,39705-52939
7620,39714-93641
7621,39732
7622,39742-54646-55008-59311-61884-85485-112206-115949-116238-116623
7623,39744-44935-96902-115000
7624,39774-45004-47594-67984-90366-115984
7625,39782-40580-59153-63322-69336-70935-72445-88527-97673-108077-108985-109378-110726-116845
7626,39796
7627,39798-52884-57417-84654-101506-104692-115985-116448
7628,39805-95582
7629,39806-44711-71026-83890-99214-99574-115106
7630,39810
7631,39833-83088-113540
7632,39847
7633,39852-43410
7634,39860
7635,39869-65236-92971-98206-113882-115795-115903
7636,39880-53503-88129-96497-115053-117311
7637,39884-42092-42193-50968-56715-62756-70309-75838-79103-93256-105804-106278-109694
7638,39889-46199-56353-62299-78506-82539-92633-96091-107659-108711-114909-115149-115395-115485-115527-115537-115591-115941-115975-116007-116909-117057-117241-117398-117465
7639,39900-45204
7640,39912
7641,39914-56966-95708-114706
7642,39916
7643,39927-56694-60815-73143-82218-84981-109689-111481-117244
7644,39931-86612-90284
7645,39944
7646,39947-48080-50268-51022-54379-60445-72686-82956-83953-95826-101903-102181-105603-108982-110186-113267-115029
7647,39950
7648,39956-46972-96756-101652-113518-114218-116204-116702
7649,39958-103915
7650,39968
7651,39970-78324-88254-88596-115798-116812-116920
7652,39974-47786-48458-49422-50390-52010-58731-64938-67516-75700-76988-81468-93894-99894-106438-109802-113992-115030-115680-116192-116924-117014-117342
7653,39985-84410-92189-102729-102875-109616-116521
7654,39999-64949-65399-69333-81456-103607-117000
7655,40007-71265-100087-117199
7656,40031-111031
7657,40049
7658,40051-83463-84375-102733-108803-114033
7659,40060
7660,40077
7661,40103
7662,40110-43369-66993-116705
7663,40120-45120-45202-47282-49988-66378-74964-85042-94230-96064-96087-109130-113176
7664,40126
7665,40136-41085-77971-95465-105777-117493
7666,40139-86551
7667,40141-81567
7668,40143
7669,40146-86645
7670,40148-62099-82927-98689-104059-116857
7671,40157-75769-117411
7672,40158-115831
7673,40160
7674,40165-61513-68119
7675,40174
7676,40191
7677,40207-77198
7678,40225-55217-57523-59569-85185-89299-101735-108835-109931-115875
7679,40244
7680,40252-48170-66734-115631
7681,40256
7682,40271-115179
7683,40277-58341-59074-66099-67219-107509-111794
7684,40285
7685,40296-41564-48024-51430-51554-54672-56358-72314-74035-77530-79410-82672-84634-95433-98096-104054-107280-107722-109590-112526-116958-117066-117112-117527
7686,40299-78656-96473
7687,40304
7688,40335
7689,40352
7690,40355
7691,40359
7692,40387-45453-70572-97311-116476
7693,40390
7694,40408-88736
7695,40410-70636-72042
7696,40412
7697,40431
7698,40439
7699,40448
7700,40458-83027
7701,40478-42100-46572-57918-82892-84258-85390-94542-95768-96226-97260-98240-104932-109086-114150-114222-115378-116132-116546-116592-116792-117250-117526
7702,40482
7703,40501-98633
7704,40502-49756-116757-116861
7705,40509-94642-99448-106680
7706,40510-50825-82616-98099-110557-114029-115557-116733
7707,40524-58400-111516
7708,40530-92497
7709,40543-53170-67339-68231-71686-72131-74935-75151-86289-95225-99025-99184-99908-110517-113669-115163
7710,40552
7711,40583-41440-68480-75843-83536-86634-95903-109847-117107
7712,40584-63124-94232-116209-116297
7713,40588-51828-54380-55858-59170-61748-65356-76270-76490-81466-98866-99996-102716-104874-109023-112924-115574-115912-116181-116456-116498-116871-117514
7714,40596
7715,40598-42616-45660-46518-47812-50944-52216-57168-79792-80976-87934-90450-90612-92750-93762-95376-96286-99318-103496-104684-108606-111434-115152-115344-115512-116162-116916-117104-117616
7716,40601-44966-51736-64235-75820-79457-92719-100553-110335
7717,40606
7718,40610
7719,40617
7720,40626
7721,40657-44739-50321-113523
7722,40722-44681-49723-67699-74256-77371-83185-85547-97001-101793-105913-106567-107822-116515-116799
7723,40729
7724,40746-46780-110138
7725,40764-42759-51817-54088-54371-58668-59050-59976-63372-64422-70987-95390-100618-111866-113720-114745-115556-116251-116719-116833-116932-117603
7726,40769
7727,40782
7728,40790-115058-115416
7729,40808-95580-96690-114160-117105
7730,40815-116736-117327
7731,40823-74041-115713-117445
7732,40826-47220-117158
7733,40833-79119-101499-113798-114206-115811-116538-116973-117161
7734,40846-45700-57800
7735,40854
7736,40865-81851-90799-99601-115499
7737,40867
7738,40877
7739,40878-62324-71576-78612-90944-104232-113456-117539
7740,40919
7741,40924-71059
7742,40930
7743,40934-48622-49108-49156-62290-84824-86512-107524-114916-115782
7744,40937-66353-66711-96285-114619
7745,40940-92363-115797-116175-116217-117247
7746,40942-41079-59112-61542-67232-97794-111848-112010
7747,40952-69568-116856
7748,40957
7749,40966-43377-55684-96028-97193-97392-108263-115390
7750,40968
7751,40970-90192-96384-115033-116445
7752,40972-54254-80844
7753,40990-42445-53996-68489
7754,41003-102908
7755,41006
7756,41013-43161-63405-78571-109277
7757,41026
7758,41029-44223-50917-77528-80896-112095-117383
7759,41039-100927
7760,41048-45768-53260-55067-63720-100406-105089-111544
7761,41057
7762,41063-79402-89521-116950
7763,41068-43441-48767-51287-72953-76917-77961-82119-85723-88397-92303-117009
7764,41077-42378-93557-111124
7765,41080-43014-108436
7766,41089
7767,41102-67992-101692-115404
7768,41104
7769,41113-63670-76502
7770,41139
7771,41142-67098
7772,41154-63596-64832-78582-90550-99863-104423-108287-115010-117370
7773,41156-61594-77836-101952-102867
7774,41162-110298
7775,41171-81001
7776,41186-41708-73883
7777,41188
7778,41206-49359-58581-64687-71353-78699-91239-112049-112382-115847-116005
7779,41210-48263-117018
7780,41214-77565
7781,41216
7782,41219-43594-51940-56949-62366-89560-92062-93758-97088-104864-105848-115400-116622-116666-117237
7783,41224-76985
7784,41235-52999
7785,41241
7786,41244
7787,41257-85603-115801
7788,41267
7789,41270
7790,41295-62332-71107-72733-86625-116647
7791,41301-42648-51598-58794-68487-76250-76958-84210-89398-91932-94820-95458-109862-111318-112584
7792,41303
7793,41321
7794,41328-70996-83588
7795,41333-68420-80909-84067-88716-100712-102399-107161-115490-117609
7796,41340-76692
7797,41369
7798,41370
7799,41384-62408-90668-108514
7800,41394-52176-57503-73052-73245-73563-75806-82785-85512-85668-89883-94074-101671-103377-105272-107974-111882-113568-115054-115292-115398-116703-117214-117262
7801,41401
7802,41407-44320-62356-62577-64753-67718-70173-82454-85888-87494-91766-93206-97930-98892-103157-103804-104072-104732-106800-115434-115819-115837-116210-116371-116514
7803,41417-73385-95889-115391-115661
7804,41418
7805,41427-43221-63634-82499-84133-99317-114980-115965-116714
7806,41449-109201
7807,41471-52303-69385-85673-114925-115897-116149
7808,41474
7809,41481
7810,41482
7811,41486-56808-116501
7812,41505
7813,41507-42707-81593-84155
7814,41521
7815,41530
7816,41539
7817,41546
7818,41548-48888-84470-104234-113543
7819,41551-84907
7820,41559-48021-51243-59813-67027-75915-97211
7821,41563-44727-55507-76771-85898-98483-104781-110067-115379-116801-116913-117251
7822,41571
7823,41580-72183
7824,41586-46224-55526-86256-88730
7825,41619-54245-86307-102503-105329-106894-115195-115347
7826,41630
7827,41699
7828,41706
7829,41712-43101-43990-85935-91552-94002-107455-112946-115542-115932-117374-117606
7830,41715-42517
7831,41739
7832,41754-51318-103575-111051-115081-115567-115796-116372-116388
7833,41756
7834,41762-42228-70608-78035-88912-93523-100994-107603-115894-117071
7835,41770
7836,41774-70618-94068-104409
7837,41780
7838,41817
7839,41818-45295-66819-114907-115873-116933
7840,41823-77426-89936-98302
7841,41825
7842,41829-109322-112327-116619
7843,41836-56100-58285-74165
7844,41846-111706
7845,41864
7846,41879
7847,41884-102096-114912-114930-114966-114998-115204-115342-115767-115824-115832-115880-115992-116020-116032-116158-116642-116672-116754-116807-117024-117084-117220-117315-117345-117390-117480-117536-117596
7848,41911-90385
7849,41919
7850,41923-106287
7851,41941
7852,41950
7853,41962-64510-67304-70036-81635-97312-98509-101503
7854,41992-64148-81138-101136-102974-108086-117054
7855,41994-54328
7856,42001-109511
7857,42003
7858,42016-52798-117136
7859,42018-72379-100126
7860,42021-65938-69204-71082-77702-115068-115070-115084-115139-115256-115314-115476-115505-115972-116110-116240-116258-116391-116433-116485-116491-116664-116794-116975-117051-117335-117612-117640
7861,42023-48846
7862,42049-53964-74625-86154-102911
7863,42055-48100-67853-98159-116949
7864,42072-50912-102800-115445
7865,42075
7866,42079-59258-78236-111854
7867,42081
7868,42102-68437-88990-117494
7869,42117
7870,42121-51653
7871,42124-63599-79050
7872,42127-42371-45081-46725-48253-53379-54757-59140-60784-63707-71815-78033-86295-93412-100741-101976-113186-114974-115725-115919-116243-116711-117226-117240
7873,42131-43525-65760-67403-73451
7874,42140-93716
7875,42144-109822
7876,42151
7877,42159-87149
7878,42167
7879,42168
7880,42171
7881,42185
7882,42194-82379-110774
7883,42206-91712
7884,42232
7885,42236
7886,42245
7887,42253-48705-49781-89225-92744-101221-101665-115362-117189
7888,42254-65208-92789
7889,42258-70046
7890,42264
7891,42266
7892,42278
7893,42292
7894,42322-87946
7895,42341-111599
7896,42346
7897,42348
7898,42352-64442-69236
7899,42355
7900,42357
7901,42373
7902,42396-63628
7903,42399-42476
7904,42407-51105-64763-80031
7905,42431-50437
7906,42432
7907,42437-109898
7908,42438-116361
7909,42440-115610
7910,42443
7911,42449
7912,42453-100719-104575
7913,42466
7914,42471
7915,42504
7916,42506
7917,42509-49633-91099-107093
7918,42521-93469
7919,42529
7920,42540
7921,42543-49335-116537
7922,42547
7923,42548-55807-74104-101742-110458-113652-115324-115420-117518
7924,42559-45041
7925,42584-98452-115242-117224
7926,42591-61611
7927,42592-69401-97117
7928,42595
7929,42613-78757
7930,42641-84318-97072
7931,42642-115892
7932,42653-46484-52714-56520-65113-68692-68997-69658-75472-83182-93852-104019-110172-117008
7933,42660
7934,42662
7935,42667-87441-90787-100798-117125
7936,42669-42684-45144-50350-87755-96512-96600-99584-114847-116671
7937,42670
7938,42708-66900-89082-116620
7939,42720-73136
7940,42727
7941,42734-69752-79128-114934-115048-116016-116586
7942,42740-50175-50344-70682-72977-94920-105046-110424-116968
7943,42743-60689
7944,42748-63320-63546-74131-77954-78736-79066-90423-93018-99440-103168-107344-109836-115200-115866-115926-116688-117178
7945,42760-52504-62962-71170-78410-78492-98944-103382-114104-115684
7946,42762
7947,42788
7948,42792
7949,42812
7950,42831-76375
7951,42832-47044-50356-53889-59691-61911-67978-69180-83868-85879-99162-99976-102581-111532-111644-112143-113736-116370-116982
7952,42837
7953,42843
7954,42857
7955,42862-48470-59482-60277-62312-88777-92738-93586-98510-98961-101016-115520
7956,42864-48960-95412-98086
7957,42866-99752-104162
7958,42873-52517
7959,42887
7960,42894-64598-81558-89345-101479-113395
7961,42902-109068
7962,42909
7963,42912
7964,42914
7965,42916
7966,42922
7967,42926
7968,42929-116835
7969,42931-59641-116221-117476
7970,42934-116804
7971,42953
7972,42958-52012-58387-68951-72290-79099-79190-79200-81919-86287-96082-100526-104986-107547-112590-113483
7973,42964-66197-94748-107437-116003
7974,42974-48762-53904-59440-64431-88965-89207-103343-108042
7975,42977-96577-115061
7976,43008
7977,43010-104485-108675
7978,43042-43056-65980-66046-81657-90010-115735-117642
7979,43048
7980,43060-45584-47330-57512-61370-64004-68896-71404-84827-86152-87336-100689-100800-113605-115575-115867-116284
7981,43067-47043-51769-52312-63213-74008-93349-117339
7982,43069-63614-80630-85526-110469-116520-117378
7983,43078-80170-97292-110051-115129-116964
7984,43087
7985,43106
7986,43124-52807-58166-101323-117132
7987,43150
7988,43153
7989,43154-94734
7990,43164-116138
7991,43168-78718-91306-112520
7992,43186
7993,43189
7994,43197
7995,43200-65072-93636-112459-115606-115770
7996,43203
7997,43222-47606
7998,43224
7999,43237-47917-115612
8000,43254
8001,43258
8002,43260
8003,43278-61899-71346-85118-101566-105167-115566-117086-117366-117413
8004,43288-52269-94596-114558
8005,43317-44948-50676-60828-97838-114253
8006,43326-54357
8007,43333
8008,43356
8009,43363-77325
8010,43365-43611-47126-48050-59949-63277-63984-70335-73046-77250-80246-82704-108148-111709-115964-116167-117495
8011,43382
8012,43418-116165
8013,43422
8014,43425-52083
8015,43428-63284-93272-115925-116511-116542
8016,43443-50317-117601
8017,43447
8018,43451
8019,43456-65600-84970
8020,43484-57156-59092-59412-61410-67424-75496-76394-81384-85710-94854-96197-100938-101399-105938-105988-112550-112846-114828-116870
8021,43496
8022,43500-87086
8023,43509-48113-48433-71425-92157-115691-116874-117101-117297-117320
8024,43516
8025,43528-51069-56234-56651-71367-74133-75141-80499-81351-81775-83653-85361-86063-94949-102772-104345-106561-111404
8026,43544-47392-58998-73473-87048-89138-89570-106789-110366-110684
8027,43570-85853
8028,43584-45155-67390-98166-103764-106766-114056-115350-116480
8029,43615
8030,43617
8031,43619-105343
8032,43621
8033,43634-71524-96252
8034,43650-117419
8035,43652-75153-87088-93924-112962
8036,43655
8037,43663
8038,43698
8039,43774
8040,43785-96669-114503
8041,43793-49238-53124-97204-114550-114968-115004-115332-115599-115650-115664-115743-115891-115901-115931-115952-116034-116051-116156-116236-116316-116333-116349-116368-116548-116828-116928-116986-117034-117093-117194-117206-117208-117212-117266-117329-117429-117454-117496-117560-117624-117629
8042,43822-70422-74794
8043,43829-102851-104309
8044,43835
8045,43858-57146-116334
8046,43863-47844-53071-102358
8047,43875-101650
8048,43877-104153
8049,43878-61426-89980-100251-114918-115731-116425
8050,43882-54521-90178-111499-117255-117405
8051,43887-51533-60516-62352-87743-106786
8052,43921-72383-116875-116921-117238
8053,43937-67275-96235
8054,43948
8055,43969-68835
8056,43977
8057,43985-79254-83922-84236-90095-99628-104594-115861
8058,43988-73867-76455
8059,43992-44122-65962
8060,44002-48684-53564-56961-62198-69264-69288-78064-78282-104396-111608-113552-117254-117404
8061,44007-66342
8062,44014
8063,44021
8064,44024-109815
8065,44038-51992-86934-115748-116466-117516
8066,44040-77884
8067,44043-59753-73517-88021-102521-109205-109685
8068,44045
8069,44063-51967-67643-97892-101975
8070,44087
8071,44098-46884-52024-54424-57006-65044-65773-85754-91042-95080-96660-101038-103002
8072,44104-94272-107962
8073,44138-54802-74880
8074,44157
8075,44164-56250-115813
8076,44186-51214-62614-67886-71626-87068-89153-90032-92757-105444-110640
8077,44189
8078,44194
8079,44198-97346
8080,44206
8081,44243
8082,44249
8083,44251
8084,44258
8085,44268
8086,44302-71250-72791
8087,44306
8088,44313
8089,44363-76105
8090,44377
8091,44388-46550-48120-52182-68048-83920-84876-100596-102806
8092,44410-54789-58231-84781-116429
8093,44416-58752-62388-77658-96195-96906-100420
8094,44429-45865-47887-51542-57375-65005-97904-115044-115230-116211-116285-116399-116539-116869-117485-117515
8095,44451
8096,44459
8097,44468-102024-115590
8098,44508-47854-68038-75255-81254-92620
8099,44516-56973-59318-82788-101867-116934
8100,44532-52510-61521
8101,44534-47054-51704-69152-88162-91118-92980-111004-115411-116536
8102,44541
8103,44546
8104,44562-48658-74581-105322-115494-115608
8105,44589-50735-80029-99355-102947-104216-115493-116359
8106,44593
8107,44597
8108,44610-49242-52575-56032-58710-82426-83598-104460-111477-115220-115884
8109,44617-48034-58523-84098-99488-116943
8110,44627-49516-82611
8111,44630-59667-79341-82467-98474-107545-114859
8112,44634
8113,44637
8114,44642
8115,44657
8116,44659-115231-116605-117091
8117,44665-48094
8118,44670-82056-94372
8119,44677
8120,44693
8121,44695-51325-68003-68293-98187-107961-116877
8122,44697
8123,44715-78761
8124,44735
8125,44741
8126,44755-67513-70687-73354
8127,44760-83192
8128,44789
8129,44801
8130,44806-81582
8131,44816-93320
8132,44819
8133,44823
8134,44832-74196-91858-97714-108279-115465-116010-116878-117114
8135,44835-61308-82268-103113-107956-115034-117354
8136,44839-48149-105333-116131-116197
8137,44849
8138,44855-57356
8139,44860
8140,44862-82790-87450
8141,44878-50570-57120-60394-84514-85324-106708-112776-116242
8142,44903
8143,44913-58347
8144,44915-52001-68494-91443-94213-108873-115635-116937-117031
8145,44942-64382
8146,44950
8147,44955
8148,44965
8149,44973-62970-81636-109353
8150,45011
8151,45016
8152,45063-57425
8153,45066
8154,45075-94347-110226
8155,45091-72775-86830
8156,45094-79372
8157,45140
8158,45147
8159,45148-55163-64595-65166-74275-86089-104459-117179
8160,45167-58315
8161,45169-78543-80384-97317
8162,45178-53116-54582-75327-101371-116320
8163,45184-74116-115372-117564
8164,45210
8165,45241
8166,45246-52894-54820-64940-71628-73308-78536-83974-87668-88710-94164-98834-100524-101726-103806-107684-115656-115764
8167,45248-102090
8168,45276-70204-71392-74369-114527-117201
8169,45289-75283
8170,45290
8171,45292-47508
8172,45297
8173,45299-93194
8174,45312-72333-89476-100031-107689
8175,45322-108788
8176,45345-69355
8177,45353-49197-115639
8178,45416
8179,45427-45788-49709-66983-68813-75269-77921-107582-116906
8180,45430-67554-103706
8181,45439
8182,45454-83650-106202
8183,45464-105095-111759
8184,45487-71600
8185,45496
8186,45503
8187,45520-96345
8188,45548
8189,45560-113002
8190,45580-68070-99310-115947
8191,45589-65715-76366-116058-117467
8192,45632-60203
8193,45636-115683
8194,45639-117436
8195,45653
8196,45663
8197,45684-56943-70331-74690-80626-105092
8198,45694-60292-98442
8199,45698
8200,45715
8201,45719-49870-117599
8202,45721
8203,45728-88481-89350
8204,45736
8205,45756
8206,45771
8207,45776-82313
8208,45780
8209,45792
8210,45798
8211,45807
8212,45817-104955-111779
8213,45840
8214,45842-53943-67212
8215,45859-111789-116983-117637
8216,45866
8217,45869
8218,45899-67893-100335-115777-116543
8219,45900-117308
8220,45919-115307-116729
8221,45921-62589
8222,45926-56062-90606
8223,45931
8224,45936-50785-57705-64712-64818-79882-89418-91641-104540-115063
8225,45942-68244
8226,45955
8227,45960
8228,45963-58143
8229,45975-57699-116887
8230,45979
8231,45980-52028-91199-102606-117403
8232,45986-115429
8233,46017
8234,46027-48711-51359-55133-61122-63652-70556-78560-96020-99684-104353-116255-117310
8235,46029
8236,46031-117027
8237,46053-63563
8238,46063-55427
8239,46084
8240,46086-67280
8241,46094
8242,46121
8243,46122-115492-117592
8244,46126-47350-115386
8245,46135
8246,46146
8247,46148
8248,46155-62711
8249,46168
8250,46171-86641
8251,46189
8252,46209-66931-89759-111076-117401
8253,46211-52081
8254,46219-53103-78769
8255,46234-116638
8256,46242-48544-55388-63836-74414-97190-99946
8257,46254
8258,46258-74349-116161-116273
8259,46262
8260,46275
8261,46278-66115
8262,46295-58041-93799-117016-117117
8263,46308
8264,46311
8265,46312
8266,46325
8267,46339-63255-89511
8268,46341-46560-102915-103009
8269,46366
8270,46373-59501
8271,46393
8272,46397
8273,46400-69680
8274,46403-86754
8275,46411-75741-80861-94553
8276,46425
8277,46437-98217-116686
8278,46440
8279,46452-94564-113421
8280,46460
8281,46489-89543-117555
8282,46492-78312
8283,46523-104095
8284,46564-57895-69909-100362-112261-115310
8285,46571-106609
8286,46576-61008
8287,46579
8288,46587
8289,46608
8290,46620-97004
8291,46629-114935
8292,46632-51698
8293,46640
8294,46646
8295,46653-96148
8296,46660-117141
8297,46667-67463-72177
8298,46673-84395
8299,46675-63242-104504
8300,46690
8301,46694
8302,46716-58042-65522-115352
8303,46734
8304,46736-117528
8305,46740-59912-74212-84422-95884
8306,46750-69068-89854-106996
8307,46763-66787
8308,46779
8309,46793
8310,46809
8311,46812
8312,46819
8313,46829-92216
8314,46855
8315,46867-58937
8316,46870-53955-102849
8317,46878-68485
8318,46913
8319,46914
8320,46928
8321,46932-77727-88462-116018
8322,46940-54360-64528
8323,46942-76938-84484-86518-89582-96706-106536-117382
8324,46966-57126-83257-114917-116625
8325,46974
8326,47000
8327,47008
8328,47011
8329,47033
8330,47063-65595
8331,47075-94681-109125
8332,47088-51276-61771-80096-82191-91502-99906-111201
8333,47111-57100
8334,47133
8335,47152-77197-85076-85515-111117-117635
8336,47167-59165-114944-116143-116281-116675-116816-116903-117321-117461
8337,47170-61914-104510-105734
8338,47176-94722-117192
8339,47180-114927
8340,47183
8341,47232-49692-49703-54463-62371-63645-89928-115849-115981-116443-116503-117525
8342,47244
8343,47247
8344,47278
8345,47291
8346,47303-106041-107527
8347,47306-73869-75773-100183
8348,47314
8349,47316-71157-79065-115009
8350,47334
8351,47339-48446-68777
8352,47343
8353,47352-77950-78211-82676-111512
8354,47361
8355,47362
8356,47367
8357,47376-69548-71125-95707-115201-116057
8358,47381-57182-77995-82777-94223-97989-110343
8359,47395
8360,47417-91159-91371
8361,47423-50972
8362,47485-54111-55167-64067
8363,47489
8364,47493-56656-73984-83761-86987-92379-104043-115405
8365,47518-48554-81534
8366,47534-60994
8367,47547
8368,47556-55744-76120
8369,47579-52518-57496-59126-70351-73381-83795-84371-92999-115737-115803-117202
8370,47598-63756-69176-69395-80098-80601-81042-84852-84999-89642-96540-102751-111099-114192
8371,47600-116493
8372,47610-77893-116935-117380
8373,47629-109057
8374,47657-73174-77999
8375,47675-89649-101939-112790-114100
8376,47677
8377,47726
8378,47728-105578
8379,47734
8380,47760
8381,47782
8382,47796-102510-103195-114962-116957
8383,47799-115463-115789
8384,47800
8385,47805
8386,47814-57142-60342-65390-66654-66998-82464-107194
8387,47826-82014
8388,47831
8389,47835
8390,47841
8391,47868
8392,47880
8393,47883-62329-96539
8394,47935
8395,47936
8396,47961-72879
8397,47964-65495-67519-70824-71337-72789
8398,47977-68073-107985-116739-116907
8399,47988-60776-101972-116436
8400,47998
8401,48011
8402,48027
8403,48045-59966-96204-103268
8404,48055
8405,48057-78425-78854
8406,48059
8407,48062-53224-53840-71896-100144-115078-115296-115331-115681-115710-115726-116043-116142-116843-117100
8408,48091-60385
8409,48110
8410,48126
8411,48128-50618-52702-52826-55360-56262-62670-71864-72520-72924-78334-88889-95042-103418-115927-116424-116488-117068-117542
8412,48132-89098-116394
8413,48157
8414,48158
8415,48164
8416,48178
8417,48181-116271
8418,48187-95247-97934-115221-117137
8419,48199
8420,48207-101577-112711
8421,48224
8422,48233
8423,48234
8424,48243
8425,48260-117015-117343
8426,48295
8427,48296-66800-72824-116002
8428,48305
8429,48308-71546-80578-82574-96016
8430,48315
8431,48318-56590
8432,48321
8433,48326-49576-74390
8434,48357-98398
8435,48359-106691-112974
8436,48362
8437,48364-55020-63552-83444
8438,48382
8439,48387
8440,48393
8441,48401
8442,48404-74729-116144-117477
8443,48408-84398-96048-106700-115410
8444,48426-66719
8445,48435
8446,48440-65392-77876-78100-87564-96288-97044-107541-114270-115153
8447,48469
8448,48480
8449,48498
8450,48521
8451,48527
8452,48536
8453,48547
8454,48556
8455,48573
8456,48587-49395-49587-62985-64291-80373-93162-98024-107549-117633
8457,48591
8458,48617
8459,48636-50442-51594-87836
8460,48641-102971
8461,48647-51157-86749-102887-113021
8462,48650-72701-103848-113507
8463,48656-54824-82802-115353
8464,48665-82031-91543
8465,48680-84802-87478
8466,48689
8467,48690-67918-74942-75450-99426-104338
8468,48709-100611-108153-116407
8469,48714
8470,48719-97929-105043
8471,48729
8472,48730
8473,48746
8474,48757-116082
8475,48764
8476,48784
8477,48788
8478,48801
8479,48811
8480,48817-57422-93912-94834-98939-110435-115755-116495-117277-117385
8481,48824
8482,48826
8483,48859-84727
8484,48869
8485,48872
8486,48882
8487,48896
8488,48900
8489,48907
8490,48911-80221-81213-115459-115609-116942
8491,48913-60587
8492,48918
8493,48923-51223-69919-70508-71355
8494,48941
8495,48946
8496,48950-49458-59776-73948-85162-85790-87028-115516-116072-117252-117492
8497,48962
8498,48970-85806-93454-111820-116917
8499,48974-50378-60604-67626-104882
8500,48989-50847-52132-58906-94023-108139-114939-117172
8501,49008
8502,49032-73158-74852-85436-86776-107840
8503,49048-85465
8504,49074-50641-85917-87875
8505,49100
8506,49114-50482-57802-59313-62224
8507,49119
8508,49126-53394-65106-105430
8509,49138
8510,49147
8511,49152-110408
8512,49167-85620-86466-91223
8513,49179
8514,49191-115785
8515,49192-55950-83905-117598
8516,49203
8517,49216-109828
8518,49227-111275-111573
8519,49236-65978-74110-97373-103004
8520,49240
8521,49284-101188
8522,49299-72000-115089-115426
8523,49318
8524,49330-70030-71645-85635-98468-108598-109582
8525,49369
8526,49393
8527,49399-92091-109343
8528,49401-117289
8529,49413
8530,49427-50545
8531,49429-81359
8532,49431
8533,49432-66318-66702-99762-99982-116036-116074-116404-116540
8534,49438-54970-77774-89866
8535,49440-63838-84552
8536,49456
8537,49467-50035-55177-69747-71453-84277-96763-105593-117545
8538,49486-57684-68188-68965-73591-74916-86401-98970-115008-115188-115694-115786-116532-116698-116940-117582
8539,49507-50683-117001
8540,49509-70359-87325-115295-117203
8541,49521-73915-78502
8542,49534
8543,49537-49585-75001
8544,49629-115109
8545,49645
8546,49658-116086-117274
8547,49680
8548,49713
8549,49714-93208
8550,49728-96238
8551,49747-75277
8552,49787
8553,49794-49829
8554,49808-56365
8555,49810-98637-105362
8556,49825
8557,49862
8558,49876
8559,49920-50494-60464-65656-67150-68190-68881-75022-77243-80066-81050-85102-95385-96036-103886-106224-112177-115475-115652-116208-116434-116727-116765-116775-117242-117261-117318-117549
8560,49922-76426
8561,49928
8562,49932
8563,49959-107143
8564,49963-80597
8565,49978-71260-89772
8566,49983-58849
8567,49984-62158-114332-117248
8568,49994-101555
8569,49997
8570,50002
8571,50017-76489
8572,50023
8573,50031
8574,50062
8575,50077-55462-96532-106540
8576,50097-99377
8577,50100
8578,50105-116177
8579,50129-90781
8580,50133
8581,50157-65047-85535-92716
8582,50165-69551
8583,50170
8584,50185
8585,50223
8586,50228
8587,50234
8588,50241-62021-70214-83929-89599
8589,50261
8590,50280
8591,50285-86630
8592,50287-54263-56853-57446-70666-95822-115570-115979-116701
8593,50288-74930-113467
8594,50297-88752-107764
8595,50303
8596,50304-115914-116595
8597,50307
8598,50312
8599,50353
8600,50371
8601,50372
8602,50376
8603,50389
8604,50409-99259
8605,50422-86033-95670-97915
8606,50434-116578
8607,50471
8608,50478
8609,50490
8610,50538
8611,50547-73689
8612,50561-72450-75182
8613,50573
8614,50583-54831
8615,50606
8616,50609
8617,50611
8618,50616-115452-115524
8619,50625-63365
8620,50628-115096-115334-115676
8621,50643
8622,50646-63514
8623,50653
8624,50670
8625,50687-98579-107909
8626,50692-99828
8627,50695
8628,50705
8629,50718-102794-115199
8630,50723-53187-103682-106245
8631,50737
8632,50740
8633,50743
8634,50763
8635,50798
8636,50826-67843-81025
8637,50828-58410-115346
8638,50830
8639,50850
8640,50886-63176-79422-103192-108306-116395
8641,50889-102057
8642,50911-110106-110697
8643,50919-55829-65038-116955
8644,50925
8645,50941
8646,50951
8647,50953
8648,50971
8649,50975-82105-94772
8650,50986
8651,50998-96610
8652,51005
8653,51010-74470
8654,51016-53480-58683-60137-65261-76919-93005-93291-96018-96740-101968-115810-115913-116972
8655,51020-79217
8656,51024
8657,51034
8658,51038
8659,51041-72752-116148
8660,51049-57181-72300-114949-115277-116603-117502
8661,51057
8662,51073-116601
8663,51079-111502
8664,51083-55313
8665,51086
8666,51089-98649-115036
8667,51091-96962
8668,51112
8669,51116-59933-95371-111157
8670,51126-69438-72640-86316-113780
8671,51158-116261-117469
8672,51160
8673,51162-75299-84483
8674,51166-73538-84388
8675,51176
8676,51186-76932-115190-116689
8677,51229
8678,51236
8679,51239
8680,51295-71513-102701
8681,51299
8682,51340-111172
8683,51347
8684,51367-53297-66219-85607-88389-115025-115473-117233-117615
8685,51387-68521-85641
8686,51404-68390-107094-116948-117532
8687,51413-110769
8688,51416-77189
8689,51442
8690,51446-75757-103776
8691,51455-91517-95223
8692,51470
8693,51487-107674-116954
8694,51493-104583
8695,51494
8696,51505-74491
8697,51510-69420
8698,51513-62261
8699,51519
8700,51539
8701,51558
8702,51576-95133
8703,51578-100381
8704,51591-51931-92695
8705,51593-77040-78066-95637-115388
8706,51596-73256-117552
8707,51608-88816
8708,51625-68732-70871-92206
8709,51633-52404-90344-97093
8710,51634
8711,51665-59611-116438
8712,51670
8713,51673-87869-91257-98753-100931-115275
8714,51685-115356
8715,51697
8716,51720
8717,51770-57663-59030-81210-102684-103838-112244-113718-116266
8718,51779
8719,51783
8720,51797-77117
8721,51803
8722,51843-64876
8723,51855-65159-80927
8724,51893-99606-106778
8725,51905-62513
8726,51908
8727,51915
8728,51916-99797
8729,51926-108604-117080
8730,51933
8731,51945
8732,51953
8733,51958-52402-58626-60268-66872-80782-93968-107558
8734,51960
8735,51984
8736,51989-62049-116749
8737,51991
8738,52007-103391-109230
8739,52019
8740,52020-68840-81104-105314-114929-114937-116295-116353-116383-116863
8741,52030
8742,52033
8743,52034-56998-81858-83388-83918-94408-95242-99206
8744,52076-110944-116342-116880
8745,52086
8746,52091
8747,52095-116641
8748,52105-114757
8749,52107
8750,52108-55492-59720
8751,52117
8752,52120
8753,52127-84091-99401-102638-115079
8754,52147
8755,52168
8756,52175-97901-113157-115491
8757,52184
8758,52190-64327
8759,52209
8760,52229-56054-80345-116187-116331
8761,52251-55491-113304-115172-117356
8762,52281
8763,52284-83522-112198-114010
8764,52296
8765,52298-68912-91924
8766,52301
8767,52333-60271
8768,52353
8769,52359-102559
8770,52365-92191
8771,52368-53194
8772,52381
8773,52384-93147
8774,52387
8775,52410
8776,52422
8777,52431-86773-107521
8778,52437-62156-93473-106601-114933-115013-115300-116767
8779,52445
8780,52454-91493
8781,52485-60507
8782,52490-90444-109992
8783,52492-67629
8784,52513
8785,52528-54204-115247-116085-116350-117590
8786,52533
8787,52554
8788,52562
8789,52579
8790,52590-110374-116614
8791,52599-59044-69013-71418-91207-110072-115603
8792,52610-71064-82022-92542
8793,52614-69730-73236-112572
8794,52616
8795,52620
8796,52624
8797,52628
8798,52636-61494-64184-97612-115865-116420-116547
8799,52641
8800,52649-117193
8801,52657
8802,52660
8803,52667
8804,52683
8805,52688-115662-117169
8806,52699-52731-55337-72390-84421-95701-98305-103316
8807,52700-85731-91901-113313-117295
8808,52729
8809,52740-60988-115323-116627
8810,52792
8811,52818-73226-74818-75594-94210-101859-103628-105982-108823-113982-115208-116810-117423
8812,52842-100304
8813,52865-54517-61115-79369-87243-89595-115513
8814,52875-106966
8815,52912
8816,52919-67143-94260-103868
8817,52953
8818,52955-81247
8819,52978
8820,52983-53029-111081
8821,52985-80643-83720-91779
8822,52990-64056-70216-103468-115087-115276-116847
8823,53003
8824,53012
8825,53014-84158-87764-89698-113332-115564-115708
8826,53019
8827,53020
8828,53031
8829,53046
8830,53058-54899-55354-62940-64786-67388-69303-79042-101174-102926-106039-107620-107864-111013-114370-114977-116301
8831,53065
8832,53077
8833,53078-62268-64702-74850-87063-93042-115772-116571
8834,53083-79215-117265
8835,53092-82541-117361
8836,53118
8837,53121
8838,53130-86469-90891-110247
8839,53146-84404-104490
8840,53165
8841,53208-101241
8842,53211
8843,53217
8844,53218
8845,53234
8846,53248-60840
8847,53255-65953-81163
8848,53282
8849,53289-64453-69106-69196-90323-91771-110671
8850,53295
8851,53308-77314-115212-115338-115488-115514-115569-115706-115722-115746-115829-115921-116116-116248-116268-116298-116346-116468-116512-116519-116629-116752-116992-117074-117128-117508-117604
8852,53320
8853,53347-90921
8854,53357
8855,53361
8856,53377-60984-115207
8857,53384-117246
8858,53387-108041
8859,53411
8860,53413
8861,53415
8862,53440-82256
8863,53443
8864,53452-114624-115162
8865,53461
8866,53470
8867,53473
8868,53489
8869,53498
8870,53507
8871,53508
8872,53537
8873,53544
8874,53561
8875,53563
8876,53613-69790
8877,53634-63018-67404-95882-102182-106428-112706-115854-116656
8878,53645
8879,53646-93928
8880,53659-81655-89131-103142
8881,53692
8882,53699-56330-70237-109061
8883,53726
8884,53729
8885,53730-81228-113280
8886,53732-67345
8887,53748-93440
8888,53795
8889,53820
8890,53829
8891,53830
8892,53836
8893,53890-81486
8894,53896
8895,53910-57363-57650-84964-92554-108786-110628-115836-117348
8896,53916-57274
8897,53926-90040
8898,53930-57740-59080-62972-69858-84140-84256-91814-117387
8899,53951-112781-116459
8900,53980-100386-107438
8901,53994-82270-90434-116886
8902,54001
8903,54057-69922-75467-89041-91431-115243
8904,54062-59957-92356
8905,54076
8906,54100-55666-82880-97628-116059
8907,54109-89809
8908,54132
8909,54146
8910,54162
8911,54187
8912,54195
8913,54201
8914,54224-111799
8915,54260-71580-90949
8916,54272-63616-91414
8917,54312
8918,54321-57402-78013-88770
8919,54326-97270-112114
8920,54333
8921,54339
8922,54386-67968-115294-115571-115885
8923,54390-92069-109984-110786-116996
8924,54406-69619-74193
8925,54413-87113
8926,54433
8927,54459-115627
8928,54464-105456-116090-116956
8929,54468-55450-59512-68795-68814-73425-95602-96815-99978-103262
8930,54478
8931,54483-78291
8932,54491
8933,54495
8934,54498
8935,54505
8936,54511-117276
8937,54532-57382-106097
8938,54565-62055-63039-85937-93797
8939,54580-63118-115508
8940,54594
8941,54599
8942,54614-55924-72194-115128-115373-117567
8943,54634-92614
8944,54636
8945,54639
8946,54640
8947,54663-55877-116329
8948,54681
8949,54684
8950,54687
8951,54699
8952,54727
8953,54732-72561
8954,54745
8955,54763
8956,54775
8957,54837-65547-71081-71543-103873-115841-116803
8958,54842-116365
8959,54848-82360-87517-97494
8960,54902
8961,54907-69847
8962,54932-112356
8963,54938-115094-115586-116397-116472-116930
8964,54940-73943
8965,54945-84063
8966,54965
8967,54980-99113
8968,55003-115549
8969,55041
8970,55052
8971,55055-94176-112574
8972,55062
8973,55064
8974,55068-67430-76558
8975,55098-81684-104608
8976,55119-68211
8977,55127
8978,55128
8979,55148-104854-116500
8980,55156
8981,55159-59060-59374-61928-75910-76038-79418-99286-101882-107198-109414-115216-115660-116189
8982,55208
8983,55223-61134-117284
8984,55224
8985,55247
8986,55249
8987,55256
8988,55277
8989,55291-66903-76595-94545-103265-103341-116223-116502
8990,55294
8991,55308-57279-112253-116910-117443
8992,55310
8993,55322
8994,55340
8995,55359-116031
8996,55364-83356-99072-99092-99549-102882-104034-112901
8997,55373-85564-115269-116731
8998,55384-69146-87796-94480-116412
8999,55398-115533
9000,55408-70910
9001,55416
9002,55431-101704-115636
9003,55449
9004,55467-72394
9005,55474-68102
9006,55480-60970-62910-74953-115715-115882
9007,55517
9008,55528-63318-98818
9009,55530
9010,55533-91006-95567-109957-113756-115059-115417
9011,55535-67239
9012,55540-106991
9013,55546-90092
9014,55561
9015,55571
9016,55613-99939
9017,55624
9018,55641
9019,55661-74837
9020,55665
9021,55692-62586-115643-116607-117591
9022,55698-114156
9023,55701-56869-70810-75234-103621
9024,55722
9025,55725
9026,55727-86910-104753
9027,55728
9028,55765-56168-88279
9029,55773-115495
9030,55777
9031,55784-103411-114961-115525
9032,55793-110712
9033,55798-62256-88812-90398-91735-100622-103198-107471-111165-111953-114882-117636
9034,55816-67321-93121
9035,55820
9036,55826-83908-107175
9037,55833
9038,55838-83622-92868-98674
9039,55856
9040,55870
9041,55883
9042,55890-93849
9043,55892
9044,55898-64560-83016-102242-116272
9045,55937
9046,55949
9047,55982-109578
9048,55988
9049,56043
9050,56065
9051,56071-59857
9052,56072-96976-109294-117283
9053,56077-62817
9054,56082
9055,56095
9056,56123
9057,56161-58689
9058,56189
9059,56195
9060,56206
9061,56210-89166
9062,56212
9063,56230-63146-101072-107640-116402-117392
9064,56243-115760
9065,56245
9066,56252
9067,56286-104930
9068,56289
9069,56320
9070,56328
9071,56334-104862
9072,56343-68775-90567-91467-92125-93833-103895-104807-115301-115939-116323-116715-117491
9073,56362-115237
9074,56374
9075,56376-67911-71549-78622-90729-114038-116841
9076,56380
9077,56397
9078,56408
9079,56411-74655
9080,56464-92674-105496-113828-115732
9081,56481
9082,56491
9083,56492
9084,56527-63974-75351-89868-96072
9085,56533
9086,56534
9087,56545
9088,56560-59183-91736-115238
9089,56577
9090,56582-79428-80242-110993
9091,56584-74463-92310
9092,56593
9093,56630
9094,56635-117143
9095,56643-85613-106769-109309
9096,56652-68216-90936
9097,56655-86119
9098,56672
9099,56702
9100,56711-83630
9101,56731-116461
9102,56740-71197-71650-74697-91834-99156
9103,56752-112948-115035-117355
9104,56761
9105,56770
9106,56777
9107,56782
9108,56788-82989-104057-115721
9109,56794
9110,56834-58620-67326-81924-82584-91144
9111,56837
9112,56843
9113,56845-115855
9114,56867-66175-72541-114768
9115,56900-62747-89325-115055
9116,56908-114928-114936-116294-116352-116862
9117,56910
9118,56920-61434-75808
9119,56940-100934
9120,56984-68404-111154-114932-116700
9121,56995
9122,57000
9123,57017
9124,57033
9125,57035-59072-96714-106510-109870-115246-115642
9126,57063
9127,57081-75973
9128,57091-102117
9129,57102
9130,57108-59722
9131,57115
9132,57119-73529-103551
9133,57128-72326-112825-115834
9134,57150
9135,57152
9136,57162
9137,57170
9138,57210-61608-83100-105794-106266-115869
9139,57218
9140,57230
9141,57236-72876-111406-116452
9142,57250-88732
9143,57255-91745
9144,57285
9145,57296-62362-62976-64589-65340-70928-71256-86342-100417
9146,57315-110562-114908
9147,57360
9148,57372-70480-97918
9149,57378
9150,57387-61570-73200-79740-96528-98184-117468
9151,57421
9152,57445
9153,57463-66185
9154,57472-73718-102604
9155,57487
9156,57493
9157,57546-66948-67166-69461-90166-101376-112466-114614
9158,57575
9159,57583
9160,57593
9161,57602
9162,57624
9163,57636-60869-67619-78743-86687-89407-98981-112077
9164,57639
9165,57681
9166,57711-62931
9167,57714
9168,57727
9169,57744-87921
9170,57747-79183-86101-92631-114972
9171,57749
9172,57755
9173,57758
9174,57762
9175,57768-62392-116022
9176,57772
9177,57805-116742
9178,57813
9179,57815-83683
9180,57864-59529-115554-116389-116691
9181,57873
9182,57888
9183,57916
9184,57936-104110
9185,57941-109445
9186,57950
9187,57954
9188,57959-96615
9189,57992-85520
9190,57998
9191,58001-105614-115222-115522-116139-116838-116872-117271
9192,58002-78932-90378
9193,58005
9194,58007
9195,58012
9196,58016
9197,58022-113365
9198,58027
9199,58044
9200,58111
9201,58116
9202,58120-67620-68974-82878-109040
9203,58123
9204,58135
9205,58138-101467
9206,58154-75800-96874-114786
9207,58164-99650
9208,58168-65131-88424-89636-97654-100296-103600
9209,58182
9210,58195
9211,58198
9212,58228
9213,58235-115305-116855
9214,58265-68076-86428-94133-99526-99968-102427-103844-104400
9215,58276
9216,58278-80889-115793-116616-117198
9217,58283
9218,58293
9219,58360
9220,58369-117090
9221,58376
9222,58380
9223,58394-115462-115788
9224,58431
9225,58443-64435-68319-93285-103559
9226,58456
9227,58461-93723-104078
9228,58467-113250
9229,58507-97755
9230,58528
9231,58533-115503
9232,58540-60938-68586-88104-89612-93398-101878
9233,58545
9234,58556
9235,58567-60254-69827-87027-89615-106231
9236,58571
9237,58574
9238,58576
9239,58578-63962-113462
9240,58590
9241,58601
9242,58611-93959
9243,58615-115371-115517
9244,58619
9245,58644
9246,58706
9247,58725
9248,58727-115679-117245
9249,58747
9250,58750
9251,58781-79282
9252,58783-66964
9253,58790
9254,58799-65177-113977
9255,58800
9256,58804-89148
9257,58817-85313-89342
9258,58819
9259,58829
9260,58833-100424
9261,58835-115461
9262,58842
9263,58844-61470-65216-80210
9264,58865
9265,58868
9266,58883
9267,58887-114079
9268,58901
9269,58929
9270,58941
9271,58943-85801-94355
9272,58951-71749-115685-117149
9273,58960
9274,58963
9275,58967
9276,58975
9277,58977-74313-107247
9278,58978-70476
9279,58982
9280,59001-116707-117531
9281,59015-70591-86617-101341
9282,59019
9283,59035-73474
9284,59040-63478-65716-68226-81882-91894-106268-108946-115442-115982-116624
9285,59043
9286,59054-105486
9287,59058-91823-97650-104513-105251-113143
9288,59066-82349
9289,59085-114425
9290,59098-116747
9291,59100-61232-69266-115996-116657-117256-117412-117638
9292,59143-109693-115687
9293,59155-116673-117597
9294,59157
9295,59163
9296,59175-105319
9297,59190
9298,59201-72980-106799-115502
9299,59212
9300,59223
9301,59227-117257
9302,59230
9303,59235
9304,59246-99365-107469
9305,59284-87936
9306,59286-95786-104316
9307,59292
9308,59299
9309,59307-95221
9310,59309-69852-117088-117574
9311,59317
9312,59336-117163-117627
9313,59341
9314,59362
9315,59390-116815-117123
9316,59400
9317,59402
9318,59415-63163-82558-102674
9319,59423-61986-117367
9320,59424-64486-92576-95904-96466-104822-105098
9321,59431
9322,59447
9323,59450-70402-81410-101036-115472-116084-116748-117643
9324,59475-84854-115977
9325,59486-70313-91926-116213-117584-117589
9326,59510
9327,59526-72850-107076
9328,59530
9329,59543
9330,59549-80033-110991
9331,59556-63632-65053-115471
9332,59562-117323
9333,59600
9334,59620-117501
9335,59634
9336,59653
9337,59657
9338,59659-67575
9339,59669
9340,59703-75921-115219
9341,59714
9342,59734
9343,59739-92803
9344,59760-78646
9345,59784-64135-110521
9346,59791
9347,59807-81955-86837-107661-117239
9348,59816
9349,59829
9350,59843
9351,59859
9352,59863
9353,59890
9354,59901-106707-111653
9355,59914
9356,59920
9357,59926
9358,59928
9359,59947
9360,59953
9361,59955
9362,59960
9363,59962-116630
9364,59964-62292-74615
9365,59974-116410
9366,59989
9367,59991-61843-62449
9368,59996-68614-117504
9369,60028-75162
9370,60049-67509-77255
9371,60058-64334
9372,60068
9373,60073-77155
9374,60074-90507
9375,60079
9376,60083-74280
9377,60115-117543
9378,60123
9379,60139
9380,60142-76198
9381,60148
9382,60168
9383,60298-93732
9384,60311
9385,60332
9386,60341-77289
9387,60363-116796
9388,60372-96772
9389,60388
9390,60392-106006
9391,60399-88451-105623
9392,60403-95652-110057
9393,60413
9394,60463-63380-78163-84221-84755-117173
9395,60485
9396,60496-65576-94416-105850
9397,60510
9398,60514-73374
9399,60522
9400,60526
9401,60533-88287
9402,60556
9403,60585
9404,60592-103766
9405,60620
9406,60631
9407,60633
9408,60640-108399
9409,60654-87988-97859
9410,60656-71723-87856-106114
9411,60664
9412,60701-71707-100745
9413,60702
9414,60708-86167
9415,60740-115432-115604-116494
9416,60759
9417,60762-108690-115712-117444
9418,60793
9419,60810
9420,60813-98726
9421,60821
9422,60823
9423,60842
9424,60849-89267
9425,60871
9426,60884-71245
9427,60891-112037
9428,60921
9429,60932-69889-76335-115045
9430,60941-116680-116965
9431,60959-76600
9432,60966-89451
9433,60977
9434,60990
9435,61005-81987
9436,61007
9437,61017
9438,61020-68546
9439,61034
9440,61044-65198-67646-68182-115252
9441,61063
9442,61080
9443,61094
9444,61103
9445,61144-94105
9446,61163-102082
9447,61164-77804-95208-117322
9448,61173
9449,61182-106810
9450,61203-91464
9451,61215
9452,61238
9453,61252
9454,61257
9455,61259-106746-115532
9456,61270-79083-112355
9457,61275
9458,61293
9459,61347
9460,61364-95389
9461,61368
9462,61380-82496-93866-115529-115827
9463,61382-67955-117593
9464,61402
9465,61406
9466,61449
9467,61451
9468,61455
9469,61458
9470,61468-71012-98171-115309-115585-115711-115799-117569
9471,61481-115565-116011
9472,61484-116186-117586
9473,61498-81224
9474,61535
9475,61538
9476,61554
9477,61563
9478,61577
9479,61593
9480,61625
9481,61627
9482,61670-86808
9483,61680
9484,61683-72281
9485,61701
9486,61703
9487,61753
9488,61754
9489,61761
9490,61776-87222-92412-99046-105103-109252-116457
9491,61792-97054
9492,61797-66463-104712
9493,61807
9494,61825
9495,61839-63843-89401-98889-109235
9496,61848
9497,61855
9498,61877-90598-112815
9499,61895-117056
9500,61896-97734
9501,61904
9502,61907
9503,61909
9504,61927
9505,61930
9506,61948
9507,61953
9508,61965
9509,61990-80624-94808
9510,62006
9511,62016
9512,62039
9513,62071
9514,62073
9515,62075-63187-91487
9516,62107
9517,62116-107899
9518,62143-65857-98121
9519,62155
9520,62161
9521,62163-116579
9522,62167
9523,62209
9524,62210-85339-94907-96015-112863-117069
9525,62215-76322-86527-97572-115421
9526,62218-114298
9527,62252-115156
9528,62264
9529,62283
9530,62288
9531,62336-64138
9532,62342-67926
9533,62351
9534,62361
9535,62365-73665
9536,62381
9537,62395-92659-104307
9538,62406
9539,62416
9540,62427
9541,62428
9542,62451
9543,62471
9544,62495
9545,62526
9546,62535
9547,62540
9548,62565-99881-114685
9549,62566-62632-91504-96813-99808-102590-104638-112062-115157-115316-116163-116188
9550,62568
9551,62570-108694-113416
9552,62636
9553,62654-112181
9554,62658
9555,62661-115863
9556,62683-94919-111183
9557,62688
9558,62697
9559,62717-67276-70080-76122-114586
9560,62721
9561,62748-115717
9562,62750
9563,62768
9564,62773
9565,62775-96486-106103
9566,62777-117077
9567,62797-82093
9568,62800
9569,62825
9570,62865
9571,62873-79441
9572,62875-101839-117540
9573,62925
9574,62939
9575,62950-64555
9576,62959
9577,62960
9578,62967-73962-74804-116338
9579,62968
9580,62997-105039-105455
9581,63007-111807-114620
9582,63013
9583,63023-104060
9584,63041-94695
9585,63074
9586,63100-65248
9587,63108-81980-97152
9588,63137
9589,63148
9590,63151-82343-116133-116593
9591,63152
9592,63170
9593,63210-79326-84734-110068
9594,63245-82261
9595,63251
9596,63258-77220-92656-107738
9597,63278
9598,63296-82685
9599,63301-115922
9600,63306-64377-76536-87410-94414-98794-104023-104037-117418
9601,63333-91531
9602,63337
9603,63358-72684-101666-116154-116634
9604,63360-86436
9605,63363-101885
9606,63420-115997
9607,63429
9608,63464-115126
9609,63477
9610,63499-101618
9611,63519
9612,63531-71563
9613,63532-68818-87032-91860-93502
9614,63561-110302
9615,63577
9616,63583-67482-72717-90228-93547-115027-117133
9617,63590-110075-116919
9618,63604-116846
9619,63613-117430
9620,63625-97057
9621,63656
9622,63710
9623,63735
9624,63754-70629-80434
9625,63763
9626,63774-116119
9627,63798
9628,63800
9629,63807
9630,63821-79401-81201
9631,63861
9632,63877-89085
9633,63881
9634,63910
9635,63921
9636,63922-90956
9637,63934-68712-98526
9638,63969
9639,63982
9640,63992-106943-111150
9641,64002-88600
9642,64024-85006
9643,64038
9644,64051
9645,64063
9646,64090
9647,64095
9648,64104-76573-111135
9649,64122-75976-107856-110752
9650,64145
9651,64147
9652,64156
9653,64188
9654,64204
9655,64214-81304-96080-99832
9656,64237
9657,64240
9658,64285-82097-85649-91799
9659,64301
9660,64330-117520
9661,64332
9662,64352-75064-117316
9663,64374
9664,64384
9665,64387
9666,64393
9667,64416
9668,64418-75404-116042
9669,64433-116354
9670,64476
9671,64483
9672,64507-70939-91513-112895
9673,64515
9674,64521
9675,64541
9676,64550-109242-109894-115015-115072-115121-115124-115279-115381-115486-115592-115668-115741-115963-116041-116044-116046-116109-116152-116246-116311-116401-116598-116776-116894-116905-116980-116990-117010-117037-117147-117235-117280-117302-117434
9677,64553-78709
9678,64556
9679,64558-74500-117566-117630
9680,64576
9681,64602-69074-86404-93184
9682,64615
9683,64642-64664
9684,64655
9685,64694-102527
9686,64705
9687,64783
9688,64794
9689,64807
9690,64808-67988-78782
9691,64817
9692,64823
9693,64839
9694,64862
9695,64875-117619
9696,64883-80469-116487
9697,64884
9698,64891
9699,64920
9700,64947
9701,64963-75279
9702,64970
9703,64975-65513-71811-105239
9704,64985-105423
9705,64993-72741-80745-85024-115530
9706,64995-115453-117150
9707,65040
9708,65051
9709,65066-82586-115730
9710,65075-81847
9711,65123-102271
9712,65128-102316-116962
9713,65149
9714,65151-71275-75829-88291
9715,65152-92445
9716,65154
9717,65161-87616-115526
9718,65172
9719,65175-65619
9720,65190-65235-75507-90372-103333
9721,65200-89862-97720
9722,65204-112872
9723,65206
9724,65230
9725,65254
9726,65283
9727,65286
9728,65298
9729,65312-103974
9730,65326
9731,65359-108655
9732,65360
9733,65363-87141-100821
9734,65365
9735,65375
9736,65381-77378-117305
9737,65402-71364-115116
9738,65414
9739,65430
9740,65474
9741,65485
9742,65487
9743,65493
9744,65526
9745,65543-116902-117450
9746,65556-65648-67900-67966-116584
9747,65628-66817-79894-95110-96504-110420-115260-115804-116274-116621-117072
9748,65643-84599
9749,65652
9750,65655
9751,65680-116639
9752,65693
9753,65724
9754,65756-96300
9755,65759-83793-95344-107165
9756,65770-67116
9757,65791
9758,65797-83214
9759,65798
9760,65812
9761,65822
9762,65841
9763,65846
9764,65860
9765,65886-73412
9766,65905
9767,65907
9768,65924
9769,65956
9770,65998-81895
9771,66007
9772,66033
9773,66039-76324
9774,66051-68246
9775,66053-99566
9776,66058-67541-98822-116216-116615
9777,66065
9778,66077-101813
9779,66130
9780,66140
9781,66143
9782,66147
9783,66151
9784,66159
9785,66172
9786,66179
9787,66182
9788,66224
9789,66229-83529-116064
9790,66233-116431
9791,66241-96233
9792,66266-112602
9793,66270
9794,66277
9795,66278
9796,66314
9797,66332
9798,66338
9799,66345
9800,66377
9801,66385
9802,66395
9803,66407-76745-91723-105007-115509
9804,66450
9805,66459
9806,66486
9807,66490
9808,66524
9809,66538
9810,66544-102519
9811,66580
9812,66610
9813,66634
9814,66650-100291-105655-116052-116478
9815,66663-82961-91874
9816,66679
9817,66690
9818,66766-69041
9819,66778
9820,66790
9821,66829-88506
9822,66849
9823,66856-108290
9824,66879
9825,66881
9826,66886-100899-114512
9827,66888-109024
9828,66895
9829,66914
9830,66918-95406
9831,66943
9832,66954-70851-116403-117393
9833,66985
9834,66995
9835,67005
9836,67017
9837,67025
9838,67068-115460
9839,67080-83572
9840,67096-115830-115938
9841,67103
9842,67107
9843,67130-74956-95058-108098-114602
9844,67179
9845,67186
9846,67205
9847,67216
9848,67227-95302
9849,67251-87437
9850,67256
9851,67266
9852,67298-80336
9853,67319
9854,67341-73545-75511-95565
9855,67347
9856,67350
9857,67357
9858,67360-111591-116135
9859,67377
9860,67439
9861,67443
9862,67444
9863,67456-70095
9864,67474-98610-108557
9865,67478
9866,67480
9867,67492-79338-82954
9868,67520-75251-81483-109280-109547-117253
9869,67525-115587-116341-116779-116931
9870,67542-106659
9871,67546
9872,67550
9873,67606
9874,67611-83487-114683
9875,67623-108495
9876,67624-99864
9877,67651-68729-115074
9878,67654
9879,67659-71772-115031
9880,67693
9881,67724
9882,67726-70958
9883,67749
9884,67754
9885,67805
9886,67824-115704
9887,67830-100731
9888,67838
9889,67880
9890,67916-112336
9891,67921
9892,67932
9893,67935
9894,67945-98815-114990-116458
9895,67956
9896,67974
9897,67995-116725
9898,68017
9899,68052
9900,68092
9901,68114-114956
9902,68152-77482-102912
9903,68164
9904,68167
9905,68180
9906,68203
9907,68212
9908,68219
9909,68256
9910,68259
9911,68268
9912,68284
9913,68298
9914,68308
9915,68316-77536-97420-102337-104518-116137
9916,68334
9917,68337
9918,68338
9919,68344
9920,68348-92026
9921,68359
9922,68365-109563
9923,68409-84833
9924,68446
9925,68460
9926,68466
9927,68470-113998
9928,68499
9929,68523
9930,68537
9931,68538
9932,68542-90834
9933,68558-81362
9934,68596
9935,68609
9936,68663-107323
9937,68667
9938,68674
9939,68683
9940,68691-76661-83507
9941,68701-85859-107035-115024-116859
9942,68724
9943,68731
9944,68751-115918
9945,68755-105541
9946,68756
9947,68789
9948,68816-102902-104226
9949,68826-84110-90104-101024-105402-107336-114328
9950,68839
9951,68857-78461
9952,68859-91956-116550
9953,68865-76590
9954,68866-78196-96448
9955,68902-114677
9956,68904
9957,68909
9958,68919-108909
9959,68922-76828
9960,68928-81562
9961,68932
9962,68937
9963,68943
9964,68981
9965,68994
9966,69011-113554
9967,69044
9968,69048-82644-88518-114444
9969,69060-86450-93130-102472
9970,69072
9971,69087
9972,69093
9973,69096
9974,69114
9975,69117-73365-86185
9976,69130
9977,69165-90720
9978,69174
9979,69182-115548
9980,69185-96107-101280-115761-117333
9981,69212-90942
9982,69214
9983,69223
9984,69230
9985,69255
9986,69282-99804
9987,69351
9988,69375
9989,69426
9990,69433-74425
9991,69462-89935-100276
9992,69464-72470-82486-84608
9993,69470
9994,69501-115611-116421
9995,69502
9996,69532
9997,69540
9998,69556
9999,69566
10000,69575
10001,69577
10002,69578
10003,69588
10004,69591
10005,69604
10006,69607-115150-116632-117055
10007,69616
10008,69621
10009,69635-116164
10010,69645-93281
10011,69657
10012,69669
10013,69676
10014,69692-101076-109856
10015,69711-83143-86964-88408-94727-102481-104909-114991-115531-116939
10016,69723
10017,69737
10018,69738-97030-110580
10019,69757
10020,69767-93141-97469-115289
10021,69799
10022,69800-110989
10023,69802
10024,69812
10025,69821
10026,69822
10027,69833-99727
10028,69842
10029,69857-115407
10030,69893
10031,69925
10032,69959-93984-114292
10033,69964-78820
10034,69976
10035,70027
10036,70028-76018
10037,70043
10038,70088-74024
10039,70092-109266
10040,70103
10041,70135-108895
10042,70139-98739-115363
10043,70149-102593
10044,70183
10045,70201
10046,70211-115285-115419-115859-116735-116891-117517
10047,70213
10048,70242-102565
10049,70248-99445-117048-117096-117138
10050,70253-114796-117076
10051,70255-72409-97085
10052,70262-116270
10053,70264-108319-113676-117002
10054,70274
10055,70311-74430-75272-89952-116793
10056,70323-89189
10057,70329-116250-116961
10058,70333-86699
10059,70339-113158
10060,70347-74764
10061,70366
10062,70370
10063,70374
10064,70391-72847
10065,70418-88470-99582-105835-110910
10066,70420-80939-90713-91276
10067,70444
10068,70451
10069,70463-75697
10070,70471-115193
10071,70486
10072,70513
10073,70541-102633
10074,70543
10075,70559-115821-116959
10076,70561
10077,70567
10078,70569
10079,70584-89030
10080,70611
10081,70631
10082,70639
10083,70643-91253
10084,70661
10085,70674
10086,70684
10087,70695
10088,70729-109529-112281-116985
10089,70737
10090,70756-77067-105855-115584-116155-117131
10091,70777-86215-117437
10092,70793
10093,70803-93491-101661
10094,70809
10095,70817
10096,70843
10097,70885
10098,70904
10099,70915
10100,70916
10101,70919-71479-77433-82737-98156-104222
10102,70942-87756
10103,70961
10104,70981
10105,70982-86378
10106,70988-91666-108498
10107,71009
10108,71051-115409-116481
10109,71085
10110,71086
10111,71093
10112,71110
10113,71115
10114,71118-96910-114911-115399-115578-115991-116363-116659-116773-116827
10115,71200
10116,71211-117288
10117,71220
10118,71230
10119,71238-117216
10120,71242-102491-116602
10121,71277-100613
10122,71287
10123,71310
10124,71316
10125,71319
10126,71321
10127,71345
10128,71371
10129,71375
10130,71381-76092-86661-101419-106900-115147-116374
10131,71390
10132,71413
10133,71414
10134,71416
10135,71421-86507
10136,71422-105330
10137,71459
10138,71463
10139,71491-72101
10140,71495
10141,71507
10142,71529
10143,71540
10144,71590
10145,71595-102845
10146,71599
10147,71611
10148,71622-91162
10149,71728
10150,71765
10151,71783
10152,71818
10153,71844
10154,71846-78028-78952-85691-91188-95028
10155,71851
10156,71852
10157,71872
10158,71885-102683
10159,71934
10160,71936
10161,71955
10162,71958-116233
10163,71961
10164,71971-75979-115178-115351-115408
10165,71974-95906-98370
10166,71980
10167,72002-83829-99428
10168,72004
10169,72023
10170,72032-77503
10171,72044
10172,72048
10173,72076
10174,72115-80575-88045-114996
10175,72119
10176,72142
10177,72149-77182-100855-101712-107982-117446
10178,72208
10179,72235-108814
10180,72251-116351-116839-116873-117232
10181,72259
10182,72276
10183,72335
10184,72348
10185,72358
10186,72402
10187,72436
10188,72438
10189,72492
10190,72501
10191,72507
10192,72533
10193,72578-93023
10194,72586
10195,72593
10196,72597-106173-115430
10197,72617-86789-88613-102177-102505-109599
10198,72622-113128-115510-116260
10199,72629
10200,72647-98863-103481-116823
10201,72659
10202,72669
10203,72709
10204,72713-106553-116151
10205,72719-111703
10206,72745
10207,72756-83154
10208,72765
10209,72772-73922-96860-97457-113588
10210,72783
10211,72871
10212,72882
10213,72905
10214,72928-78191-92088
10215,72945
10216,73007
10217,73028
10218,73030-87542
10219,73063
10220,73071
10221,73089
10222,73091-76381-92016
10223,73095
10224,73098
10225,73111-87393
10226,73118
10227,73134
10228,73146
10229,73149
10230,73155
10231,73167
10232,73172
10233,73194
10234,73215
10235,73217
10236,73220
10237,73239
10238,73253
10239,73279-89077
10240,73288-77088-99922
10241,73297
10242,73300
10243,73302
10244,73314
10245,73349-102291
10246,73372-88028
10247,73414-87530
10248,73417-82274
10249,73460
10250,73492
10251,73507
10252,73514
10253,73518
10254,73521
10255,73535-94463
10256,73555
10257,73568-77319-116554
10258,73576
10259,73599-108022
10260,73604
10261,73624
10262,73655
10263,73668-76227
10264,73700
10265,73707
10266,73711
10267,73740
10268,73743
10269,73748
10270,73750
10271,73754
10272,73841
10273,73843-86607
10274,73881
10275,73902
10276,73933-77343-81763
10277,73965-97233
10278,73994
10279,74013
10280,74015
10281,74021-90131-96642
10282,74047
10283,74055
10284,74065
10285,74079
10286,74093
10287,74113
10288,74121-96275
10289,74126
10290,74128
10291,74135-85833-103945-116453
10292,74148
10293,74152
10294,74177
10295,74194-95392-100964
10296,74204
10297,74215
10298,74217
10299,74220
10300,74229
10301,74230
10302,74237
10303,74240
10304,74244-80174-106994-111148-117379
10305,74263
10306,74277
10307,74295-112625
10308,74309
10309,74322-76706-111582-114012
10310,74332-77554-89706-115144
10311,74359
10312,74360
10313,74411-89635-117371
10314,74484
10315,74525
10316,74538
10317,74547-89181-100956-108384-115433-116313-116411-116710
10318,74558
10319,74563
10320,74584
10321,74599
10322,74646
10323,74662
10324,74692
10325,74707
10326,74717
10327,74761
10328,74776
10329,74781
10330,74783
10331,74785
10332,74800
10333,74812
10334,74822-94768-117268
10335,74865-103935
10336,74869
10337,74887
10338,74889
10339,74890
10340,74902
10341,74904
10342,74909
10343,74924
10344,74973-88940-90998
10345,74978-80514
10346,75026
10347,75032
10348,75040
10349,75051-109485
10350,75106
10351,75122
10352,75139-117081
10353,75157-87953-101811
10354,75171
10355,75185
10356,75191
10357,75194-87052
10358,75198
10359,75209
10360,75215
10361,75261
10362,75264-85277
10363,75297
10364,75308
10365,75334
10366,75349
10367,75367
10368,75368
10369,75371-92033-116800-116912
10370,75376
10371,75393
10372,75397
10373,75420
10374,75469
10375,75470-93096-96978
10376,75489
10377,75490
10378,75504-83508-92326-102005-115140-117617
10379,75531
10380,75538-77506-81832-106372-115196
10381,75555-84357-109369
10382,75566
10383,75602
10384,75632
10385,75642-115998
10386,75649
10387,75652
10388,75673
10389,75678-102945
10390,75720
10391,75724
10392,75734
10393,75747
10394,75759
10395,75796-106582-113100
10396,75799-97896
10397,75805
10398,75841
10399,75845
10400,75847
10401,75851
10402,75859
10403,75866
10404,75868
10405,75873-117165
10406,75883
10407,75884-100119
10408,75901-117541
10409,75907
10410,75963
10411,75968
10412,75985
10413,76008-111628
10414,76013-79476
10415,76024-105696-111370
10416,76048
10417,76075
10418,76119
10419,76133
10420,76140
10421,76152-78499
10422,76159
10423,76179-111141
10424,76215
10425,76248
10426,76259
10427,76279-96171
10428,76289
10429,76308
10430,76313
10431,76351
10432,76365
10433,76376
10434,76382
10435,76418
10436,76428-104068
10437,76459-116419
10438,76466
10439,76469-85702-87272-92760-114327-117012-117148
10440,76496-86319
10441,76507
10442,76519-117341
10443,76521
10444,76529
10445,76552
10446,76557
10447,76597-104302-111235
10448,76622
10449,76624-77460-102644-117478
10450,76675
10451,76691
10452,76703-84244
10453,76704-99242-102073-106726-114924-115842-115896-116606
10454,76726
10455,76753
10456,76766-112462
10457,76782
10458,76790
10459,76798
10460,76821-90140-117162-117626
10461,76832
10462,76835
10463,76840-88042
10464,76859
10465,76860
10466,76874-89673
10467,76884
10468,76892
10469,76896
10470,76901
10471,76927
10472,76936
10473,76945-89639-92807-96579-100867-102501-115447-116145-116449-117519
10474,76952
10475,76991
10476,76994
10477,77012
10478,77036-98958-116218
10479,77042
10480,77051
10481,77077
10482,77096-103964
10483,77128
10484,77134-104792
10485,77186
10486,77200
10487,77213
10488,77223-104597-117227
10489,77229-110924
10490,77247
10491,77278
10492,77283
10493,77292-87136
10494,77351
10495,77354
10496,77365
10497,77377
10498,77385
10499,77388
10500,77402
10501,77434
10502,77442
10503,77466
10504,77470-77516
10505,77473-86999-116263
10506,77510
10507,77514
10508,77541
10509,77547
10510,77597
10511,77613
10512,77625
10513,77627-91649
10514,77674
10515,77692
10516,77725-107843
10517,77728-115904
10518,77741-116893
10519,77752
10520,77757-82161-110955
10521,77759
10522,77765
10523,77788
10524,77838
10525,77841
10526,77889
10527,77905
10528,77914
10529,77923-108561
10530,77944
10531,77957
10532,77987
10533,77992
10534,78005
10535,78006-95366
10536,78008-106953
10537,78011
10538,78044
10539,78048
10540,78109-102352
10541,78122
10542,78137-84921
10543,78138-87610-100037-111470
10544,78143
10545,78148
10546,78187
10547,78204
10548,78219-88911
10549,78224-115325
10550,78264
10551,78333
10552,78340-92288-115406-115538-115784-115888
10553,78358
10554,78367
10555,78390-103288-104170
10556,78417
10557,78453
10558,78481-115011
10559,78485
10560,78522
10561,78545-116387
10562,78555
10563,78604
10564,78609-94429
10565,78658
10566,78661
10567,78666-88580-97744-111600-116576
10568,78669
10569,78681
10570,78703
10571,78713
10572,78722
10573,78726
10574,78750-83915
10575,78762
10576,78772-84714
10577,78799
10578,78808-96530
10579,78826
10580,78837
10581,78838
10582,78863-104125
10583,78864
10584,78866
10585,78875
10586,78904-101131
10587,78911
10588,78964-111950
10589,78972
10590,79038
10591,79127
10592,79157
10593,79179
10594,79189
10595,79193-90783
10596,79236
10597,79285-109109
10598,79302
10599,79335
10600,79352
10601,79358
10602,79365
10603,79383-79743-116525
10604,79397
10605,79498
10606,79500
10607,79506
10608,79509-80480
10609,79543-116091
10610,79577
10611,79603
10612,79606
10613,79623
10614,79636
10615,79654
10616,79674-112086
10617,79688-85158-88132-96969-103465
10618,79715
10619,79719-88097-108059-115067-116337
10620,79729
10621,79734-92850-95186
10622,79744-92938-97938-113870
10623,79756
10624,79772
10625,79778
10626,79782-115895
10627,79825-117442
10628,79835
10629,79859
10630,79877
10631,79904
10632,79926-87082-87938
10633,79928
10634,79951
10635,79960
10636,79992
10637,80012
10638,80021-114919
10639,80042
10640,80080
10641,80101
10642,80123-92833-109139
10643,80141
10644,80145
10645,80147
10646,80203-114085
10647,80251
10648,80268
10649,80277
10650,80283
10651,80287
10652,80315
10653,80331
10654,80343
10655,80349-115853-116723
10656,80383-116414
10657,80437
10658,80446-91388
10659,80456-88393
10660,80461-111971
10661,80487
10662,80500-101505-115577
10663,80507
10664,80516
10665,80532
10666,80567
10667,80572-104442
10668,80583
10669,80649
10670,80657
10671,80695
10672,80696
10673,80705
10674,80709
10675,80751-99525
10676,80765
10677,80777
10678,80778-92476
10679,80780
10680,80799-109609
10681,80814-89318-101718-115682-117269
10682,80870
10683,80884-88662-91578-93650-114946-116600
10684,80935-104567
10685,80937
10686,80957
10687,81003
10688,81011
10689,81065
10690,81087
10691,81096
10692,81136
10693,81171-115745
10694,81172
10695,81183-97115
10696,81218
10697,81221
10698,81245
10699,81248-87688
10700,81262
10701,81267
10702,81268
10703,81274-91790-105004
10704,81281-103889-116037-117614
10705,81289
10706,81307
10707,81315
10708,81319-115850
10709,81374
10710,81379
10711,81404
10712,81422-115217-116506-117422
10713,81462
10714,81538
10715,81578-86268
10716,81585
10717,81618-116000
10718,81626
10719,81629
10720,81632-91022
10721,81664
10722,81717
10723,81756-100572
10724,81776
10725,81785
10726,81787
10727,81809
10728,81812
10729,81824
10730,81845
10731,81868
10732,81877
10733,81892
10734,81899
10735,81957
10736,81969
10737,82012
10738,82047
10739,82048
10740,82077
10741,82086
10742,82111-82180-91233-92550-95865
10743,82127
10744,82159-115097-115677-115690-115928
10745,82184-94903
10746,82187
10747,82202
10748,82205
10749,82209
10750,82229
10751,82238
10752,82249-97386
10753,82283-85767-93335
10754,82285
10755,82315
10756,82341-83139-99439-116054
10757,82345
10758,82387
10759,82395
10760,82432
10761,82440-116998
10762,82451-85459-117332
10763,82479
10764,82484
10765,82493
10766,82504
10767,82543
10768,82551
10769,82556
10770,82608
10771,82618-103588
10772,82625
10773,82651
10774,82653
10775,82659
10776,82720
10777,82731
10778,82759
10779,82760
10780,82762-113400
10781,82779
10782,82800
10783,82808-94203
10784,82811
10785,82824-95538
10786,82844-84065-113072
10787,82846
10788,82850
10789,82905-109995-115394-115999-116358-116997
10790,82908-112795
10791,82922
10792,82941
10793,82947-107363
10794,82962-93574-104670
10795,82987
10796,83011
10797,83032
10798,83052
10799,83057-104744-110319
10800,83060
10801,83067
10802,83074
10803,83079
10804,83087-117523
10805,83112
10806,83115
10807,83131
10808,83141
10809,83146
10810,83205-111197-115389-115393
10811,83243
10812,83284
10813,83306-92234-109188
10814,83321-117709-117721-117725
10815,83325-110751
10816,83348
10817,83379
10818,83392
10819,83408
10820,83419
10821,83426
10822,83434
10823,83454-116247
10824,83457
10825,83490
10826,83511
10827,83544-112926
10828,83550-99482-114970-115113-115175-115177-115259-115286-115313-115361-115441-115480-115534-115547-115563-115623-115641-115646-116038-116257-116611-116655-116884-117029-117059-117155-117191-117285-117353-117425-117449-117482
10829,83564
10830,83583-113857
10831,83590
10832,83593
10833,83629-94555
10834,83636
10835,83639
10836,83654-90694-98106-115678-116075-116499-117600
10837,83656
10838,83667
10839,83676
10840,83685
10841,83698
10842,83722
10843,83738
10844,83751
10845,83770-97438-110569
10846,83777
10847,83784-92318
10848,83804-109606-116312
10849,83818
10850,83833-110664
10851,83840-112167-114186
10852,83855
10853,83960-99255
10854,83984-93313
10855,83993
10856,84041-97963
10857,84046
10858,84051-86977
10859,84055
10860,84101-93138
10861,84120
10862,84122-88419
10863,84145
10864,84162
10865,84164
10866,84176
10867,84181
10868,84193
10869,84200
10870,84203
10871,84213-86427
10872,84248
10873,84261
10874,84262
10875,84281
10876,84292
10877,84309-101243
10878,84320
10879,84335
10880,84339
10881,84342
10882,84351
10883,84441
10884,84442
10885,84467
10886,84503
10887,84542
10888,84568-106276-109330
10889,84571
10890,84593-96044
10891,84600
10892,84627
10893,84633
10894,84648
10895,84651
10896,84665-97108
10897,84677-104833
10898,84678
10899,84706
10900,84711-114167
10901,84712
10902,84797
10903,84800
10904,84811
10905,84863
10906,84875
10907,84902
10908,84918
10909,84944-116437
10910,84955
10911,84989-117524
10912,85033
10913,85040
10914,85060
10915,85081
10916,85110
10917,85121
10918,85128-108068-116984
10919,85132
10920,85164
10921,85216
10922,85222
10923,85239
10924,85246
10925,85274-89486
10926,85307
10927,85334
10928,85345
10929,85355
10930,85373
10931,85401
10932,85409
10933,85424
10934,85432
10935,85474-114984
10936,85483
10937,85494
10938,85528
10939,85540
10940,85556
10941,85595
10942,85740
10943,85765-96347
10944,85774-116413
10945,85802
10946,85811
10947,85827-91921
10948,85851
10949,85856-107004
10950,85863
10951,85897
10952,85908-100278
10953,85925-99407
10954,85953
10955,85970
10956,85977
10957,86006
10958,86017-90233
10959,86035
10960,86044
10961,86058
10962,86066-104113-116415
10963,86084
10964,86109-114389-116738
10965,86116
10966,86120
10967,86130-114948-115086-116522
10968,86137
10969,86177
10970,86195
10971,86196
10972,86203
10973,86282-115794-115902
10974,86313
10975,86320
10976,86330-106033-107565
10977,86347
10978,86348
10979,86357
10980,86368
10981,86385
10982,86393
10983,86402
10984,86419
10985,86434
10986,86485
10987,86542
10988,86594
10989,86611
10990,86628
10991,86648
10992,86662-87502-115122
10993,86665-95217
10994,86669
10995,86674
10996,86679
10997,86681
10998,86688
10999,86695
11000,86710
11001,86728
11002,86766
11003,86769-116118
11004,86775
11005,86778
11006,86785
11007,86824
11008,86834
11009,86843
11010,86847
11011,86863
11012,86870
11013,86917
11014,86991
11015,86993
11016,86997
11017,87030
11018,87044
11019,87061-100947
11020,87130
11021,87184
11022,87207
11023,87209
11024,87245
11025,87269
11026,87306-116617
11027,87312
11028,87318
11029,87375
11030,87379-90829
11031,87387-89103-113049
11032,87398
11033,87407
11034,87438
11035,87457
11036,87510
11037,87526-116191
11038,87535
11039,87546
11040,87549-88246-116976
11041,87561
11042,87573-96711
11043,87588
11044,87612-95196
11045,87614
11046,87627-105705
11047,87648
11048,87654
11049,87673
11050,87677
11051,87687-107896
11052,87697
11053,87699-101158
11054,87713
11055,87745
11056,87771
11057,87772-107910
11058,87788-98900
11059,87806
11060,87820-117338
11061,87831
11062,87833
11063,87884
11064,87890
11065,87893
11066,87894-116178
11067,87915
11068,87926
11069,87963
11070,88006-103259
11071,88022
11072,88050
11073,88052
11074,88067-99510
11075,88077
11076,88130
11077,88137-89647
11078,88140
11079,88145
11080,88174
11081,88184
11082,88211
11083,88215
11084,88226
11085,88237
11086,88256
11087,88281
11088,88301
11089,88325-115500-116026
11090,88394-94958-108072-115080-115511-117317
11091,88404
11092,88434
11093,88511-91696
11094,88535
11095,88561
11096,88577
11097,88583
11098,88606
11099,88609-101380-115038-115482-115688
11100,88643-93731-104994-105176-115110
11101,88674
11102,88762-98254
11103,88822-92618-95358-95488-96750-98972-111256-116914-117006-117064
11104,88825
11105,88840
11106,88844-91421-103331
11107,88854
11108,88865
11109,88869-117249
11110,88876-116286
11111,88898-115169-115299
11112,88919-98363
11113,88932
11114,88952
11115,89007
11116,89088
11117,89115
11118,89121
11119,89136-109152
11120,89178
11121,89198-99060-108337-109076
11122,89219
11123,89249-90113
11124,89291
11125,89309
11126,89339
11127,89365
11128,89408
11129,89433
11130,89462
11131,89495
11132,89505-103334
11133,89522
11134,89529
11135,89538
11136,89557
11137,89591
11138,89600
11139,89603
11140,89609-103069-107592
11141,89618
11142,89645
11143,89664
11144,89684-117159
11145,89687
11146,89690
11147,89705
11148,89717
11149,89729
11150,89747
11151,89749
11152,89790
11153,89797
11154,89822
11155,89835
11156,89844
11157,89870-97530
11158,89886
11159,89894
11160,89925
11161,90022
11162,90050
11163,90086
11164,90127-94775-97034-115478
11165,90144-117115
11166,90181
11167,90261
11168,90264
11169,90273-116915
11170,90287
11171,90297
11172,90335
11173,90355
11174,90369
11175,90404
11176,90427
11177,90462
11178,90472-95050-113190
11179,90483
11180,90505
11181,90529-116737
11182,90559-107013
11183,90616
11184,90626
11185,90639
11186,90645
11187,90651
11188,90658
11189,90663
11190,90664
11191,90699-116230
11192,90794-115101-117611
11193,90801
11194,90802
11195,90804
11196,90825
11197,90845
11198,90852-116918
11199,90869
11200,90895
11201,90908-110716
11202,90912
11203,90923
11204,90951
11205,90991
11206,91011-116019-117585
11207,91026-116078
11208,91028
11209,91091
11210,91107-113330-115227-116093
11211,91120
11212,91125
11213,91135
11214,91169
11215,91177
11216,91182
11217,91212
11218,91273
11219,91319-115427
11220,91328-117022
11221,91399
11222,91406
11223,91417-115043
11224,91457
11225,91475
11226,91510
11227,91519
11228,91521
11229,91533
11230,91535
11231,91551
11232,91555
11233,91577
11234,91638
11235,91661
11236,91673
11237,91685
11238,91686
11239,91689
11240,91704
11241,91805
11242,91808
11243,91825
11244,91831
11245,91839
11246,91845
11247,91886-116079
11248,91899
11249,91939
11250,91963
11251,91986
11252,92023-101630-117119
11253,92024
11254,92030-108456
11255,92040
11256,92050
11257,92082
11258,92096
11259,92121
11260,92132
11261,92147
11262,92181-113572
11263,92202
11264,92208
11265,92215
11266,92257-94770
11267,92268
11268,92315-111489-113345
11269,92340
11270,92342
11271,92344
11272,92350
11273,92359
11274,92365
11275,92375
11276,92382
11277,92384
11278,92387
11279,92397
11280,92400-116220
11281,92423
11282,92440
11283,92459
11284,92467-98680-105638
11285,92475
11286,92495-115536
11287,92527
11288,92581
11289,92596
11290,92636
11291,92647-94800-97713-106919-116740-117205
11292,92655
11293,92704
11294,92707
11295,92727
11296,92812
11297,92822
11298,92856
11299,92877
11300,92882
11301,92910
11302,92957
11303,92964
11304,92995-116409
11305,93020-97496
11306,93032
11307,93035
11308,93112
11309,93173
11310,93228-97376
11311,93235
11312,93243
11313,93269
11314,93282-98130
11315,93329
11316,93333-112691
11317,93339
11318,93366
11319,93370
11320,93377
11321,93390
11322,93396
11323,93403
11324,93419
11325,93443
11326,93444
11327,93477
11328,93505
11329,93519
11330,93532
11331,93542
11332,93567-104271-115037-115133-115843
11333,93589
11334,93624
11335,93662
11336,93688-109255-115145
11337,93710
11338,93754
11339,93771
11340,93811
11341,93888-116640
11342,93902
11343,93915
11344,93923
11345,93978
11346,94019-115253
11347,94044
11348,94055
11349,94067
11350,94089-117634
11351,94109
11352,94134
11353,94138
11354,94141
11355,94199
11356,94241
11357,94251
11358,94300
11359,94317
11360,94353
11361,94367
11362,94375
11363,94412-98072-115062
11364,94438
11365,94440-117200
11366,94457
11367,94459
11368,94466
11369,94492
11370,94503
11371,94513
11372,94533
11373,94538-97868
11374,94548-96249
11375,94593-116585-116631
11376,94603
11377,94608
11378,94612
11379,94623
11380,94646
11381,94649-115907
11382,94676
11383,94699
11384,94795-111923-115183-116899
11385,94805
11386,94836-100844-115370-117106
11387,94844
11388,94873
11389,94887
11390,94922
11391,94960
11392,94968
11393,94975
11394,94985
11395,95019
11396,95053
11397,95072
11398,95117
11399,95138
11400,95149
11401,95152
11402,95241
11403,95271-107389
11404,95279
11405,95301
11406,95305
11407,95314
11408,95319
11409,95326
11410,95374
11411,95381
11412,95396
11413,95400
11414,95402
11415,95435
11416,95437-101187
11417,95446
11418,95467
11419,95519-114281
11420,95523
11421,95542
11422,95553
11423,95563
11424,95596-108346
11425,95617
11426,95627
11427,95633
11428,95647
11429,95648
11430,95656
11431,95668-113742-115118
11432,95674
11433,95731
11434,95740
11435,95750
11436,95778
11437,95806
11438,95808-95998
11439,95810
11440,95816
11441,95824
11442,95837
11443,95862
11444,95887
11445,95921-115543-117375
11446,95931
11447,95973
11448,95984
11449,95987
11450,95989
11451,96025-108238
11452,96054-115994-116094-116758
11453,96103
11454,96129
11455,96135
11456,96155-111765
11457,96173
11458,96176
11459,96185
11460,96200
11461,96206
11462,96215
11463,96262
11464,96266
11465,96293
11466,96303
11467,96305-97597
11468,96314
11469,96355
11470,96367
11471,96374
11472,96378-115451
11473,96393-115431
11474,96408
11475,96416
11476,96430
11477,96433
11478,96518-97477-104563
11479,96544
11480,96569
11481,96702
11482,96744
11483,96753
11484,96782
11485,96802-97320
11486,96811
11487,96822
11488,96825
11489,96827
11490,96830
11491,96845
11492,96857
11493,96873
11494,96879
11495,96933
11496,96940
11497,96980-108856-110814-115816-116386-117225
11498,97017
11499,97023
11500,97024
11501,97051
11502,97058
11503,97064-100936-115695-116168-116533
11504,97095
11505,97097
11506,97099-103445-110527
11507,97102
11508,97113
11509,97123
11510,97136
11511,97148
11512,97151
11513,97158
11514,97171
11515,97198
11516,97209
11517,97228
11518,97240-117296
11519,97244
11520,97252
11521,97259
11522,97297
11523,97345
11524,97351
11525,97352-115663
11526,97369
11527,97385
11528,97399
11529,97445
11530,97467
11531,97501
11532,97510
11533,97522
11534,97528
11535,97552-115622
11536,97619
11537,97627
11538,97681
11539,97692
11540,97695
11541,97762
11542,97765-106925
11543,97843
11544,97856
11545,97876
11546,97880-107496-108522
11547,97882-101981
11548,97908
11549,97985
11550,97994
11551,97999
11552,98091
11553,98143
11554,98147-112741
11555,98152
11556,98174
11557,98179
11558,98190-105372-115528-117065
11559,98200
11560,98210-114782
11561,98215
11562,98231
11563,98247
11564,98265
11565,98322
11566,98329
11567,98335
11568,98338
11569,98369
11570,98403
11571,98422
11572,98463
11573,98516
11574,98521
11575,98542
11576,98545
11577,98551-117204
11578,98589
11579,98638
11580,98661
11581,98702
11582,98729-106387
11583,98776
11584,98824
11585,98830
11586,98846-112145-114780-116296-116682-116696-117160
11587,98879
11588,98891
11589,98903
11590,98909
11591,98947
11592,98951
11593,98962
11594,99082
11595,99087
11596,99109
11597,99140
11598,99181-103565-105493-115983
11599,99193
11600,99200
11601,99251-105345
11602,99253
11603,99267
11604,99272
11605,99274
11606,99288
11607,99306
11608,99308
11609,99329
11610,99330
11611,99347
11612,99403
11613,99461
11614,99481
11615,99499
11616,99504
11617,99517
11618,99522-108928
11619,99528
11620,99545
11621,99556
11622,99653-103462-115848-116001
11623,99657
11624,99663
11625,99679
11626,99707
11627,99714
11628,99730
11629,99732
11630,99741
11631,99766
11632,99776
11633,99810
11634,99839
11635,99841
11636,99933
11637,99941
11638,100121-116159
11639,100129-115240-116170
11640,100149
11641,100154
11642,100185
11643,100188
11644,100193
11645,100204
11646,100212
11647,100216
11648,100233
11649,100234
11650,100244
11651,100274
11652,100298
11653,100336
11654,100353-116393-116995
11655,100383
11656,100398
11657,100403-113783
11658,100412
11659,100441
11660,100501
11661,100503
11662,100517-115192
11663,100528
11664,100568-115154
11665,100577
11666,100599-116492
11667,100620
11668,100643
11669,100661-115141-115198-115498
11670,100690-115026
11671,100726
11672,100742
11673,100747
11674,100774
11675,100794
11676,100807-114973-117618
11677,100815
11678,100880
11679,100888-108109
11680,100895-117197
11681,100909-115127-116335
11682,100916
11683,100933
11684,100949
11685,100969
11686,100977
11687,101006
11688,101053
11689,101057
11690,101092-112638
11691,101099
11692,101111
11693,101114
11694,101124
11695,101129
11696,101176
11697,101198
11698,101229
11699,101245
11700,101256
11701,101298
11702,101310
11703,101382
11704,101426
11705,101449
11706,101457-115521
11707,101515
11708,101516
11709,101525
11710,101526
11711,101532
11712,101535
11713,101537
11714,101542
11715,101548
11716,101557
11717,101558
11718,101561-105483
11719,101562
11720,101573
11721,101582
11722,101591
11723,101599
11724,101600
11725,101647
11726,101654
11727,101699
11728,101746
11729,101786
11730,101789
11731,101791
11732,101799
11733,101821
11734,101830
11735,101855
11736,101893
11737,101956-115898-115958-116206-116324-116340-116396-117046
11738,102028
11739,102043
11740,102053-102269
11741,102077
11742,102087
11743,102089
11744,102103-112507
11745,102108
11746,102143-115117
11747,102186
11748,102228-117563
11749,102238-115864
11750,102308
11751,102318
11752,102341
11753,102372
11754,102374-110746
11755,102377
11756,102379
11757,102384
11758,102391
11759,102393
11760,102438
11761,102458
11762,102466
11763,102498
11764,102517
11765,102549
11766,102568
11767,102602
11768,102620
11769,102687
11770,102725
11771,102735
11772,102737
11773,102761
11774,102779
11775,102808
11776,102831
11777,102865
11778,102868
11779,102892-115800
11780,102920
11781,102931
11782,103000-107037
11783,103017-109909-115555-116373
11784,103020
11785,103024-109475
11786,103028
11787,103077
11788,103097
11789,103108-116262
11790,103114-117360
11791,103129-108584
11792,103211
11793,103221
11794,103285
11795,103302
11796,103327
11797,103329
11798,103351
11799,103357
11800,103399
11801,103426
11802,103431
11803,103434
11804,103447
11805,103450
11806,103456
11807,103472
11808,103482
11809,103492
11810,103515
11811,103518
11812,103535
11813,103563
11814,103591
11815,103593-116821
11816,103594
11817,103634
11818,103639
11819,103677
11820,103678
11821,103691
11822,103694
11823,103699
11824,103705-116529
11825,103717
11826,103757
11827,103800
11828,103817
11829,103818-104413
11830,103823
11831,103827
11832,103830-108745
11833,103861
11834,103884
11835,103898
11836,103906
11837,103911
11838,103913-117464
11839,103981
11840,103982
11841,103996-106152-115206
11842,104005
11843,104041
11844,104074-116232
11845,104081
11846,104126
11847,104193
11848,104206
11849,104220-117466-117558
11850,104242
11851,104250
11852,104264
11853,104289-107251-116381
11854,104299
11855,104313
11856,104332
11857,104351
11858,104363
11859,104369
11860,104370
11861,104382
11862,104424-117350-117570
11863,104427
11864,104453
11865,104466
11866,104480
11867,104494
11868,104498-115436
11869,104542-108800
11870,104554
11871,104565
11872,104592
11873,104626
11874,104668
11875,104742
11876,104758
11877,104768
11878,104799
11879,104808
11880,104818
11881,104837
11882,104845
11883,104904
11884,104918
11885,105008
11886,105022
11887,105049
11888,105066
11889,105079
11890,105112
11891,105145
11892,105179
11893,105246
11894,105260
11895,105268
11896,105284
11897,105291
11898,105305
11899,105316-116814-117122
11900,105327
11901,105335
11902,105351
11903,105354
11904,105359
11905,105368
11906,105381
11907,105389
11908,105391
11909,105393
11910,105418
11911,105448
11912,105479
11913,105499
11914,105520-117717-117718-117723
11915,105548
11916,105626
11917,105646
11918,105648
11919,105693
11920,105722
11921,105738-109904
11922,105748
11923,105768
11924,105798
11925,105825
11926,105846
11927,105862-109586
11928,105864-115365
11929,105879
11930,105892-116264
11931,105898
11932,105923
11933,105924
11934,105926
11935,105936
11936,105944
11937,105950
11938,105991
11939,106000
11940,106047
11941,106059
11942,106067
11943,106176
11944,106252
11945,106284-115065-116720
11946,106324
11947,106332
11948,106423
11949,106431-115507-116591
11950,106433
11951,106445
11952,106465-115418-116467-116890
11953,106477
11954,106484
11955,106544-113026-117372
11956,106557
11957,106585
11958,106634
11959,106652
11960,106654
11961,106657
11962,106683
11963,106685-115120
11964,106720
11965,106728
11966,106742
11967,106751-114960
11968,106754
11969,106756
11970,106775
11971,106865
11972,106874
11973,106880-110448-111336-113988
11974,106882
11975,106884
11976,106898
11977,106927
11978,106955
11979,106981
11980,107015
11981,107038
11982,107102
11983,107124-115940
11984,107136
11985,107176
11986,107178
11987,107214
11988,107235
11989,107272
11990,107287
11991,107294
11992,107308
11993,107343
11994,107349
11995,107353
11996,107373
11997,107394
11998,107398
11999,107411
12000,107461
12001,107464-117083
12002,107478
12003,107538
12004,107613
12005,107633
12006,107639-115303
12007,107664
12008,107681-116534-116652
12009,107705
12010,107794
12011,107828
12012,107831
12013,107835
12014,107873-112642
12015,107893
12016,107934
12017,107992-115173-117357
12018,107999
12019,108006-113548
12020,108020
12021,108038
12022,108075
12023,108093
12024,108112
12025,108124
12026,108137
12027,108155
12028,108176
12029,108213
12030,108223-111021
12031,108266
12032,108271
12033,108283
12034,108297
12035,108324
12036,108332
12037,108343
12038,108344
12039,108353
12040,108422
12041,108476
12042,108488
12043,108493
12044,108501
12045,108539
12046,108669
12047,108708-115052
12048,108719
12049,108746-117460
12050,108754
12051,108763
12052,108765
12053,108805
12054,108808
12055,108847
12056,108848
12057,108925
12058,108939
12059,108977
12060,108989-117259
12061,108997
12062,109021
12063,109028
12064,109039-115255-116695
12065,109078
12066,109083
12067,109115
12068,109122
12069,109129-117087
12070,109324-115446
12071,109333
12072,109337
12073,109362
12074,109391
12075,109394
12076,109398
12077,109419-115142
12078,109453
12079,109469-115376-116304
12080,109494
12081,109520
12082,109538
12083,109575
12084,109597
12085,109627
12086,109675
12087,109728
12088,109765
12089,109795-116408
12090,109881
12091,109883
12092,109932
12093,109935
12094,109949
12095,110002
12096,110007
12097,110029
12098,110033
12099,110040
12100,110118
12101,110195
12102,110209
12103,110213
12104,110238-115403
12105,110274-114009-115088-116212
12106,110276
12107,110281
12108,110287
12109,110289
12110,110300
12111,110308
12112,110348
12113,110396
12114,110423
12115,110454-116604
12116,110462
12117,110491
12118,110497-116808
12119,110528
12120,110604
12121,110637
12122,110689
12123,110690
12124,110699
12125,110722
12126,110730
12127,110760
12128,110770
12129,110782
12130,110876
12131,110878
12132,110890
12133,110901
12134,110941
12135,110958
12136,110965
12137,111000
12138,111015
12139,111017
12140,111038
12141,111055
12142,111083
12143,111091
12144,111142
12145,111170
12146,111208
12147,111221
12148,111305
12149,111340
12150,111346
12151,111355
12152,111423
12153,111427
12154,111429
12155,111430
12156,111479
12157,111484
12158,111567
12159,111604
12160,111657
12161,111660
12162,111730
12163,111760
12164,111767
12165,111772
12166,111834
12167,111840
12168,111887-116724
12169,111889
12170,111897
12171,111911
12172,111916
12173,111966-115304-116999
12174,112005
12175,112018
12176,112065
12177,112069
12178,112073
12179,112081
12180,112092
12181,112132
12182,112134-114627-117607
12183,112138
12184,112155
12185,112168
12186,112186
12187,112208-116692-117152
12188,112241
12189,112265
12190,112366
12191,112386
12192,112401
12193,112410
12194,112417
12195,112419
12196,112425
12197,112455
12198,112480
12199,112487
12200,112517
12201,112549
12202,112571
12203,112607
12204,112610
12205,112629
12206,112649
12207,112662
12208,112666
12209,112792
12210,112877
12211,112884
12212,112899
12213,112918
12214,112940
12215,112998
12216,113009
12217,113013
12218,113023
12219,113033-116741
12220,113115
12221,113145
12222,113213
12223,113214
12224,113227
12225,113228
12226,113240
12227,113247
12228,113258
12229,113286
12230,113298
12231,113311
12232,113316
12233,113339
12234,113360
12235,113377
12236,113381-117294
12237,113393
12238,113404
12239,113428
12240,113440
12241,113446
12242,113460
12243,113487
12244,113502
12245,113509
12246,113547
12247,113610
12248,113613
12249,113644
12250,113680
12251,113711-116176
12252,113726-115123-115792-117108
12253,113730
12254,113749
12255,113800
12256,113809
12257,113812
12258,113827
12259,113837
12260,113841
12261,113853
12262,113854
12263,113859-117587
12264,113868
12265,113887
12266,113888
12267,113984
12268,114023
12269,114024
12270,114109
12271,114165
12272,114179
12273,114216
12274,114220
12275,114260
12276,114313-115686
12277,114315
12278,114316
12279,114373
12280,114455
12281,114479
12282,114486
12283,114524-116946
12284,114545
12285,114565
12286,114574
12287,114720
12288,114727
12289,114810
12290,114848
12291,114906
12292,114910
12293,114913
12294,114915
12295,114921
12296,114923
12297,114926
12298,114931
12299,114938
12300,114941
12301,114943-117579
12302,114945-114985-114997-115335-115915-115929-116813-117451-117651-117685
12303,114947
12304,114951
12305,114953
12306,114955-116147
12307,114959
12308,114963
12309,114964-115340
12310,114967
12311,114969
12312,114971
12313,114975
12314,114976
12315,114979
12316,114983
12317,114989
12318,114993
12319,114995-115369
12320,114999
12321,115001
12322,115003-117577
12323,115005
12324,115007-116923
12325,115012
12326,115014
12327,115017
12328,115019
12329,115021
12330,115023
12331,115039
12332,115041-116541
12333,115047
12334,115049-116587
12335,115057-115501-115995-116027-117171
12336,115066-115218-115765-117660-117671
12337,115069
12338,115071
12339,115073
12340,115075
12341,115077
12342,115082
12343,115085
12344,115091
12345,115093
12346,115095
12347,115099-115937
12348,115103
12349,115104
12350,115107
12351,115108
12352,115111
12353,115112
12354,115115
12355,115119
12356,115125
12357,115131-115249
12358,115135-115917
12359,115137
12360,115138
12361,115143
12362,115146
12363,115148
12364,115151
12365,115155
12366,115159
12367,115161
12368,115165
12369,115167
12370,115168-115298
12371,115171
12372,115174
12373,115176
12374,115180
12375,115182-116898
12376,115185
12377,115186
12378,115189
12379,115191
12380,115203
12381,115205
12382,115211
12383,115213
12384,115214
12385,115223
12386,115225
12387,115228
12388,115232
12389,115235
12390,115236
12391,115239
12392,115241-116171
12393,115251
12394,115254
12395,115257
12396,115258
12397,115261
12398,115263
12399,115265
12400,115267
12401,115271
12402,115273-115751-115943
12403,115278
12404,115281
12405,115283
12406,115284
12407,115287
12408,115291
12409,115293
12410,115308-115330-116842
12411,115312-115905
12412,115315
12413,115319
12414,115321
12415,115327
12416,115329-117475
12417,115333-117688
12418,115337
12419,115339
12420,115343
12421,115349
12422,115355
12423,115359
12424,115360
12425,115364
12426,115367
12427,115375
12428,115377-116305
12429,115380
12430,115383
12431,115385
12432,115387
12433,115397
12434,115402
12435,115413
12436,115414
12437,115423
12438,115425
12439,115428
12440,115437
12441,115438
12442,115440
12443,115449
12444,115450
12445,115455
12446,115457-115971
12447,115458
12448,115464
12449,115467
12450,115469
12451,115470
12452,115474
12453,115477
12454,115479
12455,115481
12456,115483
12457,115484-117683
12458,115487
12459,115489-116993
12460,115497
12461,115504
12462,115506
12463,115515
12464,115518
12465,115535
12466,115539
12467,115540-116464
12468,115545-115779
12469,115546
12470,115551
12471,115553
12472,115558-116028
12473,115561
12474,115562
12475,115568-116254
12476,115573-117645
12477,115576
12478,115579
12479,115581-116819
12480,115583
12481,115588-116278
12482,115593
12483,115598
12484,115601-115701-116565
12485,115605
12486,115607
12487,115614
12488,115616
12489,115619
12490,115621
12491,115625
12492,115629
12493,115630
12494,115633
12495,115637
12496,115638-116513
12497,115640
12498,115645
12499,115647
12500,115649
12501,115651
12502,115653
12503,115655
12504,115657
12505,115659-117511
12506,115665
12507,115667
12508,115669
12509,115671
12510,115673
12511,115675
12512,115689-117654
12513,115693
12514,115697-117647
12515,115699
12516,115705
12517,115707
12518,115709
12519,115714
12520,115716
12521,115719
12522,115723
12523,115724
12524,115729
12525,115736-115802
12526,115739
12527,115740
12528,115742
12529,115747
12530,115749-115858
12531,115753-116227
12532,115757
12533,115759
12534,115763
12535,115766
12536,115769
12537,115771
12538,115775
12539,115781
12540,115783
12541,115787
12542,115790
12543,115807
12544,115812
12545,115815
12546,115817
12547,115820-117680
12548,115823
12549,115825
12550,115828
12551,115833
12552,115835
12553,115839-116791
12554,115840
12555,115845
12556,115851-116876
12557,115857
12558,115871
12559,115872
12560,115877
12561,115879
12562,115881
12563,115886
12564,115889-117664
12565,115890
12566,115893
12567,115899
12568,115900
12569,115911
12570,115920
12571,115923-117625
12572,115924
12573,115930
12574,115934
12575,115945-116183
12576,115946
12577,115951
12578,115953
12579,115955
12580,115957
12581,115959
12582,115961
12583,115962-117662
12584,115967
12585,115969
12586,115973
12587,115974
12588,115976-116418
12589,115980-116222-116442
12590,115986
12591,115988-116362-116658
12592,115990-116772-117694
12593,115993
12594,116004
12595,116006
12596,116009
12597,116013
12598,116015
12599,116017
12600,116021
12601,116023
12602,116025
12603,116033
12604,116035
12605,116039
12606,116040
12607,116045
12608,116047
12609,116050
12610,116053-116479
12611,116056
12612,116061
12613,116063
12614,116067
12615,116069
12616,116071-116475
12617,116073
12618,116076-116782
12619,116081-116245
12620,116083-117655
12621,116087-117686
12622,116089
12623,116097
12624,116099
12625,116101
12626,116103-116732
12627,116105
12628,116106
12629,116108-117668
12630,116111
12631,116113
12632,116115
12633,116117-116249
12634,116121
12635,116123
12636,116125
12637,116127
12638,116129
12639,116130-116196
12640,116134
12641,116140-116866
12642,116153
12643,116157
12644,116169
12645,116172
12646,116174
12647,116185
12648,116193
12649,116195
12650,116199
12651,116201
12652,116202
12653,116205
12654,116207
12655,116215
12656,116219
12657,116229
12658,116231
12659,116235
12660,116237-116829
12661,116239
12662,116241
12663,116253
12664,116256
12665,116259-117659
12666,116265
12667,116269
12668,116275
12669,116277
12670,116280-116594-117505
12671,116283
12672,116287
12673,116289
12674,116291-117175
12675,116293-116471
12676,116299
12677,116300
12678,116303
12679,116307
12680,116309
12681,116310
12682,116315
12683,116317
12684,116319
12685,116321
12686,116325
12687,116327
12688,116330
12689,116332
12690,116336-117672-117674
12691,116343
12692,116347
12693,116348
12694,116355
12695,116357
12696,116367
12697,116369
12698,116375
12699,116377
12700,116378
12701,116380
12702,116382
12703,116384
12704,116390
12705,116392-116994
12706,116400
12707,116406
12708,116417
12709,116423-117287
12710,116427
12711,116430
12712,116432
12713,116435
12714,116441
12715,116447
12716,116451
12717,116455
12718,116463
12719,116469
12720,116473-117047
12721,116483
12722,116484-117696
12723,116486
12724,116490
12725,116497
12726,116505
12727,116509-117053
12728,116517-117293
12729,116518
12730,116523-116811
12731,116527
12732,116530
12733,116535-116653
12734,116545-117473
12735,116549-117497
12736,116552
12737,116555-116941-117583
12738,116557
12739,116559
12740,116561-117273
12741,116563
12742,116567
12743,116569
12744,116570
12745,116574
12746,116581
12747,116583
12748,116588
12749,116590
12750,116597-117291
12751,116599
12752,116609
12753,116610
12754,116613
12755,116628
12756,116633
12757,116637
12758,116643
12759,116645
12760,116649
12761,116651
12762,116654
12763,116661
12764,116663
12765,116665
12766,116668
12767,116670
12768,116677
12769,116679
12770,116681-117631
12771,116683
12772,116685
12773,116694
12774,116697
12775,116699
12776,116709
12777,116713
12778,116717
12779,116721
12780,116726-117260-117548
12781,116743
12782,116745
12783,116746
12784,116751
12785,116753
12786,116755
12787,116756-116860
12788,116760
12789,116763
12790,116764
12791,116766
12792,116769
12793,116771
12794,116774
12795,116777
12796,116778
12797,116781
12798,116785
12799,116787
12800,116788-117656
12801,116795
12802,116802
12803,116806
12804,116809
12805,116817
12806,116820-117678
12807,116824
12808,116826
12809,116837
12810,116844-117522
12811,116849-117003
12812,116851
12813,116865
12814,116881-117690
12815,116883-117507
12816,116885
12817,116889
12818,116892
12819,116895
12820,116897
12821,116900
12822,116904
12823,116908
12824,116911
12825,116925
12826,116927
12827,116929
12828,116938
12829,116953
12830,116963-117652
12831,116967
12832,116969
12833,116970
12834,116974
12835,116977
12836,116979
12837,116981
12838,116987
12839,116989
12840,116991
12841,117005
12842,117011
12843,117013
12844,117017
12845,117021
12846,117023
12847,117025
12848,117028
12849,117033
12850,117035
12851,117036
12852,117039
12853,117043
12854,117045
12855,117049
12856,117050
12857,117058
12858,117060
12859,117063-117395
12860,117073
12861,117075
12862,117082
12863,117085
12864,117092
12865,117097
12866,117099
12867,117103
12868,117111-117649-117693
12869,117113
12870,117116
12871,117121
12872,117127
12873,117135
12874,117139
12875,117142
12876,117145
12877,117146
12878,117153
12879,117154
12880,117156
12881,117164
12882,117167
12883,117168
12884,117177
12885,117180
12886,117183
12887,117185-117301
12888,117187
12889,117190
12890,117195
12891,117207-117666
12892,117209
12893,117211-117229
12894,117213
12895,117217
12896,117219
12897,117221
12898,117222
12899,117231
12900,117234
12901,117243
12902,117258
12903,117267
12904,117279
12905,117281
12906,117299
12907,117303
12908,117307
12909,117313-117704-117706-117708-117710-117714-117716-117722-117724
12910,117314
12911,117319
12912,117325
12913,117328
12914,117331
12915,117334
12916,117337
12917,117340
12918,117344
12919,117346
12920,117349
12921,117351
12922,117352
12923,117358
12924,117363
12925,117364
12926,117369
12927,117377
12928,117381
12929,117389
12930,117391
12931,117397
12932,117399
12933,117406
12934,117409
12935,117415
12936,117416
12937,117420
12938,117424
12939,117428
12940,117433
12941,117435
12942,117441
12943,117447
12944,117448
12945,117453
12946,117455
12947,117459
12948,117463
12949,117471
12950,117479
12951,117481
12952,117483
12953,117486
12954,117489
12955,117498
12956,117503
12957,117509
12958,117529
12959,117530
12960,117533
12961,117535
12962,117537
12963,117544
12964,117547
12965,117551
12966,117554
12967,117557
12968,117561
12969,117562
12970,117565
12971,117571
12972,117573
12973,117581
12974,117588
12975,117605
12976,117608
12977,117613
12978,117622
12979,117623
12980,117628
12981,117639
12982,117641
12983,117644
12984,117646
12985,117648
12986,117650
12987,117653
12988,117657-117699
12989,117658
12990,117661
12991,117663
12992,117665
12993,117667
12994,117669
12995,117670
12996,117673
12997,117675
12998,117676
12999,117677
13000,117679
13001,117681
13002,117682
13003,117684
13004,117687
13005,117689
13006,117691
13007,117692
13008,117695
13009,117697
13010,117698-117700
13011,117701
