id,type,lease_fee_basis,lease_fee_base_sat,channel_fee_max_proportional_thousandths,channel_fee_max_base_msat,funding_weight,funding_feerate_perkw,lease_threshold,available_funds,min_their_funding,max_their_funding,per_channel_min,per_channel_max
0,LND,,,,,,,,,,,,
1,LND,,,,,,,,,,,,
2,LND,,,,,,,,,,,,
3,LND,,,,,,,,,,,,
4,LND,,,,,,,,,,,,
5,LND,,,,,,,,,,,,
6,LND,,,,,,,,,,,,
7,CLN,58,1722,111,52582,611,2549,0.91,9950246,100,10000000,100,10000000
8,LND,,,,,,,,,,,,
9,LND,,,,,,,,,,,,
10,LND,,,,,,,,,,,,
11,LND,,,,,,,,,,,,
12,LND,,,,,,,,,,,,
13,LND,,,,,,,,,,,,
14,LND,,,,,,,,,,,,
15,LND,,,,,,,,,,,,
16,LND,,,,,,,,,,,,
17,LND,,,,,,,,,,,,
18,LND,,,,,,,,,,,,
19,LND,,,,,,,,,,,,
20,CLN,68,2049,97,43128,739,2020,0.65,5960519,100,10000000,100,10000000
21,LND,,,,,,,,,,,,
22,LND,,,,,,,,,,,,
23,LND,,,,,,,,,,,,
24,LND,,,,,,,,,,,,
25,LND,,,,,,,,,,,,
26,CLN,56,1910,95,52719,582,2728,0.6,9390858,100,10000000,100,10000000
27,LND,,,,,,,,,,,,
28,LND,,,,,,,,,,,,
29,LND,,,,,,,,,,,,
30,LND,,,,,,,,,,,,
31,LND,,,,,,,,,,,,
32,LND,,,,,,,,,,,,
33,LND,,,,,,,,,,,,
34,LND,,,,,,,,,,,,
35,CLN,66,2026,90,51222,629,2876,0.84,4569302,100,10000000,100,10000000
36,LND,,,,,,,,,,,,
37,LND,,,,,,,,,,,,
38,LND,,,,,,,,,,,,
39,LND,,,,,,,,,,,,
40,LND,,,,,,,,,,,,
41,LND,,,,,,,,,,,,
42,LND,,,,,,,,,,,,
43,LND,,,,,,,,,,,,
44,LND,,,,,,,,,,,,
45,LND,,,,,,,,,,,,
46,LND,,,,,,,,,,,,
47,LND,,,,,,,,,,,,
48,LND,,,,,,,,,,,,
49,LND,,,,,,,,,,,,
50,LND,,,,,,,,,,,,
51,LND,,,,,,,,,,,,
52,LND,,,,,,,,,,,,
53,LND,,,,,,,,,,,,
54,LND,,,,,,,,,,,,
55,LND,,,,,,,,,,,,
56,CLN,61,1657,85,45316,639,2775,0.95,5759923,100,10000000,100,10000000
57,LND,,,,,,,,,,,,
58,LND,,,,,,,,,,,,
59,LND,,,,,,,,,,,,
60,CLN,68,1613,93,57234,726,2654,0.96,8660035,100,10000000,100,10000000
61,LND,,,,,,,,,,,,
62,LND,,,,,,,,,,,,
63,LND,,,,,,,,,,,,
64,LND,,,,,,,,,,,,
65,LND,,,,,,,,,,,,
66,LND,,,,,,,,,,,,
67,LND,,,,,,,,,,,,
68,LND,,,,,,,,,,,,
69,LND,,,,,,,,,,,,
70,LND,,,,,,,,,,,,
71,LND,,,,,,,,,,,,
72,LND,,,,,,,,,,,,
73,LND,,,,,,,,,,,,
74,LND,,,,,,,,,,,,
75,LND,,,,,,,,,,,,
76,LND,,,,,,,,,,,,
77,LND,,,,,,,,,,,,
78,LND,,,,,,,,,,,,
79,LND,,,,,,,,,,,,
80,LND,,,,,,,,,,,,
81,LND,,,,,,,,,,,,
82,LND,,,,,,,,,,,,
83,LND,,,,,,,,,,,,
84,LND,,,,,,,,,,,,
85,LND,,,,,,,,,,,,
86,LND,,,,,,,,,,,,
87,CLN,66,1950,104,59503,663,2874,1.0,9826023,100,10000000,100,10000000
88,LND,,,,,,,,,,,,
89,LND,,,,,,,,,,,,
90,LND,,,,,,,,,,,,
91,LND,,,,,,,,,,,,
92,LND,,,,,,,,,,,,
93,LND,,,,,,,,,,,,
94,LND,,,,,,,,,,,,
95,LND,,,,,,,,,,,,
96,LND,,,,,,,,,,,,
97,LND,,,,,,,,,,,,
98,LND,,,,,,,,,,,,
99,LND,,,,,,,,,,,,
100,LND,,,,,,,,,,,,
101,LND,,,,,,,,,,,,
102,LND,,,,,,,,,,,,
103,LND,,,,,,,,,,,,
104,LND,,,,,,,,,,,,
105,LND,,,,,,,,,,,,
106,LND,,,,,,,,,,,,
107,LND,,,,,,,,,,,,
108,LND,,,,,,,,,,,,
109,LND,,,,,,,,,,,,
110,LND,,,,,,,,,,,,
111,LND,,,,,,,,,,,,
112,LND,,,,,,,,,,,,
113,LND,,,,,,,,,,,,
114,LND,,,,,,,,,,,,
115,LND,,,,,,,,,,,,
116,LND,,,,,,,,,,,,
117,LND,,,,,,,,,,,,
118,LND,,,,,,,,,,,,
119,LND,,,,,,,,,,,,
120,LND,,,,,,,,,,,,
121,LND,,,,,,,,,,,,
122,LND,,,,,,,,,,,,
123,CLN,62,1990,118,42846,681,2603,0.69,307160,100,10000000,100,10000000
124,LND,,,,,,,,,,,,
125,LND,,,,,,,,,,,,
126,LND,,,,,,,,,,,,
127,LND,,,,,,,,,,,,
128,LND,,,,,,,,,,,,
129,LND,,,,,,,,,,,,
130,LND,,,,,,,,,,,,
131,LND,,,,,,,,,,,,
132,CLN,61,2208,92,50160,681,2878,0.93,3085583,100,10000000,100,10000000
133,LND,,,,,,,,,,,,
134,CLN,75,2231,102,42900,643,2812,0.83,7936026,100,10000000,100,10000000
135,LND,,,,,,,,,,,,
136,LND,,,,,,,,,,,,
137,LND,,,,,,,,,,,,
138,LND,,,,,,,,,,,,
139,LND,,,,,,,,,,,,
140,CLN,68,1617,90,56057,755,2857,0.83,1027878,100,10000000,100,10000000
141,LND,,,,,,,,,,,,
142,LND,,,,,,,,,,,,
143,LND,,,,,,,,,,,,
144,LND,,,,,,,,,,,,
145,LND,,,,,,,,,,,,
146,LND,,,,,,,,,,,,
147,LND,,,,,,,,,,,,
148,LND,,,,,,,,,,,,
149,LND,,,,,,,,,,,,
150,CLN,61,2449,95,56097,738,2537,0.66,1410038,100,10000000,100,10000000
151,LND,,,,,,,,,,,,
152,LND,,,,,,,,,,,,
153,LND,,,,,,,,,,,,
154,LND,,,,,,,,,,,,
155,CLN,64,1646,117,55867,702,2649,0.72,8137605,100,10000000,100,10000000
156,LND,,,,,,,,,,,,
157,LND,,,,,,,,,,,,
158,LND,,,,,,,,,,,,
159,LND,,,,,,,,,,,,
160,LND,,,,,,,,,,,,
161,LND,,,,,,,,,,,,
162,LND,,,,,,,,,,,,
163,LND,,,,,,,,,,,,
164,LND,,,,,,,,,,,,
165,LND,,,,,,,,,,,,
166,LND,,,,,,,,,,,,
167,LND,,,,,,,,,,,,
168,LND,,,,,,,,,,,,
169,LND,,,,,,,,,,,,
170,LND,,,,,,,,,,,,
171,LND,,,,,,,,,,,,
172,LND,,,,,,,,,,,,
173,LND,,,,,,,,,,,,
174,LND,,,,,,,,,,,,
175,LND,,,,,,,,,,,,
176,LND,,,,,,,,,,,,
177,LND,,,,,,,,,,,,
178,LND,,,,,,,,,,,,
179,LND,,,,,,,,,,,,
180,LND,,,,,,,,,,,,
181,LND,,,,,,,,,,,,
182,LND,,,,,,,,,,,,
183,LND,,,,,,,,,,,,
184,LND,,,,,,,,,,,,
185,LND,,,,,,,,,,,,
186,LND,,,,,,,,,,,,
187,CLN,63,2208,115,44268,672,2893,0.85,8298511,100,10000000,100,10000000
188,LND,,,,,,,,,,,,
189,LND,,,,,,,,,,,,
190,LND,,,,,,,,,,,,
191,LND,,,,,,,,,,,,
192,LND,,,,,,,,,,,,
193,CLN,65,1896,88,52366,583,2161,0.92,9918220,100,10000000,100,10000000
194,LND,,,,,,,,,,,,
195,LND,,,,,,,,,,,,
196,LND,,,,,,,,,,,,
197,LND,,,,,,,,,,,,
198,LND,,,,,,,,,,,,
199,LND,,,,,,,,,,,,
200,LND,,,,,,,,,,,,
201,LND,,,,,,,,,,,,
202,CLN,68,2213,83,45484,604,2408,0.99,2294921,100,10000000,100,10000000
203,LND,,,,,,,,,,,,
204,LND,,,,,,,,,,,,
205,LND,,,,,,,,,,,,
206,LND,,,,,,,,,,,,
207,LND,,,,,,,,,,,,
208,LND,,,,,,,,,,,,
209,CLN,60,2064,83,42123,720,2671,0.69,9810405,100,10000000,100,10000000
210,LND,,,,,,,,,,,,
211,LND,,,,,,,,,,,,
212,LND,,,,,,,,,,,,
213,CLN,64,1892,86,54712,701,2229,0.84,7801617,100,10000000,100,10000000
214,LND,,,,,,,,,,,,
215,LND,,,,,,,,,,,,
216,LND,,,,,,,,,,,,
217,LND,,,,,,,,,,,,
218,CLN,55,2221,120,48723,663,2117,0.97,3795037,100,10000000,100,10000000
219,LND,,,,,,,,,,,,
220,LND,,,,,,,,,,,,
221,CLN,56,1878,99,51175,721,2125,0.78,5852228,100,10000000,100,10000000
222,LND,,,,,,,,,,,,
223,LND,,,,,,,,,,,,
224,LND,,,,,,,,,,,,
225,LND,,,,,,,,,,,,
226,LND,,,,,,,,,,,,
227,LND,,,,,,,,,,,,
228,LND,,,,,,,,,,,,
229,CLN,56,2024,120,58968,648,2615,0.92,9172128,100,10000000,100,10000000
230,LND,,,,,,,,,,,,
231,LND,,,,,,,,,,,,
232,LND,,,,,,,,,,,,
233,LND,,,,,,,,,,,,
234,LND,,,,,,,,,,,,
235,LND,,,,,,,,,,,,
236,LND,,,,,,,,,,,,
237,LND,,,,,,,,,,,,
238,LND,,,,,,,,,,,,
239,LND,,,,,,,,,,,,
240,LND,,,,,,,,,,,,
241,CLN,56,1581,116,55387,591,2757,0.96,3019892,100,10000000,100,10000000
242,LND,,,,,,,,,,,,
243,LND,,,,,,,,,,,,
244,LND,,,,,,,,,,,,
245,LND,,,,,,,,,,,,
246,LND,,,,,,,,,,,,
247,LND,,,,,,,,,,,,
248,LND,,,,,,,,,,,,
249,LND,,,,,,,,,,,,
250,LND,,,,,,,,,,,,
251,LND,,,,,,,,,,,,
252,LND,,,,,,,,,,,,
253,CLN,57,1847,100,59135,707,2248,0.61,1997050,100,10000000,100,10000000
254,LND,,,,,,,,,,,,
255,LND,,,,,,,,,,,,
256,CLN,74,2100,110,54534,630,2218,0.89,3291129,100,10000000,100,10000000
257,CLN,60,1562,98,44783,663,2993,0.61,7560640,100,10000000,100,10000000
258,LND,,,,,,,,,,,,
259,LND,,,,,,,,,,,,
260,LND,,,,,,,,,,,,
261,LND,,,,,,,,,,,,
262,LND,,,,,,,,,,,,
263,LND,,,,,,,,,,,,
264,LND,,,,,,,,,,,,
265,LND,,,,,,,,,,,,
266,LND,,,,,,,,,,,,
267,LND,,,,,,,,,,,,
268,LND,,,,,,,,,,,,
269,LND,,,,,,,,,,,,
270,LND,,,,,,,,,,,,
271,LND,,,,,,,,,,,,
272,LND,,,,,,,,,,,,
273,LND,,,,,,,,,,,,
274,LND,,,,,,,,,,,,
275,LND,,,,,,,,,,,,
276,CLN,58,1971,115,59324,610,2415,0.71,615237,100,10000000,100,10000000
277,LND,,,,,,,,,,,,
278,LND,,,,,,,,,,,,
279,LND,,,,,,,,,,,,
280,LND,,,,,,,,,,,,
281,LND,,,,,,,,,,,,
282,LND,,,,,,,,,,,,
283,LND,,,,,,,,,,,,
284,LND,,,,,,,,,,,,
285,LND,,,,,,,,,,,,
286,LND,,,,,,,,,,,,
287,LND,,,,,,,,,,,,
288,LND,,,,,,,,,,,,
289,CLN,70,1749,114,44627,622,2211,0.89,306538,100,10000000,100,10000000
290,LND,,,,,,,,,,,,
291,CLN,71,2268,89,42776,685,2326,0.93,5088435,100,10000000,100,10000000
292,LND,,,,,,,,,,,,
293,CLN,66,2360,108,42775,614,2002,0.77,234265,100,10000000,100,10000000
294,LND,,,,,,,,,,,,
295,LND,,,,,,,,,,,,
296,LND,,,,,,,,,,,,
297,LND,,,,,,,,,,,,
298,CLN,63,1760,106,44054,716,2195,0.88,3237660,100,10000000,100,10000000
299,LND,,,,,,,,,,,,
300,LND,,,,,,,,,,,,
301,LND,,,,,,,,,,,,
302,LND,,,,,,,,,,,,
303,LND,,,,,,,,,,,,
304,LND,,,,,,,,,,,,
305,LND,,,,,,,,,,,,
306,CLN,74,1751,85,57906,619,2896,0.91,2858065,100,10000000,100,10000000
307,LND,,,,,,,,,,,,
308,LND,,,,,,,,,,,,
309,LND,,,,,,,,,,,,
310,LND,,,,,,,,,,,,
311,CLN,61,1943,101,50493,674,2723,0.7,7422713,100,10000000,100,10000000
312,LND,,,,,,,,,,,,
313,LND,,,,,,,,,,,,
314,LND,,,,,,,,,,,,
315,LND,,,,,,,,,,,,
316,LND,,,,,,,,,,,,
317,LND,,,,,,,,,,,,
318,LND,,,,,,,,,,,,
319,LND,,,,,,,,,,,,
320,LND,,,,,,,,,,,,
321,LND,,,,,,,,,,,,
322,LND,,,,,,,,,,,,
323,LND,,,,,,,,,,,,
324,LND,,,,,,,,,,,,
325,LND,,,,,,,,,,,,
326,LND,,,,,,,,,,,,
327,LND,,,,,,,,,,,,
328,LND,,,,,,,,,,,,
329,LND,,,,,,,,,,,,
330,LND,,,,,,,,,,,,
331,LND,,,,,,,,,,,,
332,LND,,,,,,,,,,,,
333,LND,,,,,,,,,,,,
334,LND,,,,,,,,,,,,
335,LND,,,,,,,,,,,,
336,LND,,,,,,,,,,,,
337,LND,,,,,,,,,,,,
338,LND,,,,,,,,,,,,
339,LND,,,,,,,,,,,,
340,LND,,,,,,,,,,,,
341,LND,,,,,,,,,,,,
342,LND,,,,,,,,,,,,
343,LND,,,,,,,,,,,,
344,LND,,,,,,,,,,,,
345,LND,,,,,,,,,,,,
346,LND,,,,,,,,,,,,
347,LND,,,,,,,,,,,,
348,LND,,,,,,,,,,,,
349,LND,,,,,,,,,,,,
350,LND,,,,,,,,,,,,
351,LND,,,,,,,,,,,,
352,CLN,64,2372,115,45086,636,2524,0.88,2992667,100,10000000,100,10000000
353,LND,,,,,,,,,,,,
354,LND,,,,,,,,,,,,
355,LND,,,,,,,,,,,,
356,LND,,,,,,,,,,,,
357,LND,,,,,,,,,,,,
358,LND,,,,,,,,,,,,
359,LND,,,,,,,,,,,,
360,LND,,,,,,,,,,,,
361,LND,,,,,,,,,,,,
362,LND,,,,,,,,,,,,
363,CLN,67,1868,84,49496,753,2642,0.84,105879,100,10000000,100,10000000
364,LND,,,,,,,,,,,,
365,LND,,,,,,,,,,,,
366,LND,,,,,,,,,,,,
367,LND,,,,,,,,,,,,
368,LND,,,,,,,,,,,,
369,LND,,,,,,,,,,,,
370,LND,,,,,,,,,,,,
371,LND,,,,,,,,,,,,
372,CLN,62,2478,86,52202,607,2281,0.95,2104725,100,10000000,100,10000000
373,LND,,,,,,,,,,,,
374,LND,,,,,,,,,,,,
375,LND,,,,,,,,,,,,
376,LND,,,,,,,,,,,,
377,LND,,,,,,,,,,,,
378,LND,,,,,,,,,,,,
379,LND,,,,,,,,,,,,
380,LND,,,,,,,,,,,,
381,LND,,,,,,,,,,,,
382,LND,,,,,,,,,,,,
383,LND,,,,,,,,,,,,
384,LND,,,,,,,,,,,,
385,LND,,,,,,,,,,,,
386,LND,,,,,,,,,,,,
387,LND,,,,,,,,,,,,
388,LND,,,,,,,,,,,,
389,LND,,,,,,,,,,,,
390,LND,,,,,,,,,,,,
391,LND,,,,,,,,,,,,
392,LND,,,,,,,,,,,,
393,LND,,,,,,,,,,,,
394,LND,,,,,,,,,,,,
395,LND,,,,,,,,,,,,
396,LND,,,,,,,,,,,,
397,LND,,,,,,,,,,,,
398,LND,,,,,,,,,,,,
399,LND,,,,,,,,,,,,
400,LND,,,,,,,,,,,,
401,LND,,,,,,,,,,,,
402,LND,,,,,,,,,,,,
403,LND,,,,,,,,,,,,
404,LND,,,,,,,,,,,,
405,LND,,,,,,,,,,,,
406,LND,,,,,,,,,,,,
407,LND,,,,,,,,,,,,
408,CLN,73,1571,81,45132,734,2933,0.73,5440275,100,10000000,100,10000000
409,LND,,,,,,,,,,,,
410,LND,,,,,,,,,,,,
411,LND,,,,,,,,,,,,
412,LND,,,,,,,,,,,,
413,LND,,,,,,,,,,,,
414,CLN,56,1675,117,53420,759,2150,0.98,7494109,100,10000000,100,10000000
415,LND,,,,,,,,,,,,
416,LND,,,,,,,,,,,,
417,LND,,,,,,,,,,,,
418,LND,,,,,,,,,,,,
419,LND,,,,,,,,,,,,
420,LND,,,,,,,,,,,,
421,LND,,,,,,,,,,,,
422,LND,,,,,,,,,,,,
423,LND,,,,,,,,,,,,
424,LND,,,,,,,,,,,,
425,LND,,,,,,,,,,,,
426,LND,,,,,,,,,,,,
427,LND,,,,,,,,,,,,
428,LND,,,,,,,,,,,,
429,LND,,,,,,,,,,,,
430,CLN,72,2413,106,46965,606,2160,1.0,8972417,100,10000000,100,10000000
431,LND,,,,,,,,,,,,
432,LND,,,,,,,,,,,,
433,LND,,,,,,,,,,,,
434,LND,,,,,,,,,,,,
435,LND,,,,,,,,,,,,
436,LND,,,,,,,,,,,,
437,LND,,,,,,,,,,,,
438,LND,,,,,,,,,,,,
439,LND,,,,,,,,,,,,
440,LND,,,,,,,,,,,,
441,CLN,66,1908,120,48371,656,2987,0.98,5703280,100,10000000,100,10000000
442,LND,,,,,,,,,,,,
443,LND,,,,,,,,,,,,
444,LND,,,,,,,,,,,,
445,LND,,,,,,,,,,,,
446,LND,,,,,,,,,,,,
447,LND,,,,,,,,,,,,
448,LND,,,,,,,,,,,,
449,CLN,75,1531,83,50515,576,2178,0.91,9120608,100,10000000,100,10000000
450,LND,,,,,,,,,,,,
451,LND,,,,,,,,,,,,
452,LND,,,,,,,,,,,,
453,LND,,,,,,,,,,,,
454,LND,,,,,,,,,,,,
455,LND,,,,,,,,,,,,
456,LND,,,,,,,,,,,,
457,LND,,,,,,,,,,,,
458,LND,,,,,,,,,,,,
459,LND,,,,,,,,,,,,
460,LND,,,,,,,,,,,,
461,LND,,,,,,,,,,,,
462,LND,,,,,,,,,,,,
463,LND,,,,,,,,,,,,
464,LND,,,,,,,,,,,,
465,CLN,65,2418,90,47505,747,2841,0.69,3355160,100,10000000,100,10000000
466,LND,,,,,,,,,,,,
467,LND,,,,,,,,,,,,
468,LND,,,,,,,,,,,,
469,LND,,,,,,,,,,,,
470,LND,,,,,,,,,,,,
471,LND,,,,,,,,,,,,
472,LND,,,,,,,,,,,,
473,LND,,,,,,,,,,,,
474,LND,,,,,,,,,,,,
475,CLN,60,1634,117,59259,600,2946,0.9,8777171,100,10000000,100,10000000
476,LND,,,,,,,,,,,,
477,LND,,,,,,,,,,,,
478,LND,,,,,,,,,,,,
479,LND,,,,,,,,,,,,
480,LND,,,,,,,,,,,,
481,LND,,,,,,,,,,,,
482,LND,,,,,,,,,,,,
483,LND,,,,,,,,,,,,
484,LND,,,,,,,,,,,,
485,LND,,,,,,,,,,,,
486,CLN,75,2430,101,47173,704,2324,0.78,1573341,100,10000000,100,10000000
487,LND,,,,,,,,,,,,
488,LND,,,,,,,,,,,,
489,LND,,,,,,,,,,,,
490,LND,,,,,,,,,,,,
491,LND,,,,,,,,,,,,
492,LND,,,,,,,,,,,,
493,LND,,,,,,,,,,,,
494,LND,,,,,,,,,,,,
495,LND,,,,,,,,,,,,
496,LND,,,,,,,,,,,,
497,LND,,,,,,,,,,,,
498,LND,,,,,,,,,,,,
499,LND,,,,,,,,,,,,
500,LND,,,,,,,,,,,,
501,LND,,,,,,,,,,,,
502,LND,,,,,,,,,,,,
503,LND,,,,,,,,,,,,
504,LND,,,,,,,,,,,,
505,LND,,,,,,,,,,,,
506,LND,,,,,,,,,,,,
507,LND,,,,,,,,,,,,
508,LND,,,,,,,,,,,,
509,LND,,,,,,,,,,,,
510,LND,,,,,,,,,,,,
511,LND,,,,,,,,,,,,
512,LND,,,,,,,,,,,,
513,LND,,,,,,,,,,,,
514,LND,,,,,,,,,,,,
515,LND,,,,,,,,,,,,
516,LND,,,,,,,,,,,,
517,LND,,,,,,,,,,,,
518,LND,,,,,,,,,,,,
519,LND,,,,,,,,,,,,
520,LND,,,,,,,,,,,,
521,LND,,,,,,,,,,,,
522,LND,,,,,,,,,,,,
523,LND,,,,,,,,,,,,
524,LND,,,,,,,,,,,,
525,LND,,,,,,,,,,,,
526,LND,,,,,,,,,,,,
527,LND,,,,,,,,,,,,
528,CLN,57,2242,105,42270,666,2045,0.86,1141784,100,10000000,100,10000000
529,LND,,,,,,,,,,,,
530,LND,,,,,,,,,,,,
531,LND,,,,,,,,,,,,
532,LND,,,,,,,,,,,,
533,LND,,,,,,,,,,,,
534,LND,,,,,,,,,,,,
535,LND,,,,,,,,,,,,
536,LND,,,,,,,,,,,,
537,LND,,,,,,,,,,,,
538,LND,,,,,,,,,,,,
539,LND,,,,,,,,,,,,
540,LND,,,,,,,,,,,,
541,CLN,57,1970,107,52198,631,2495,0.86,5532417,100,10000000,100,10000000
542,LND,,,,,,,,,,,,
543,LND,,,,,,,,,,,,
544,LND,,,,,,,,,,,,
545,LND,,,,,,,,,,,,
546,LND,,,,,,,,,,,,
547,LND,,,,,,,,,,,,
548,LND,,,,,,,,,,,,
549,LND,,,,,,,,,,,,
550,LND,,,,,,,,,,,,
551,LND,,,,,,,,,,,,
552,LND,,,,,,,,,,,,
553,LND,,,,,,,,,,,,
554,LND,,,,,,,,,,,,
555,LND,,,,,,,,,,,,
556,LND,,,,,,,,,,,,
557,LND,,,,,,,,,,,,
558,LND,,,,,,,,,,,,
559,LND,,,,,,,,,,,,
560,LND,,,,,,,,,,,,
561,LND,,,,,,,,,,,,
562,LND,,,,,,,,,,,,
563,LND,,,,,,,,,,,,
564,LND,,,,,,,,,,,,
565,LND,,,,,,,,,,,,
566,LND,,,,,,,,,,,,
567,LND,,,,,,,,,,,,
568,LND,,,,,,,,,,,,
569,LND,,,,,,,,,,,,
570,LND,,,,,,,,,,,,
571,LND,,,,,,,,,,,,
572,CLN,55,2063,88,53163,625,2515,0.78,5302095,100,10000000,100,10000000
573,LND,,,,,,,,,,,,
574,CLN,60,1834,90,53757,670,2776,0.93,5459963,100,10000000,100,10000000
575,LND,,,,,,,,,,,,
576,LND,,,,,,,,,,,,
577,LND,,,,,,,,,,,,
578,LND,,,,,,,,,,,,
579,CLN,64,1826,83,51236,576,2025,0.94,5781266,100,10000000,100,10000000
580,LND,,,,,,,,,,,,
581,LND,,,,,,,,,,,,
582,LND,,,,,,,,,,,,
583,LND,,,,,,,,,,,,
584,LND,,,,,,,,,,,,
585,LND,,,,,,,,,,,,
586,LND,,,,,,,,,,,,
587,LND,,,,,,,,,,,,
588,CLN,73,1919,101,56136,752,2000,0.95,3039978,100,10000000,100,10000000
589,LND,,,,,,,,,,,,
590,LND,,,,,,,,,,,,
591,LND,,,,,,,,,,,,
592,LND,,,,,,,,,,,,
593,LND,,,,,,,,,,,,
594,LND,,,,,,,,,,,,
595,LND,,,,,,,,,,,,
596,LND,,,,,,,,,,,,
597,CLN,67,2186,103,46400,636,2672,0.73,6745091,100,10000000,100,10000000
598,LND,,,,,,,,,,,,
599,LND,,,,,,,,,,,,
600,LND,,,,,,,,,,,,
601,LND,,,,,,,,,,,,
602,LND,,,,,,,,,,,,
603,LND,,,,,,,,,,,,
604,LND,,,,,,,,,,,,
605,LND,,,,,,,,,,,,
606,LND,,,,,,,,,,,,
607,LND,,,,,,,,,,,,
608,LND,,,,,,,,,,,,
609,LND,,,,,,,,,,,,
610,LND,,,,,,,,,,,,
611,LND,,,,,,,,,,,,
612,LND,,,,,,,,,,,,
613,LND,,,,,,,,,,,,
614,LND,,,,,,,,,,,,
615,LND,,,,,,,,,,,,
616,CLN,62,2107,97,56376,624,2871,0.73,8256794,100,10000000,100,10000000
617,LND,,,,,,,,,,,,
618,CLN,69,1575,85,42433,711,2701,0.91,6278190,100,10000000,100,10000000
619,LND,,,,,,,,,,,,
620,LND,,,,,,,,,,,,
621,LND,,,,,,,,,,,,
622,LND,,,,,,,,,,,,
623,LND,,,,,,,,,,,,
624,LND,,,,,,,,,,,,
625,LND,,,,,,,,,,,,
626,LND,,,,,,,,,,,,
627,LND,,,,,,,,,,,,
628,LND,,,,,,,,,,,,
629,LND,,,,,,,,,,,,
630,LND,,,,,,,,,,,,
631,LND,,,,,,,,,,,,
632,LND,,,,,,,,,,,,
633,LND,,,,,,,,,,,,
634,LND,,,,,,,,,,,,
635,LND,,,,,,,,,,,,
636,LND,,,,,,,,,,,,
637,LND,,,,,,,,,,,,
638,LND,,,,,,,,,,,,
639,CLN,70,1821,102,50120,760,2941,0.83,6834293,100,10000000,100,10000000
640,LND,,,,,,,,,,,,
641,LND,,,,,,,,,,,,
642,LND,,,,,,,,,,,,
643,LND,,,,,,,,,,,,
644,LND,,,,,,,,,,,,
645,LND,,,,,,,,,,,,
646,LND,,,,,,,,,,,,
647,LND,,,,,,,,,,,,
648,LND,,,,,,,,,,,,
649,LND,,,,,,,,,,,,
650,LND,,,,,,,,,,,,
651,LND,,,,,,,,,,,,
652,LND,,,,,,,,,,,,
653,LND,,,,,,,,,,,,
654,LND,,,,,,,,,,,,
655,LND,,,,,,,,,,,,
656,LND,,,,,,,,,,,,
657,LND,,,,,,,,,,,,
658,LND,,,,,,,,,,,,
659,CLN,56,2127,99,42203,603,2426,0.63,7141351,100,10000000,100,10000000
660,LND,,,,,,,,,,,,
661,LND,,,,,,,,,,,,
662,CLN,55,2191,110,57592,643,2012,0.69,9068355,100,10000000,100,10000000
663,LND,,,,,,,,,,,,
664,LND,,,,,,,,,,,,
665,LND,,,,,,,,,,,,
666,LND,,,,,,,,,,,,
667,LND,,,,,,,,,,,,
668,CLN,74,2216,117,57220,602,2632,0.8,5362511,100,10000000,100,10000000
669,LND,,,,,,,,,,,,
670,LND,,,,,,,,,,,,
671,LND,,,,,,,,,,,,
672,LND,,,,,,,,,,,,
673,LND,,,,,,,,,,,,
674,LND,,,,,,,,,,,,
675,LND,,,,,,,,,,,,
676,CLN,73,2457,90,58525,678,2771,0.84,7463771,100,10000000,100,10000000
677,LND,,,,,,,,,,,,
678,LND,,,,,,,,,,,,
679,LND,,,,,,,,,,,,
680,LND,,,,,,,,,,,,
681,LND,,,,,,,,,,,,
682,LND,,,,,,,,,,,,
683,LND,,,,,,,,,,,,
684,LND,,,,,,,,,,,,
685,LND,,,,,,,,,,,,
686,LND,,,,,,,,,,,,
687,LND,,,,,,,,,,,,
688,LND,,,,,,,,,,,,
689,LND,,,,,,,,,,,,
690,LND,,,,,,,,,,,,
691,LND,,,,,,,,,,,,
692,LND,,,,,,,,,,,,
693,LND,,,,,,,,,,,,
694,LND,,,,,,,,,,,,
695,LND,,,,,,,,,,,,
696,LND,,,,,,,,,,,,
697,CLN,62,1595,120,45957,715,2864,0.62,4931409,100,10000000,100,10000000
698,LND,,,,,,,,,,,,
699,LND,,,,,,,,,,,,
700,LND,,,,,,,,,,,,
701,LND,,,,,,,,,,,,
702,LND,,,,,,,,,,,,
703,LND,,,,,,,,,,,,
704,LND,,,,,,,,,,,,
705,LND,,,,,,,,,,,,
706,LND,,,,,,,,,,,,
707,LND,,,,,,,,,,,,
708,LND,,,,,,,,,,,,
709,LND,,,,,,,,,,,,
710,LND,,,,,,,,,,,,
711,LND,,,,,,,,,,,,
712,CLN,72,1500,119,53429,633,2456,0.67,631671,100,10000000,100,10000000
713,LND,,,,,,,,,,,,
714,LND,,,,,,,,,,,,
715,LND,,,,,,,,,,,,
716,LND,,,,,,,,,,,,
717,LND,,,,,,,,,,,,
718,LND,,,,,,,,,,,,
719,LND,,,,,,,,,,,,
720,LND,,,,,,,,,,,,
721,LND,,,,,,,,,,,,
722,LND,,,,,,,,,,,,
723,LND,,,,,,,,,,,,
724,LND,,,,,,,,,,,,
725,LND,,,,,,,,,,,,
726,LND,,,,,,,,,,,,
727,LND,,,,,,,,,,,,
728,CLN,73,2142,83,44656,692,2978,0.96,6195224,100,10000000,100,10000000
729,LND,,,,,,,,,,,,
730,LND,,,,,,,,,,,,
731,LND,,,,,,,,,,,,
732,LND,,,,,,,,,,,,
733,LND,,,,,,,,,,,,
734,LND,,,,,,,,,,,,
735,LND,,,,,,,,,,,,
736,LND,,,,,,,,,,,,
737,LND,,,,,,,,,,,,
738,CLN,64,2205,119,48801,725,2637,0.88,948868,100,10000000,100,10000000
739,LND,,,,,,,,,,,,
740,LND,,,,,,,,,,,,
741,LND,,,,,,,,,,,,
742,LND,,,,,,,,,,,,
743,LND,,,,,,,,,,,,
744,LND,,,,,,,,,,,,
745,LND,,,,,,,,,,,,
746,LND,,,,,,,,,,,,
747,LND,,,,,,,,,,,,
748,CLN,68,1951,95,44885,719,2973,0.98,8177722,100,10000000,100,10000000
749,LND,,,,,,,,,,,,
750,LND,,,,,,,,,,,,
751,LND,,,,,,,,,,,,
752,LND,,,,,,,,,,,,
753,LND,,,,,,,,,,,,
754,LND,,,,,,,,,,,,
755,LND,,,,,,,,,,,,
756,LND,,,,,,,,,,,,
757,LND,,,,,,,,,,,,
758,LND,,,,,,,,,,,,
759,LND,,,,,,,,,,,,
760,LND,,,,,,,,,,,,
761,LND,,,,,,,,,,,,
762,LND,,,,,,,,,,,,
763,LND,,,,,,,,,,,,
764,LND,,,,,,,,,,,,
765,LND,,,,,,,,,,,,
766,LND,,,,,,,,,,,,
767,LND,,,,,,,,,,,,
768,LND,,,,,,,,,,,,
769,LND,,,,,,,,,,,,
770,LND,,,,,,,,,,,,
771,LND,,,,,,,,,,,,
772,LND,,,,,,,,,,,,
773,LND,,,,,,,,,,,,
774,LND,,,,,,,,,,,,
775,LND,,,,,,,,,,,,
776,LND,,,,,,,,,,,,
777,LND,,,,,,,,,,,,
778,LND,,,,,,,,,,,,
779,LND,,,,,,,,,,,,
780,LND,,,,,,,,,,,,
781,LND,,,,,,,,,,,,
782,LND,,,,,,,,,,,,
783,LND,,,,,,,,,,,,
784,LND,,,,,,,,,,,,
785,LND,,,,,,,,,,,,
786,LND,,,,,,,,,,,,
787,LND,,,,,,,,,,,,
788,CLN,75,1958,110,46978,663,2320,0.61,7160884,100,10000000,100,10000000
789,LND,,,,,,,,,,,,
790,LND,,,,,,,,,,,,
791,LND,,,,,,,,,,,,
792,LND,,,,,,,,,,,,
793,LND,,,,,,,,,,,,
794,CLN,58,1503,99,56094,616,2681,0.74,431119,100,10000000,100,10000000
795,LND,,,,,,,,,,,,
796,LND,,,,,,,,,,,,
797,LND,,,,,,,,,,,,
798,LND,,,,,,,,,,,,
799,LND,,,,,,,,,,,,
800,LND,,,,,,,,,,,,
801,LND,,,,,,,,,,,,
802,LND,,,,,,,,,,,,
803,LND,,,,,,,,,,,,
804,LND,,,,,,,,,,,,
805,LND,,,,,,,,,,,,
806,LND,,,,,,,,,,,,
807,LND,,,,,,,,,,,,
808,LND,,,,,,,,,,,,
809,LND,,,,,,,,,,,,
810,LND,,,,,,,,,,,,
811,LND,,,,,,,,,,,,
812,CLN,55,1567,88,45684,583,2696,0.96,6757817,100,10000000,100,10000000
813,LND,,,,,,,,,,,,
814,LND,,,,,,,,,,,,
815,LND,,,,,,,,,,,,
816,LND,,,,,,,,,,,,
817,LND,,,,,,,,,,,,
818,LND,,,,,,,,,,,,
819,LND,,,,,,,,,,,,
820,LND,,,,,,,,,,,,
821,LND,,,,,,,,,,,,
822,LND,,,,,,,,,,,,
823,LND,,,,,,,,,,,,
824,LND,,,,,,,,,,,,
825,LND,,,,,,,,,,,,
826,LND,,,,,,,,,,,,
827,LND,,,,,,,,,,,,
828,LND,,,,,,,,,,,,
829,LND,,,,,,,,,,,,
830,LND,,,,,,,,,,,,
831,LND,,,,,,,,,,,,
832,LND,,,,,,,,,,,,
833,LND,,,,,,,,,,,,
834,LND,,,,,,,,,,,,
835,CLN,66,1575,108,53384,629,2865,0.67,7957070,100,10000000,100,10000000
836,LND,,,,,,,,,,,,
837,LND,,,,,,,,,,,,
838,LND,,,,,,,,,,,,
839,LND,,,,,,,,,,,,
840,LND,,,,,,,,,,,,
841,LND,,,,,,,,,,,,
842,LND,,,,,,,,,,,,
843,LND,,,,,,,,,,,,
844,LND,,,,,,,,,,,,
845,LND,,,,,,,,,,,,
846,LND,,,,,,,,,,,,
847,LND,,,,,,,,,,,,
848,LND,,,,,,,,,,,,
849,LND,,,,,,,,,,,,
850,LND,,,,,,,,,,,,
851,LND,,,,,,,,,,,,
852,LND,,,,,,,,,,,,
853,LND,,,,,,,,,,,,
854,LND,,,,,,,,,,,,
855,LND,,,,,,,,,,,,
856,LND,,,,,,,,,,,,
857,LND,,,,,,,,,,,,
858,LND,,,,,,,,,,,,
859,LND,,,,,,,,,,,,
860,LND,,,,,,,,,,,,
861,LND,,,,,,,,,,,,
862,LND,,,,,,,,,,,,
863,LND,,,,,,,,,,,,
864,LND,,,,,,,,,,,,
865,LND,,,,,,,,,,,,
866,LND,,,,,,,,,,,,
867,LND,,,,,,,,,,,,
868,LND,,,,,,,,,,,,
869,LND,,,,,,,,,,,,
870,LND,,,,,,,,,,,,
871,LND,,,,,,,,,,,,
872,CLN,58,2479,97,41090,748,2915,0.75,9293986,100,10000000,100,10000000
873,LND,,,,,,,,,,,,
874,LND,,,,,,,,,,,,
875,LND,,,,,,,,,,,,
876,LND,,,,,,,,,,,,
877,LND,,,,,,,,,,,,
878,LND,,,,,,,,,,,,
879,LND,,,,,,,,,,,,
880,LND,,,,,,,,,,,,
881,LND,,,,,,,,,,,,
882,LND,,,,,,,,,,,,
883,LND,,,,,,,,,,,,
884,LND,,,,,,,,,,,,
885,LND,,,,,,,,,,,,
886,CLN,63,1743,115,49127,595,2005,0.73,75974,100,10000000,100,10000000
887,LND,,,,,,,,,,,,
888,LND,,,,,,,,,,,,
889,LND,,,,,,,,,,,,
890,LND,,,,,,,,,,,,
891,LND,,,,,,,,,,,,
892,LND,,,,,,,,,,,,
893,LND,,,,,,,,,,,,
894,LND,,,,,,,,,,,,
895,LND,,,,,,,,,,,,
896,LND,,,,,,,,,,,,
897,LND,,,,,,,,,,,,
898,LND,,,,,,,,,,,,
899,LND,,,,,,,,,,,,
900,LND,,,,,,,,,,,,
901,LND,,,,,,,,,,,,
902,LND,,,,,,,,,,,,
903,CLN,75,2411,91,41136,632,2838,0.62,2852973,100,10000000,100,10000000
904,LND,,,,,,,,,,,,
905,LND,,,,,,,,,,,,
906,LND,,,,,,,,,,,,
907,LND,,,,,,,,,,,,
908,LND,,,,,,,,,,,,
909,LND,,,,,,,,,,,,
910,LND,,,,,,,,,,,,
911,LND,,,,,,,,,,,,
912,LND,,,,,,,,,,,,
913,LND,,,,,,,,,,,,
914,LND,,,,,,,,,,,,
915,LND,,,,,,,,,,,,
916,LND,,,,,,,,,,,,
917,LND,,,,,,,,,,,,
918,LND,,,,,,,,,,,,
919,LND,,,,,,,,,,,,
920,CLN,56,1863,113,52110,629,2362,0.83,4509758,100,10000000,100,10000000
921,LND,,,,,,,,,,,,
922,LND,,,,,,,,,,,,
923,LND,,,,,,,,,,,,
924,LND,,,,,,,,,,,,
925,LND,,,,,,,,,,,,
926,CLN,75,1840,116,48552,633,2287,0.7,4503382,100,10000000,100,10000000
927,CLN,68,1712,112,44554,647,2711,0.8,6184387,100,10000000,100,10000000
928,LND,,,,,,,,,,,,
929,LND,,,,,,,,,,,,
930,LND,,,,,,,,,,,,
931,LND,,,,,,,,,,,,
932,LND,,,,,,,,,,,,
933,LND,,,,,,,,,,,,
934,LND,,,,,,,,,,,,
935,LND,,,,,,,,,,,,
936,LND,,,,,,,,,,,,
937,LND,,,,,,,,,,,,
938,LND,,,,,,,,,,,,
939,LND,,,,,,,,,,,,
940,LND,,,,,,,,,,,,
941,LND,,,,,,,,,,,,
942,LND,,,,,,,,,,,,
943,LND,,,,,,,,,,,,
944,LND,,,,,,,,,,,,
945,LND,,,,,,,,,,,,
946,LND,,,,,,,,,,,,
947,LND,,,,,,,,,,,,
948,LND,,,,,,,,,,,,
949,LND,,,,,,,,,,,,
950,CLN,56,1870,89,47624,760,2508,0.7,1495330,100,10000000,100,10000000
951,LND,,,,,,,,,,,,
952,LND,,,,,,,,,,,,
953,LND,,,,,,,,,,,,
954,LND,,,,,,,,,,,,
955,LND,,,,,,,,,,,,
956,LND,,,,,,,,,,,,
957,LND,,,,,,,,,,,,
958,LND,,,,,,,,,,,,
959,LND,,,,,,,,,,,,
960,LND,,,,,,,,,,,,
961,LND,,,,,,,,,,,,
962,LND,,,,,,,,,,,,
963,LND,,,,,,,,,,,,
964,LND,,,,,,,,,,,,
965,LND,,,,,,,,,,,,
966,LND,,,,,,,,,,,,
967,LND,,,,,,,,,,,,
968,LND,,,,,,,,,,,,
969,LND,,,,,,,,,,,,
970,LND,,,,,,,,,,,,
971,LND,,,,,,,,,,,,
972,LND,,,,,,,,,,,,
973,LND,,,,,,,,,,,,
974,LND,,,,,,,,,,,,
975,LND,,,,,,,,,,,,
976,LND,,,,,,,,,,,,
977,LND,,,,,,,,,,,,
978,LND,,,,,,,,,,,,
979,CLN,55,1922,105,56846,658,2258,0.72,2309626,100,10000000,100,10000000
980,LND,,,,,,,,,,,,
981,LND,,,,,,,,,,,,
982,LND,,,,,,,,,,,,
983,LND,,,,,,,,,,,,
984,LND,,,,,,,,,,,,
985,LND,,,,,,,,,,,,
986,LND,,,,,,,,,,,,
987,LND,,,,,,,,,,,,
988,LND,,,,,,,,,,,,
989,LND,,,,,,,,,,,,
990,LND,,,,,,,,,,,,
991,LND,,,,,,,,,,,,
992,LND,,,,,,,,,,,,
993,LND,,,,,,,,,,,,
994,LND,,,,,,,,,,,,
995,LND,,,,,,,,,,,,
996,LND,,,,,,,,,,,,
997,CLN,68,1777,111,46153,616,2484,0.92,873701,100,10000000,100,10000000
998,LND,,,,,,,,,,,,
999,LND,,,,,,,,,,,,
1000,LND,,,,,,,,,,,,
1001,LND,,,,,,,,,,,,
1002,LND,,,,,,,,,,,,
1003,LND,,,,,,,,,,,,
1004,LND,,,,,,,,,,,,
1005,LND,,,,,,,,,,,,
1006,LND,,,,,,,,,,,,
1007,CLN,68,2471,108,40448,699,2425,0.74,8712690,100,10000000,100,10000000
1008,LND,,,,,,,,,,,,
1009,LND,,,,,,,,,,,,
1010,LND,,,,,,,,,,,,
1011,LND,,,,,,,,,,,,
1012,LND,,,,,,,,,,,,
1013,LND,,,,,,,,,,,,
1014,LND,,,,,,,,,,,,
1015,LND,,,,,,,,,,,,
1016,LND,,,,,,,,,,,,
1017,LND,,,,,,,,,,,,
1018,LND,,,,,,,,,,,,
1019,LND,,,,,,,,,,,,
1020,LND,,,,,,,,,,,,
1021,LND,,,,,,,,,,,,
1022,LND,,,,,,,,,,,,
1023,LND,,,,,,,,,,,,
1024,LND,,,,,,,,,,,,
1025,LND,,,,,,,,,,,,
1026,LND,,,,,,,,,,,,
1027,LND,,,,,,,,,,,,
1028,LND,,,,,,,,,,,,
1029,LND,,,,,,,,,,,,
1030,LND,,,,,,,,,,,,
1031,LND,,,,,,,,,,,,
1032,LND,,,,,,,,,,,,
1033,LND,,,,,,,,,,,,
1034,LND,,,,,,,,,,,,
1035,LND,,,,,,,,,,,,
1036,LND,,,,,,,,,,,,
1037,LND,,,,,,,,,,,,
1038,LND,,,,,,,,,,,,
1039,LND,,,,,,,,,,,,
1040,LND,,,,,,,,,,,,
1041,CLN,69,1715,108,56905,651,2533,0.92,960122,100,10000000,100,10000000
1042,LND,,,,,,,,,,,,
1043,LND,,,,,,,,,,,,
1044,LND,,,,,,,,,,,,
1045,LND,,,,,,,,,,,,
1046,LND,,,,,,,,,,,,
1047,LND,,,,,,,,,,,,
1048,LND,,,,,,,,,,,,
1049,LND,,,,,,,,,,,,
1050,CLN,70,2314,84,47283,586,2188,0.66,277064,100,10000000,100,10000000
1051,LND,,,,,,,,,,,,
1052,LND,,,,,,,,,,,,
1053,CLN,72,1857,84,46469,676,2092,0.64,1911152,100,10000000,100,10000000
1054,LND,,,,,,,,,,,,
1055,LND,,,,,,,,,,,,
1056,LND,,,,,,,,,,,,
1057,LND,,,,,,,,,,,,
1058,LND,,,,,,,,,,,,
1059,CLN,57,2239,107,46027,566,2170,0.93,1523621,100,10000000,100,10000000
1060,CLN,73,1960,114,58039,649,2472,0.71,5041290,100,10000000,100,10000000
1061,LND,,,,,,,,,,,,
1062,LND,,,,,,,,,,,,
1063,LND,,,,,,,,,,,,
1064,LND,,,,,,,,,,,,
1065,LND,,,,,,,,,,,,
1066,CLN,73,2087,104,55523,753,2317,0.85,1121498,100,10000000,100,10000000
1067,CLN,55,2444,99,57246,688,2621,0.74,3433284,100,10000000,100,10000000
1068,LND,,,,,,,,,,,,
1069,LND,,,,,,,,,,,,
1070,LND,,,,,,,,,,,,
1071,LND,,,,,,,,,,,,
1072,LND,,,,,,,,,,,,
1073,CLN,65,2272,85,58352,763,2514,0.76,7820942,100,10000000,100,10000000
1074,LND,,,,,,,,,,,,
1075,LND,,,,,,,,,,,,
1076,LND,,,,,,,,,,,,
1077,LND,,,,,,,,,,,,
1078,LND,,,,,,,,,,,,
1079,LND,,,,,,,,,,,,
1080,LND,,,,,,,,,,,,
1081,LND,,,,,,,,,,,,
1082,LND,,,,,,,,,,,,
1083,LND,,,,,,,,,,,,
1084,LND,,,,,,,,,,,,
1085,LND,,,,,,,,,,,,
1086,LND,,,,,,,,,,,,
1087,LND,,,,,,,,,,,,
1088,LND,,,,,,,,,,,,
1089,LND,,,,,,,,,,,,
1090,LND,,,,,,,,,,,,
1091,LND,,,,,,,,,,,,
1092,LND,,,,,,,,,,,,
1093,LND,,,,,,,,,,,,
1094,LND,,,,,,,,,,,,
1095,CLN,69,1529,88,44323,763,2021,0.72,1896583,100,10000000,100,10000000
1096,LND,,,,,,,,,,,,
1097,LND,,,,,,,,,,,,
1098,LND,,,,,,,,,,,,
1099,LND,,,,,,,,,,,,
1100,LND,,,,,,,,,,,,
1101,LND,,,,,,,,,,,,
1102,LND,,,,,,,,,,,,
1103,LND,,,,,,,,,,,,
1104,LND,,,,,,,,,,,,
1105,LND,,,,,,,,,,,,
1106,LND,,,,,,,,,,,,
1107,LND,,,,,,,,,,,,
1108,LND,,,,,,,,,,,,
1109,LND,,,,,,,,,,,,
1110,CLN,73,2203,92,47077,729,2108,0.78,4040009,100,10000000,100,10000000
1111,LND,,,,,,,,,,,,
1112,LND,,,,,,,,,,,,
1113,LND,,,,,,,,,,,,
1114,LND,,,,,,,,,,,,
1115,LND,,,,,,,,,,,,
1116,LND,,,,,,,,,,,,
1117,LND,,,,,,,,,,,,
1118,LND,,,,,,,,,,,,
1119,LND,,,,,,,,,,,,
1120,LND,,,,,,,,,,,,
1121,LND,,,,,,,,,,,,
1122,LND,,,,,,,,,,,,
1123,LND,,,,,,,,,,,,
1124,LND,,,,,,,,,,,,
1125,CLN,70,1588,93,53073,633,2836,0.68,1417798,100,10000000,100,10000000
1126,LND,,,,,,,,,,,,
1127,LND,,,,,,,,,,,,
1128,LND,,,,,,,,,,,,
1129,LND,,,,,,,,,,,,
1130,LND,,,,,,,,,,,,
1131,LND,,,,,,,,,,,,
1132,CLN,65,2093,87,51709,739,2124,0.7,4798349,100,10000000,100,10000000
1133,LND,,,,,,,,,,,,
1134,LND,,,,,,,,,,,,
1135,LND,,,,,,,,,,,,
1136,LND,,,,,,,,,,,,
1137,LND,,,,,,,,,,,,
1138,LND,,,,,,,,,,,,
1139,LND,,,,,,,,,,,,
1140,LND,,,,,,,,,,,,
1141,LND,,,,,,,,,,,,
1142,LND,,,,,,,,,,,,
1143,LND,,,,,,,,,,,,
1144,LND,,,,,,,,,,,,
1145,LND,,,,,,,,,,,,
1146,LND,,,,,,,,,,,,
1147,LND,,,,,,,,,,,,
1148,LND,,,,,,,,,,,,
1149,LND,,,,,,,,,,,,
1150,LND,,,,,,,,,,,,
1151,LND,,,,,,,,,,,,
1152,LND,,,,,,,,,,,,
1153,LND,,,,,,,,,,,,
1154,LND,,,,,,,,,,,,
1155,LND,,,,,,,,,,,,
1156,LND,,,,,,,,,,,,
1157,LND,,,,,,,,,,,,
1158,LND,,,,,,,,,,,,
1159,LND,,,,,,,,,,,,
1160,CLN,61,2179,94,57986,599,2724,0.66,4905148,100,10000000,100,10000000
1161,CLN,65,2180,85,52122,679,2369,0.76,4189585,100,10000000,100,10000000
1162,LND,,,,,,,,,,,,
1163,LND,,,,,,,,,,,,
1164,LND,,,,,,,,,,,,
1165,CLN,73,2048,118,57641,747,2214,0.99,197938,100,10000000,100,10000000
1166,LND,,,,,,,,,,,,
1167,CLN,55,2446,98,48140,732,2893,0.64,485560,100,10000000,100,10000000
1168,LND,,,,,,,,,,,,
1169,CLN,62,2487,120,41665,637,2801,0.61,5464054,100,10000000,100,10000000
1170,LND,,,,,,,,,,,,
1171,LND,,,,,,,,,,,,
1172,LND,,,,,,,,,,,,
1173,LND,,,,,,,,,,,,
1174,LND,,,,,,,,,,,,
1175,LND,,,,,,,,,,,,
1176,LND,,,,,,,,,,,,
1177,LND,,,,,,,,,,,,
1178,CLN,74,2217,91,46052,705,2207,0.88,4983955,100,10000000,100,10000000
1179,LND,,,,,,,,,,,,
1180,CLN,59,1641,83,45268,581,2671,0.87,5029940,100,10000000,100,10000000
1181,LND,,,,,,,,,,,,
1182,LND,,,,,,,,,,,,
1183,LND,,,,,,,,,,,,
1184,LND,,,,,,,,,,,,
1185,LND,,,,,,,,,,,,
1186,LND,,,,,,,,,,,,
1187,CLN,68,2018,83,59611,587,2754,0.86,5987706,100,10000000,100,10000000
1188,LND,,,,,,,,,,,,
1189,LND,,,,,,,,,,,,
1190,LND,,,,,,,,,,,,
1191,CLN,71,1538,102,51520,585,2256,0.92,2915549,100,10000000,100,10000000
1192,LND,,,,,,,,,,,,
1193,LND,,,,,,,,,,,,
1194,LND,,,,,,,,,,,,
1195,LND,,,,,,,,,,,,
1196,LND,,,,,,,,,,,,
1197,LND,,,,,,,,,,,,
1198,LND,,,,,,,,,,,,
1199,CLN,66,2136,105,55553,648,2188,0.61,2008523,100,10000000,100,10000000
1200,LND,,,,,,,,,,,,
1201,LND,,,,,,,,,,,,
1202,LND,,,,,,,,,,,,
1203,LND,,,,,,,,,,,,
1204,LND,,,,,,,,,,,,
1205,LND,,,,,,,,,,,,
1206,LND,,,,,,,,,,,,
1207,CLN,58,2396,99,50487,588,2866,0.89,3826913,100,10000000,100,10000000
1208,LND,,,,,,,,,,,,
1209,LND,,,,,,,,,,,,
1210,LND,,,,,,,,,,,,
1211,LND,,,,,,,,,,,,
1212,LND,,,,,,,,,,,,
1213,LND,,,,,,,,,,,,
1214,LND,,,,,,,,,,,,
1215,LND,,,,,,,,,,,,
1216,LND,,,,,,,,,,,,
1217,CLN,75,1595,106,59771,708,2101,0.67,2594039,100,10000000,100,10000000
1218,LND,,,,,,,,,,,,
1219,LND,,,,,,,,,,,,
1220,LND,,,,,,,,,,,,
1221,LND,,,,,,,,,,,,
1222,LND,,,,,,,,,,,,
1223,LND,,,,,,,,,,,,
1224,LND,,,,,,,,,,,,
1225,LND,,,,,,,,,,,,
1226,LND,,,,,,,,,,,,
1227,LND,,,,,,,,,,,,
1228,CLN,55,1508,87,43805,584,2707,0.79,3020192,100,10000000,100,10000000
1229,LND,,,,,,,,,,,,
1230,LND,,,,,,,,,,,,
1231,LND,,,,,,,,,,,,
1232,LND,,,,,,,,,,,,
1233,LND,,,,,,,,,,,,
1234,LND,,,,,,,,,,,,
1235,LND,,,,,,,,,,,,
1236,LND,,,,,,,,,,,,
1237,LND,,,,,,,,,,,,
1238,LND,,,,,,,,,,,,
1239,CLN,59,1799,90,51644,594,2776,0.93,2948390,100,10000000,100,10000000
1240,LND,,,,,,,,,,,,
1241,LND,,,,,,,,,,,,
1242,LND,,,,,,,,,,,,
1243,CLN,62,1671,105,45545,675,2523,0.83,1807995,100,10000000,100,10000000
1244,LND,,,,,,,,,,,,
1245,LND,,,,,,,,,,,,
1246,LND,,,,,,,,,,,,
1247,LND,,,,,,,,,,,,
1248,LND,,,,,,,,,,,,
1249,LND,,,,,,,,,,,,
1250,LND,,,,,,,,,,,,
1251,LND,,,,,,,,,,,,
1252,LND,,,,,,,,,,,,
1253,LND,,,,,,,,,,,,
1254,LND,,,,,,,,,,,,
1255,LND,,,,,,,,,,,,
1256,LND,,,,,,,,,,,,
1257,LND,,,,,,,,,,,,
1258,LND,,,,,,,,,,,,
1259,LND,,,,,,,,,,,,
1260,LND,,,,,,,,,,,,
1261,LND,,,,,,,,,,,,
1262,LND,,,,,,,,,,,,
1263,LND,,,,,,,,,,,,
1264,CLN,64,2358,97,43491,647,2294,0.62,1364633,100,10000000,100,10000000
1265,LND,,,,,,,,,,,,
1266,LND,,,,,,,,,,,,
1267,LND,,,,,,,,,,,,
1268,LND,,,,,,,,,,,,
1269,LND,,,,,,,,,,,,
1270,LND,,,,,,,,,,,,
1271,LND,,,,,,,,,,,,
1272,LND,,,,,,,,,,,,
1273,LND,,,,,,,,,,,,
1274,LND,,,,,,,,,,,,
1275,LND,,,,,,,,,,,,
1276,LND,,,,,,,,,,,,
1277,LND,,,,,,,,,,,,
1278,LND,,,,,,,,,,,,
1279,LND,,,,,,,,,,,,
1280,LND,,,,,,,,,,,,
1281,LND,,,,,,,,,,,,
1282,LND,,,,,,,,,,,,
1283,LND,,,,,,,,,,,,
1284,LND,,,,,,,,,,,,
1285,LND,,,,,,,,,,,,
1286,LND,,,,,,,,,,,,
1287,LND,,,,,,,,,,,,
1288,LND,,,,,,,,,,,,
1289,LND,,,,,,,,,,,,
1290,LND,,,,,,,,,,,,
1291,LND,,,,,,,,,,,,
1292,CLN,60,2226,92,49983,688,2434,0.69,9420380,100,10000000,100,10000000
1293,LND,,,,,,,,,,,,
1294,LND,,,,,,,,,,,,
1295,LND,,,,,,,,,,,,
1296,LND,,,,,,,,,,,,
1297,LND,,,,,,,,,,,,
1298,LND,,,,,,,,,,,,
1299,LND,,,,,,,,,,,,
1300,LND,,,,,,,,,,,,
1301,LND,,,,,,,,,,,,
1302,LND,,,,,,,,,,,,
1303,CLN,70,2318,80,56926,732,2233,0.82,8496581,100,10000000,100,10000000
1304,LND,,,,,,,,,,,,
1305,LND,,,,,,,,,,,,
1306,LND,,,,,,,,,,,,
1307,LND,,,,,,,,,,,,
1308,LND,,,,,,,,,,,,
1309,LND,,,,,,,,,,,,
1310,LND,,,,,,,,,,,,
1311,LND,,,,,,,,,,,,
1312,LND,,,,,,,,,,,,
1313,LND,,,,,,,,,,,,
1314,CLN,68,1990,115,41472,636,2210,0.99,905902,100,10000000,100,10000000
1315,LND,,,,,,,,,,,,
1316,LND,,,,,,,,,,,,
1317,CLN,59,2422,92,40415,752,2004,0.89,1974261,100,10000000,100,10000000
1318,LND,,,,,,,,,,,,
1319,LND,,,,,,,,,,,,
1320,LND,,,,,,,,,,,,
1321,LND,,,,,,,,,,,,
1322,LND,,,,,,,,,,,,
1323,LND,,,,,,,,,,,,
1324,LND,,,,,,,,,,,,
1325,LND,,,,,,,,,,,,
1326,LND,,,,,,,,,,,,
1327,CLN,68,2194,95,49931,614,2570,0.94,2164896,100,10000000,100,10000000
1328,LND,,,,,,,,,,,,
1329,LND,,,,,,,,,,,,
1330,LND,,,,,,,,,,,,
1331,LND,,,,,,,,,,,,
1332,LND,,,,,,,,,,,,
1333,LND,,,,,,,,,,,,
1334,LND,,,,,,,,,,,,
1335,LND,,,,,,,,,,,,
1336,CLN,75,2360,99,41787,625,2190,0.7,7169095,100,10000000,100,10000000
1337,LND,,,,,,,,,,,,
1338,LND,,,,,,,,,,,,
1339,CLN,55,2335,102,51108,586,2264,0.71,9849567,100,10000000,100,10000000
1340,LND,,,,,,,,,,,,
1341,LND,,,,,,,,,,,,
1342,CLN,72,1872,93,49580,577,2899,0.61,2762895,100,10000000,100,10000000
1343,LND,,,,,,,,,,,,
1344,LND,,,,,,,,,,,,
1345,LND,,,,,,,,,,,,
1346,LND,,,,,,,,,,,,
1347,LND,,,,,,,,,,,,
1348,LND,,,,,,,,,,,,
1349,LND,,,,,,,,,,,,
1350,LND,,,,,,,,,,,,
1351,LND,,,,,,,,,,,,
1352,LND,,,,,,,,,,,,
1353,LND,,,,,,,,,,,,
1354,LND,,,,,,,,,,,,
1355,LND,,,,,,,,,,,,
1356,LND,,,,,,,,,,,,
1357,LND,,,,,,,,,,,,
1358,LND,,,,,,,,,,,,
1359,LND,,,,,,,,,,,,
1360,LND,,,,,,,,,,,,
1361,LND,,,,,,,,,,,,
1362,LND,,,,,,,,,,,,
1363,LND,,,,,,,,,,,,
1364,LND,,,,,,,,,,,,
1365,LND,,,,,,,,,,,,
1366,LND,,,,,,,,,,,,
1367,LND,,,,,,,,,,,,
1368,LND,,,,,,,,,,,,
1369,LND,,,,,,,,,,,,
1370,LND,,,,,,,,,,,,
1371,LND,,,,,,,,,,,,
1372,LND,,,,,,,,,,,,
1373,LND,,,,,,,,,,,,
1374,LND,,,,,,,,,,,,
1375,LND,,,,,,,,,,,,
1376,LND,,,,,,,,,,,,
1377,LND,,,,,,,,,,,,
1378,LND,,,,,,,,,,,,
1379,LND,,,,,,,,,,,,
1380,LND,,,,,,,,,,,,
1381,LND,,,,,,,,,,,,
1382,LND,,,,,,,,,,,,
1383,CLN,59,1781,112,43525,646,2985,0.85,7620218,100,10000000,100,10000000
1384,LND,,,,,,,,,,,,
1385,LND,,,,,,,,,,,,
1386,LND,,,,,,,,,,,,
1387,LND,,,,,,,,,,,,
1388,LND,,,,,,,,,,,,
1389,LND,,,,,,,,,,,,
1390,LND,,,,,,,,,,,,
1391,LND,,,,,,,,,,,,
1392,LND,,,,,,,,,,,,
1393,LND,,,,,,,,,,,,
1394,LND,,,,,,,,,,,,
1395,LND,,,,,,,,,,,,
1396,LND,,,,,,,,,,,,
1397,CLN,56,1540,91,48179,696,2272,0.61,6107825,100,10000000,100,10000000
1398,LND,,,,,,,,,,,,
1399,LND,,,,,,,,,,,,
1400,LND,,,,,,,,,,,,
1401,LND,,,,,,,,,,,,
1402,LND,,,,,,,,,,,,
1403,LND,,,,,,,,,,,,
1404,LND,,,,,,,,,,,,
1405,LND,,,,,,,,,,,,
1406,LND,,,,,,,,,,,,
1407,LND,,,,,,,,,,,,
1408,LND,,,,,,,,,,,,
1409,LND,,,,,,,,,,,,
1410,LND,,,,,,,,,,,,
1411,LND,,,,,,,,,,,,
1412,LND,,,,,,,,,,,,
1413,LND,,,,,,,,,,,,
1414,LND,,,,,,,,,,,,
1415,LND,,,,,,,,,,,,
1416,LND,,,,,,,,,,,,
1417,LND,,,,,,,,,,,,
1418,LND,,,,,,,,,,,,
1419,CLN,66,2059,103,46615,723,2048,0.82,3408459,100,10000000,100,10000000
1420,LND,,,,,,,,,,,,
1421,LND,,,,,,,,,,,,
1422,LND,,,,,,,,,,,,
1423,LND,,,,,,,,,,,,
1424,LND,,,,,,,,,,,,
1425,LND,,,,,,,,,,,,
1426,LND,,,,,,,,,,,,
1427,LND,,,,,,,,,,,,
1428,LND,,,,,,,,,,,,
1429,LND,,,,,,,,,,,,
1430,LND,,,,,,,,,,,,
1431,LND,,,,,,,,,,,,
1432,LND,,,,,,,,,,,,
1433,LND,,,,,,,,,,,,
1434,LND,,,,,,,,,,,,
1435,LND,,,,,,,,,,,,
1436,LND,,,,,,,,,,,,
1437,CLN,71,1752,88,45671,726,2011,0.8,7317914,100,10000000,100,10000000
1438,LND,,,,,,,,,,,,
1439,LND,,,,,,,,,,,,
1440,CLN,61,2063,120,51207,731,2316,0.69,9915845,100,10000000,100,10000000
1441,CLN,73,1673,118,53674,760,2882,0.73,3936952,100,10000000,100,10000000
1442,LND,,,,,,,,,,,,
1443,LND,,,,,,,,,,,,
1444,LND,,,,,,,,,,,,
1445,LND,,,,,,,,,,,,
1446,LND,,,,,,,,,,,,
1447,LND,,,,,,,,,,,,
1448,LND,,,,,,,,,,,,
1449,LND,,,,,,,,,,,,
1450,LND,,,,,,,,,,,,
1451,LND,,,,,,,,,,,,
1452,LND,,,,,,,,,,,,
1453,LND,,,,,,,,,,,,
1454,CLN,59,1826,94,44436,725,2206,0.99,6607742,100,10000000,100,10000000
1455,LND,,,,,,,,,,,,
1456,LND,,,,,,,,,,,,
1457,LND,,,,,,,,,,,,
1458,LND,,,,,,,,,,,,
1459,LND,,,,,,,,,,,,
1460,LND,,,,,,,,,,,,
1461,LND,,,,,,,,,,,,
1462,LND,,,,,,,,,,,,
1463,LND,,,,,,,,,,,,
1464,LND,,,,,,,,,,,,
1465,LND,,,,,,,,,,,,
1466,LND,,,,,,,,,,,,
1467,LND,,,,,,,,,,,,
1468,CLN,57,1672,116,49162,719,2716,0.88,6196035,100,10000000,100,10000000
1469,LND,,,,,,,,,,,,
1470,LND,,,,,,,,,,,,
1471,LND,,,,,,,,,,,,
1472,LND,,,,,,,,,,,,
1473,CLN,59,1966,80,52471,667,2836,0.83,4443508,100,10000000,100,10000000
1474,LND,,,,,,,,,,,,
1475,LND,,,,,,,,,,,,
1476,LND,,,,,,,,,,,,
1477,LND,,,,,,,,,,,,
1478,CLN,55,1890,109,49681,624,2734,0.65,1871996,100,10000000,100,10000000
1479,CLN,75,1526,119,58344,670,2002,0.78,2615155,100,10000000,100,10000000
1480,LND,,,,,,,,,,,,
1481,LND,,,,,,,,,,,,
1482,LND,,,,,,,,,,,,
1483,LND,,,,,,,,,,,,
1484,CLN,62,1903,94,44487,713,2380,0.83,1448516,100,10000000,100,10000000
1485,LND,,,,,,,,,,,,
1486,LND,,,,,,,,,,,,
1487,LND,,,,,,,,,,,,
1488,LND,,,,,,,,,,,,
1489,LND,,,,,,,,,,,,
1490,LND,,,,,,,,,,,,
1491,LND,,,,,,,,,,,,
1492,LND,,,,,,,,,,,,
1493,LND,,,,,,,,,,,,
1494,LND,,,,,,,,,,,,
1495,LND,,,,,,,,,,,,
1496,LND,,,,,,,,,,,,
1497,LND,,,,,,,,,,,,
1498,LND,,,,,,,,,,,,
1499,LND,,,,,,,,,,,,
1500,LND,,,,,,,,,,,,
1501,LND,,,,,,,,,,,,
1502,LND,,,,,,,,,,,,
1503,LND,,,,,,,,,,,,
1504,LND,,,,,,,,,,,,
1505,LND,,,,,,,,,,,,
1506,LND,,,,,,,,,,,,
1507,LND,,,,,,,,,,,,
1508,LND,,,,,,,,,,,,
1509,LND,,,,,,,,,,,,
1510,LND,,,,,,,,,,,,
1511,LND,,,,,,,,,,,,
1512,LND,,,,,,,,,,,,
1513,LND,,,,,,,,,,,,
1514,LND,,,,,,,,,,,,
1515,LND,,,,,,,,,,,,
1516,LND,,,,,,,,,,,,
1517,LND,,,,,,,,,,,,
1518,CLN,71,1608,83,52942,726,2677,0.7,8004350,100,10000000,100,10000000
1519,LND,,,,,,,,,,,,
1520,LND,,,,,,,,,,,,
1521,LND,,,,,,,,,,,,
1522,LND,,,,,,,,,,,,
1523,LND,,,,,,,,,,,,
1524,LND,,,,,,,,,,,,
1525,LND,,,,,,,,,,,,
1526,LND,,,,,,,,,,,,
1527,LND,,,,,,,,,,,,
1528,LND,,,,,,,,,,,,
1529,LND,,,,,,,,,,,,
1530,LND,,,,,,,,,,,,
1531,LND,,,,,,,,,,,,
1532,LND,,,,,,,,,,,,
1533,LND,,,,,,,,,,,,
1534,LND,,,,,,,,,,,,
1535,LND,,,,,,,,,,,,
1536,LND,,,,,,,,,,,,
1537,LND,,,,,,,,,,,,
1538,LND,,,,,,,,,,,,
1539,LND,,,,,,,,,,,,
1540,LND,,,,,,,,,,,,
1541,LND,,,,,,,,,,,,
1542,LND,,,,,,,,,,,,
1543,LND,,,,,,,,,,,,
1544,LND,,,,,,,,,,,,
1545,LND,,,,,,,,,,,,
1546,LND,,,,,,,,,,,,
1547,LND,,,,,,,,,,,,
1548,LND,,,,,,,,,,,,
1549,LND,,,,,,,,,,,,
1550,LND,,,,,,,,,,,,
1551,LND,,,,,,,,,,,,
1552,LND,,,,,,,,,,,,
1553,LND,,,,,,,,,,,,
1554,LND,,,,,,,,,,,,
1555,LND,,,,,,,,,,,,
1556,LND,,,,,,,,,,,,
1557,LND,,,,,,,,,,,,
1558,LND,,,,,,,,,,,,
1559,LND,,,,,,,,,,,,
1560,LND,,,,,,,,,,,,
1561,LND,,,,,,,,,,,,
1562,LND,,,,,,,,,,,,
1563,LND,,,,,,,,,,,,
1564,LND,,,,,,,,,,,,
1565,LND,,,,,,,,,,,,
1566,LND,,,,,,,,,,,,
1567,LND,,,,,,,,,,,,
1568,LND,,,,,,,,,,,,
1569,LND,,,,,,,,,,,,
1570,LND,,,,,,,,,,,,
1571,LND,,,,,,,,,,,,
1572,LND,,,,,,,,,,,,
1573,LND,,,,,,,,,,,,
1574,LND,,,,,,,,,,,,
1575,CLN,71,1558,103,49845,654,2048,0.89,5313731,100,10000000,100,10000000
1576,CLN,74,2118,90,53832,611,2418,0.85,1799971,100,10000000,100,10000000
1577,LND,,,,,,,,,,,,
1578,LND,,,,,,,,,,,,
1579,LND,,,,,,,,,,,,
1580,LND,,,,,,,,,,,,
1581,LND,,,,,,,,,,,,
1582,LND,,,,,,,,,,,,
1583,LND,,,,,,,,,,,,
1584,LND,,,,,,,,,,,,
1585,LND,,,,,,,,,,,,
1586,LND,,,,,,,,,,,,
1587,LND,,,,,,,,,,,,
1588,LND,,,,,,,,,,,,
1589,LND,,,,,,,,,,,,
1590,LND,,,,,,,,,,,,
1591,LND,,,,,,,,,,,,
1592,LND,,,,,,,,,,,,
1593,LND,,,,,,,,,,,,
1594,CLN,59,1569,117,49481,709,2859,0.89,4752697,100,10000000,100,10000000
1595,LND,,,,,,,,,,,,
1596,LND,,,,,,,,,,,,
1597,LND,,,,,,,,,,,,
1598,CLN,55,1817,92,49576,724,2980,0.66,2433932,100,10000000,100,10000000
1599,LND,,,,,,,,,,,,
1600,LND,,,,,,,,,,,,
1601,LND,,,,,,,,,,,,
1602,LND,,,,,,,,,,,,
1603,LND,,,,,,,,,,,,
1604,LND,,,,,,,,,,,,
1605,CLN,66,2390,111,50992,617,2777,0.94,9072273,100,10000000,100,10000000
1606,LND,,,,,,,,,,,,
1607,LND,,,,,,,,,,,,
1608,LND,,,,,,,,,,,,
1609,LND,,,,,,,,,,,,
1610,LND,,,,,,,,,,,,
1611,LND,,,,,,,,,,,,
1612,LND,,,,,,,,,,,,
1613,LND,,,,,,,,,,,,
1614,LND,,,,,,,,,,,,
1615,LND,,,,,,,,,,,,
1616,LND,,,,,,,,,,,,
1617,LND,,,,,,,,,,,,
1618,LND,,,,,,,,,,,,
1619,LND,,,,,,,,,,,,
1620,LND,,,,,,,,,,,,
1621,LND,,,,,,,,,,,,
1622,LND,,,,,,,,,,,,
1623,LND,,,,,,,,,,,,
1624,LND,,,,,,,,,,,,
1625,LND,,,,,,,,,,,,
1626,LND,,,,,,,,,,,,
1627,LND,,,,,,,,,,,,
1628,LND,,,,,,,,,,,,
1629,LND,,,,,,,,,,,,
1630,LND,,,,,,,,,,,,
1631,LND,,,,,,,,,,,,
1632,LND,,,,,,,,,,,,
1633,LND,,,,,,,,,,,,
1634,LND,,,,,,,,,,,,
1635,LND,,,,,,,,,,,,
1636,LND,,,,,,,,,,,,
1637,LND,,,,,,,,,,,,
1638,LND,,,,,,,,,,,,
1639,LND,,,,,,,,,,,,
1640,LND,,,,,,,,,,,,
1641,LND,,,,,,,,,,,,
1642,LND,,,,,,,,,,,,
1643,LND,,,,,,,,,,,,
1644,LND,,,,,,,,,,,,
1645,LND,,,,,,,,,,,,
1646,CLN,56,1966,110,56574,589,2765,0.76,1745585,100,10000000,100,10000000
1647,LND,,,,,,,,,,,,
1648,LND,,,,,,,,,,,,
1649,LND,,,,,,,,,,,,
1650,LND,,,,,,,,,,,,
1651,LND,,,,,,,,,,,,
1652,LND,,,,,,,,,,,,
1653,CLN,58,2312,120,57069,602,2999,0.73,7993658,100,10000000,100,10000000
1654,LND,,,,,,,,,,,,
1655,LND,,,,,,,,,,,,
1656,LND,,,,,,,,,,,,
1657,LND,,,,,,,,,,,,
1658,LND,,,,,,,,,,,,
1659,LND,,,,,,,,,,,,
1660,LND,,,,,,,,,,,,
1661,LND,,,,,,,,,,,,
1662,LND,,,,,,,,,,,,
1663,LND,,,,,,,,,,,,
1664,LND,,,,,,,,,,,,
1665,LND,,,,,,,,,,,,
1666,LND,,,,,,,,,,,,
1667,LND,,,,,,,,,,,,
1668,LND,,,,,,,,,,,,
1669,LND,,,,,,,,,,,,
1670,LND,,,,,,,,,,,,
1671,LND,,,,,,,,,,,,
1672,LND,,,,,,,,,,,,
1673,LND,,,,,,,,,,,,
1674,LND,,,,,,,,,,,,
1675,LND,,,,,,,,,,,,
1676,LND,,,,,,,,,,,,
1677,LND,,,,,,,,,,,,
1678,LND,,,,,,,,,,,,
1679,LND,,,,,,,,,,,,
1680,LND,,,,,,,,,,,,
1681,LND,,,,,,,,,,,,
1682,LND,,,,,,,,,,,,
1683,CLN,70,1889,115,55742,618,2734,0.85,4258259,100,10000000,100,10000000
1684,LND,,,,,,,,,,,,
1685,LND,,,,,,,,,,,,
1686,LND,,,,,,,,,,,,
1687,LND,,,,,,,,,,,,
1688,LND,,,,,,,,,,,,
1689,LND,,,,,,,,,,,,
1690,LND,,,,,,,,,,,,
1691,LND,,,,,,,,,,,,
1692,LND,,,,,,,,,,,,
1693,LND,,,,,,,,,,,,
1694,LND,,,,,,,,,,,,
1695,LND,,,,,,,,,,,,
1696,LND,,,,,,,,,,,,
1697,CLN,56,1606,84,54652,760,2147,0.73,3670160,100,10000000,100,10000000
1698,LND,,,,,,,,,,,,
1699,CLN,69,2469,94,51175,667,2528,0.81,7948602,100,10000000,100,10000000
1700,LND,,,,,,,,,,,,
1701,LND,,,,,,,,,,,,
1702,CLN,70,1537,105,40331,760,2115,0.81,8592232,100,10000000,100,10000000
1703,LND,,,,,,,,,,,,
1704,LND,,,,,,,,,,,,
1705,LND,,,,,,,,,,,,
1706,LND,,,,,,,,,,,,
1707,LND,,,,,,,,,,,,
1708,LND,,,,,,,,,,,,
1709,CLN,67,2418,112,44656,662,2907,0.84,6700119,100,10000000,100,10000000
1710,LND,,,,,,,,,,,,
1711,LND,,,,,,,,,,,,
1712,LND,,,,,,,,,,,,
1713,LND,,,,,,,,,,,,
1714,LND,,,,,,,,,,,,
1715,LND,,,,,,,,,,,,
1716,LND,,,,,,,,,,,,
1717,LND,,,,,,,,,,,,
1718,LND,,,,,,,,,,,,
1719,LND,,,,,,,,,,,,
1720,LND,,,,,,,,,,,,
1721,LND,,,,,,,,,,,,
1722,LND,,,,,,,,,,,,
1723,LND,,,,,,,,,,,,
1724,LND,,,,,,,,,,,,
1725,LND,,,,,,,,,,,,
1726,LND,,,,,,,,,,,,
1727,LND,,,,,,,,,,,,
1728,LND,,,,,,,,,,,,
1729,LND,,,,,,,,,,,,
1730,LND,,,,,,,,,,,,
1731,LND,,,,,,,,,,,,
1732,LND,,,,,,,,,,,,
1733,LND,,,,,,,,,,,,
1734,LND,,,,,,,,,,,,
1735,LND,,,,,,,,,,,,
1736,LND,,,,,,,,,,,,
1737,LND,,,,,,,,,,,,
1738,LND,,,,,,,,,,,,
1739,LND,,,,,,,,,,,,
1740,LND,,,,,,,,,,,,
1741,LND,,,,,,,,,,,,
1742,LND,,,,,,,,,,,,
1743,LND,,,,,,,,,,,,
1744,LND,,,,,,,,,,,,
1745,LND,,,,,,,,,,,,
1746,LND,,,,,,,,,,,,
1747,LND,,,,,,,,,,,,
1748,LND,,,,,,,,,,,,
1749,LND,,,,,,,,,,,,
1750,CLN,59,2259,120,55097,683,2249,0.9,1978663,100,10000000,100,10000000
1751,CLN,67,2041,105,41535,697,2074,0.73,8320190,100,10000000,100,10000000
1752,LND,,,,,,,,,,,,
1753,LND,,,,,,,,,,,,
1754,LND,,,,,,,,,,,,
1755,LND,,,,,,,,,,,,
1756,LND,,,,,,,,,,,,
1757,LND,,,,,,,,,,,,
1758,LND,,,,,,,,,,,,
1759,LND,,,,,,,,,,,,
1760,LND,,,,,,,,,,,,
1761,LND,,,,,,,,,,,,
1762,LND,,,,,,,,,,,,
1763,LND,,,,,,,,,,,,
1764,LND,,,,,,,,,,,,
1765,LND,,,,,,,,,,,,
1766,CLN,58,2376,81,56960,634,2626,0.87,8226150,100,10000000,100,10000000
1767,LND,,,,,,,,,,,,
1768,LND,,,,,,,,,,,,
1769,LND,,,,,,,,,,,,
1770,LND,,,,,,,,,,,,
1771,LND,,,,,,,,,,,,
1772,LND,,,,,,,,,,,,
1773,LND,,,,,,,,,,,,
1774,LND,,,,,,,,,,,,
1775,LND,,,,,,,,,,,,
1776,LND,,,,,,,,,,,,
1777,LND,,,,,,,,,,,,
1778,LND,,,,,,,,,,,,
1779,CLN,55,1659,93,52427,721,2545,0.9,6925111,100,10000000,100,10000000
1780,LND,,,,,,,,,,,,
1781,LND,,,,,,,,,,,,
1782,LND,,,,,,,,,,,,
1783,LND,,,,,,,,,,,,
1784,CLN,65,2359,83,59375,748,2102,0.95,773899,100,10000000,100,10000000
1785,LND,,,,,,,,,,,,
1786,LND,,,,,,,,,,,,
1787,LND,,,,,,,,,,,,
1788,LND,,,,,,,,,,,,
1789,CLN,67,2029,94,49361,673,2063,0.72,4746257,100,10000000,100,10000000
1790,CLN,64,1655,104,54888,728,2102,0.89,7908428,100,10000000,100,10000000
1791,CLN,62,1629,96,49611,592,2302,0.6,6863974,100,10000000,100,10000000
1792,LND,,,,,,,,,,,,
1793,LND,,,,,,,,,,,,
1794,LND,,,,,,,,,,,,
1795,LND,,,,,,,,,,,,
1796,LND,,,,,,,,,,,,
1797,LND,,,,,,,,,,,,
1798,LND,,,,,,,,,,,,
1799,LND,,,,,,,,,,,,
1800,LND,,,,,,,,,,,,
1801,CLN,70,2474,101,49880,586,2324,0.81,8757387,100,10000000,100,10000000
1802,LND,,,,,,,,,,,,
1803,LND,,,,,,,,,,,,
1804,LND,,,,,,,,,,,,
1805,LND,,,,,,,,,,,,
1806,CLN,65,2480,95,43178,702,2732,0.61,6375060,100,10000000,100,10000000
1807,LND,,,,,,,,,,,,
1808,LND,,,,,,,,,,,,
1809,LND,,,,,,,,,,,,
1810,LND,,,,,,,,,,,,
1811,LND,,,,,,,,,,,,
1812,LND,,,,,,,,,,,,
1813,LND,,,,,,,,,,,,
1814,CLN,69,2308,106,50307,616,2321,0.9,72767,100,10000000,100,10000000
1815,LND,,,,,,,,,,,,
1816,LND,,,,,,,,,,,,
1817,LND,,,,,,,,,,,,
1818,LND,,,,,,,,,,,,
1819,LND,,,,,,,,,,,,
1820,LND,,,,,,,,,,,,
1821,LND,,,,,,,,,,,,
1822,LND,,,,,,,,,,,,
1823,LND,,,,,,,,,,,,
1824,LND,,,,,,,,,,,,
1825,LND,,,,,,,,,,,,
1826,LND,,,,,,,,,,,,
1827,LND,,,,,,,,,,,,
1828,LND,,,,,,,,,,,,
1829,LND,,,,,,,,,,,,
1830,LND,,,,,,,,,,,,
1831,CLN,58,1696,93,59909,617,2441,0.91,3266865,100,10000000,100,10000000
1832,LND,,,,,,,,,,,,
1833,LND,,,,,,,,,,,,
1834,LND,,,,,,,,,,,,
1835,LND,,,,,,,,,,,,
1836,LND,,,,,,,,,,,,
1837,LND,,,,,,,,,,,,
1838,LND,,,,,,,,,,,,
1839,LND,,,,,,,,,,,,
1840,LND,,,,,,,,,,,,
1841,LND,,,,,,,,,,,,
1842,LND,,,,,,,,,,,,
1843,LND,,,,,,,,,,,,
1844,CLN,69,1935,112,57551,729,2929,0.93,1516598,100,10000000,100,10000000
1845,LND,,,,,,,,,,,,
1846,LND,,,,,,,,,,,,
1847,LND,,,,,,,,,,,,
1848,LND,,,,,,,,,,,,
1849,LND,,,,,,,,,,,,
1850,LND,,,,,,,,,,,,
1851,CLN,66,1651,108,41736,728,2330,0.68,3978652,100,10000000,100,10000000
1852,LND,,,,,,,,,,,,
1853,LND,,,,,,,,,,,,
1854,LND,,,,,,,,,,,,
1855,LND,,,,,,,,,,,,
1856,LND,,,,,,,,,,,,
1857,LND,,,,,,,,,,,,
1858,LND,,,,,,,,,,,,
1859,LND,,,,,,,,,,,,
1860,CLN,59,1719,106,43297,741,2568,0.99,2887509,100,10000000,100,10000000
1861,LND,,,,,,,,,,,,
1862,LND,,,,,,,,,,,,
1863,LND,,,,,,,,,,,,
1864,LND,,,,,,,,,,,,
1865,LND,,,,,,,,,,,,
1866,LND,,,,,,,,,,,,
1867,LND,,,,,,,,,,,,
1868,LND,,,,,,,,,,,,
1869,CLN,70,2090,120,56339,644,2853,0.87,2084891,100,10000000,100,10000000
1870,LND,,,,,,,,,,,,
1871,LND,,,,,,,,,,,,
1872,LND,,,,,,,,,,,,
1873,CLN,58,1967,120,54309,732,2873,0.83,1235830,100,10000000,100,10000000
1874,LND,,,,,,,,,,,,
1875,LND,,,,,,,,,,,,
1876,LND,,,,,,,,,,,,
1877,LND,,,,,,,,,,,,
1878,LND,,,,,,,,,,,,
1879,LND,,,,,,,,,,,,
1880,LND,,,,,,,,,,,,
1881,CLN,59,2342,106,54193,722,2211,0.76,1236922,100,10000000,100,10000000
1882,LND,,,,,,,,,,,,
1883,LND,,,,,,,,,,,,
1884,LND,,,,,,,,,,,,
1885,LND,,,,,,,,,,,,
1886,LND,,,,,,,,,,,,
1887,LND,,,,,,,,,,,,
1888,LND,,,,,,,,,,,,
1889,LND,,,,,,,,,,,,
1890,LND,,,,,,,,,,,,
1891,LND,,,,,,,,,,,,
1892,LND,,,,,,,,,,,,
1893,LND,,,,,,,,,,,,
1894,LND,,,,,,,,,,,,
1895,LND,,,,,,,,,,,,
1896,LND,,,,,,,,,,,,
1897,LND,,,,,,,,,,,,
1898,LND,,,,,,,,,,,,
1899,CLN,55,2009,120,47181,671,2350,0.91,4525055,100,10000000,100,10000000
1900,CLN,61,1525,91,57354,692,2890,0.85,6133049,100,10000000,100,10000000
1901,LND,,,,,,,,,,,,
1902,CLN,68,2093,89,59308,569,2016,0.72,2851474,100,10000000,100,10000000
1903,LND,,,,,,,,,,,,
1904,LND,,,,,,,,,,,,
1905,LND,,,,,,,,,,,,
1906,LND,,,,,,,,,,,,
1907,LND,,,,,,,,,,,,
1908,LND,,,,,,,,,,,,
1909,CLN,55,2132,87,53610,625,2825,0.62,4458271,100,10000000,100,10000000
1910,LND,,,,,,,,,,,,
1911,LND,,,,,,,,,,,,
1912,LND,,,,,,,,,,,,
1913,LND,,,,,,,,,,,,
1914,LND,,,,,,,,,,,,
1915,LND,,,,,,,,,,,,
1916,LND,,,,,,,,,,,,
1917,LND,,,,,,,,,,,,
1918,LND,,,,,,,,,,,,
1919,LND,,,,,,,,,,,,
1920,LND,,,,,,,,,,,,
1921,LND,,,,,,,,,,,,
1922,LND,,,,,,,,,,,,
1923,LND,,,,,,,,,,,,
1924,LND,,,,,,,,,,,,
1925,LND,,,,,,,,,,,,
1926,LND,,,,,,,,,,,,
1927,LND,,,,,,,,,,,,
1928,LND,,,,,,,,,,,,
1929,LND,,,,,,,,,,,,
1930,LND,,,,,,,,,,,,
1931,LND,,,,,,,,,,,,
1932,CLN,65,1996,108,40936,683,2639,0.69,8178976,100,10000000,100,10000000
1933,LND,,,,,,,,,,,,
1934,LND,,,,,,,,,,,,
1935,LND,,,,,,,,,,,,
1936,LND,,,,,,,,,,,,
1937,LND,,,,,,,,,,,,
1938,LND,,,,,,,,,,,,
1939,LND,,,,,,,,,,,,
1940,LND,,,,,,,,,,,,
1941,CLN,60,2407,119,58814,596,2476,0.92,669057,100,10000000,100,10000000
1942,LND,,,,,,,,,,,,
1943,LND,,,,,,,,,,,,
1944,LND,,,,,,,,,,,,
1945,LND,,,,,,,,,,,,
1946,LND,,,,,,,,,,,,
1947,LND,,,,,,,,,,,,
1948,LND,,,,,,,,,,,,
1949,LND,,,,,,,,,,,,
1950,LND,,,,,,,,,,,,
1951,LND,,,,,,,,,,,,
1952,LND,,,,,,,,,,,,
1953,LND,,,,,,,,,,,,
1954,LND,,,,,,,,,,,,
1955,LND,,,,,,,,,,,,
1956,LND,,,,,,,,,,,,
1957,LND,,,,,,,,,,,,
1958,LND,,,,,,,,,,,,
1959,LND,,,,,,,,,,,,
1960,LND,,,,,,,,,,,,
1961,LND,,,,,,,,,,,,
1962,LND,,,,,,,,,,,,
1963,LND,,,,,,,,,,,,
1964,LND,,,,,,,,,,,,
1965,LND,,,,,,,,,,,,
1966,LND,,,,,,,,,,,,
1967,LND,,,,,,,,,,,,
1968,LND,,,,,,,,,,,,
1969,LND,,,,,,,,,,,,
1970,LND,,,,,,,,,,,,
1971,LND,,,,,,,,,,,,
1972,LND,,,,,,,,,,,,
1973,CLN,75,1955,100,45288,708,2602,0.81,9911484,100,10000000,100,10000000
1974,LND,,,,,,,,,,,,
1975,LND,,,,,,,,,,,,
1976,CLN,70,1545,97,51511,616,2231,0.97,1915032,100,10000000,100,10000000
1977,LND,,,,,,,,,,,,
1978,LND,,,,,,,,,,,,
1979,LND,,,,,,,,,,,,
1980,LND,,,,,,,,,,,,
1981,LND,,,,,,,,,,,,
1982,LND,,,,,,,,,,,,
1983,LND,,,,,,,,,,,,
1984,CLN,58,1544,102,53486,617,2507,0.61,2251866,100,10000000,100,10000000
1985,LND,,,,,,,,,,,,
1986,LND,,,,,,,,,,,,
1987,LND,,,,,,,,,,,,
1988,LND,,,,,,,,,,,,
1989,LND,,,,,,,,,,,,
1990,LND,,,,,,,,,,,,
1991,LND,,,,,,,,,,,,
1992,LND,,,,,,,,,,,,
1993,LND,,,,,,,,,,,,
1994,LND,,,,,,,,,,,,
1995,LND,,,,,,,,,,,,
1996,LND,,,,,,,,,,,,
1997,LND,,,,,,,,,,,,
1998,LND,,,,,,,,,,,,
1999,LND,,,,,,,,,,,,
2000,LND,,,,,,,,,,,,
2001,CLN,70,2498,114,55311,595,2384,0.8,9022703,100,10000000,100,10000000
2002,LND,,,,,,,,,,,,
2003,LND,,,,,,,,,,,,
2004,LND,,,,,,,,,,,,
2005,CLN,67,1535,90,52210,610,2448,0.66,3943614,100,10000000,100,10000000
2006,LND,,,,,,,,,,,,
2007,LND,,,,,,,,,,,,
2008,LND,,,,,,,,,,,,
2009,LND,,,,,,,,,,,,
2010,LND,,,,,,,,,,,,
2011,LND,,,,,,,,,,,,
2012,LND,,,,,,,,,,,,
2013,LND,,,,,,,,,,,,
2014,LND,,,,,,,,,,,,
2015,LND,,,,,,,,,,,,
2016,LND,,,,,,,,,,,,
2017,LND,,,,,,,,,,,,
2018,LND,,,,,,,,,,,,
2019,LND,,,,,,,,,,,,
2020,LND,,,,,,,,,,,,
2021,LND,,,,,,,,,,,,
2022,LND,,,,,,,,,,,,
2023,LND,,,,,,,,,,,,
2024,LND,,,,,,,,,,,,
2025,LND,,,,,,,,,,,,
2026,LND,,,,,,,,,,,,
2027,LND,,,,,,,,,,,,
2028,LND,,,,,,,,,,,,
2029,LND,,,,,,,,,,,,
2030,LND,,,,,,,,,,,,
2031,LND,,,,,,,,,,,,
2032,LND,,,,,,,,,,,,
2033,LND,,,,,,,,,,,,
2034,LND,,,,,,,,,,,,
2035,LND,,,,,,,,,,,,
2036,LND,,,,,,,,,,,,
2037,LND,,,,,,,,,,,,
2038,LND,,,,,,,,,,,,
2039,LND,,,,,,,,,,,,
2040,LND,,,,,,,,,,,,
2041,LND,,,,,,,,,,,,
2042,LND,,,,,,,,,,,,
2043,CLN,67,2316,106,58668,753,2314,1.0,5829435,100,10000000,100,10000000
2044,LND,,,,,,,,,,,,
2045,LND,,,,,,,,,,,,
2046,LND,,,,,,,,,,,,
2047,LND,,,,,,,,,,,,
2048,LND,,,,,,,,,,,,
2049,CLN,65,1504,111,42933,679,2817,0.92,7895099,100,10000000,100,10000000
2050,LND,,,,,,,,,,,,
2051,LND,,,,,,,,,,,,
2052,LND,,,,,,,,,,,,
2053,LND,,,,,,,,,,,,
2054,LND,,,,,,,,,,,,
2055,LND,,,,,,,,,,,,
2056,LND,,,,,,,,,,,,
2057,LND,,,,,,,,,,,,
2058,LND,,,,,,,,,,,,
2059,LND,,,,,,,,,,,,
2060,LND,,,,,,,,,,,,
2061,LND,,,,,,,,,,,,
2062,LND,,,,,,,,,,,,
2063,LND,,,,,,,,,,,,
2064,CLN,70,1568,106,54192,685,2166,0.79,8039959,100,10000000,100,10000000
2065,LND,,,,,,,,,,,,
2066,LND,,,,,,,,,,,,
2067,CLN,67,1788,95,49497,684,2429,0.63,1755959,100,10000000,100,10000000
2068,LND,,,,,,,,,,,,
2069,LND,,,,,,,,,,,,
2070,LND,,,,,,,,,,,,
2071,CLN,61,1844,116,56773,692,2489,0.65,9068411,100,10000000,100,10000000
2072,LND,,,,,,,,,,,,
2073,LND,,,,,,,,,,,,
2074,LND,,,,,,,,,,,,
2075,LND,,,,,,,,,,,,
2076,LND,,,,,,,,,,,,
2077,LND,,,,,,,,,,,,
2078,LND,,,,,,,,,,,,
2079,LND,,,,,,,,,,,,
2080,LND,,,,,,,,,,,,
2081,LND,,,,,,,,,,,,
2082,LND,,,,,,,,,,,,
2083,LND,,,,,,,,,,,,
2084,LND,,,,,,,,,,,,
2085,LND,,,,,,,,,,,,
2086,LND,,,,,,,,,,,,
2087,LND,,,,,,,,,,,,
2088,LND,,,,,,,,,,,,
2089,LND,,,,,,,,,,,,
2090,LND,,,,,,,,,,,,
2091,LND,,,,,,,,,,,,
2092,LND,,,,,,,,,,,,
2093,LND,,,,,,,,,,,,
2094,LND,,,,,,,,,,,,
2095,LND,,,,,,,,,,,,
2096,CLN,74,1547,80,53787,765,2047,0.82,9607923,100,10000000,100,10000000
2097,LND,,,,,,,,,,,,
2098,LND,,,,,,,,,,,,
2099,LND,,,,,,,,,,,,
2100,LND,,,,,,,,,,,,
2101,LND,,,,,,,,,,,,
2102,CLN,72,2060,86,49079,682,2400,0.9,1428099,100,10000000,100,10000000
2103,LND,,,,,,,,,,,,
2104,LND,,,,,,,,,,,,
2105,LND,,,,,,,,,,,,
2106,LND,,,,,,,,,,,,
2107,LND,,,,,,,,,,,,
2108,LND,,,,,,,,,,,,
2109,LND,,,,,,,,,,,,
2110,LND,,,,,,,,,,,,
2111,LND,,,,,,,,,,,,
2112,LND,,,,,,,,,,,,
2113,LND,,,,,,,,,,,,
2114,LND,,,,,,,,,,,,
2115,LND,,,,,,,,,,,,
2116,LND,,,,,,,,,,,,
2117,LND,,,,,,,,,,,,
2118,LND,,,,,,,,,,,,
2119,LND,,,,,,,,,,,,
2120,LND,,,,,,,,,,,,
2121,LND,,,,,,,,,,,,
2122,LND,,,,,,,,,,,,
2123,LND,,,,,,,,,,,,
2124,LND,,,,,,,,,,,,
2125,LND,,,,,,,,,,,,
2126,LND,,,,,,,,,,,,
2127,LND,,,,,,,,,,,,
2128,LND,,,,,,,,,,,,
2129,LND,,,,,,,,,,,,
2130,LND,,,,,,,,,,,,
2131,LND,,,,,,,,,,,,
2132,LND,,,,,,,,,,,,
2133,LND,,,,,,,,,,,,
2134,LND,,,,,,,,,,,,
2135,LND,,,,,,,,,,,,
2136,LND,,,,,,,,,,,,
2137,LND,,,,,,,,,,,,
2138,LND,,,,,,,,,,,,
2139,LND,,,,,,,,,,,,
2140,LND,,,,,,,,,,,,
2141,CLN,62,2383,91,55172,665,2628,0.62,3861603,100,10000000,100,10000000
2142,LND,,,,,,,,,,,,
2143,LND,,,,,,,,,,,,
2144,LND,,,,,,,,,,,,
2145,CLN,71,2407,92,46366,674,2605,1.0,7785889,100,10000000,100,10000000
2146,LND,,,,,,,,,,,,
2147,LND,,,,,,,,,,,,
2148,CLN,66,1880,118,51860,724,2901,0.68,3428146,100,10000000,100,10000000
2149,LND,,,,,,,,,,,,
2150,LND,,,,,,,,,,,,
2151,LND,,,,,,,,,,,,
2152,CLN,74,1569,93,42580,653,2395,0.63,2240796,100,10000000,100,10000000
2153,LND,,,,,,,,,,,,
2154,LND,,,,,,,,,,,,
2155,LND,,,,,,,,,,,,
2156,LND,,,,,,,,,,,,
2157,LND,,,,,,,,,,,,
2158,LND,,,,,,,,,,,,
2159,CLN,72,2369,119,45375,755,2412,0.65,5522713,100,10000000,100,10000000
2160,LND,,,,,,,,,,,,
2161,LND,,,,,,,,,,,,
2162,LND,,,,,,,,,,,,
2163,LND,,,,,,,,,,,,
2164,LND,,,,,,,,,,,,
2165,LND,,,,,,,,,,,,
2166,CLN,74,2404,96,54503,761,2958,0.92,4332145,100,10000000,100,10000000
2167,LND,,,,,,,,,,,,
2168,LND,,,,,,,,,,,,
2169,LND,,,,,,,,,,,,
2170,LND,,,,,,,,,,,,
2171,LND,,,,,,,,,,,,
2172,LND,,,,,,,,,,,,
2173,LND,,,,,,,,,,,,
2174,LND,,,,,,,,,,,,
2175,LND,,,,,,,,,,,,
2176,LND,,,,,,,,,,,,
2177,LND,,,,,,,,,,,,
2178,LND,,,,,,,,,,,,
2179,LND,,,,,,,,,,,,
2180,CLN,73,1820,115,40841,759,2120,0.83,5670041,100,10000000,100,10000000
2181,LND,,,,,,,,,,,,
2182,LND,,,,,,,,,,,,
2183,LND,,,,,,,,,,,,
2184,LND,,,,,,,,,,,,
2185,LND,,,,,,,,,,,,
2186,LND,,,,,,,,,,,,
2187,LND,,,,,,,,,,,,
2188,LND,,,,,,,,,,,,
2189,LND,,,,,,,,,,,,
2190,LND,,,,,,,,,,,,
2191,LND,,,,,,,,,,,,
2192,CLN,75,2340,91,45099,766,2414,0.62,818354,100,10000000,100,10000000
2193,LND,,,,,,,,,,,,
2194,LND,,,,,,,,,,,,
2195,LND,,,,,,,,,,,,
2196,LND,,,,,,,,,,,,
2197,LND,,,,,,,,,,,,
2198,LND,,,,,,,,,,,,
2199,CLN,61,1910,102,55794,718,2766,0.94,7806398,100,10000000,100,10000000
2200,LND,,,,,,,,,,,,
2201,LND,,,,,,,,,,,,
2202,LND,,,,,,,,,,,,
2203,LND,,,,,,,,,,,,
2204,LND,,,,,,,,,,,,
2205,CLN,63,2198,110,57330,762,2216,0.76,2070923,100,10000000,100,10000000
2206,LND,,,,,,,,,,,,
2207,LND,,,,,,,,,,,,
2208,LND,,,,,,,,,,,,
2209,LND,,,,,,,,,,,,
2210,LND,,,,,,,,,,,,
2211,LND,,,,,,,,,,,,
2212,LND,,,,,,,,,,,,
2213,LND,,,,,,,,,,,,
2214,LND,,,,,,,,,,,,
2215,LND,,,,,,,,,,,,
2216,LND,,,,,,,,,,,,
2217,LND,,,,,,,,,,,,
2218,LND,,,,,,,,,,,,
2219,LND,,,,,,,,,,,,
2220,LND,,,,,,,,,,,,
2221,LND,,,,,,,,,,,,
2222,LND,,,,,,,,,,,,
2223,LND,,,,,,,,,,,,
2224,LND,,,,,,,,,,,,
2225,LND,,,,,,,,,,,,
2226,LND,,,,,,,,,,,,
2227,LND,,,,,,,,,,,,
2228,LND,,,,,,,,,,,,
2229,LND,,,,,,,,,,,,
2230,LND,,,,,,,,,,,,
2231,LND,,,,,,,,,,,,
2232,LND,,,,,,,,,,,,
2233,LND,,,,,,,,,,,,
2234,LND,,,,,,,,,,,,
2235,LND,,,,,,,,,,,,
2236,LND,,,,,,,,,,,,
2237,LND,,,,,,,,,,,,
2238,LND,,,,,,,,,,,,
2239,LND,,,,,,,,,,,,
2240,LND,,,,,,,,,,,,
2241,LND,,,,,,,,,,,,
2242,LND,,,,,,,,,,,,
2243,LND,,,,,,,,,,,,
2244,LND,,,,,,,,,,,,
2245,LND,,,,,,,,,,,,
2246,LND,,,,,,,,,,,,
2247,LND,,,,,,,,,,,,
2248,LND,,,,,,,,,,,,
2249,LND,,,,,,,,,,,,
2250,LND,,,,,,,,,,,,
2251,LND,,,,,,,,,,,,
2252,LND,,,,,,,,,,,,
2253,CLN,59,2392,120,55223,760,2045,0.99,6556734,100,10000000,100,10000000
2254,CLN,70,2090,90,56770,754,2750,0.84,1048622,100,10000000,100,10000000
2255,CLN,61,2456,110,52344,677,2591,0.82,3746130,100,10000000,100,10000000
2256,LND,,,,,,,,,,,,
2257,LND,,,,,,,,,,,,
2258,LND,,,,,,,,,,,,
2259,LND,,,,,,,,,,,,
2260,LND,,,,,,,,,,,,
2261,LND,,,,,,,,,,,,
2262,LND,,,,,,,,,,,,
2263,LND,,,,,,,,,,,,
2264,LND,,,,,,,,,,,,
2265,CLN,74,2387,112,44607,681,2384,0.96,3872074,100,10000000,100,10000000
2266,LND,,,,,,,,,,,,
2267,CLN,57,1943,81,54997,708,2096,0.82,2508692,100,10000000,100,10000000
2268,LND,,,,,,,,,,,,
2269,LND,,,,,,,,,,,,
2270,LND,,,,,,,,,,,,
2271,LND,,,,,,,,,,,,
2272,LND,,,,,,,,,,,,
2273,LND,,,,,,,,,,,,
2274,LND,,,,,,,,,,,,
2275,LND,,,,,,,,,,,,
2276,LND,,,,,,,,,,,,
2277,LND,,,,,,,,,,,,
2278,CLN,67,1657,86,46571,669,2863,0.85,1146303,100,10000000,100,10000000
2279,LND,,,,,,,,,,,,
2280,LND,,,,,,,,,,,,
2281,LND,,,,,,,,,,,,
2282,LND,,,,,,,,,,,,
2283,LND,,,,,,,,,,,,
2284,LND,,,,,,,,,,,,
2285,LND,,,,,,,,,,,,
2286,LND,,,,,,,,,,,,
2287,LND,,,,,,,,,,,,
2288,LND,,,,,,,,,,,,
2289,LND,,,,,,,,,,,,
2290,LND,,,,,,,,,,,,
2291,LND,,,,,,,,,,,,
2292,LND,,,,,,,,,,,,
2293,LND,,,,,,,,,,,,
2294,CLN,66,1849,88,59455,666,2679,0.69,1745746,100,10000000,100,10000000
2295,LND,,,,,,,,,,,,
2296,LND,,,,,,,,,,,,
2297,LND,,,,,,,,,,,,
2298,CLN,62,2364,114,59940,660,2866,0.67,6057967,100,10000000,100,10000000
2299,LND,,,,,,,,,,,,
2300,LND,,,,,,,,,,,,
2301,LND,,,,,,,,,,,,
2302,LND,,,,,,,,,,,,
2303,LND,,,,,,,,,,,,
2304,LND,,,,,,,,,,,,
2305,LND,,,,,,,,,,,,
2306,LND,,,,,,,,,,,,
2307,LND,,,,,,,,,,,,
2308,LND,,,,,,,,,,,,
2309,LND,,,,,,,,,,,,
2310,LND,,,,,,,,,,,,
2311,LND,,,,,,,,,,,,
2312,LND,,,,,,,,,,,,
2313,LND,,,,,,,,,,,,
2314,LND,,,,,,,,,,,,
2315,LND,,,,,,,,,,,,
2316,LND,,,,,,,,,,,,
2317,LND,,,,,,,,,,,,
2318,LND,,,,,,,,,,,,
2319,LND,,,,,,,,,,,,
2320,LND,,,,,,,,,,,,
2321,CLN,73,2209,111,53238,600,2628,0.66,1704564,100,10000000,100,10000000
2322,LND,,,,,,,,,,,,
2323,LND,,,,,,,,,,,,
2324,LND,,,,,,,,,,,,
2325,LND,,,,,,,,,,,,
2326,LND,,,,,,,,,,,,
2327,LND,,,,,,,,,,,,
2328,LND,,,,,,,,,,,,
2329,LND,,,,,,,,,,,,
2330,LND,,,,,,,,,,,,
2331,LND,,,,,,,,,,,,
2332,LND,,,,,,,,,,,,
2333,LND,,,,,,,,,,,,
2334,LND,,,,,,,,,,,,
2335,LND,,,,,,,,,,,,
2336,LND,,,,,,,,,,,,
2337,LND,,,,,,,,,,,,
2338,LND,,,,,,,,,,,,
2339,LND,,,,,,,,,,,,
2340,LND,,,,,,,,,,,,
2341,LND,,,,,,,,,,,,
2342,LND,,,,,,,,,,,,
2343,LND,,,,,,,,,,,,
2344,LND,,,,,,,,,,,,
2345,LND,,,,,,,,,,,,
2346,LND,,,,,,,,,,,,
2347,LND,,,,,,,,,,,,
2348,LND,,,,,,,,,,,,
2349,LND,,,,,,,,,,,,
2350,LND,,,,,,,,,,,,
2351,LND,,,,,,,,,,,,
2352,LND,,,,,,,,,,,,
2353,LND,,,,,,,,,,,,
2354,LND,,,,,,,,,,,,
2355,LND,,,,,,,,,,,,
2356,LND,,,,,,,,,,,,
2357,LND,,,,,,,,,,,,
2358,CLN,65,1511,93,59501,574,2838,0.83,817135,100,10000000,100,10000000
2359,LND,,,,,,,,,,,,
2360,LND,,,,,,,,,,,,
2361,LND,,,,,,,,,,,,
2362,LND,,,,,,,,,,,,
2363,LND,,,,,,,,,,,,
2364,LND,,,,,,,,,,,,
2365,LND,,,,,,,,,,,,
2366,LND,,,,,,,,,,,,
2367,LND,,,,,,,,,,,,
2368,LND,,,,,,,,,,,,
2369,LND,,,,,,,,,,,,
2370,LND,,,,,,,,,,,,
2371,LND,,,,,,,,,,,,
2372,LND,,,,,,,,,,,,
2373,LND,,,,,,,,,,,,
2374,LND,,,,,,,,,,,,
2375,LND,,,,,,,,,,,,
2376,LND,,,,,,,,,,,,
2377,LND,,,,,,,,,,,,
2378,LND,,,,,,,,,,,,
2379,LND,,,,,,,,,,,,
2380,LND,,,,,,,,,,,,
2381,LND,,,,,,,,,,,,
2382,LND,,,,,,,,,,,,
2383,LND,,,,,,,,,,,,
2384,LND,,,,,,,,,,,,
2385,LND,,,,,,,,,,,,
2386,CLN,74,2123,84,52491,752,2609,0.64,403039,100,10000000,100,10000000
2387,LND,,,,,,,,,,,,
2388,LND,,,,,,,,,,,,
2389,LND,,,,,,,,,,,,
2390,LND,,,,,,,,,,,,
2391,CLN,69,2452,101,50633,681,2796,0.68,1096937,100,10000000,100,10000000
2392,LND,,,,,,,,,,,,
2393,LND,,,,,,,,,,,,
2394,LND,,,,,,,,,,,,
2395,LND,,,,,,,,,,,,
2396,CLN,66,1923,93,46184,692,2802,0.69,9169000,100,10000000,100,10000000
2397,LND,,,,,,,,,,,,
2398,LND,,,,,,,,,,,,
2399,LND,,,,,,,,,,,,
2400,LND,,,,,,,,,,,,
2401,LND,,,,,,,,,,,,
2402,LND,,,,,,,,,,,,
2403,LND,,,,,,,,,,,,
2404,LND,,,,,,,,,,,,
2405,LND,,,,,,,,,,,,
2406,LND,,,,,,,,,,,,
2407,CLN,63,1829,89,42472,736,2113,0.79,3865036,100,10000000,100,10000000
2408,LND,,,,,,,,,,,,
2409,LND,,,,,,,,,,,,
2410,LND,,,,,,,,,,,,
2411,LND,,,,,,,,,,,,
2412,CLN,65,2486,102,48914,626,2607,0.89,8191379,100,10000000,100,10000000
2413,LND,,,,,,,,,,,,
2414,LND,,,,,,,,,,,,
2415,LND,,,,,,,,,,,,
2416,LND,,,,,,,,,,,,
2417,LND,,,,,,,,,,,,
2418,CLN,60,1596,97,49212,617,2139,0.95,1180477,100,10000000,100,10000000
2419,LND,,,,,,,,,,,,
2420,LND,,,,,,,,,,,,
2421,LND,,,,,,,,,,,,
2422,LND,,,,,,,,,,,,
2423,LND,,,,,,,,,,,,
2424,LND,,,,,,,,,,,,
2425,LND,,,,,,,,,,,,
2426,LND,,,,,,,,,,,,
2427,LND,,,,,,,,,,,,
2428,LND,,,,,,,,,,,,
2429,CLN,59,1965,93,42165,682,2520,0.75,6600555,100,10000000,100,10000000
2430,LND,,,,,,,,,,,,
2431,LND,,,,,,,,,,,,
2432,LND,,,,,,,,,,,,
2433,LND,,,,,,,,,,,,
2434,LND,,,,,,,,,,,,
2435,LND,,,,,,,,,,,,
2436,LND,,,,,,,,,,,,
2437,LND,,,,,,,,,,,,
2438,LND,,,,,,,,,,,,
2439,CLN,71,2129,82,52922,704,2197,0.62,49637,100,10000000,100,10000000
2440,LND,,,,,,,,,,,,
2441,LND,,,,,,,,,,,,
2442,LND,,,,,,,,,,,,
2443,LND,,,,,,,,,,,,
2444,LND,,,,,,,,,,,,
2445,LND,,,,,,,,,,,,
2446,LND,,,,,,,,,,,,
2447,LND,,,,,,,,,,,,
2448,LND,,,,,,,,,,,,
2449,LND,,,,,,,,,,,,
2450,LND,,,,,,,,,,,,
2451,LND,,,,,,,,,,,,
2452,LND,,,,,,,,,,,,
2453,LND,,,,,,,,,,,,
2454,LND,,,,,,,,,,,,
2455,LND,,,,,,,,,,,,
2456,LND,,,,,,,,,,,,
2457,LND,,,,,,,,,,,,
2458,LND,,,,,,,,,,,,
2459,LND,,,,,,,,,,,,
2460,LND,,,,,,,,,,,,
2461,LND,,,,,,,,,,,,
2462,LND,,,,,,,,,,,,
2463,LND,,,,,,,,,,,,
2464,LND,,,,,,,,,,,,
2465,LND,,,,,,,,,,,,
2466,LND,,,,,,,,,,,,
2467,LND,,,,,,,,,,,,
2468,LND,,,,,,,,,,,,
2469,LND,,,,,,,,,,,,
2470,LND,,,,,,,,,,,,
2471,CLN,66,1925,104,43942,588,2970,0.75,7853514,100,10000000,100,10000000
2472,CLN,57,1549,109,53645,765,2021,0.89,8669235,100,10000000,100,10000000
2473,LND,,,,,,,,,,,,
2474,LND,,,,,,,,,,,,
2475,LND,,,,,,,,,,,,
2476,LND,,,,,,,,,,,,
2477,LND,,,,,,,,,,,,
2478,LND,,,,,,,,,,,,
2479,LND,,,,,,,,,,,,
2480,LND,,,,,,,,,,,,
2481,LND,,,,,,,,,,,,
2482,LND,,,,,,,,,,,,
2483,LND,,,,,,,,,,,,
2484,LND,,,,,,,,,,,,
2485,CLN,59,2160,99,45830,732,2752,0.82,7547761,100,10000000,100,10000000
2486,LND,,,,,,,,,,,,
2487,LND,,,,,,,,,,,,
2488,LND,,,,,,,,,,,,
2489,LND,,,,,,,,,,,,
2490,LND,,,,,,,,,,,,
2491,LND,,,,,,,,,,,,
2492,LND,,,,,,,,,,,,
2493,CLN,74,1973,115,49808,567,2346,0.89,8445756,100,10000000,100,10000000
2494,LND,,,,,,,,,,,,
2495,LND,,,,,,,,,,,,
2496,LND,,,,,,,,,,,,
2497,LND,,,,,,,,,,,,
2498,LND,,,,,,,,,,,,
2499,LND,,,,,,,,,,,,
2500,LND,,,,,,,,,,,,
2501,LND,,,,,,,,,,,,
2502,LND,,,,,,,,,,,,
2503,CLN,70,1778,97,51723,588,2727,0.85,1518368,100,10000000,100,10000000
2504,LND,,,,,,,,,,,,
2505,LND,,,,,,,,,,,,
2506,LND,,,,,,,,,,,,
2507,LND,,,,,,,,,,,,
2508,CLN,75,2134,107,56962,748,2651,0.62,8451853,100,10000000,100,10000000
2509,LND,,,,,,,,,,,,
2510,LND,,,,,,,,,,,,
2511,LND,,,,,,,,,,,,
2512,LND,,,,,,,,,,,,
2513,LND,,,,,,,,,,,,
2514,LND,,,,,,,,,,,,
2515,LND,,,,,,,,,,,,
2516,LND,,,,,,,,,,,,
2517,LND,,,,,,,,,,,,
2518,LND,,,,,,,,,,,,
2519,LND,,,,,,,,,,,,
2520,LND,,,,,,,,,,,,
2521,LND,,,,,,,,,,,,
2522,LND,,,,,,,,,,,,
2523,LND,,,,,,,,,,,,
2524,LND,,,,,,,,,,,,
2525,LND,,,,,,,,,,,,
2526,LND,,,,,,,,,,,,
2527,LND,,,,,,,,,,,,
2528,LND,,,,,,,,,,,,
2529,LND,,,,,,,,,,,,
2530,LND,,,,,,,,,,,,
2531,LND,,,,,,,,,,,,
2532,LND,,,,,,,,,,,,
2533,LND,,,,,,,,,,,,
2534,LND,,,,,,,,,,,,
2535,LND,,,,,,,,,,,,
2536,LND,,,,,,,,,,,,
2537,LND,,,,,,,,,,,,
2538,LND,,,,,,,,,,,,
2539,LND,,,,,,,,,,,,
2540,LND,,,,,,,,,,,,
2541,LND,,,,,,,,,,,,
2542,LND,,,,,,,,,,,,
2543,LND,,,,,,,,,,,,
2544,LND,,,,,,,,,,,,
2545,LND,,,,,,,,,,,,
2546,LND,,,,,,,,,,,,
2547,LND,,,,,,,,,,,,
2548,LND,,,,,,,,,,,,
2549,LND,,,,,,,,,,,,
2550,LND,,,,,,,,,,,,
2551,LND,,,,,,,,,,,,
2552,LND,,,,,,,,,,,,
2553,LND,,,,,,,,,,,,
2554,LND,,,,,,,,,,,,
2555,LND,,,,,,,,,,,,
2556,LND,,,,,,,,,,,,
2557,LND,,,,,,,,,,,,
2558,LND,,,,,,,,,,,,
2559,LND,,,,,,,,,,,,
2560,LND,,,,,,,,,,,,
2561,LND,,,,,,,,,,,,
2562,LND,,,,,,,,,,,,
2563,LND,,,,,,,,,,,,
2564,LND,,,,,,,,,,,,
2565,LND,,,,,,,,,,,,
2566,LND,,,,,,,,,,,,
2567,LND,,,,,,,,,,,,
2568,LND,,,,,,,,,,,,
2569,LND,,,,,,,,,,,,
2570,LND,,,,,,,,,,,,
2571,LND,,,,,,,,,,,,
2572,LND,,,,,,,,,,,,
2573,LND,,,,,,,,,,,,
2574,LND,,,,,,,,,,,,
2575,LND,,,,,,,,,,,,
2576,LND,,,,,,,,,,,,
2577,LND,,,,,,,,,,,,
2578,LND,,,,,,,,,,,,
2579,LND,,,,,,,,,,,,
2580,LND,,,,,,,,,,,,
2581,LND,,,,,,,,,,,,
2582,LND,,,,,,,,,,,,
2583,LND,,,,,,,,,,,,
2584,LND,,,,,,,,,,,,
2585,LND,,,,,,,,,,,,
2586,LND,,,,,,,,,,,,
2587,LND,,,,,,,,,,,,
2588,LND,,,,,,,,,,,,
2589,LND,,,,,,,,,,,,
2590,LND,,,,,,,,,,,,
2591,LND,,,,,,,,,,,,
2592,LND,,,,,,,,,,,,
2593,LND,,,,,,,,,,,,
2594,LND,,,,,,,,,,,,
2595,CLN,57,1858,93,54826,616,2587,0.84,2460308,100,10000000,100,10000000
2596,LND,,,,,,,,,,,,
2597,CLN,64,1543,97,49938,669,2064,0.64,3594789,100,10000000,100,10000000
2598,LND,,,,,,,,,,,,
2599,LND,,,,,,,,,,,,
2600,LND,,,,,,,,,,,,
2601,LND,,,,,,,,,,,,
2602,LND,,,,,,,,,,,,
2603,CLN,73,2264,119,44473,623,2597,0.7,8770254,100,10000000,100,10000000
2604,LND,,,,,,,,,,,,
2605,LND,,,,,,,,,,,,
2606,LND,,,,,,,,,,,,
2607,LND,,,,,,,,,,,,
2608,LND,,,,,,,,,,,,
2609,LND,,,,,,,,,,,,
2610,LND,,,,,,,,,,,,
2611,LND,,,,,,,,,,,,
2612,LND,,,,,,,,,,,,
2613,LND,,,,,,,,,,,,
2614,LND,,,,,,,,,,,,
2615,LND,,,,,,,,,,,,
2616,LND,,,,,,,,,,,,
2617,LND,,,,,,,,,,,,
2618,LND,,,,,,,,,,,,
2619,LND,,,,,,,,,,,,
2620,LND,,,,,,,,,,,,
2621,LND,,,,,,,,,,,,
2622,LND,,,,,,,,,,,,
2623,LND,,,,,,,,,,,,
2624,LND,,,,,,,,,,,,
2625,CLN,72,1870,108,50338,761,2195,0.83,3151984,100,10000000,100,10000000
2626,LND,,,,,,,,,,,,
2627,LND,,,,,,,,,,,,
2628,LND,,,,,,,,,,,,
2629,LND,,,,,,,,,,,,
2630,LND,,,,,,,,,,,,
2631,LND,,,,,,,,,,,,
2632,LND,,,,,,,,,,,,
2633,LND,,,,,,,,,,,,
2634,LND,,,,,,,,,,,,
2635,LND,,,,,,,,,,,,
2636,LND,,,,,,,,,,,,
2637,LND,,,,,,,,,,,,
2638,LND,,,,,,,,,,,,
2639,LND,,,,,,,,,,,,
2640,LND,,,,,,,,,,,,
2641,CLN,73,2148,90,48541,663,2694,0.88,7775808,100,10000000,100,10000000
2642,LND,,,,,,,,,,,,
2643,LND,,,,,,,,,,,,
2644,LND,,,,,,,,,,,,
2645,LND,,,,,,,,,,,,
2646,LND,,,,,,,,,,,,
2647,LND,,,,,,,,,,,,
2648,LND,,,,,,,,,,,,
2649,LND,,,,,,,,,,,,
2650,CLN,63,1775,90,43585,655,2169,0.95,5732579,100,10000000,100,10000000
2651,LND,,,,,,,,,,,,
2652,LND,,,,,,,,,,,,
2653,CLN,57,1834,97,45791,720,2350,0.66,4032471,100,10000000,100,10000000
2654,LND,,,,,,,,,,,,
2655,LND,,,,,,,,,,,,
2656,LND,,,,,,,,,,,,
2657,LND,,,,,,,,,,,,
2658,LND,,,,,,,,,,,,
2659,LND,,,,,,,,,,,,
2660,LND,,,,,,,,,,,,
2661,LND,,,,,,,,,,,,
2662,LND,,,,,,,,,,,,
2663,LND,,,,,,,,,,,,
2664,LND,,,,,,,,,,,,
2665,LND,,,,,,,,,,,,
2666,CLN,71,1787,97,58195,680,2255,0.91,4150530,100,10000000,100,10000000
2667,LND,,,,,,,,,,,,
2668,LND,,,,,,,,,,,,
2669,LND,,,,,,,,,,,,
2670,LND,,,,,,,,,,,,
2671,LND,,,,,,,,,,,,
2672,LND,,,,,,,,,,,,
2673,LND,,,,,,,,,,,,
2674,LND,,,,,,,,,,,,
2675,LND,,,,,,,,,,,,
2676,LND,,,,,,,,,,,,
2677,CLN,73,1818,104,46307,747,2030,0.83,3393820,100,10000000,100,10000000
2678,LND,,,,,,,,,,,,
2679,LND,,,,,,,,,,,,
2680,LND,,,,,,,,,,,,
2681,LND,,,,,,,,,,,,
2682,LND,,,,,,,,,,,,
2683,LND,,,,,,,,,,,,
2684,CLN,56,2113,107,41233,637,2247,0.98,1188309,100,10000000,100,10000000
2685,LND,,,,,,,,,,,,
2686,LND,,,,,,,,,,,,
2687,LND,,,,,,,,,,,,
2688,LND,,,,,,,,,,,,
2689,LND,,,,,,,,,,,,
2690,LND,,,,,,,,,,,,
2691,LND,,,,,,,,,,,,
2692,LND,,,,,,,,,,,,
2693,LND,,,,,,,,,,,,
2694,CLN,59,1587,101,53877,592,2463,0.86,1044797,100,10000000,100,10000000
2695,LND,,,,,,,,,,,,
2696,LND,,,,,,,,,,,,
2697,LND,,,,,,,,,,,,
2698,LND,,,,,,,,,,,,
2699,LND,,,,,,,,,,,,
2700,LND,,,,,,,,,,,,
2701,LND,,,,,,,,,,,,
2702,LND,,,,,,,,,,,,
2703,LND,,,,,,,,,,,,
2704,LND,,,,,,,,,,,,
2705,LND,,,,,,,,,,,,
2706,LND,,,,,,,,,,,,
2707,LND,,,,,,,,,,,,
2708,LND,,,,,,,,,,,,
2709,LND,,,,,,,,,,,,
2710,LND,,,,,,,,,,,,
2711,LND,,,,,,,,,,,,
2712,LND,,,,,,,,,,,,
2713,LND,,,,,,,,,,,,
2714,LND,,,,,,,,,,,,
2715,LND,,,,,,,,,,,,
2716,LND,,,,,,,,,,,,
2717,LND,,,,,,,,,,,,
2718,LND,,,,,,,,,,,,
2719,LND,,,,,,,,,,,,
2720,LND,,,,,,,,,,,,
2721,CLN,69,2312,109,45548,691,2713,0.93,5200128,100,10000000,100,10000000
2722,LND,,,,,,,,,,,,
2723,LND,,,,,,,,,,,,
2724,LND,,,,,,,,,,,,
2725,LND,,,,,,,,,,,,
2726,LND,,,,,,,,,,,,
2727,CLN,70,2269,109,55854,749,2460,0.62,9404040,100,10000000,100,10000000
2728,LND,,,,,,,,,,,,
2729,LND,,,,,,,,,,,,
2730,LND,,,,,,,,,,,,
2731,LND,,,,,,,,,,,,
2732,LND,,,,,,,,,,,,
2733,LND,,,,,,,,,,,,
2734,LND,,,,,,,,,,,,
2735,LND,,,,,,,,,,,,
2736,LND,,,,,,,,,,,,
2737,LND,,,,,,,,,,,,
2738,LND,,,,,,,,,,,,
2739,LND,,,,,,,,,,,,
2740,LND,,,,,,,,,,,,
2741,LND,,,,,,,,,,,,
2742,LND,,,,,,,,,,,,
2743,CLN,75,2450,112,45418,623,2993,0.74,7044913,100,10000000,100,10000000
2744,LND,,,,,,,,,,,,
2745,LND,,,,,,,,,,,,
2746,LND,,,,,,,,,,,,
2747,LND,,,,,,,,,,,,
2748,LND,,,,,,,,,,,,
2749,LND,,,,,,,,,,,,
2750,LND,,,,,,,,,,,,
2751,LND,,,,,,,,,,,,
2752,LND,,,,,,,,,,,,
2753,LND,,,,,,,,,,,,
2754,LND,,,,,,,,,,,,
2755,LND,,,,,,,,,,,,
2756,LND,,,,,,,,,,,,
2757,LND,,,,,,,,,,,,
2758,LND,,,,,,,,,,,,
2759,LND,,,,,,,,,,,,
2760,LND,,,,,,,,,,,,
2761,LND,,,,,,,,,,,,
2762,LND,,,,,,,,,,,,
2763,LND,,,,,,,,,,,,
2764,LND,,,,,,,,,,,,
2765,LND,,,,,,,,,,,,
2766,LND,,,,,,,,,,,,
2767,LND,,,,,,,,,,,,
2768,LND,,,,,,,,,,,,
2769,LND,,,,,,,,,,,,
2770,LND,,,,,,,,,,,,
2771,LND,,,,,,,,,,,,
2772,LND,,,,,,,,,,,,
2773,CLN,67,2056,117,55375,740,2538,0.75,504444,100,10000000,100,10000000
2774,LND,,,,,,,,,,,,
2775,LND,,,,,,,,,,,,
2776,LND,,,,,,,,,,,,
2777,LND,,,,,,,,,,,,
2778,LND,,,,,,,,,,,,
2779,LND,,,,,,,,,,,,
2780,LND,,,,,,,,,,,,
2781,LND,,,,,,,,,,,,
2782,LND,,,,,,,,,,,,
2783,LND,,,,,,,,,,,,
2784,LND,,,,,,,,,,,,
2785,LND,,,,,,,,,,,,
2786,LND,,,,,,,,,,,,
2787,LND,,,,,,,,,,,,
2788,LND,,,,,,,,,,,,
2789,LND,,,,,,,,,,,,
2790,LND,,,,,,,,,,,,
2791,LND,,,,,,,,,,,,
2792,CLN,66,1583,110,50965,632,2473,0.99,5831,100,10000000,100,10000000
2793,LND,,,,,,,,,,,,
2794,CLN,62,2169,104,47501,661,2273,0.96,8356427,100,10000000,100,10000000
2795,LND,,,,,,,,,,,,
2796,LND,,,,,,,,,,,,
2797,CLN,75,1890,112,52943,606,2627,0.62,698319,100,10000000,100,10000000
2798,LND,,,,,,,,,,,,
2799,LND,,,,,,,,,,,,
2800,LND,,,,,,,,,,,,
2801,LND,,,,,,,,,,,,
2802,LND,,,,,,,,,,,,
2803,LND,,,,,,,,,,,,
2804,LND,,,,,,,,,,,,
2805,LND,,,,,,,,,,,,
2806,LND,,,,,,,,,,,,
2807,LND,,,,,,,,,,,,
2808,LND,,,,,,,,,,,,
2809,LND,,,,,,,,,,,,
2810,LND,,,,,,,,,,,,
2811,LND,,,,,,,,,,,,
2812,LND,,,,,,,,,,,,
2813,LND,,,,,,,,,,,,
2814,LND,,,,,,,,,,,,
2815,LND,,,,,,,,,,,,
2816,LND,,,,,,,,,,,,
2817,LND,,,,,,,,,,,,
2818,LND,,,,,,,,,,,,
2819,LND,,,,,,,,,,,,
2820,LND,,,,,,,,,,,,
2821,LND,,,,,,,,,,,,
2822,LND,,,,,,,,,,,,
2823,LND,,,,,,,,,,,,
2824,LND,,,,,,,,,,,,
2825,LND,,,,,,,,,,,,
2826,LND,,,,,,,,,,,,
2827,LND,,,,,,,,,,,,
2828,LND,,,,,,,,,,,,
2829,LND,,,,,,,,,,,,
2830,LND,,,,,,,,,,,,
2831,LND,,,,,,,,,,,,
2832,LND,,,,,,,,,,,,
2833,LND,,,,,,,,,,,,
2834,LND,,,,,,,,,,,,
2835,LND,,,,,,,,,,,,
2836,LND,,,,,,,,,,,,
2837,LND,,,,,,,,,,,,
2838,LND,,,,,,,,,,,,
2839,LND,,,,,,,,,,,,
2840,LND,,,,,,,,,,,,
2841,LND,,,,,,,,,,,,
2842,LND,,,,,,,,,,,,
2843,LND,,,,,,,,,,,,
2844,LND,,,,,,,,,,,,
2845,LND,,,,,,,,,,,,
2846,LND,,,,,,,,,,,,
2847,LND,,,,,,,,,,,,
2848,LND,,,,,,,,,,,,
2849,LND,,,,,,,,,,,,
2850,LND,,,,,,,,,,,,
2851,LND,,,,,,,,,,,,
2852,CLN,75,1893,90,41064,752,2245,0.94,6342963,100,10000000,100,10000000
2853,LND,,,,,,,,,,,,
2854,LND,,,,,,,,,,,,
2855,LND,,,,,,,,,,,,
2856,LND,,,,,,,,,,,,
2857,LND,,,,,,,,,,,,
2858,LND,,,,,,,,,,,,
2859,LND,,,,,,,,,,,,
2860,LND,,,,,,,,,,,,
2861,LND,,,,,,,,,,,,
2862,LND,,,,,,,,,,,,
2863,LND,,,,,,,,,,,,
2864,LND,,,,,,,,,,,,
2865,LND,,,,,,,,,,,,
2866,LND,,,,,,,,,,,,
2867,CLN,57,2244,102,42138,749,2497,0.61,6246189,100,10000000,100,10000000
2868,LND,,,,,,,,,,,,
2869,LND,,,,,,,,,,,,
2870,LND,,,,,,,,,,,,
2871,LND,,,,,,,,,,,,
2872,LND,,,,,,,,,,,,
2873,LND,,,,,,,,,,,,
2874,LND,,,,,,,,,,,,
2875,LND,,,,,,,,,,,,
2876,LND,,,,,,,,,,,,
2877,LND,,,,,,,,,,,,
2878,LND,,,,,,,,,,,,
2879,LND,,,,,,,,,,,,
2880,LND,,,,,,,,,,,,
2881,LND,,,,,,,,,,,,
2882,LND,,,,,,,,,,,,
2883,LND,,,,,,,,,,,,
2884,LND,,,,,,,,,,,,
2885,LND,,,,,,,,,,,,
2886,LND,,,,,,,,,,,,
2887,LND,,,,,,,,,,,,
2888,LND,,,,,,,,,,,,
2889,LND,,,,,,,,,,,,
2890,CLN,55,2333,83,51464,649,2118,0.67,801687,100,10000000,100,10000000
2891,LND,,,,,,,,,,,,
2892,LND,,,,,,,,,,,,
2893,CLN,74,1523,120,55756,658,2601,0.9,5562857,100,10000000,100,10000000
2894,LND,,,,,,,,,,,,
2895,LND,,,,,,,,,,,,
2896,LND,,,,,,,,,,,,
2897,LND,,,,,,,,,,,,
2898,LND,,,,,,,,,,,,
2899,LND,,,,,,,,,,,,
2900,LND,,,,,,,,,,,,
2901,LND,,,,,,,,,,,,
2902,LND,,,,,,,,,,,,
2903,LND,,,,,,,,,,,,
2904,LND,,,,,,,,,,,,
2905,LND,,,,,,,,,,,,
2906,LND,,,,,,,,,,,,
2907,LND,,,,,,,,,,,,
2908,CLN,64,2068,113,51034,684,2881,0.67,5329525,100,10000000,100,10000000
2909,LND,,,,,,,,,,,,
2910,LND,,,,,,,,,,,,
2911,LND,,,,,,,,,,,,
2912,LND,,,,,,,,,,,,
2913,CLN,55,2237,116,47958,729,2205,0.81,8988078,100,10000000,100,10000000
2914,LND,,,,,,,,,,,,
2915,LND,,,,,,,,,,,,
2916,LND,,,,,,,,,,,,
2917,LND,,,,,,,,,,,,
2918,LND,,,,,,,,,,,,
2919,LND,,,,,,,,,,,,
2920,LND,,,,,,,,,,,,
2921,LND,,,,,,,,,,,,
2922,LND,,,,,,,,,,,,
2923,LND,,,,,,,,,,,,
2924,LND,,,,,,,,,,,,
2925,LND,,,,,,,,,,,,
2926,LND,,,,,,,,,,,,
2927,LND,,,,,,,,,,,,
2928,CLN,60,2092,89,49873,698,2263,0.66,412278,100,10000000,100,10000000
2929,LND,,,,,,,,,,,,
2930,LND,,,,,,,,,,,,
2931,CLN,58,1852,81,47344,620,2038,0.82,7110974,100,10000000,100,10000000
2932,LND,,,,,,,,,,,,
2933,LND,,,,,,,,,,,,
2934,LND,,,,,,,,,,,,
2935,LND,,,,,,,,,,,,
2936,LND,,,,,,,,,,,,
2937,CLN,58,1718,112,55050,698,2491,0.78,5581528,100,10000000,100,10000000
2938,LND,,,,,,,,,,,,
2939,LND,,,,,,,,,,,,
2940,LND,,,,,,,,,,,,
2941,LND,,,,,,,,,,,,
2942,LND,,,,,,,,,,,,
2943,LND,,,,,,,,,,,,
2944,LND,,,,,,,,,,,,
2945,LND,,,,,,,,,,,,
2946,LND,,,,,,,,,,,,
2947,LND,,,,,,,,,,,,
2948,LND,,,,,,,,,,,,
2949,LND,,,,,,,,,,,,
2950,CLN,55,2441,96,56662,754,2286,0.85,1085553,100,10000000,100,10000000
2951,LND,,,,,,,,,,,,
2952,LND,,,,,,,,,,,,
2953,LND,,,,,,,,,,,,
2954,LND,,,,,,,,,,,,
2955,LND,,,,,,,,,,,,
2956,CLN,70,2353,85,49923,663,2346,0.65,2831588,100,10000000,100,10000000
2957,LND,,,,,,,,,,,,
2958,LND,,,,,,,,,,,,
2959,LND,,,,,,,,,,,,
2960,LND,,,,,,,,,,,,
2961,LND,,,,,,,,,,,,
2962,LND,,,,,,,,,,,,
2963,CLN,57,2116,114,51746,574,2573,0.63,5615629,100,10000000,100,10000000
2964,LND,,,,,,,,,,,,
2965,LND,,,,,,,,,,,,
2966,LND,,,,,,,,,,,,
2967,LND,,,,,,,,,,,,
2968,LND,,,,,,,,,,,,
2969,LND,,,,,,,,,,,,
2970,LND,,,,,,,,,,,,
2971,LND,,,,,,,,,,,,
2972,LND,,,,,,,,,,,,
2973,LND,,,,,,,,,,,,
2974,LND,,,,,,,,,,,,
2975,LND,,,,,,,,,,,,
2976,LND,,,,,,,,,,,,
2977,LND,,,,,,,,,,,,
2978,LND,,,,,,,,,,,,
2979,LND,,,,,,,,,,,,
2980,LND,,,,,,,,,,,,
2981,LND,,,,,,,,,,,,
2982,LND,,,,,,,,,,,,
2983,LND,,,,,,,,,,,,
2984,LND,,,,,,,,,,,,
2985,LND,,,,,,,,,,,,
2986,LND,,,,,,,,,,,,
2987,LND,,,,,,,,,,,,
2988,LND,,,,,,,,,,,,
2989,LND,,,,,,,,,,,,
2990,LND,,,,,,,,,,,,
2991,LND,,,,,,,,,,,,
2992,LND,,,,,,,,,,,,
2993,LND,,,,,,,,,,,,
2994,LND,,,,,,,,,,,,
2995,LND,,,,,,,,,,,,
2996,LND,,,,,,,,,,,,
2997,LND,,,,,,,,,,,,
2998,LND,,,,,,,,,,,,
2999,LND,,,,,,,,,,,,
3000,LND,,,,,,,,,,,,
3001,LND,,,,,,,,,,,,
3002,LND,,,,,,,,,,,,
3003,LND,,,,,,,,,,,,
3004,LND,,,,,,,,,,,,
3005,LND,,,,,,,,,,,,
3006,LND,,,,,,,,,,,,
3007,LND,,,,,,,,,,,,
3008,LND,,,,,,,,,,,,
3009,LND,,,,,,,,,,,,
3010,LND,,,,,,,,,,,,
3011,LND,,,,,,,,,,,,
3012,LND,,,,,,,,,,,,
3013,LND,,,,,,,,,,,,
3014,LND,,,,,,,,,,,,
3015,LND,,,,,,,,,,,,
3016,LND,,,,,,,,,,,,
3017,LND,,,,,,,,,,,,
3018,LND,,,,,,,,,,,,
3019,LND,,,,,,,,,,,,
3020,LND,,,,,,,,,,,,
3021,LND,,,,,,,,,,,,
3022,LND,,,,,,,,,,,,
3023,LND,,,,,,,,,,,,
3024,CLN,68,2256,98,47630,585,2680,0.98,8767419,100,10000000,100,10000000
3025,LND,,,,,,,,,,,,
3026,LND,,,,,,,,,,,,
3027,LND,,,,,,,,,,,,
3028,LND,,,,,,,,,,,,
3029,CLN,60,1667,82,40520,679,2428,0.88,4097033,100,10000000,100,10000000
3030,CLN,62,2207,92,41836,616,2096,0.97,7175887,100,10000000,100,10000000
3031,LND,,,,,,,,,,,,
3032,LND,,,,,,,,,,,,
3033,LND,,,,,,,,,,,,
3034,LND,,,,,,,,,,,,
3035,LND,,,,,,,,,,,,
3036,LND,,,,,,,,,,,,
3037,LND,,,,,,,,,,,,
3038,LND,,,,,,,,,,,,
3039,LND,,,,,,,,,,,,
3040,LND,,,,,,,,,,,,
3041,LND,,,,,,,,,,,,
3042,LND,,,,,,,,,,,,
3043,LND,,,,,,,,,,,,
3044,LND,,,,,,,,,,,,
3045,CLN,74,1684,85,40598,571,2937,0.77,5264344,100,10000000,100,10000000
3046,LND,,,,,,,,,,,,
3047,CLN,55,2233,87,50738,610,2541,0.68,1041295,100,10000000,100,10000000
3048,LND,,,,,,,,,,,,
3049,LND,,,,,,,,,,,,
3050,LND,,,,,,,,,,,,
3051,LND,,,,,,,,,,,,
3052,LND,,,,,,,,,,,,
3053,LND,,,,,,,,,,,,
3054,LND,,,,,,,,,,,,
3055,LND,,,,,,,,,,,,
3056,CLN,60,1769,83,56380,608,2423,0.83,1599206,100,10000000,100,10000000
3057,LND,,,,,,,,,,,,
3058,LND,,,,,,,,,,,,
3059,LND,,,,,,,,,,,,
3060,LND,,,,,,,,,,,,
3061,LND,,,,,,,,,,,,
3062,LND,,,,,,,,,,,,
3063,CLN,56,2121,91,53174,691,2025,0.66,3224806,100,10000000,100,10000000
3064,LND,,,,,,,,,,,,
3065,LND,,,,,,,,,,,,
3066,LND,,,,,,,,,,,,
3067,CLN,70,2311,86,48231,698,2880,0.92,6354423,100,10000000,100,10000000
3068,LND,,,,,,,,,,,,
3069,LND,,,,,,,,,,,,
3070,LND,,,,,,,,,,,,
3071,LND,,,,,,,,,,,,
3072,LND,,,,,,,,,,,,
3073,LND,,,,,,,,,,,,
3074,LND,,,,,,,,,,,,
3075,LND,,,,,,,,,,,,
3076,LND,,,,,,,,,,,,
3077,LND,,,,,,,,,,,,
3078,LND,,,,,,,,,,,,
3079,LND,,,,,,,,,,,,
3080,LND,,,,,,,,,,,,
3081,LND,,,,,,,,,,,,
3082,LND,,,,,,,,,,,,
3083,CLN,68,2431,85,50260,594,2543,0.78,968350,100,10000000,100,10000000
3084,LND,,,,,,,,,,,,
3085,LND,,,,,,,,,,,,
3086,LND,,,,,,,,,,,,
3087,LND,,,,,,,,,,,,
3088,LND,,,,,,,,,,,,
3089,LND,,,,,,,,,,,,
3090,LND,,,,,,,,,,,,
3091,LND,,,,,,,,,,,,
3092,LND,,,,,,,,,,,,
3093,LND,,,,,,,,,,,,
3094,LND,,,,,,,,,,,,
3095,LND,,,,,,,,,,,,
3096,LND,,,,,,,,,,,,
3097,LND,,,,,,,,,,,,
3098,CLN,72,2072,117,51275,604,2037,0.76,4724508,100,10000000,100,10000000
3099,LND,,,,,,,,,,,,
3100,CLN,69,1970,88,42369,657,2133,0.93,3797902,100,10000000,100,10000000
3101,LND,,,,,,,,,,,,
3102,LND,,,,,,,,,,,,
3103,LND,,,,,,,,,,,,
3104,LND,,,,,,,,,,,,
3105,LND,,,,,,,,,,,,
3106,LND,,,,,,,,,,,,
3107,LND,,,,,,,,,,,,
3108,LND,,,,,,,,,,,,
3109,LND,,,,,,,,,,,,
3110,LND,,,,,,,,,,,,
3111,LND,,,,,,,,,,,,
3112,LND,,,,,,,,,,,,
3113,CLN,61,2376,88,45434,652,2768,0.71,8018125,100,10000000,100,10000000
3114,LND,,,,,,,,,,,,
3115,LND,,,,,,,,,,,,
3116,LND,,,,,,,,,,,,
3117,LND,,,,,,,,,,,,
3118,LND,,,,,,,,,,,,
3119,LND,,,,,,,,,,,,
3120,LND,,,,,,,,,,,,
3121,LND,,,,,,,,,,,,
3122,LND,,,,,,,,,,,,
3123,LND,,,,,,,,,,,,
3124,LND,,,,,,,,,,,,
3125,LND,,,,,,,,,,,,
3126,LND,,,,,,,,,,,,
3127,LND,,,,,,,,,,,,
3128,LND,,,,,,,,,,,,
3129,LND,,,,,,,,,,,,
3130,LND,,,,,,,,,,,,
3131,LND,,,,,,,,,,,,
3132,LND,,,,,,,,,,,,
3133,LND,,,,,,,,,,,,
3134,LND,,,,,,,,,,,,
3135,LND,,,,,,,,,,,,
3136,LND,,,,,,,,,,,,
3137,LND,,,,,,,,,,,,
3138,LND,,,,,,,,,,,,
3139,LND,,,,,,,,,,,,
3140,LND,,,,,,,,,,,,
3141,LND,,,,,,,,,,,,
3142,LND,,,,,,,,,,,,
3143,LND,,,,,,,,,,,,
3144,CLN,60,2064,91,58920,718,2474,0.61,9491007,100,10000000,100,10000000
3145,LND,,,,,,,,,,,,
3146,LND,,,,,,,,,,,,
3147,LND,,,,,,,,,,,,
3148,LND,,,,,,,,,,,,
3149,LND,,,,,,,,,,,,
3150,LND,,,,,,,,,,,,
3151,LND,,,,,,,,,,,,
3152,LND,,,,,,,,,,,,
3153,LND,,,,,,,,,,,,
3154,LND,,,,,,,,,,,,
3155,LND,,,,,,,,,,,,
3156,LND,,,,,,,,,,,,
3157,LND,,,,,,,,,,,,
3158,CLN,55,1903,116,57064,578,2079,0.83,2587820,100,10000000,100,10000000
3159,LND,,,,,,,,,,,,
3160,LND,,,,,,,,,,,,
3161,LND,,,,,,,,,,,,
3162,LND,,,,,,,,,,,,
3163,LND,,,,,,,,,,,,
3164,LND,,,,,,,,,,,,
3165,LND,,,,,,,,,,,,
3166,LND,,,,,,,,,,,,
3167,LND,,,,,,,,,,,,
3168,LND,,,,,,,,,,,,
3169,LND,,,,,,,,,,,,
3170,LND,,,,,,,,,,,,
3171,LND,,,,,,,,,,,,
3172,LND,,,,,,,,,,,,
3173,LND,,,,,,,,,,,,
3174,LND,,,,,,,,,,,,
3175,LND,,,,,,,,,,,,
3176,CLN,58,2099,98,54226,756,2393,0.71,8626518,100,10000000,100,10000000
3177,LND,,,,,,,,,,,,
3178,LND,,,,,,,,,,,,
3179,LND,,,,,,,,,,,,
3180,LND,,,,,,,,,,,,
3181,LND,,,,,,,,,,,,
3182,LND,,,,,,,,,,,,
3183,LND,,,,,,,,,,,,
3184,LND,,,,,,,,,,,,
3185,LND,,,,,,,,,,,,
3186,LND,,,,,,,,,,,,
3187,LND,,,,,,,,,,,,
3188,LND,,,,,,,,,,,,
3189,CLN,67,1699,100,44468,691,2819,0.87,3983495,100,10000000,100,10000000
3190,LND,,,,,,,,,,,,
3191,LND,,,,,,,,,,,,
3192,LND,,,,,,,,,,,,
3193,CLN,69,1847,80,53151,766,2547,0.7,2629669,100,10000000,100,10000000
3194,LND,,,,,,,,,,,,
3195,LND,,,,,,,,,,,,
3196,LND,,,,,,,,,,,,
3197,LND,,,,,,,,,,,,
3198,LND,,,,,,,,,,,,
3199,LND,,,,,,,,,,,,
3200,LND,,,,,,,,,,,,
3201,LND,,,,,,,,,,,,
3202,LND,,,,,,,,,,,,
3203,LND,,,,,,,,,,,,
3204,LND,,,,,,,,,,,,
3205,LND,,,,,,,,,,,,
3206,LND,,,,,,,,,,,,
3207,CLN,73,1893,83,47272,687,2667,0.85,3076311,100,10000000,100,10000000
3208,CLN,65,2219,92,47925,605,2540,0.67,3026697,100,10000000,100,10000000
3209,LND,,,,,,,,,,,,
3210,LND,,,,,,,,,,,,
3211,LND,,,,,,,,,,,,
3212,LND,,,,,,,,,,,,
3213,LND,,,,,,,,,,,,
3214,LND,,,,,,,,,,,,
3215,CLN,59,1695,102,58888,617,2925,0.6,3195126,100,10000000,100,10000000
3216,LND,,,,,,,,,,,,
3217,CLN,63,1709,98,45145,758,2540,0.68,1699214,100,10000000,100,10000000
3218,LND,,,,,,,,,,,,
3219,LND,,,,,,,,,,,,
3220,LND,,,,,,,,,,,,
3221,CLN,58,2424,84,47263,740,2578,0.76,1669240,100,10000000,100,10000000
3222,LND,,,,,,,,,,,,
3223,LND,,,,,,,,,,,,
3224,LND,,,,,,,,,,,,
3225,CLN,68,2329,107,55918,695,2714,0.61,8048370,100,10000000,100,10000000
3226,LND,,,,,,,,,,,,
3227,LND,,,,,,,,,,,,
3228,LND,,,,,,,,,,,,
3229,LND,,,,,,,,,,,,
3230,LND,,,,,,,,,,,,
3231,LND,,,,,,,,,,,,
3232,CLN,56,1688,101,57791,640,2409,0.86,3992189,100,10000000,100,10000000
3233,LND,,,,,,,,,,,,
3234,LND,,,,,,,,,,,,
3235,LND,,,,,,,,,,,,
3236,LND,,,,,,,,,,,,
3237,LND,,,,,,,,,,,,
3238,LND,,,,,,,,,,,,
3239,LND,,,,,,,,,,,,
3240,LND,,,,,,,,,,,,
3241,LND,,,,,,,,,,,,
3242,LND,,,,,,,,,,,,
3243,LND,,,,,,,,,,,,
3244,LND,,,,,,,,,,,,
3245,LND,,,,,,,,,,,,
3246,LND,,,,,,,,,,,,
3247,LND,,,,,,,,,,,,
3248,LND,,,,,,,,,,,,
3249,LND,,,,,,,,,,,,
3250,LND,,,,,,,,,,,,
3251,LND,,,,,,,,,,,,
3252,LND,,,,,,,,,,,,
3253,LND,,,,,,,,,,,,
3254,LND,,,,,,,,,,,,
3255,LND,,,,,,,,,,,,
3256,LND,,,,,,,,,,,,
3257,LND,,,,,,,,,,,,
3258,LND,,,,,,,,,,,,
3259,LND,,,,,,,,,,,,
3260,LND,,,,,,,,,,,,
3261,LND,,,,,,,,,,,,
3262,LND,,,,,,,,,,,,
3263,LND,,,,,,,,,,,,
3264,LND,,,,,,,,,,,,
3265,LND,,,,,,,,,,,,
3266,LND,,,,,,,,,,,,
3267,LND,,,,,,,,,,,,
3268,LND,,,,,,,,,,,,
3269,LND,,,,,,,,,,,,
3270,LND,,,,,,,,,,,,
3271,LND,,,,,,,,,,,,
3272,LND,,,,,,,,,,,,
3273,LND,,,,,,,,,,,,
3274,LND,,,,,,,,,,,,
3275,LND,,,,,,,,,,,,
3276,LND,,,,,,,,,,,,
3277,LND,,,,,,,,,,,,
3278,LND,,,,,,,,,,,,
3279,LND,,,,,,,,,,,,
3280,LND,,,,,,,,,,,,
3281,LND,,,,,,,,,,,,
3282,LND,,,,,,,,,,,,
3283,LND,,,,,,,,,,,,
3284,LND,,,,,,,,,,,,
3285,LND,,,,,,,,,,,,
3286,LND,,,,,,,,,,,,
3287,LND,,,,,,,,,,,,
3288,LND,,,,,,,,,,,,
3289,LND,,,,,,,,,,,,
3290,LND,,,,,,,,,,,,
3291,LND,,,,,,,,,,,,
3292,LND,,,,,,,,,,,,
3293,LND,,,,,,,,,,,,
3294,LND,,,,,,,,,,,,
3295,LND,,,,,,,,,,,,
3296,LND,,,,,,,,,,,,
3297,CLN,58,2025,116,48533,737,2274,0.69,8084766,100,10000000,100,10000000
3298,LND,,,,,,,,,,,,
3299,LND,,,,,,,,,,,,
3300,LND,,,,,,,,,,,,
3301,LND,,,,,,,,,,,,
3302,LND,,,,,,,,,,,,
3303,LND,,,,,,,,,,,,
3304,LND,,,,,,,,,,,,
3305,LND,,,,,,,,,,,,
3306,LND,,,,,,,,,,,,
3307,LND,,,,,,,,,,,,
3308,LND,,,,,,,,,,,,
3309,LND,,,,,,,,,,,,
3310,LND,,,,,,,,,,,,
3311,LND,,,,,,,,,,,,
3312,LND,,,,,,,,,,,,
3313,LND,,,,,,,,,,,,
3314,LND,,,,,,,,,,,,
3315,LND,,,,,,,,,,,,
3316,LND,,,,,,,,,,,,
3317,LND,,,,,,,,,,,,
3318,LND,,,,,,,,,,,,
3319,LND,,,,,,,,,,,,
3320,LND,,,,,,,,,,,,
3321,LND,,,,,,,,,,,,
3322,LND,,,,,,,,,,,,
3323,LND,,,,,,,,,,,,
3324,LND,,,,,,,,,,,,
3325,CLN,70,2158,108,42672,661,2506,0.85,6701555,100,10000000,100,10000000
3326,LND,,,,,,,,,,,,
3327,LND,,,,,,,,,,,,
3328,LND,,,,,,,,,,,,
3329,LND,,,,,,,,,,,,
3330,LND,,,,,,,,,,,,
3331,LND,,,,,,,,,,,,
3332,LND,,,,,,,,,,,,
3333,LND,,,,,,,,,,,,
3334,LND,,,,,,,,,,,,
3335,LND,,,,,,,,,,,,
3336,LND,,,,,,,,,,,,
3337,LND,,,,,,,,,,,,
3338,LND,,,,,,,,,,,,
3339,LND,,,,,,,,,,,,
3340,CLN,60,1900,90,55286,622,2048,0.9,9418452,100,10000000,100,10000000
3341,LND,,,,,,,,,,,,
3342,LND,,,,,,,,,,,,
3343,LND,,,,,,,,,,,,
3344,LND,,,,,,,,,,,,
3345,LND,,,,,,,,,,,,
3346,LND,,,,,,,,,,,,
3347,LND,,,,,,,,,,,,
3348,LND,,,,,,,,,,,,
3349,CLN,66,2074,103,57090,698,2289,0.93,1510160,100,10000000,100,10000000
3350,LND,,,,,,,,,,,,
3351,LND,,,,,,,,,,,,
3352,LND,,,,,,,,,,,,
3353,LND,,,,,,,,,,,,
3354,LND,,,,,,,,,,,,
3355,LND,,,,,,,,,,,,
3356,LND,,,,,,,,,,,,
3357,CLN,65,1888,107,47087,687,2363,0.92,4700163,100,10000000,100,10000000
3358,LND,,,,,,,,,,,,
3359,CLN,67,1971,120,58471,764,2828,0.96,1018963,100,10000000,100,10000000
3360,LND,,,,,,,,,,,,
3361,LND,,,,,,,,,,,,
3362,LND,,,,,,,,,,,,
3363,CLN,65,1861,83,55125,727,2101,0.66,7952344,100,10000000,100,10000000
3364,LND,,,,,,,,,,,,
3365,LND,,,,,,,,,,,,
3366,LND,,,,,,,,,,,,
3367,LND,,,,,,,,,,,,
3368,LND,,,,,,,,,,,,
3369,LND,,,,,,,,,,,,
3370,LND,,,,,,,,,,,,
3371,LND,,,,,,,,,,,,
3372,LND,,,,,,,,,,,,
3373,LND,,,,,,,,,,,,
3374,LND,,,,,,,,,,,,
3375,LND,,,,,,,,,,,,
3376,LND,,,,,,,,,,,,
3377,LND,,,,,,,,,,,,
3378,CLN,71,1663,107,49457,659,2980,0.9,7550833,100,10000000,100,10000000
3379,LND,,,,,,,,,,,,
3380,LND,,,,,,,,,,,,
3381,LND,,,,,,,,,,,,
3382,LND,,,,,,,,,,,,
3383,LND,,,,,,,,,,,,
3384,LND,,,,,,,,,,,,
3385,LND,,,,,,,,,,,,
3386,LND,,,,,,,,,,,,
3387,LND,,,,,,,,,,,,
3388,CLN,64,2243,96,48959,616,2833,0.94,3739291,100,10000000,100,10000000
3389,LND,,,,,,,,,,,,
3390,LND,,,,,,,,,,,,
3391,LND,,,,,,,,,,,,
3392,LND,,,,,,,,,,,,
3393,LND,,,,,,,,,,,,
3394,LND,,,,,,,,,,,,
3395,LND,,,,,,,,,,,,
3396,LND,,,,,,,,,,,,
3397,LND,,,,,,,,,,,,
3398,LND,,,,,,,,,,,,
3399,LND,,,,,,,,,,,,
3400,LND,,,,,,,,,,,,
3401,LND,,,,,,,,,,,,
3402,LND,,,,,,,,,,,,
3403,LND,,,,,,,,,,,,
3404,LND,,,,,,,,,,,,
3405,LND,,,,,,,,,,,,
3406,LND,,,,,,,,,,,,
3407,LND,,,,,,,,,,,,
3408,LND,,,,,,,,,,,,
3409,LND,,,,,,,,,,,,
3410,LND,,,,,,,,,,,,
3411,LND,,,,,,,,,,,,
3412,LND,,,,,,,,,,,,
3413,LND,,,,,,,,,,,,
3414,LND,,,,,,,,,,,,
3415,LND,,,,,,,,,,,,
3416,LND,,,,,,,,,,,,
3417,LND,,,,,,,,,,,,
3418,LND,,,,,,,,,,,,
3419,CLN,67,2113,93,55560,682,2327,0.87,7917686,100,10000000,100,10000000
3420,CLN,56,1909,99,40196,754,2969,0.79,2067354,100,10000000,100,10000000
3421,LND,,,,,,,,,,,,
3422,CLN,70,2347,80,52411,727,2561,0.97,3019897,100,10000000,100,10000000
3423,LND,,,,,,,,,,,,
3424,LND,,,,,,,,,,,,
3425,LND,,,,,,,,,,,,
3426,LND,,,,,,,,,,,,
3427,LND,,,,,,,,,,,,
3428,LND,,,,,,,,,,,,
3429,LND,,,,,,,,,,,,
3430,LND,,,,,,,,,,,,
3431,LND,,,,,,,,,,,,
3432,CLN,73,1737,104,56939,759,2009,0.79,4701823,100,10000000,100,10000000
3433,LND,,,,,,,,,,,,
3434,LND,,,,,,,,,,,,
3435,LND,,,,,,,,,,,,
3436,LND,,,,,,,,,,,,
3437,LND,,,,,,,,,,,,
3438,LND,,,,,,,,,,,,
3439,LND,,,,,,,,,,,,
3440,LND,,,,,,,,,,,,
3441,LND,,,,,,,,,,,,
3442,LND,,,,,,,,,,,,
3443,LND,,,,,,,,,,,,
3444,LND,,,,,,,,,,,,
3445,LND,,,,,,,,,,,,
3446,CLN,70,2282,107,41241,674,2610,0.82,7270284,100,10000000,100,10000000
3447,LND,,,,,,,,,,,,
3448,LND,,,,,,,,,,,,
3449,LND,,,,,,,,,,,,
3450,LND,,,,,,,,,,,,
3451,LND,,,,,,,,,,,,
3452,LND,,,,,,,,,,,,
3453,CLN,73,1514,101,55775,757,2571,0.65,2300114,100,10000000,100,10000000
3454,LND,,,,,,,,,,,,
3455,LND,,,,,,,,,,,,
3456,LND,,,,,,,,,,,,
3457,LND,,,,,,,,,,,,
3458,LND,,,,,,,,,,,,
3459,LND,,,,,,,,,,,,
3460,LND,,,,,,,,,,,,
3461,LND,,,,,,,,,,,,
3462,LND,,,,,,,,,,,,
3463,LND,,,,,,,,,,,,
3464,LND,,,,,,,,,,,,
3465,LND,,,,,,,,,,,,
3466,LND,,,,,,,,,,,,
3467,LND,,,,,,,,,,,,
3468,LND,,,,,,,,,,,,
3469,LND,,,,,,,,,,,,
3470,LND,,,,,,,,,,,,
3471,LND,,,,,,,,,,,,
3472,LND,,,,,,,,,,,,
3473,LND,,,,,,,,,,,,
3474,LND,,,,,,,,,,,,
3475,LND,,,,,,,,,,,,
3476,LND,,,,,,,,,,,,
3477,LND,,,,,,,,,,,,
3478,LND,,,,,,,,,,,,
3479,LND,,,,,,,,,,,,
3480,LND,,,,,,,,,,,,
3481,LND,,,,,,,,,,,,
3482,LND,,,,,,,,,,,,
3483,LND,,,,,,,,,,,,
3484,CLN,60,1675,115,53006,606,2925,0.72,7892652,100,10000000,100,10000000
3485,CLN,73,2472,80,51433,573,2155,0.78,4880227,100,10000000,100,10000000
3486,LND,,,,,,,,,,,,
3487,LND,,,,,,,,,,,,
3488,LND,,,,,,,,,,,,
3489,LND,,,,,,,,,,,,
3490,LND,,,,,,,,,,,,
3491,CLN,69,1764,83,57520,601,2783,0.62,9665987,100,10000000,100,10000000
3492,LND,,,,,,,,,,,,
3493,LND,,,,,,,,,,,,
3494,LND,,,,,,,,,,,,
3495,LND,,,,,,,,,,,,
3496,LND,,,,,,,,,,,,
3497,LND,,,,,,,,,,,,
3498,LND,,,,,,,,,,,,
3499,LND,,,,,,,,,,,,
3500,LND,,,,,,,,,,,,
3501,LND,,,,,,,,,,,,
3502,LND,,,,,,,,,,,,
3503,LND,,,,,,,,,,,,
3504,LND,,,,,,,,,,,,
3505,LND,,,,,,,,,,,,
3506,LND,,,,,,,,,,,,
3507,LND,,,,,,,,,,,,
3508,LND,,,,,,,,,,,,
3509,CLN,59,1844,98,59051,711,2202,0.71,7272356,100,10000000,100,10000000
3510,LND,,,,,,,,,,,,
3511,LND,,,,,,,,,,,,
3512,LND,,,,,,,,,,,,
3513,LND,,,,,,,,,,,,
3514,LND,,,,,,,,,,,,
3515,LND,,,,,,,,,,,,
3516,LND,,,,,,,,,,,,
3517,LND,,,,,,,,,,,,
3518,LND,,,,,,,,,,,,
3519,LND,,,,,,,,,,,,
3520,LND,,,,,,,,,,,,
3521,LND,,,,,,,,,,,,
3522,LND,,,,,,,,,,,,
3523,LND,,,,,,,,,,,,
3524,LND,,,,,,,,,,,,
3525,LND,,,,,,,,,,,,
3526,CLN,64,2148,101,57317,616,2227,0.92,6833297,100,10000000,100,10000000
3527,LND,,,,,,,,,,,,
3528,LND,,,,,,,,,,,,
3529,LND,,,,,,,,,,,,
3530,LND,,,,,,,,,,,,
3531,LND,,,,,,,,,,,,
3532,LND,,,,,,,,,,,,
3533,LND,,,,,,,,,,,,
3534,LND,,,,,,,,,,,,
3535,LND,,,,,,,,,,,,
3536,LND,,,,,,,,,,,,
3537,LND,,,,,,,,,,,,
3538,LND,,,,,,,,,,,,
3539,LND,,,,,,,,,,,,
3540,LND,,,,,,,,,,,,
3541,LND,,,,,,,,,,,,
3542,LND,,,,,,,,,,,,
3543,LND,,,,,,,,,,,,
3544,LND,,,,,,,,,,,,
3545,LND,,,,,,,,,,,,
3546,LND,,,,,,,,,,,,
3547,LND,,,,,,,,,,,,
3548,LND,,,,,,,,,,,,
3549,LND,,,,,,,,,,,,
3550,LND,,,,,,,,,,,,
3551,LND,,,,,,,,,,,,
3552,LND,,,,,,,,,,,,
3553,LND,,,,,,,,,,,,
3554,LND,,,,,,,,,,,,
3555,LND,,,,,,,,,,,,
3556,LND,,,,,,,,,,,,
3557,LND,,,,,,,,,,,,
3558,LND,,,,,,,,,,,,
3559,LND,,,,,,,,,,,,
3560,LND,,,,,,,,,,,,
3561,CLN,57,2062,99,44088,678,2044,0.69,1518997,100,10000000,100,10000000
3562,LND,,,,,,,,,,,,
3563,LND,,,,,,,,,,,,
3564,LND,,,,,,,,,,,,
3565,LND,,,,,,,,,,,,
3566,LND,,,,,,,,,,,,
3567,LND,,,,,,,,,,,,
3568,LND,,,,,,,,,,,,
3569,CLN,72,2180,99,59623,731,2439,0.87,6609315,100,10000000,100,10000000
3570,LND,,,,,,,,,,,,
3571,LND,,,,,,,,,,,,
3572,LND,,,,,,,,,,,,
3573,LND,,,,,,,,,,,,
3574,LND,,,,,,,,,,,,
3575,LND,,,,,,,,,,,,
3576,CLN,67,2457,100,41540,569,2029,0.88,1726401,100,10000000,100,10000000
3577,LND,,,,,,,,,,,,
3578,LND,,,,,,,,,,,,
3579,CLN,74,2065,93,46928,636,2507,0.69,3711896,100,10000000,100,10000000
3580,LND,,,,,,,,,,,,
3581,LND,,,,,,,,,,,,
3582,LND,,,,,,,,,,,,
3583,LND,,,,,,,,,,,,
3584,LND,,,,,,,,,,,,
3585,LND,,,,,,,,,,,,
3586,LND,,,,,,,,,,,,
3587,LND,,,,,,,,,,,,
3588,LND,,,,,,,,,,,,
3589,LND,,,,,,,,,,,,
3590,LND,,,,,,,,,,,,
3591,LND,,,,,,,,,,,,
3592,CLN,55,2116,98,49386,588,2708,0.86,5691054,100,10000000,100,10000000
3593,LND,,,,,,,,,,,,
3594,LND,,,,,,,,,,,,
3595,LND,,,,,,,,,,,,
3596,LND,,,,,,,,,,,,
3597,LND,,,,,,,,,,,,
3598,LND,,,,,,,,,,,,
3599,LND,,,,,,,,,,,,
3600,LND,,,,,,,,,,,,
3601,LND,,,,,,,,,,,,
3602,LND,,,,,,,,,,,,
3603,CLN,61,1914,102,41130,724,2582,0.88,7374156,100,10000000,100,10000000
3604,LND,,,,,,,,,,,,
3605,LND,,,,,,,,,,,,
3606,LND,,,,,,,,,,,,
3607,LND,,,,,,,,,,,,
3608,LND,,,,,,,,,,,,
3609,LND,,,,,,,,,,,,
3610,LND,,,,,,,,,,,,
3611,LND,,,,,,,,,,,,
3612,LND,,,,,,,,,,,,
3613,LND,,,,,,,,,,,,
3614,LND,,,,,,,,,,,,
3615,LND,,,,,,,,,,,,
3616,LND,,,,,,,,,,,,
3617,LND,,,,,,,,,,,,
3618,LND,,,,,,,,,,,,
3619,LND,,,,,,,,,,,,
3620,LND,,,,,,,,,,,,
3621,LND,,,,,,,,,,,,
3622,LND,,,,,,,,,,,,
3623,LND,,,,,,,,,,,,
3624,LND,,,,,,,,,,,,
3625,LND,,,,,,,,,,,,
3626,LND,,,,,,,,,,,,
3627,LND,,,,,,,,,,,,
3628,LND,,,,,,,,,,,,
3629,LND,,,,,,,,,,,,
3630,LND,,,,,,,,,,,,
3631,LND,,,,,,,,,,,,
3632,LND,,,,,,,,,,,,
3633,LND,,,,,,,,,,,,
3634,LND,,,,,,,,,,,,
3635,LND,,,,,,,,,,,,
3636,LND,,,,,,,,,,,,
3637,LND,,,,,,,,,,,,
3638,LND,,,,,,,,,,,,
3639,LND,,,,,,,,,,,,
3640,LND,,,,,,,,,,,,
3641,LND,,,,,,,,,,,,
3642,CLN,64,2073,86,45963,618,2495,0.69,3210552,100,10000000,100,10000000
3643,LND,,,,,,,,,,,,
3644,LND,,,,,,,,,,,,
3645,LND,,,,,,,,,,,,
3646,LND,,,,,,,,,,,,
3647,LND,,,,,,,,,,,,
3648,LND,,,,,,,,,,,,
3649,LND,,,,,,,,,,,,
3650,LND,,,,,,,,,,,,
3651,LND,,,,,,,,,,,,
3652,CLN,65,1593,93,57824,735,2525,0.94,7995636,100,10000000,100,10000000
3653,LND,,,,,,,,,,,,
3654,LND,,,,,,,,,,,,
3655,CLN,72,2057,118,45638,742,2471,0.78,6234732,100,10000000,100,10000000
3656,LND,,,,,,,,,,,,
3657,LND,,,,,,,,,,,,
3658,CLN,59,2380,85,44263,766,2932,0.96,2722824,100,10000000,100,10000000
3659,LND,,,,,,,,,,,,
3660,LND,,,,,,,,,,,,
3661,LND,,,,,,,,,,,,
3662,LND,,,,,,,,,,,,
3663,LND,,,,,,,,,,,,
3664,LND,,,,,,,,,,,,
3665,LND,,,,,,,,,,,,
3666,LND,,,,,,,,,,,,
3667,LND,,,,,,,,,,,,
3668,LND,,,,,,,,,,,,
3669,LND,,,,,,,,,,,,
3670,LND,,,,,,,,,,,,
3671,LND,,,,,,,,,,,,
3672,LND,,,,,,,,,,,,
3673,CLN,65,1779,113,58213,660,2931,0.76,8831484,100,10000000,100,10000000
3674,LND,,,,,,,,,,,,
3675,LND,,,,,,,,,,,,
3676,LND,,,,,,,,,,,,
3677,LND,,,,,,,,,,,,
3678,LND,,,,,,,,,,,,
3679,CLN,56,1648,91,45793,598,2579,0.76,8677363,100,10000000,100,10000000
3680,LND,,,,,,,,,,,,
3681,LND,,,,,,,,,,,,
3682,LND,,,,,,,,,,,,
3683,LND,,,,,,,,,,,,
3684,LND,,,,,,,,,,,,
3685,LND,,,,,,,,,,,,
3686,LND,,,,,,,,,,,,
3687,LND,,,,,,,,,,,,
3688,LND,,,,,,,,,,,,
3689,LND,,,,,,,,,,,,
3690,CLN,55,1665,110,41655,714,2670,0.95,6189665,100,10000000,100,10000000
3691,LND,,,,,,,,,,,,
3692,LND,,,,,,,,,,,,
3693,LND,,,,,,,,,,,,
3694,LND,,,,,,,,,,,,
3695,LND,,,,,,,,,,,,
3696,LND,,,,,,,,,,,,
3697,LND,,,,,,,,,,,,
3698,LND,,,,,,,,,,,,
3699,LND,,,,,,,,,,,,
3700,LND,,,,,,,,,,,,
3701,CLN,75,2097,83,57901,744,2003,0.99,1918546,100,10000000,100,10000000
3702,LND,,,,,,,,,,,,
3703,LND,,,,,,,,,,,,
3704,LND,,,,,,,,,,,,
3705,LND,,,,,,,,,,,,
3706,LND,,,,,,,,,,,,
3707,LND,,,,,,,,,,,,
3708,LND,,,,,,,,,,,,
3709,LND,,,,,,,,,,,,
3710,LND,,,,,,,,,,,,
3711,LND,,,,,,,,,,,,
3712,LND,,,,,,,,,,,,
3713,LND,,,,,,,,,,,,
3714,CLN,70,1669,85,52395,635,2763,0.77,2631408,100,10000000,100,10000000
3715,LND,,,,,,,,,,,,
3716,LND,,,,,,,,,,,,
3717,LND,,,,,,,,,,,,
3718,LND,,,,,,,,,,,,
3719,LND,,,,,,,,,,,,
3720,LND,,,,,,,,,,,,
3721,LND,,,,,,,,,,,,
3722,LND,,,,,,,,,,,,
3723,LND,,,,,,,,,,,,
3724,LND,,,,,,,,,,,,
3725,LND,,,,,,,,,,,,
3726,LND,,,,,,,,,,,,
3727,LND,,,,,,,,,,,,
3728,LND,,,,,,,,,,,,
3729,LND,,,,,,,,,,,,
3730,LND,,,,,,,,,,,,
3731,LND,,,,,,,,,,,,
3732,LND,,,,,,,,,,,,
3733,LND,,,,,,,,,,,,
3734,LND,,,,,,,,,,,,
3735,LND,,,,,,,,,,,,
3736,LND,,,,,,,,,,,,
3737,LND,,,,,,,,,,,,
3738,LND,,,,,,,,,,,,
3739,LND,,,,,,,,,,,,
3740,LND,,,,,,,,,,,,
3741,LND,,,,,,,,,,,,
3742,LND,,,,,,,,,,,,
3743,LND,,,,,,,,,,,,
3744,LND,,,,,,,,,,,,
3745,LND,,,,,,,,,,,,
3746,LND,,,,,,,,,,,,
3747,CLN,74,1845,115,49275,681,2843,0.71,3217063,100,10000000,100,10000000
3748,LND,,,,,,,,,,,,
3749,LND,,,,,,,,,,,,
3750,LND,,,,,,,,,,,,
3751,LND,,,,,,,,,,,,
3752,LND,,,,,,,,,,,,
3753,LND,,,,,,,,,,,,
3754,LND,,,,,,,,,,,,
3755,CLN,71,1732,115,59008,626,2760,0.88,4104349,100,10000000,100,10000000
3756,LND,,,,,,,,,,,,
3757,LND,,,,,,,,,,,,
3758,LND,,,,,,,,,,,,
3759,LND,,,,,,,,,,,,
3760,LND,,,,,,,,,,,,
3761,LND,,,,,,,,,,,,
3762,LND,,,,,,,,,,,,
3763,LND,,,,,,,,,,,,
3764,LND,,,,,,,,,,,,
3765,LND,,,,,,,,,,,,
3766,LND,,,,,,,,,,,,
3767,LND,,,,,,,,,,,,
3768,LND,,,,,,,,,,,,
3769,CLN,70,2443,85,58447,665,2503,0.86,3259623,100,10000000,100,10000000
3770,LND,,,,,,,,,,,,
3771,LND,,,,,,,,,,,,
3772,LND,,,,,,,,,,,,
3773,LND,,,,,,,,,,,,
3774,LND,,,,,,,,,,,,
3775,LND,,,,,,,,,,,,
3776,LND,,,,,,,,,,,,
3777,LND,,,,,,,,,,,,
3778,LND,,,,,,,,,,,,
3779,LND,,,,,,,,,,,,
3780,LND,,,,,,,,,,,,
3781,LND,,,,,,,,,,,,
3782,LND,,,,,,,,,,,,
3783,LND,,,,,,,,,,,,
3784,LND,,,,,,,,,,,,
3785,CLN,58,1742,109,43542,694,2691,0.72,3550879,100,10000000,100,10000000
3786,LND,,,,,,,,,,,,
3787,LND,,,,,,,,,,,,
3788,LND,,,,,,,,,,,,
3789,LND,,,,,,,,,,,,
3790,CLN,71,2256,90,58258,596,2915,0.61,3754487,100,10000000,100,10000000
3791,LND,,,,,,,,,,,,
3792,CLN,62,2363,107,45182,682,2236,0.75,7585783,100,10000000,100,10000000
3793,LND,,,,,,,,,,,,
3794,LND,,,,,,,,,,,,
3795,LND,,,,,,,,,,,,
3796,LND,,,,,,,,,,,,
3797,LND,,,,,,,,,,,,
3798,CLN,68,2152,111,44006,639,2199,0.65,6685133,100,10000000,100,10000000
3799,LND,,,,,,,,,,,,
3800,LND,,,,,,,,,,,,
3801,CLN,71,1561,83,57546,683,2405,0.65,8485448,100,10000000,100,10000000
3802,LND,,,,,,,,,,,,
3803,LND,,,,,,,,,,,,
3804,LND,,,,,,,,,,,,
3805,LND,,,,,,,,,,,,
3806,LND,,,,,,,,,,,,
3807,LND,,,,,,,,,,,,
3808,LND,,,,,,,,,,,,
3809,LND,,,,,,,,,,,,
3810,CLN,55,2008,109,54503,683,2474,0.73,9923020,100,10000000,100,10000000
3811,LND,,,,,,,,,,,,
3812,LND,,,,,,,,,,,,
3813,LND,,,,,,,,,,,,
3814,LND,,,,,,,,,,,,
3815,LND,,,,,,,,,,,,
3816,LND,,,,,,,,,,,,
3817,LND,,,,,,,,,,,,
3818,LND,,,,,,,,,,,,
3819,LND,,,,,,,,,,,,
3820,LND,,,,,,,,,,,,
3821,LND,,,,,,,,,,,,
3822,CLN,57,1985,101,41301,760,2915,0.61,7335240,100,10000000,100,10000000
3823,LND,,,,,,,,,,,,
3824,LND,,,,,,,,,,,,
3825,LND,,,,,,,,,,,,
3826,LND,,,,,,,,,,,,
3827,LND,,,,,,,,,,,,
3828,LND,,,,,,,,,,,,
3829,LND,,,,,,,,,,,,
3830,LND,,,,,,,,,,,,
3831,LND,,,,,,,,,,,,
3832,LND,,,,,,,,,,,,
3833,LND,,,,,,,,,,,,
3834,CLN,57,2386,85,51200,588,2128,0.78,6975983,100,10000000,100,10000000
3835,LND,,,,,,,,,,,,
3836,LND,,,,,,,,,,,,
3837,LND,,,,,,,,,,,,
3838,LND,,,,,,,,,,,,
3839,LND,,,,,,,,,,,,
3840,LND,,,,,,,,,,,,
3841,LND,,,,,,,,,,,,
3842,LND,,,,,,,,,,,,
3843,LND,,,,,,,,,,,,
3844,CLN,59,1615,92,48782,602,2555,0.85,8041000,100,10000000,100,10000000
3845,LND,,,,,,,,,,,,
3846,LND,,,,,,,,,,,,
3847,LND,,,,,,,,,,,,
3848,LND,,,,,,,,,,,,
3849,LND,,,,,,,,,,,,
3850,CLN,65,1850,87,54862,593,2427,0.87,586924,100,10000000,100,10000000
3851,LND,,,,,,,,,,,,
3852,LND,,,,,,,,,,,,
3853,LND,,,,,,,,,,,,
3854,LND,,,,,,,,,,,,
3855,LND,,,,,,,,,,,,
3856,LND,,,,,,,,,,,,
3857,LND,,,,,,,,,,,,
3858,LND,,,,,,,,,,,,
3859,LND,,,,,,,,,,,,
3860,LND,,,,,,,,,,,,
3861,LND,,,,,,,,,,,,
3862,LND,,,,,,,,,,,,
3863,LND,,,,,,,,,,,,
3864,LND,,,,,,,,,,,,
3865,CLN,67,1947,119,51750,604,2626,0.91,5810911,100,10000000,100,10000000
3866,LND,,,,,,,,,,,,
3867,LND,,,,,,,,,,,,
3868,LND,,,,,,,,,,,,
3869,LND,,,,,,,,,,,,
3870,LND,,,,,,,,,,,,
3871,LND,,,,,,,,,,,,
3872,LND,,,,,,,,,,,,
3873,CLN,73,1667,114,47741,590,2481,0.75,8414682,100,10000000,100,10000000
3874,LND,,,,,,,,,,,,
3875,LND,,,,,,,,,,,,
3876,LND,,,,,,,,,,,,
3877,LND,,,,,,,,,,,,
3878,LND,,,,,,,,,,,,
3879,LND,,,,,,,,,,,,
3880,LND,,,,,,,,,,,,
3881,LND,,,,,,,,,,,,
3882,LND,,,,,,,,,,,,
3883,LND,,,,,,,,,,,,
3884,LND,,,,,,,,,,,,
3885,LND,,,,,,,,,,,,
3886,LND,,,,,,,,,,,,
3887,LND,,,,,,,,,,,,
3888,LND,,,,,,,,,,,,
3889,LND,,,,,,,,,,,,
3890,LND,,,,,,,,,,,,
3891,LND,,,,,,,,,,,,
3892,LND,,,,,,,,,,,,
3893,LND,,,,,,,,,,,,
3894,LND,,,,,,,,,,,,
3895,LND,,,,,,,,,,,,
3896,LND,,,,,,,,,,,,
3897,CLN,66,2103,116,50241,723,2132,0.61,3316591,100,10000000,100,10000000
3898,LND,,,,,,,,,,,,
3899,LND,,,,,,,,,,,,
3900,LND,,,,,,,,,,,,
3901,LND,,,,,,,,,,,,
3902,LND,,,,,,,,,,,,
3903,LND,,,,,,,,,,,,
3904,CLN,63,2137,117,55345,645,2512,0.86,9888282,100,10000000,100,10000000
3905,LND,,,,,,,,,,,,
3906,LND,,,,,,,,,,,,
3907,LND,,,,,,,,,,,,
3908,LND,,,,,,,,,,,,
3909,LND,,,,,,,,,,,,
3910,LND,,,,,,,,,,,,
3911,LND,,,,,,,,,,,,
3912,LND,,,,,,,,,,,,
3913,LND,,,,,,,,,,,,
3914,LND,,,,,,,,,,,,
3915,LND,,,,,,,,,,,,
3916,LND,,,,,,,,,,,,
3917,LND,,,,,,,,,,,,
3918,LND,,,,,,,,,,,,
3919,CLN,75,1937,101,56112,755,2618,0.98,1702641,100,10000000,100,10000000
3920,LND,,,,,,,,,,,,
3921,LND,,,,,,,,,,,,
3922,LND,,,,,,,,,,,,
3923,LND,,,,,,,,,,,,
3924,LND,,,,,,,,,,,,
3925,LND,,,,,,,,,,,,
3926,LND,,,,,,,,,,,,
3927,LND,,,,,,,,,,,,
3928,LND,,,,,,,,,,,,
3929,LND,,,,,,,,,,,,
3930,LND,,,,,,,,,,,,
3931,CLN,63,1764,103,58119,596,2905,0.71,3989926,100,10000000,100,10000000
3932,LND,,,,,,,,,,,,
3933,LND,,,,,,,,,,,,
3934,LND,,,,,,,,,,,,
3935,LND,,,,,,,,,,,,
3936,CLN,67,1762,85,43543,739,2709,0.99,639371,100,10000000,100,10000000
3937,LND,,,,,,,,,,,,
3938,LND,,,,,,,,,,,,
3939,LND,,,,,,,,,,,,
3940,LND,,,,,,,,,,,,
3941,LND,,,,,,,,,,,,
3942,LND,,,,,,,,,,,,
3943,CLN,66,1663,82,53688,720,2135,0.97,4238143,100,10000000,100,10000000
3944,LND,,,,,,,,,,,,
3945,LND,,,,,,,,,,,,
3946,LND,,,,,,,,,,,,
3947,LND,,,,,,,,,,,,
3948,LND,,,,,,,,,,,,
3949,LND,,,,,,,,,,,,
3950,LND,,,,,,,,,,,,
3951,LND,,,,,,,,,,,,
3952,LND,,,,,,,,,,,,
3953,LND,,,,,,,,,,,,
3954,LND,,,,,,,,,,,,
3955,LND,,,,,,,,,,,,
3956,LND,,,,,,,,,,,,
3957,LND,,,,,,,,,,,,
3958,LND,,,,,,,,,,,,
3959,LND,,,,,,,,,,,,
3960,LND,,,,,,,,,,,,
3961,LND,,,,,,,,,,,,
3962,LND,,,,,,,,,,,,
3963,LND,,,,,,,,,,,,
3964,LND,,,,,,,,,,,,
3965,LND,,,,,,,,,,,,
3966,LND,,,,,,,,,,,,
3967,LND,,,,,,,,,,,,
3968,LND,,,,,,,,,,,,
3969,LND,,,,,,,,,,,,
3970,LND,,,,,,,,,,,,
3971,LND,,,,,,,,,,,,
3972,LND,,,,,,,,,,,,
3973,LND,,,,,,,,,,,,
3974,LND,,,,,,,,,,,,
3975,LND,,,,,,,,,,,,
3976,LND,,,,,,,,,,,,
3977,LND,,,,,,,,,,,,
3978,LND,,,,,,,,,,,,
3979,LND,,,,,,,,,,,,
3980,LND,,,,,,,,,,,,
3981,LND,,,,,,,,,,,,
3982,LND,,,,,,,,,,,,
3983,LND,,,,,,,,,,,,
3984,LND,,,,,,,,,,,,
3985,LND,,,,,,,,,,,,
3986,LND,,,,,,,,,,,,
3987,LND,,,,,,,,,,,,
3988,LND,,,,,,,,,,,,
3989,LND,,,,,,,,,,,,
3990,LND,,,,,,,,,,,,
3991,LND,,,,,,,,,,,,
3992,LND,,,,,,,,,,,,
3993,LND,,,,,,,,,,,,
3994,LND,,,,,,,,,,,,
3995,LND,,,,,,,,,,,,
3996,LND,,,,,,,,,,,,
3997,LND,,,,,,,,,,,,
3998,LND,,,,,,,,,,,,
3999,LND,,,,,,,,,,,,
4000,LND,,,,,,,,,,,,
4001,LND,,,,,,,,,,,,
4002,LND,,,,,,,,,,,,
4003,LND,,,,,,,,,,,,
4004,LND,,,,,,,,,,,,
4005,LND,,,,,,,,,,,,
4006,LND,,,,,,,,,,,,
4007,LND,,,,,,,,,,,,
4008,LND,,,,,,,,,,,,
4009,LND,,,,,,,,,,,,
4010,LND,,,,,,,,,,,,
4011,LND,,,,,,,,,,,,
4012,LND,,,,,,,,,,,,
4013,LND,,,,,,,,,,,,
4014,LND,,,,,,,,,,,,
4015,LND,,,,,,,,,,,,
4016,LND,,,,,,,,,,,,
4017,CLN,55,1846,87,46290,747,2495,0.68,376448,100,10000000,100,10000000
4018,LND,,,,,,,,,,,,
4019,LND,,,,,,,,,,,,
4020,LND,,,,,,,,,,,,
4021,CLN,64,2378,120,42046,680,2755,0.92,1217711,100,10000000,100,10000000
4022,LND,,,,,,,,,,,,
4023,LND,,,,,,,,,,,,
4024,LND,,,,,,,,,,,,
4025,LND,,,,,,,,,,,,
4026,CLN,75,1549,111,58033,756,2240,0.7,726187,100,10000000,100,10000000
4027,LND,,,,,,,,,,,,
4028,LND,,,,,,,,,,,,
4029,LND,,,,,,,,,,,,
4030,LND,,,,,,,,,,,,
4031,LND,,,,,,,,,,,,
4032,LND,,,,,,,,,,,,
4033,LND,,,,,,,,,,,,
4034,LND,,,,,,,,,,,,
4035,LND,,,,,,,,,,,,
4036,LND,,,,,,,,,,,,
4037,LND,,,,,,,,,,,,
4038,LND,,,,,,,,,,,,
4039,LND,,,,,,,,,,,,
4040,LND,,,,,,,,,,,,
4041,LND,,,,,,,,,,,,
4042,LND,,,,,,,,,,,,
4043,LND,,,,,,,,,,,,
4044,LND,,,,,,,,,,,,
4045,LND,,,,,,,,,,,,
4046,LND,,,,,,,,,,,,
4047,CLN,63,1537,92,45570,608,2610,0.73,9941641,100,10000000,100,10000000
4048,LND,,,,,,,,,,,,
4049,LND,,,,,,,,,,,,
4050,LND,,,,,,,,,,,,
4051,LND,,,,,,,,,,,,
4052,LND,,,,,,,,,,,,
4053,LND,,,,,,,,,,,,
4054,LND,,,,,,,,,,,,
4055,LND,,,,,,,,,,,,
4056,CLN,57,2492,111,48172,595,2910,0.7,8371966,100,10000000,100,10000000
4057,LND,,,,,,,,,,,,
4058,LND,,,,,,,,,,,,
4059,LND,,,,,,,,,,,,
4060,LND,,,,,,,,,,,,
4061,LND,,,,,,,,,,,,
4062,LND,,,,,,,,,,,,
4063,LND,,,,,,,,,,,,
4064,LND,,,,,,,,,,,,
4065,LND,,,,,,,,,,,,
4066,LND,,,,,,,,,,,,
4067,LND,,,,,,,,,,,,
4068,LND,,,,,,,,,,,,
4069,LND,,,,,,,,,,,,
4070,LND,,,,,,,,,,,,
4071,LND,,,,,,,,,,,,
4072,CLN,70,1592,105,52836,601,2704,0.76,8260416,100,10000000,100,10000000
4073,LND,,,,,,,,,,,,
4074,LND,,,,,,,,,,,,
4075,LND,,,,,,,,,,,,
4076,LND,,,,,,,,,,,,
4077,LND,,,,,,,,,,,,
4078,LND,,,,,,,,,,,,
4079,LND,,,,,,,,,,,,
4080,LND,,,,,,,,,,,,
4081,LND,,,,,,,,,,,,
4082,LND,,,,,,,,,,,,
4083,LND,,,,,,,,,,,,
4084,LND,,,,,,,,,,,,
4085,LND,,,,,,,,,,,,
4086,LND,,,,,,,,,,,,
4087,LND,,,,,,,,,,,,
4088,LND,,,,,,,,,,,,
4089,LND,,,,,,,,,,,,
4090,LND,,,,,,,,,,,,
4091,LND,,,,,,,,,,,,
4092,LND,,,,,,,,,,,,
4093,LND,,,,,,,,,,,,
4094,LND,,,,,,,,,,,,
4095,CLN,55,1708,114,42760,662,2223,0.73,873959,100,10000000,100,10000000
4096,LND,,,,,,,,,,,,
4097,LND,,,,,,,,,,,,
4098,LND,,,,,,,,,,,,
4099,LND,,,,,,,,,,,,
4100,LND,,,,,,,,,,,,
4101,LND,,,,,,,,,,,,
4102,LND,,,,,,,,,,,,
4103,LND,,,,,,,,,,,,
4104,LND,,,,,,,,,,,,
4105,LND,,,,,,,,,,,,
4106,LND,,,,,,,,,,,,
4107,LND,,,,,,,,,,,,
4108,LND,,,,,,,,,,,,
4109,LND,,,,,,,,,,,,
4110,LND,,,,,,,,,,,,
4111,LND,,,,,,,,,,,,
4112,LND,,,,,,,,,,,,
4113,LND,,,,,,,,,,,,
4114,LND,,,,,,,,,,,,
4115,LND,,,,,,,,,,,,
4116,LND,,,,,,,,,,,,
4117,LND,,,,,,,,,,,,
4118,LND,,,,,,,,,,,,
4119,LND,,,,,,,,,,,,
4120,LND,,,,,,,,,,,,
4121,LND,,,,,,,,,,,,
4122,LND,,,,,,,,,,,,
4123,LND,,,,,,,,,,,,
4124,LND,,,,,,,,,,,,
4125,LND,,,,,,,,,,,,
4126,CLN,65,1651,100,54198,690,2187,0.96,4500694,100,10000000,100,10000000
4127,LND,,,,,,,,,,,,
4128,CLN,69,2450,98,45409,742,2826,0.92,3002048,100,10000000,100,10000000
4129,LND,,,,,,,,,,,,
4130,LND,,,,,,,,,,,,
4131,LND,,,,,,,,,,,,
4132,LND,,,,,,,,,,,,
4133,LND,,,,,,,,,,,,
4134,LND,,,,,,,,,,,,
4135,LND,,,,,,,,,,,,
4136,LND,,,,,,,,,,,,
4137,LND,,,,,,,,,,,,
4138,CLN,72,1888,106,40526,722,2377,0.9,4622471,100,10000000,100,10000000
4139,LND,,,,,,,,,,,,
4140,LND,,,,,,,,,,,,
4141,LND,,,,,,,,,,,,
4142,LND,,,,,,,,,,,,
4143,LND,,,,,,,,,,,,
4144,LND,,,,,,,,,,,,
4145,LND,,,,,,,,,,,,
4146,LND,,,,,,,,,,,,
4147,LND,,,,,,,,,,,,
4148,LND,,,,,,,,,,,,
4149,LND,,,,,,,,,,,,
4150,LND,,,,,,,,,,,,
4151,LND,,,,,,,,,,,,
4152,LND,,,,,,,,,,,,
4153,LND,,,,,,,,,,,,
4154,LND,,,,,,,,,,,,
4155,LND,,,,,,,,,,,,
4156,LND,,,,,,,,,,,,
4157,LND,,,,,,,,,,,,
4158,CLN,58,1536,93,46759,684,2247,0.72,6915657,100,10000000,100,10000000
4159,LND,,,,,,,,,,,,
4160,LND,,,,,,,,,,,,
4161,LND,,,,,,,,,,,,
4162,LND,,,,,,,,,,,,
4163,LND,,,,,,,,,,,,
4164,LND,,,,,,,,,,,,
4165,LND,,,,,,,,,,,,
4166,LND,,,,,,,,,,,,
4167,LND,,,,,,,,,,,,
4168,LND,,,,,,,,,,,,
4169,LND,,,,,,,,,,,,
4170,LND,,,,,,,,,,,,
4171,LND,,,,,,,,,,,,
4172,LND,,,,,,,,,,,,
4173,CLN,67,1920,94,56784,615,2404,0.71,5055024,100,10000000,100,10000000
4174,LND,,,,,,,,,,,,
4175,CLN,59,2349,100,50909,618,2430,0.7,2402829,100,10000000,100,10000000
4176,CLN,68,1657,102,42702,670,2809,0.71,6559431,100,10000000,100,10000000
4177,LND,,,,,,,,,,,,
4178,LND,,,,,,,,,,,,
4179,LND,,,,,,,,,,,,
4180,LND,,,,,,,,,,,,
4181,LND,,,,,,,,,,,,
4182,LND,,,,,,,,,,,,
4183,LND,,,,,,,,,,,,
4184,LND,,,,,,,,,,,,
4185,LND,,,,,,,,,,,,
4186,LND,,,,,,,,,,,,
4187,LND,,,,,,,,,,,,
4188,LND,,,,,,,,,,,,
4189,LND,,,,,,,,,,,,
4190,LND,,,,,,,,,,,,
4191,LND,,,,,,,,,,,,
4192,LND,,,,,,,,,,,,
4193,LND,,,,,,,,,,,,
4194,LND,,,,,,,,,,,,
4195,LND,,,,,,,,,,,,
4196,CLN,60,1595,103,51249,638,2773,0.64,1476173,100,10000000,100,10000000
4197,CLN,64,2458,93,58320,766,2481,0.84,7870958,100,10000000,100,10000000
4198,LND,,,,,,,,,,,,
4199,LND,,,,,,,,,,,,
4200,LND,,,,,,,,,,,,
4201,LND,,,,,,,,,,,,
4202,LND,,,,,,,,,,,,
4203,LND,,,,,,,,,,,,
4204,LND,,,,,,,,,,,,
4205,LND,,,,,,,,,,,,
4206,LND,,,,,,,,,,,,
4207,LND,,,,,,,,,,,,
4208,LND,,,,,,,,,,,,
4209,LND,,,,,,,,,,,,
4210,LND,,,,,,,,,,,,
4211,LND,,,,,,,,,,,,
4212,LND,,,,,,,,,,,,
4213,LND,,,,,,,,,,,,
4214,LND,,,,,,,,,,,,
4215,CLN,55,2268,104,53965,580,2690,0.66,3396217,100,10000000,100,10000000
4216,LND,,,,,,,,,,,,
4217,LND,,,,,,,,,,,,
4218,LND,,,,,,,,,,,,
4219,LND,,,,,,,,,,,,
4220,LND,,,,,,,,,,,,
4221,LND,,,,,,,,,,,,
4222,LND,,,,,,,,,,,,
4223,LND,,,,,,,,,,,,
4224,LND,,,,,,,,,,,,
4225,LND,,,,,,,,,,,,
4226,LND,,,,,,,,,,,,
4227,LND,,,,,,,,,,,,
4228,LND,,,,,,,,,,,,
4229,LND,,,,,,,,,,,,
4230,CLN,58,1820,85,41388,760,2507,0.73,481409,100,10000000,100,10000000
4231,LND,,,,,,,,,,,,
4232,LND,,,,,,,,,,,,
4233,LND,,,,,,,,,,,,
4234,LND,,,,,,,,,,,,
4235,LND,,,,,,,,,,,,
4236,CLN,61,1956,111,42849,611,2658,0.97,6358010,100,10000000,100,10000000
4237,LND,,,,,,,,,,,,
4238,LND,,,,,,,,,,,,
4239,LND,,,,,,,,,,,,
4240,LND,,,,,,,,,,,,
4241,LND,,,,,,,,,,,,
4242,LND,,,,,,,,,,,,
4243,LND,,,,,,,,,,,,
4244,LND,,,,,,,,,,,,
4245,LND,,,,,,,,,,,,
4246,LND,,,,,,,,,,,,
4247,CLN,65,1654,118,49586,659,2624,0.89,8977727,100,10000000,100,10000000
4248,LND,,,,,,,,,,,,
4249,LND,,,,,,,,,,,,
4250,LND,,,,,,,,,,,,
4251,LND,,,,,,,,,,,,
4252,LND,,,,,,,,,,,,
4253,LND,,,,,,,,,,,,
4254,LND,,,,,,,,,,,,
4255,LND,,,,,,,,,,,,
4256,LND,,,,,,,,,,,,
4257,LND,,,,,,,,,,,,
4258,LND,,,,,,,,,,,,
4259,LND,,,,,,,,,,,,
4260,LND,,,,,,,,,,,,
4261,LND,,,,,,,,,,,,
4262,LND,,,,,,,,,,,,
4263,CLN,65,2012,113,59381,669,2755,0.88,9913252,100,10000000,100,10000000
4264,LND,,,,,,,,,,,,
4265,LND,,,,,,,,,,,,
4266,LND,,,,,,,,,,,,
4267,LND,,,,,,,,,,,,
4268,LND,,,,,,,,,,,,
4269,LND,,,,,,,,,,,,
4270,LND,,,,,,,,,,,,
4271,LND,,,,,,,,,,,,
4272,LND,,,,,,,,,,,,
4273,LND,,,,,,,,,,,,
4274,LND,,,,,,,,,,,,
4275,LND,,,,,,,,,,,,
4276,LND,,,,,,,,,,,,
4277,LND,,,,,,,,,,,,
4278,LND,,,,,,,,,,,,
4279,LND,,,,,,,,,,,,
4280,LND,,,,,,,,,,,,
4281,LND,,,,,,,,,,,,
4282,LND,,,,,,,,,,,,
4283,LND,,,,,,,,,,,,
4284,LND,,,,,,,,,,,,
4285,LND,,,,,,,,,,,,
4286,LND,,,,,,,,,,,,
4287,LND,,,,,,,,,,,,
4288,LND,,,,,,,,,,,,
4289,LND,,,,,,,,,,,,
4290,LND,,,,,,,,,,,,
4291,LND,,,,,,,,,,,,
4292,LND,,,,,,,,,,,,
4293,LND,,,,,,,,,,,,
4294,LND,,,,,,,,,,,,
4295,LND,,,,,,,,,,,,
4296,LND,,,,,,,,,,,,
4297,LND,,,,,,,,,,,,
4298,LND,,,,,,,,,,,,
4299,LND,,,,,,,,,,,,
4300,LND,,,,,,,,,,,,
4301,LND,,,,,,,,,,,,
4302,LND,,,,,,,,,,,,
4303,LND,,,,,,,,,,,,
4304,LND,,,,,,,,,,,,
4305,LND,,,,,,,,,,,,
4306,LND,,,,,,,,,,,,
4307,LND,,,,,,,,,,,,
4308,LND,,,,,,,,,,,,
4309,CLN,56,2115,80,41851,751,2589,0.83,8938358,100,10000000,100,10000000
4310,LND,,,,,,,,,,,,
4311,LND,,,,,,,,,,,,
4312,LND,,,,,,,,,,,,
4313,LND,,,,,,,,,,,,
4314,LND,,,,,,,,,,,,
4315,LND,,,,,,,,,,,,
4316,LND,,,,,,,,,,,,
4317,LND,,,,,,,,,,,,
4318,LND,,,,,,,,,,,,
4319,LND,,,,,,,,,,,,
4320,LND,,,,,,,,,,,,
4321,LND,,,,,,,,,,,,
4322,LND,,,,,,,,,,,,
4323,LND,,,,,,,,,,,,
4324,LND,,,,,,,,,,,,
4325,LND,,,,,,,,,,,,
4326,LND,,,,,,,,,,,,
4327,LND,,,,,,,,,,,,
4328,LND,,,,,,,,,,,,
4329,LND,,,,,,,,,,,,
4330,LND,,,,,,,,,,,,
4331,LND,,,,,,,,,,,,
4332,LND,,,,,,,,,,,,
4333,LND,,,,,,,,,,,,
4334,CLN,62,1965,110,56142,711,2127,0.79,8634301,100,10000000,100,10000000
4335,CLN,61,2268,115,41896,708,2020,0.83,6804436,100,10000000,100,10000000
4336,LND,,,,,,,,,,,,
4337,LND,,,,,,,,,,,,
4338,LND,,,,,,,,,,,,
4339,CLN,70,1851,82,52109,636,2047,0.69,4811821,100,10000000,100,10000000
4340,LND,,,,,,,,,,,,
4341,LND,,,,,,,,,,,,
4342,LND,,,,,,,,,,,,
4343,LND,,,,,,,,,,,,
4344,LND,,,,,,,,,,,,
4345,LND,,,,,,,,,,,,
4346,LND,,,,,,,,,,,,
4347,LND,,,,,,,,,,,,
4348,LND,,,,,,,,,,,,
4349,LND,,,,,,,,,,,,
4350,CLN,71,1812,108,45156,646,2159,0.71,6050483,100,10000000,100,10000000
4351,CLN,57,2074,97,58270,701,2528,0.99,4684007,100,10000000,100,10000000
4352,LND,,,,,,,,,,,,
4353,LND,,,,,,,,,,,,
4354,LND,,,,,,,,,,,,
4355,LND,,,,,,,,,,,,
4356,LND,,,,,,,,,,,,
4357,LND,,,,,,,,,,,,
4358,LND,,,,,,,,,,,,
4359,LND,,,,,,,,,,,,
4360,LND,,,,,,,,,,,,
4361,CLN,64,1812,85,49535,623,2431,0.78,2144251,100,10000000,100,10000000
4362,LND,,,,,,,,,,,,
4363,LND,,,,,,,,,,,,
4364,LND,,,,,,,,,,,,
4365,CLN,58,1900,99,52954,725,2017,0.94,6603921,100,10000000,100,10000000
4366,LND,,,,,,,,,,,,
4367,LND,,,,,,,,,,,,
4368,LND,,,,,,,,,,,,
4369,LND,,,,,,,,,,,,
4370,LND,,,,,,,,,,,,
4371,LND,,,,,,,,,,,,
4372,LND,,,,,,,,,,,,
4373,LND,,,,,,,,,,,,
4374,LND,,,,,,,,,,,,
4375,CLN,73,2377,84,44954,715,2459,0.89,3582589,100,10000000,100,10000000
4376,LND,,,,,,,,,,,,
4377,LND,,,,,,,,,,,,
4378,LND,,,,,,,,,,,,
4379,LND,,,,,,,,,,,,
4380,LND,,,,,,,,,,,,
4381,LND,,,,,,,,,,,,
4382,LND,,,,,,,,,,,,
4383,LND,,,,,,,,,,,,
4384,LND,,,,,,,,,,,,
4385,LND,,,,,,,,,,,,
4386,LND,,,,,,,,,,,,
4387,LND,,,,,,,,,,,,
4388,LND,,,,,,,,,,,,
4389,LND,,,,,,,,,,,,
4390,CLN,56,2109,92,53254,714,2367,0.69,6507072,100,10000000,100,10000000
4391,LND,,,,,,,,,,,,
4392,CLN,74,1607,91,40897,652,2844,0.87,3700050,100,10000000,100,10000000
4393,LND,,,,,,,,,,,,
4394,CLN,72,2052,102,49534,710,2345,0.97,1485150,100,10000000,100,10000000
4395,CLN,62,2051,103,53461,634,2442,0.62,7006139,100,10000000,100,10000000
4396,LND,,,,,,,,,,,,
4397,LND,,,,,,,,,,,,
4398,LND,,,,,,,,,,,,
4399,LND,,,,,,,,,,,,
4400,LND,,,,,,,,,,,,
4401,LND,,,,,,,,,,,,
4402,LND,,,,,,,,,,,,
4403,LND,,,,,,,,,,,,
4404,LND,,,,,,,,,,,,
4405,LND,,,,,,,,,,,,
4406,LND,,,,,,,,,,,,
4407,LND,,,,,,,,,,,,
4408,LND,,,,,,,,,,,,
4409,LND,,,,,,,,,,,,
4410,LND,,,,,,,,,,,,
4411,LND,,,,,,,,,,,,
4412,LND,,,,,,,,,,,,
4413,LND,,,,,,,,,,,,
4414,LND,,,,,,,,,,,,
4415,LND,,,,,,,,,,,,
4416,LND,,,,,,,,,,,,
4417,LND,,,,,,,,,,,,
4418,LND,,,,,,,,,,,,
4419,LND,,,,,,,,,,,,
4420,LND,,,,,,,,,,,,
4421,LND,,,,,,,,,,,,
4422,LND,,,,,,,,,,,,
4423,LND,,,,,,,,,,,,
4424,LND,,,,,,,,,,,,
4425,LND,,,,,,,,,,,,
4426,CLN,61,1550,112,43004,748,2127,0.69,5494153,100,10000000,100,10000000
4427,LND,,,,,,,,,,,,
4428,CLN,68,2101,85,48113,572,2904,0.72,8165872,100,10000000,100,10000000
4429,LND,,,,,,,,,,,,
4430,LND,,,,,,,,,,,,
4431,LND,,,,,,,,,,,,
4432,LND,,,,,,,,,,,,
4433,LND,,,,,,,,,,,,
4434,LND,,,,,,,,,,,,
4435,LND,,,,,,,,,,,,
4436,LND,,,,,,,,,,,,
4437,CLN,67,1907,102,53839,672,2863,0.72,2281796,100,10000000,100,10000000
4438,LND,,,,,,,,,,,,
4439,LND,,,,,,,,,,,,
4440,LND,,,,,,,,,,,,
4441,LND,,,,,,,,,,,,
4442,LND,,,,,,,,,,,,
4443,LND,,,,,,,,,,,,
4444,LND,,,,,,,,,,,,
4445,LND,,,,,,,,,,,,
4446,LND,,,,,,,,,,,,
4447,LND,,,,,,,,,,,,
4448,LND,,,,,,,,,,,,
4449,LND,,,,,,,,,,,,
4450,LND,,,,,,,,,,,,
4451,LND,,,,,,,,,,,,
4452,LND,,,,,,,,,,,,
4453,LND,,,,,,,,,,,,
4454,CLN,63,2090,105,52673,716,2549,0.88,2749777,100,10000000,100,10000000
4455,LND,,,,,,,,,,,,
4456,CLN,71,1523,101,49544,694,2111,0.83,5277954,100,10000000,100,10000000
4457,LND,,,,,,,,,,,,
4458,LND,,,,,,,,,,,,
4459,LND,,,,,,,,,,,,
4460,LND,,,,,,,,,,,,
4461,LND,,,,,,,,,,,,
4462,LND,,,,,,,,,,,,
4463,LND,,,,,,,,,,,,
4464,LND,,,,,,,,,,,,
4465,LND,,,,,,,,,,,,
4466,LND,,,,,,,,,,,,
4467,LND,,,,,,,,,,,,
4468,LND,,,,,,,,,,,,
4469,LND,,,,,,,,,,,,
4470,LND,,,,,,,,,,,,
4471,CLN,73,2129,93,56304,765,2742,0.65,5695475,100,10000000,100,10000000
4472,LND,,,,,,,,,,,,
4473,LND,,,,,,,,,,,,
4474,LND,,,,,,,,,,,,
4475,LND,,,,,,,,,,,,
4476,LND,,,,,,,,,,,,
4477,LND,,,,,,,,,,,,
4478,LND,,,,,,,,,,,,
4479,LND,,,,,,,,,,,,
4480,LND,,,,,,,,,,,,
4481,LND,,,,,,,,,,,,
4482,LND,,,,,,,,,,,,
4483,LND,,,,,,,,,,,,
4484,LND,,,,,,,,,,,,
4485,LND,,,,,,,,,,,,
4486,LND,,,,,,,,,,,,
4487,LND,,,,,,,,,,,,
4488,LND,,,,,,,,,,,,
4489,LND,,,,,,,,,,,,
4490,LND,,,,,,,,,,,,
4491,LND,,,,,,,,,,,,
4492,LND,,,,,,,,,,,,
4493,LND,,,,,,,,,,,,
4494,LND,,,,,,,,,,,,
4495,LND,,,,,,,,,,,,
4496,LND,,,,,,,,,,,,
4497,LND,,,,,,,,,,,,
4498,LND,,,,,,,,,,,,
4499,LND,,,,,,,,,,,,
4500,LND,,,,,,,,,,,,
4501,LND,,,,,,,,,,,,
4502,LND,,,,,,,,,,,,
4503,CLN,71,2445,97,52024,665,2603,0.91,870993,100,10000000,100,10000000
4504,LND,,,,,,,,,,,,
4505,LND,,,,,,,,,,,,
4506,LND,,,,,,,,,,,,
4507,LND,,,,,,,,,,,,
4508,LND,,,,,,,,,,,,
4509,LND,,,,,,,,,,,,
4510,LND,,,,,,,,,,,,
4511,LND,,,,,,,,,,,,
4512,LND,,,,,,,,,,,,
4513,LND,,,,,,,,,,,,
4514,LND,,,,,,,,,,,,
4515,LND,,,,,,,,,,,,
4516,LND,,,,,,,,,,,,
4517,LND,,,,,,,,,,,,
4518,LND,,,,,,,,,,,,
4519,LND,,,,,,,,,,,,
4520,LND,,,,,,,,,,,,
4521,LND,,,,,,,,,,,,
4522,LND,,,,,,,,,,,,
4523,LND,,,,,,,,,,,,
4524,LND,,,,,,,,,,,,
4525,LND,,,,,,,,,,,,
4526,LND,,,,,,,,,,,,
4527,LND,,,,,,,,,,,,
4528,LND,,,,,,,,,,,,
4529,LND,,,,,,,,,,,,
4530,LND,,,,,,,,,,,,
4531,LND,,,,,,,,,,,,
4532,LND,,,,,,,,,,,,
4533,LND,,,,,,,,,,,,
4534,LND,,,,,,,,,,,,
4535,LND,,,,,,,,,,,,
4536,LND,,,,,,,,,,,,
4537,LND,,,,,,,,,,,,
4538,LND,,,,,,,,,,,,
4539,LND,,,,,,,,,,,,
4540,LND,,,,,,,,,,,,
4541,LND,,,,,,,,,,,,
4542,LND,,,,,,,,,,,,
4543,LND,,,,,,,,,,,,
4544,CLN,63,2093,92,48006,604,2307,0.76,3593242,100,10000000,100,10000000
4545,LND,,,,,,,,,,,,
4546,LND,,,,,,,,,,,,
4547,CLN,74,1525,104,57041,696,2745,0.61,7656066,100,10000000,100,10000000
4548,LND,,,,,,,,,,,,
4549,LND,,,,,,,,,,,,
4550,LND,,,,,,,,,,,,
4551,CLN,64,2224,92,57363,667,2686,0.65,830731,100,10000000,100,10000000
4552,LND,,,,,,,,,,,,
4553,CLN,69,2166,106,58545,759,2581,0.89,2123104,100,10000000,100,10000000
4554,LND,,,,,,,,,,,,
4555,LND,,,,,,,,,,,,
4556,LND,,,,,,,,,,,,
4557,LND,,,,,,,,,,,,
4558,LND,,,,,,,,,,,,
4559,LND,,,,,,,,,,,,
4560,LND,,,,,,,,,,,,
4561,LND,,,,,,,,,,,,
4562,LND,,,,,,,,,,,,
4563,LND,,,,,,,,,,,,
4564,LND,,,,,,,,,,,,
4565,LND,,,,,,,,,,,,
4566,LND,,,,,,,,,,,,
4567,LND,,,,,,,,,,,,
4568,LND,,,,,,,,,,,,
4569,LND,,,,,,,,,,,,
4570,LND,,,,,,,,,,,,
4571,LND,,,,,,,,,,,,
4572,CLN,58,1852,95,51424,756,2406,0.72,3484685,100,10000000,100,10000000
4573,CLN,63,1870,91,56538,695,2116,0.98,4720615,100,10000000,100,10000000
4574,LND,,,,,,,,,,,,
4575,LND,,,,,,,,,,,,
4576,CLN,71,2307,89,43877,637,2440,0.87,9384512,100,10000000,100,10000000
4577,LND,,,,,,,,,,,,
4578,CLN,73,1704,81,45944,619,2829,0.81,2424133,100,10000000,100,10000000
4579,LND,,,,,,,,,,,,
4580,LND,,,,,,,,,,,,
4581,LND,,,,,,,,,,,,
4582,CLN,75,1740,86,57679,682,2758,0.88,3759237,100,10000000,100,10000000
4583,LND,,,,,,,,,,,,
4584,LND,,,,,,,,,,,,
4585,LND,,,,,,,,,,,,
4586,LND,,,,,,,,,,,,
4587,LND,,,,,,,,,,,,
4588,LND,,,,,,,,,,,,
4589,LND,,,,,,,,,,,,
4590,LND,,,,,,,,,,,,
4591,LND,,,,,,,,,,,,
4592,LND,,,,,,,,,,,,
4593,LND,,,,,,,,,,,,
4594,LND,,,,,,,,,,,,
4595,LND,,,,,,,,,,,,
4596,CLN,75,2448,97,50542,690,2131,1.0,6085455,100,10000000,100,10000000
4597,LND,,,,,,,,,,,,
4598,LND,,,,,,,,,,,,
4599,LND,,,,,,,,,,,,
4600,LND,,,,,,,,,,,,
4601,LND,,,,,,,,,,,,
4602,LND,,,,,,,,,,,,
4603,LND,,,,,,,,,,,,
4604,LND,,,,,,,,,,,,
4605,LND,,,,,,,,,,,,
4606,LND,,,,,,,,,,,,
4607,LND,,,,,,,,,,,,
4608,LND,,,,,,,,,,,,
4609,LND,,,,,,,,,,,,
4610,LND,,,,,,,,,,,,
4611,LND,,,,,,,,,,,,
4612,LND,,,,,,,,,,,,
4613,LND,,,,,,,,,,,,
4614,CLN,59,1647,90,54658,686,2363,0.69,5686304,100,10000000,100,10000000
4615,CLN,58,2024,86,45343,587,2639,0.77,3583753,100,10000000,100,10000000
4616,LND,,,,,,,,,,,,
4617,LND,,,,,,,,,,,,
4618,LND,,,,,,,,,,,,
4619,LND,,,,,,,,,,,,
4620,LND,,,,,,,,,,,,
4621,LND,,,,,,,,,,,,
4622,LND,,,,,,,,,,,,
4623,LND,,,,,,,,,,,,
4624,CLN,67,1537,82,58832,727,2867,0.94,9139804,100,10000000,100,10000000
4625,LND,,,,,,,,,,,,
4626,LND,,,,,,,,,,,,
4627,LND,,,,,,,,,,,,
4628,LND,,,,,,,,,,,,
4629,LND,,,,,,,,,,,,
4630,LND,,,,,,,,,,,,
4631,LND,,,,,,,,,,,,
4632,LND,,,,,,,,,,,,
4633,LND,,,,,,,,,,,,
4634,LND,,,,,,,,,,,,
4635,LND,,,,,,,,,,,,
4636,LND,,,,,,,,,,,,
4637,LND,,,,,,,,,,,,
4638,LND,,,,,,,,,,,,
4639,LND,,,,,,,,,,,,
4640,LND,,,,,,,,,,,,
4641,LND,,,,,,,,,,,,
4642,LND,,,,,,,,,,,,
4643,LND,,,,,,,,,,,,
4644,LND,,,,,,,,,,,,
4645,LND,,,,,,,,,,,,
4646,LND,,,,,,,,,,,,
4647,LND,,,,,,,,,,,,
4648,LND,,,,,,,,,,,,
4649,CLN,69,1759,88,58778,570,2821,0.87,1359427,100,10000000,100,10000000
4650,LND,,,,,,,,,,,,
4651,LND,,,,,,,,,,,,
4652,LND,,,,,,,,,,,,
4653,LND,,,,,,,,,,,,
4654,LND,,,,,,,,,,,,
4655,LND,,,,,,,,,,,,
4656,LND,,,,,,,,,,,,
4657,LND,,,,,,,,,,,,
4658,LND,,,,,,,,,,,,
4659,LND,,,,,,,,,,,,
4660,LND,,,,,,,,,,,,
4661,LND,,,,,,,,,,,,
4662,LND,,,,,,,,,,,,
4663,LND,,,,,,,,,,,,
4664,CLN,57,2184,96,46614,659,2717,0.89,163702,100,10000000,100,10000000
4665,LND,,,,,,,,,,,,
4666,LND,,,,,,,,,,,,
4667,LND,,,,,,,,,,,,
4668,LND,,,,,,,,,,,,
4669,LND,,,,,,,,,,,,
4670,LND,,,,,,,,,,,,
4671,LND,,,,,,,,,,,,
4672,LND,,,,,,,,,,,,
4673,LND,,,,,,,,,,,,
4674,LND,,,,,,,,,,,,
4675,LND,,,,,,,,,,,,
4676,LND,,,,,,,,,,,,
4677,LND,,,,,,,,,,,,
4678,LND,,,,,,,,,,,,
4679,LND,,,,,,,,,,,,
4680,LND,,,,,,,,,,,,
4681,LND,,,,,,,,,,,,
4682,LND,,,,,,,,,,,,
4683,LND,,,,,,,,,,,,
4684,LND,,,,,,,,,,,,
4685,LND,,,,,,,,,,,,
4686,LND,,,,,,,,,,,,
4687,LND,,,,,,,,,,,,
4688,LND,,,,,,,,,,,,
4689,LND,,,,,,,,,,,,
4690,LND,,,,,,,,,,,,
4691,LND,,,,,,,,,,,,
4692,LND,,,,,,,,,,,,
4693,LND,,,,,,,,,,,,
4694,LND,,,,,,,,,,,,
4695,LND,,,,,,,,,,,,
4696,LND,,,,,,,,,,,,
4697,CLN,60,1541,117,45382,746,2819,0.65,1825182,100,10000000,100,10000000
4698,LND,,,,,,,,,,,,
4699,LND,,,,,,,,,,,,
4700,LND,,,,,,,,,,,,
4701,LND,,,,,,,,,,,,
4702,LND,,,,,,,,,,,,
4703,LND,,,,,,,,,,,,
4704,LND,,,,,,,,,,,,
4705,LND,,,,,,,,,,,,
4706,LND,,,,,,,,,,,,
4707,LND,,,,,,,,,,,,
4708,LND,,,,,,,,,,,,
4709,LND,,,,,,,,,,,,
4710,LND,,,,,,,,,,,,
4711,LND,,,,,,,,,,,,
4712,LND,,,,,,,,,,,,
4713,LND,,,,,,,,,,,,
4714,LND,,,,,,,,,,,,
4715,LND,,,,,,,,,,,,
4716,LND,,,,,,,,,,,,
4717,LND,,,,,,,,,,,,
4718,LND,,,,,,,,,,,,
4719,LND,,,,,,,,,,,,
4720,LND,,,,,,,,,,,,
4721,LND,,,,,,,,,,,,
4722,LND,,,,,,,,,,,,
4723,LND,,,,,,,,,,,,
4724,LND,,,,,,,,,,,,
4725,LND,,,,,,,,,,,,
4726,LND,,,,,,,,,,,,
4727,LND,,,,,,,,,,,,
4728,LND,,,,,,,,,,,,
4729,LND,,,,,,,,,,,,
4730,LND,,,,,,,,,,,,
4731,LND,,,,,,,,,,,,
4732,LND,,,,,,,,,,,,
4733,LND,,,,,,,,,,,,
4734,CLN,70,1946,107,59781,582,2628,0.86,3174350,100,10000000,100,10000000
4735,LND,,,,,,,,,,,,
4736,CLN,63,2387,82,44121,716,2373,0.76,4096769,100,10000000,100,10000000
4737,LND,,,,,,,,,,,,
4738,LND,,,,,,,,,,,,
4739,LND,,,,,,,,,,,,
4740,LND,,,,,,,,,,,,
4741,LND,,,,,,,,,,,,
4742,LND,,,,,,,,,,,,
4743,LND,,,,,,,,,,,,
4744,LND,,,,,,,,,,,,
4745,LND,,,,,,,,,,,,
4746,CLN,67,1729,109,43155,756,2302,0.61,5075143,100,10000000,100,10000000
4747,LND,,,,,,,,,,,,
4748,LND,,,,,,,,,,,,
4749,LND,,,,,,,,,,,,
4750,LND,,,,,,,,,,,,
4751,CLN,73,1894,93,58676,687,2162,0.79,7589058,100,10000000,100,10000000
4752,LND,,,,,,,,,,,,
4753,LND,,,,,,,,,,,,
4754,LND,,,,,,,,,,,,
4755,LND,,,,,,,,,,,,
4756,LND,,,,,,,,,,,,
4757,LND,,,,,,,,,,,,
4758,CLN,55,2150,113,58543,757,2790,0.74,7720575,100,10000000,100,10000000
4759,LND,,,,,,,,,,,,
4760,LND,,,,,,,,,,,,
4761,LND,,,,,,,,,,,,
4762,LND,,,,,,,,,,,,
4763,LND,,,,,,,,,,,,
4764,LND,,,,,,,,,,,,
4765,LND,,,,,,,,,,,,
4766,CLN,67,1856,86,40287,630,2581,0.86,9834629,100,10000000,100,10000000
4767,LND,,,,,,,,,,,,
4768,LND,,,,,,,,,,,,
4769,LND,,,,,,,,,,,,
4770,LND,,,,,,,,,,,,
4771,LND,,,,,,,,,,,,
4772,LND,,,,,,,,,,,,
4773,LND,,,,,,,,,,,,
4774,LND,,,,,,,,,,,,
4775,LND,,,,,,,,,,,,
4776,LND,,,,,,,,,,,,
4777,LND,,,,,,,,,,,,
4778,LND,,,,,,,,,,,,
4779,LND,,,,,,,,,,,,
4780,LND,,,,,,,,,,,,
4781,LND,,,,,,,,,,,,
4782,LND,,,,,,,,,,,,
4783,LND,,,,,,,,,,,,
4784,LND,,,,,,,,,,,,
4785,LND,,,,,,,,,,,,
4786,LND,,,,,,,,,,,,
4787,LND,,,,,,,,,,,,
4788,CLN,68,2354,92,41848,686,2778,0.64,1731913,100,10000000,100,10000000
4789,LND,,,,,,,,,,,,
4790,LND,,,,,,,,,,,,
4791,LND,,,,,,,,,,,,
4792,LND,,,,,,,,,,,,
4793,LND,,,,,,,,,,,,
4794,LND,,,,,,,,,,,,
4795,LND,,,,,,,,,,,,
4796,LND,,,,,,,,,,,,
4797,LND,,,,,,,,,,,,
4798,CLN,62,1825,80,49138,650,2396,0.87,4868317,100,10000000,100,10000000
4799,LND,,,,,,,,,,,,
4800,CLN,71,1996,115,46226,623,2413,0.95,5093996,100,10000000,100,10000000
4801,LND,,,,,,,,,,,,
4802,LND,,,,,,,,,,,,
4803,LND,,,,,,,,,,,,
4804,LND,,,,,,,,,,,,
4805,LND,,,,,,,,,,,,
4806,LND,,,,,,,,,,,,
4807,LND,,,,,,,,,,,,
4808,LND,,,,,,,,,,,,
4809,LND,,,,,,,,,,,,
4810,LND,,,,,,,,,,,,
4811,LND,,,,,,,,,,,,
4812,LND,,,,,,,,,,,,
4813,LND,,,,,,,,,,,,
4814,LND,,,,,,,,,,,,
4815,LND,,,,,,,,,,,,
4816,LND,,,,,,,,,,,,
4817,LND,,,,,,,,,,,,
4818,LND,,,,,,,,,,,,
4819,LND,,,,,,,,,,,,
4820,LND,,,,,,,,,,,,
4821,LND,,,,,,,,,,,,
4822,LND,,,,,,,,,,,,
4823,LND,,,,,,,,,,,,
4824,LND,,,,,,,,,,,,
4825,LND,,,,,,,,,,,,
4826,LND,,,,,,,,,,,,
4827,LND,,,,,,,,,,,,
4828,LND,,,,,,,,,,,,
4829,LND,,,,,,,,,,,,
4830,LND,,,,,,,,,,,,
4831,LND,,,,,,,,,,,,
4832,LND,,,,,,,,,,,,
4833,LND,,,,,,,,,,,,
4834,LND,,,,,,,,,,,,
4835,LND,,,,,,,,,,,,
4836,LND,,,,,,,,,,,,
4837,LND,,,,,,,,,,,,
4838,LND,,,,,,,,,,,,
4839,LND,,,,,,,,,,,,
4840,LND,,,,,,,,,,,,
4841,LND,,,,,,,,,,,,
4842,LND,,,,,,,,,,,,
4843,LND,,,,,,,,,,,,
4844,LND,,,,,,,,,,,,
4845,LND,,,,,,,,,,,,
4846,LND,,,,,,,,,,,,
4847,LND,,,,,,,,,,,,
4848,LND,,,,,,,,,,,,
4849,LND,,,,,,,,,,,,
4850,LND,,,,,,,,,,,,
4851,LND,,,,,,,,,,,,
4852,LND,,,,,,,,,,,,
4853,LND,,,,,,,,,,,,
4854,LND,,,,,,,,,,,,
4855,LND,,,,,,,,,,,,
4856,LND,,,,,,,,,,,,
4857,LND,,,,,,,,,,,,
4858,LND,,,,,,,,,,,,
4859,LND,,,,,,,,,,,,
4860,LND,,,,,,,,,,,,
4861,LND,,,,,,,,,,,,
4862,LND,,,,,,,,,,,,
4863,LND,,,,,,,,,,,,
4864,LND,,,,,,,,,,,,
4865,LND,,,,,,,,,,,,
4866,LND,,,,,,,,,,,,
4867,LND,,,,,,,,,,,,
4868,LND,,,,,,,,,,,,
4869,LND,,,,,,,,,,,,
4870,LND,,,,,,,,,,,,
4871,LND,,,,,,,,,,,,
4872,CLN,58,1816,90,51258,609,2262,0.63,5470184,100,10000000,100,10000000
4873,LND,,,,,,,,,,,,
4874,LND,,,,,,,,,,,,
4875,LND,,,,,,,,,,,,
4876,LND,,,,,,,,,,,,
4877,LND,,,,,,,,,,,,
4878,LND,,,,,,,,,,,,
4879,LND,,,,,,,,,,,,
4880,LND,,,,,,,,,,,,
4881,LND,,,,,,,,,,,,
4882,LND,,,,,,,,,,,,
4883,LND,,,,,,,,,,,,
4884,LND,,,,,,,,,,,,
4885,CLN,71,1807,105,46161,645,2018,0.75,1654209,100,10000000,100,10000000
4886,LND,,,,,,,,,,,,
4887,LND,,,,,,,,,,,,
4888,LND,,,,,,,,,,,,
4889,LND,,,,,,,,,,,,
4890,LND,,,,,,,,,,,,
4891,LND,,,,,,,,,,,,
4892,LND,,,,,,,,,,,,
4893,LND,,,,,,,,,,,,
4894,LND,,,,,,,,,,,,
4895,LND,,,,,,,,,,,,
4896,LND,,,,,,,,,,,,
4897,LND,,,,,,,,,,,,
4898,LND,,,,,,,,,,,,
4899,LND,,,,,,,,,,,,
4900,LND,,,,,,,,,,,,
4901,LND,,,,,,,,,,,,
4902,LND,,,,,,,,,,,,
4903,LND,,,,,,,,,,,,
4904,LND,,,,,,,,,,,,
4905,LND,,,,,,,,,,,,
4906,LND,,,,,,,,,,,,
4907,LND,,,,,,,,,,,,
4908,LND,,,,,,,,,,,,
4909,LND,,,,,,,,,,,,
4910,LND,,,,,,,,,,,,
4911,LND,,,,,,,,,,,,
4912,LND,,,,,,,,,,,,
4913,LND,,,,,,,,,,,,
4914,LND,,,,,,,,,,,,
4915,CLN,61,2144,107,56376,604,2054,0.95,1564857,100,10000000,100,10000000
4916,LND,,,,,,,,,,,,
4917,LND,,,,,,,,,,,,
4918,LND,,,,,,,,,,,,
4919,LND,,,,,,,,,,,,
4920,LND,,,,,,,,,,,,
4921,LND,,,,,,,,,,,,
4922,LND,,,,,,,,,,,,
4923,LND,,,,,,,,,,,,
4924,LND,,,,,,,,,,,,
4925,LND,,,,,,,,,,,,
4926,LND,,,,,,,,,,,,
4927,CLN,61,1551,99,42252,581,2752,0.62,768449,100,10000000,100,10000000
4928,LND,,,,,,,,,,,,
4929,LND,,,,,,,,,,,,
4930,LND,,,,,,,,,,,,
4931,LND,,,,,,,,,,,,
4932,LND,,,,,,,,,,,,
4933,LND,,,,,,,,,,,,
4934,LND,,,,,,,,,,,,
4935,LND,,,,,,,,,,,,
4936,LND,,,,,,,,,,,,
4937,LND,,,,,,,,,,,,
4938,LND,,,,,,,,,,,,
4939,LND,,,,,,,,,,,,
4940,LND,,,,,,,,,,,,
4941,LND,,,,,,,,,,,,
4942,LND,,,,,,,,,,,,
4943,LND,,,,,,,,,,,,
4944,LND,,,,,,,,,,,,
4945,LND,,,,,,,,,,,,
4946,LND,,,,,,,,,,,,
4947,LND,,,,,,,,,,,,
4948,LND,,,,,,,,,,,,
4949,LND,,,,,,,,,,,,
4950,LND,,,,,,,,,,,,
4951,CLN,74,1943,104,48116,619,2480,0.94,7549460,100,10000000,100,10000000
4952,LND,,,,,,,,,,,,
4953,LND,,,,,,,,,,,,
4954,LND,,,,,,,,,,,,
4955,LND,,,,,,,,,,,,
4956,LND,,,,,,,,,,,,
4957,LND,,,,,,,,,,,,
4958,LND,,,,,,,,,,,,
4959,LND,,,,,,,,,,,,
4960,LND,,,,,,,,,,,,
4961,LND,,,,,,,,,,,,
4962,LND,,,,,,,,,,,,
4963,LND,,,,,,,,,,,,
4964,LND,,,,,,,,,,,,
4965,LND,,,,,,,,,,,,
4966,LND,,,,,,,,,,,,
4967,LND,,,,,,,,,,,,
4968,LND,,,,,,,,,,,,
4969,LND,,,,,,,,,,,,
4970,LND,,,,,,,,,,,,
4971,LND,,,,,,,,,,,,
4972,LND,,,,,,,,,,,,
4973,LND,,,,,,,,,,,,
4974,LND,,,,,,,,,,,,
4975,LND,,,,,,,,,,,,
4976,LND,,,,,,,,,,,,
4977,LND,,,,,,,,,,,,
4978,LND,,,,,,,,,,,,
4979,LND,,,,,,,,,,,,
4980,LND,,,,,,,,,,,,
4981,LND,,,,,,,,,,,,
4982,LND,,,,,,,,,,,,
4983,LND,,,,,,,,,,,,
4984,LND,,,,,,,,,,,,
4985,LND,,,,,,,,,,,,
4986,LND,,,,,,,,,,,,
4987,LND,,,,,,,,,,,,
4988,LND,,,,,,,,,,,,
4989,LND,,,,,,,,,,,,
4990,LND,,,,,,,,,,,,
4991,LND,,,,,,,,,,,,
4992,LND,,,,,,,,,,,,
4993,LND,,,,,,,,,,,,
4994,LND,,,,,,,,,,,,
4995,LND,,,,,,,,,,,,
4996,LND,,,,,,,,,,,,
4997,LND,,,,,,,,,,,,
4998,LND,,,,,,,,,,,,
4999,LND,,,,,,,,,,,,
5000,LND,,,,,,,,,,,,
5001,LND,,,,,,,,,,,,
5002,LND,,,,,,,,,,,,
5003,LND,,,,,,,,,,,,
5004,LND,,,,,,,,,,,,
5005,LND,,,,,,,,,,,,
5006,LND,,,,,,,,,,,,
5007,LND,,,,,,,,,,,,
5008,LND,,,,,,,,,,,,
5009,LND,,,,,,,,,,,,
5010,LND,,,,,,,,,,,,
5011,LND,,,,,,,,,,,,
5012,LND,,,,,,,,,,,,
5013,LND,,,,,,,,,,,,
5014,LND,,,,,,,,,,,,
5015,LND,,,,,,,,,,,,
5016,LND,,,,,,,,,,,,
5017,LND,,,,,,,,,,,,
5018,LND,,,,,,,,,,,,
5019,LND,,,,,,,,,,,,
5020,LND,,,,,,,,,,,,
5021,LND,,,,,,,,,,,,
5022,LND,,,,,,,,,,,,
5023,LND,,,,,,,,,,,,
5024,LND,,,,,,,,,,,,
5025,LND,,,,,,,,,,,,
5026,CLN,61,1638,98,56915,657,2649,0.85,8073011,100,10000000,100,10000000
5027,LND,,,,,,,,,,,,
5028,LND,,,,,,,,,,,,
5029,LND,,,,,,,,,,,,
5030,LND,,,,,,,,,,,,
5031,LND,,,,,,,,,,,,
5032,LND,,,,,,,,,,,,
5033,LND,,,,,,,,,,,,
5034,LND,,,,,,,,,,,,
5035,LND,,,,,,,,,,,,
5036,LND,,,,,,,,,,,,
5037,LND,,,,,,,,,,,,
5038,LND,,,,,,,,,,,,
5039,LND,,,,,,,,,,,,
5040,LND,,,,,,,,,,,,
5041,LND,,,,,,,,,,,,
5042,LND,,,,,,,,,,,,
5043,LND,,,,,,,,,,,,
5044,LND,,,,,,,,,,,,
5045,LND,,,,,,,,,,,,
5046,LND,,,,,,,,,,,,
5047,LND,,,,,,,,,,,,
5048,LND,,,,,,,,,,,,
5049,LND,,,,,,,,,,,,
5050,LND,,,,,,,,,,,,
5051,LND,,,,,,,,,,,,
5052,LND,,,,,,,,,,,,
5053,LND,,,,,,,,,,,,
5054,LND,,,,,,,,,,,,
5055,LND,,,,,,,,,,,,
5056,LND,,,,,,,,,,,,
5057,CLN,68,2389,117,44645,614,2328,0.69,3647732,100,10000000,100,10000000
5058,CLN,66,1773,100,44075,609,2466,0.64,5053442,100,10000000,100,10000000
5059,LND,,,,,,,,,,,,
5060,LND,,,,,,,,,,,,
5061,LND,,,,,,,,,,,,
5062,LND,,,,,,,,,,,,
5063,LND,,,,,,,,,,,,
5064,CLN,74,1790,93,42078,615,2756,0.97,7582669,100,10000000,100,10000000
5065,LND,,,,,,,,,,,,
5066,LND,,,,,,,,,,,,
5067,LND,,,,,,,,,,,,
5068,LND,,,,,,,,,,,,
5069,LND,,,,,,,,,,,,
5070,LND,,,,,,,,,,,,
5071,CLN,67,1933,108,57593,630,2972,0.9,3134484,100,10000000,100,10000000
5072,LND,,,,,,,,,,,,
5073,LND,,,,,,,,,,,,
5074,LND,,,,,,,,,,,,
5075,LND,,,,,,,,,,,,
5076,LND,,,,,,,,,,,,
5077,LND,,,,,,,,,,,,
5078,LND,,,,,,,,,,,,
5079,LND,,,,,,,,,,,,
5080,LND,,,,,,,,,,,,
5081,LND,,,,,,,,,,,,
5082,LND,,,,,,,,,,,,
5083,LND,,,,,,,,,,,,
5084,LND,,,,,,,,,,,,
5085,LND,,,,,,,,,,,,
5086,LND,,,,,,,,,,,,
5087,LND,,,,,,,,,,,,
5088,LND,,,,,,,,,,,,
5089,LND,,,,,,,,,,,,
5090,LND,,,,,,,,,,,,
5091,LND,,,,,,,,,,,,
5092,LND,,,,,,,,,,,,
5093,LND,,,,,,,,,,,,
5094,LND,,,,,,,,,,,,
5095,LND,,,,,,,,,,,,
5096,LND,,,,,,,,,,,,
5097,LND,,,,,,,,,,,,
5098,LND,,,,,,,,,,,,
5099,LND,,,,,,,,,,,,
5100,LND,,,,,,,,,,,,
5101,LND,,,,,,,,,,,,
5102,LND,,,,,,,,,,,,
5103,LND,,,,,,,,,,,,
5104,LND,,,,,,,,,,,,
5105,CLN,70,2359,86,51614,739,2963,0.87,1409279,100,10000000,100,10000000
5106,CLN,71,1691,81,54808,702,2407,0.74,3855792,100,10000000,100,10000000
5107,LND,,,,,,,,,,,,
5108,LND,,,,,,,,,,,,
5109,LND,,,,,,,,,,,,
5110,LND,,,,,,,,,,,,
5111,LND,,,,,,,,,,,,
5112,LND,,,,,,,,,,,,
5113,LND,,,,,,,,,,,,
5114,LND,,,,,,,,,,,,
5115,LND,,,,,,,,,,,,
5116,LND,,,,,,,,,,,,
5117,LND,,,,,,,,,,,,
5118,LND,,,,,,,,,,,,
5119,LND,,,,,,,,,,,,
5120,LND,,,,,,,,,,,,
5121,LND,,,,,,,,,,,,
5122,LND,,,,,,,,,,,,
5123,LND,,,,,,,,,,,,
5124,LND,,,,,,,,,,,,
5125,LND,,,,,,,,,,,,
5126,LND,,,,,,,,,,,,
5127,LND,,,,,,,,,,,,
5128,LND,,,,,,,,,,,,
5129,LND,,,,,,,,,,,,
5130,LND,,,,,,,,,,,,
5131,LND,,,,,,,,,,,,
5132,LND,,,,,,,,,,,,
5133,LND,,,,,,,,,,,,
5134,LND,,,,,,,,,,,,
5135,LND,,,,,,,,,,,,
5136,LND,,,,,,,,,,,,
5137,LND,,,,,,,,,,,,
5138,LND,,,,,,,,,,,,
5139,LND,,,,,,,,,,,,
5140,LND,,,,,,,,,,,,
5141,LND,,,,,,,,,,,,
5142,LND,,,,,,,,,,,,
5143,LND,,,,,,,,,,,,
5144,LND,,,,,,,,,,,,
5145,LND,,,,,,,,,,,,
5146,LND,,,,,,,,,,,,
5147,LND,,,,,,,,,,,,
5148,LND,,,,,,,,,,,,
5149,LND,,,,,,,,,,,,
5150,LND,,,,,,,,,,,,
5151,LND,,,,,,,,,,,,
5152,LND,,,,,,,,,,,,
5153,LND,,,,,,,,,,,,
5154,LND,,,,,,,,,,,,
5155,LND,,,,,,,,,,,,
5156,LND,,,,,,,,,,,,
5157,LND,,,,,,,,,,,,
5158,CLN,66,1865,82,44384,568,2416,0.84,2722280,100,10000000,100,10000000
5159,LND,,,,,,,,,,,,
5160,LND,,,,,,,,,,,,
5161,LND,,,,,,,,,,,,
5162,LND,,,,,,,,,,,,
5163,LND,,,,,,,,,,,,
5164,LND,,,,,,,,,,,,
5165,LND,,,,,,,,,,,,
5166,LND,,,,,,,,,,,,
5167,LND,,,,,,,,,,,,
5168,LND,,,,,,,,,,,,
5169,LND,,,,,,,,,,,,
5170,LND,,,,,,,,,,,,
5171,LND,,,,,,,,,,,,
5172,LND,,,,,,,,,,,,
5173,CLN,60,2457,112,52236,737,2300,0.61,5763431,100,10000000,100,10000000
5174,LND,,,,,,,,,,,,
5175,LND,,,,,,,,,,,,
5176,LND,,,,,,,,,,,,
5177,LND,,,,,,,,,,,,
5178,LND,,,,,,,,,,,,
5179,LND,,,,,,,,,,,,
5180,LND,,,,,,,,,,,,
5181,LND,,,,,,,,,,,,
5182,LND,,,,,,,,,,,,
5183,LND,,,,,,,,,,,,
5184,LND,,,,,,,,,,,,
5185,LND,,,,,,,,,,,,
5186,LND,,,,,,,,,,,,
5187,LND,,,,,,,,,,,,
5188,LND,,,,,,,,,,,,
5189,LND,,,,,,,,,,,,
5190,LND,,,,,,,,,,,,
5191,LND,,,,,,,,,,,,
5192,LND,,,,,,,,,,,,
5193,LND,,,,,,,,,,,,
5194,LND,,,,,,,,,,,,
5195,LND,,,,,,,,,,,,
5196,LND,,,,,,,,,,,,
5197,LND,,,,,,,,,,,,
5198,LND,,,,,,,,,,,,
5199,LND,,,,,,,,,,,,
5200,LND,,,,,,,,,,,,
5201,LND,,,,,,,,,,,,
5202,LND,,,,,,,,,,,,
5203,LND,,,,,,,,,,,,
5204,LND,,,,,,,,,,,,
5205,LND,,,,,,,,,,,,
5206,LND,,,,,,,,,,,,
5207,LND,,,,,,,,,,,,
5208,LND,,,,,,,,,,,,
5209,LND,,,,,,,,,,,,
5210,LND,,,,,,,,,,,,
5211,LND,,,,,,,,,,,,
5212,LND,,,,,,,,,,,,
5213,LND,,,,,,,,,,,,
5214,LND,,,,,,,,,,,,
5215,LND,,,,,,,,,,,,
5216,LND,,,,,,,,,,,,
5217,LND,,,,,,,,,,,,
5218,LND,,,,,,,,,,,,
5219,LND,,,,,,,,,,,,
5220,LND,,,,,,,,,,,,
5221,LND,,,,,,,,,,,,
5222,LND,,,,,,,,,,,,
5223,LND,,,,,,,,,,,,
5224,LND,,,,,,,,,,,,
5225,LND,,,,,,,,,,,,
5226,LND,,,,,,,,,,,,
5227,LND,,,,,,,,,,,,
5228,LND,,,,,,,,,,,,
5229,LND,,,,,,,,,,,,
5230,LND,,,,,,,,,,,,
5231,CLN,70,1563,120,52714,641,2620,0.77,7767161,100,10000000,100,10000000
5232,LND,,,,,,,,,,,,
5233,LND,,,,,,,,,,,,
5234,LND,,,,,,,,,,,,
5235,LND,,,,,,,,,,,,
5236,LND,,,,,,,,,,,,
5237,LND,,,,,,,,,,,,
5238,LND,,,,,,,,,,,,
5239,LND,,,,,,,,,,,,
5240,LND,,,,,,,,,,,,
5241,LND,,,,,,,,,,,,
5242,LND,,,,,,,,,,,,
5243,LND,,,,,,,,,,,,
5244,LND,,,,,,,,,,,,
5245,LND,,,,,,,,,,,,
5246,LND,,,,,,,,,,,,
5247,LND,,,,,,,,,,,,
5248,LND,,,,,,,,,,,,
5249,LND,,,,,,,,,,,,
5250,LND,,,,,,,,,,,,
5251,LND,,,,,,,,,,,,
5252,LND,,,,,,,,,,,,
5253,LND,,,,,,,,,,,,
5254,LND,,,,,,,,,,,,
5255,LND,,,,,,,,,,,,
5256,LND,,,,,,,,,,,,
5257,LND,,,,,,,,,,,,
5258,LND,,,,,,,,,,,,
5259,LND,,,,,,,,,,,,
5260,LND,,,,,,,,,,,,
5261,LND,,,,,,,,,,,,
5262,LND,,,,,,,,,,,,
5263,LND,,,,,,,,,,,,
5264,LND,,,,,,,,,,,,
5265,LND,,,,,,,,,,,,
5266,LND,,,,,,,,,,,,
5267,CLN,65,1962,83,52745,687,2920,0.75,6324942,100,10000000,100,10000000
5268,LND,,,,,,,,,,,,
5269,LND,,,,,,,,,,,,
5270,LND,,,,,,,,,,,,
5271,LND,,,,,,,,,,,,
5272,LND,,,,,,,,,,,,
5273,LND,,,,,,,,,,,,
5274,LND,,,,,,,,,,,,
5275,LND,,,,,,,,,,,,
5276,LND,,,,,,,,,,,,
5277,CLN,74,2085,94,43324,706,2976,0.77,6304471,100,10000000,100,10000000
5278,LND,,,,,,,,,,,,
5279,LND,,,,,,,,,,,,
5280,LND,,,,,,,,,,,,
5281,LND,,,,,,,,,,,,
5282,LND,,,,,,,,,,,,
5283,LND,,,,,,,,,,,,
5284,LND,,,,,,,,,,,,
5285,LND,,,,,,,,,,,,
5286,LND,,,,,,,,,,,,
5287,LND,,,,,,,,,,,,
5288,LND,,,,,,,,,,,,
5289,LND,,,,,,,,,,,,
5290,LND,,,,,,,,,,,,
5291,LND,,,,,,,,,,,,
5292,LND,,,,,,,,,,,,
5293,CLN,71,2394,89,43201,572,2883,0.86,2812224,100,10000000,100,10000000
5294,LND,,,,,,,,,,,,
5295,LND,,,,,,,,,,,,
5296,LND,,,,,,,,,,,,
5297,LND,,,,,,,,,,,,
5298,LND,,,,,,,,,,,,
5299,LND,,,,,,,,,,,,
5300,LND,,,,,,,,,,,,
5301,LND,,,,,,,,,,,,
5302,LND,,,,,,,,,,,,
5303,LND,,,,,,,,,,,,
5304,LND,,,,,,,,,,,,
5305,LND,,,,,,,,,,,,
5306,LND,,,,,,,,,,,,
5307,CLN,65,2152,85,47720,682,2566,0.79,9120994,100,10000000,100,10000000
5308,LND,,,,,,,,,,,,
5309,LND,,,,,,,,,,,,
5310,LND,,,,,,,,,,,,
5311,LND,,,,,,,,,,,,
5312,CLN,69,2445,87,50012,744,2741,0.67,8592840,100,10000000,100,10000000
5313,LND,,,,,,,,,,,,
5314,LND,,,,,,,,,,,,
5315,LND,,,,,,,,,,,,
5316,LND,,,,,,,,,,,,
5317,LND,,,,,,,,,,,,
5318,LND,,,,,,,,,,,,
5319,LND,,,,,,,,,,,,
5320,LND,,,,,,,,,,,,
5321,LND,,,,,,,,,,,,
5322,LND,,,,,,,,,,,,
5323,LND,,,,,,,,,,,,
5324,LND,,,,,,,,,,,,
5325,LND,,,,,,,,,,,,
5326,LND,,,,,,,,,,,,
5327,LND,,,,,,,,,,,,
5328,LND,,,,,,,,,,,,
5329,LND,,,,,,,,,,,,
5330,CLN,62,1641,119,44651,621,2784,0.69,9733630,100,10000000,100,10000000
5331,LND,,,,,,,,,,,,
5332,LND,,,,,,,,,,,,
5333,LND,,,,,,,,,,,,
5334,CLN,57,1588,114,51335,685,2629,0.97,9611429,100,10000000,100,10000000
5335,LND,,,,,,,,,,,,
5336,LND,,,,,,,,,,,,
5337,LND,,,,,,,,,,,,
5338,LND,,,,,,,,,,,,
5339,CLN,60,2375,102,45654,575,2850,0.67,8098220,100,10000000,100,10000000
5340,LND,,,,,,,,,,,,
5341,LND,,,,,,,,,,,,
5342,LND,,,,,,,,,,,,
5343,LND,,,,,,,,,,,,
5344,LND,,,,,,,,,,,,
5345,LND,,,,,,,,,,,,
5346,LND,,,,,,,,,,,,
5347,LND,,,,,,,,,,,,
5348,LND,,,,,,,,,,,,
5349,LND,,,,,,,,,,,,
5350,LND,,,,,,,,,,,,
5351,LND,,,,,,,,,,,,
5352,LND,,,,,,,,,,,,
5353,LND,,,,,,,,,,,,
5354,LND,,,,,,,,,,,,
5355,LND,,,,,,,,,,,,
5356,LND,,,,,,,,,,,,
5357,LND,,,,,,,,,,,,
5358,LND,,,,,,,,,,,,
5359,LND,,,,,,,,,,,,
5360,LND,,,,,,,,,,,,
5361,LND,,,,,,,,,,,,
5362,LND,,,,,,,,,,,,
5363,CLN,58,2265,94,52183,619,2248,0.96,6993764,100,10000000,100,10000000
5364,LND,,,,,,,,,,,,
5365,LND,,,,,,,,,,,,
5366,LND,,,,,,,,,,,,
5367,LND,,,,,,,,,,,,
5368,LND,,,,,,,,,,,,
5369,LND,,,,,,,,,,,,
5370,LND,,,,,,,,,,,,
5371,LND,,,,,,,,,,,,
5372,LND,,,,,,,,,,,,
5373,LND,,,,,,,,,,,,
5374,CLN,71,1885,95,48641,751,2716,0.72,7798501,100,10000000,100,10000000
5375,LND,,,,,,,,,,,,
5376,LND,,,,,,,,,,,,
5377,LND,,,,,,,,,,,,
5378,LND,,,,,,,,,,,,
5379,LND,,,,,,,,,,,,
5380,LND,,,,,,,,,,,,
5381,LND,,,,,,,,,,,,
5382,LND,,,,,,,,,,,,
5383,LND,,,,,,,,,,,,
5384,LND,,,,,,,,,,,,
5385,LND,,,,,,,,,,,,
5386,LND,,,,,,,,,,,,
5387,LND,,,,,,,,,,,,
5388,LND,,,,,,,,,,,,
5389,LND,,,,,,,,,,,,
5390,LND,,,,,,,,,,,,
5391,LND,,,,,,,,,,,,
5392,LND,,,,,,,,,,,,
5393,LND,,,,,,,,,,,,
5394,LND,,,,,,,,,,,,
5395,CLN,63,1920,92,59133,760,2539,0.85,8285722,100,10000000,100,10000000
5396,CLN,56,2329,107,54588,587,2487,0.61,651877,100,10000000,100,10000000
5397,LND,,,,,,,,,,,,
5398,LND,,,,,,,,,,,,
5399,LND,,,,,,,,,,,,
5400,LND,,,,,,,,,,,,
5401,LND,,,,,,,,,,,,
5402,LND,,,,,,,,,,,,
5403,LND,,,,,,,,,,,,
5404,LND,,,,,,,,,,,,
5405,LND,,,,,,,,,,,,
5406,LND,,,,,,,,,,,,
5407,LND,,,,,,,,,,,,
5408,CLN,55,2094,86,53320,724,2860,0.92,833768,100,10000000,100,10000000
5409,LND,,,,,,,,,,,,
5410,LND,,,,,,,,,,,,
5411,LND,,,,,,,,,,,,
5412,LND,,,,,,,,,,,,
5413,LND,,,,,,,,,,,,
5414,LND,,,,,,,,,,,,
5415,LND,,,,,,,,,,,,
5416,LND,,,,,,,,,,,,
5417,LND,,,,,,,,,,,,
5418,CLN,65,2477,92,54639,697,2926,0.62,4641280,100,10000000,100,10000000
5419,LND,,,,,,,,,,,,
5420,LND,,,,,,,,,,,,
5421,LND,,,,,,,,,,,,
5422,CLN,74,2223,84,46321,614,2115,0.68,7181587,100,10000000,100,10000000
5423,LND,,,,,,,,,,,,
5424,LND,,,,,,,,,,,,
5425,LND,,,,,,,,,,,,
5426,LND,,,,,,,,,,,,
5427,LND,,,,,,,,,,,,
5428,LND,,,,,,,,,,,,
5429,CLN,58,2151,89,43684,690,2517,0.63,6088629,100,10000000,100,10000000
5430,LND,,,,,,,,,,,,
5431,LND,,,,,,,,,,,,
5432,LND,,,,,,,,,,,,
5433,LND,,,,,,,,,,,,
5434,LND,,,,,,,,,,,,
5435,LND,,,,,,,,,,,,
5436,LND,,,,,,,,,,,,
5437,LND,,,,,,,,,,,,
5438,LND,,,,,,,,,,,,
5439,LND,,,,,,,,,,,,
5440,LND,,,,,,,,,,,,
5441,LND,,,,,,,,,,,,
5442,LND,,,,,,,,,,,,
5443,LND,,,,,,,,,,,,
5444,LND,,,,,,,,,,,,
5445,LND,,,,,,,,,,,,
5446,LND,,,,,,,,,,,,
5447,LND,,,,,,,,,,,,
5448,CLN,71,1668,114,51639,670,2265,0.84,7354091,100,10000000,100,10000000
5449,LND,,,,,,,,,,,,
5450,LND,,,,,,,,,,,,
5451,LND,,,,,,,,,,,,
5452,LND,,,,,,,,,,,,
5453,LND,,,,,,,,,,,,
5454,LND,,,,,,,,,,,,
5455,LND,,,,,,,,,,,,
5456,LND,,,,,,,,,,,,
5457,LND,,,,,,,,,,,,
5458,LND,,,,,,,,,,,,
5459,LND,,,,,,,,,,,,
5460,LND,,,,,,,,,,,,
5461,LND,,,,,,,,,,,,
5462,CLN,59,2448,89,48265,613,2661,0.68,9532231,100,10000000,100,10000000
5463,LND,,,,,,,,,,,,
5464,LND,,,,,,,,,,,,
5465,LND,,,,,,,,,,,,
5466,LND,,,,,,,,,,,,
5467,LND,,,,,,,,,,,,
5468,LND,,,,,,,,,,,,
5469,CLN,59,2066,80,41317,713,2117,0.63,8509099,100,10000000,100,10000000
5470,CLN,61,2345,93,59051,714,2828,0.66,3451924,100,10000000,100,10000000
5471,LND,,,,,,,,,,,,
5472,LND,,,,,,,,,,,,
5473,LND,,,,,,,,,,,,
5474,LND,,,,,,,,,,,,
5475,LND,,,,,,,,,,,,
5476,LND,,,,,,,,,,,,
5477,LND,,,,,,,,,,,,
5478,LND,,,,,,,,,,,,
5479,LND,,,,,,,,,,,,
5480,LND,,,,,,,,,,,,
5481,LND,,,,,,,,,,,,
5482,LND,,,,,,,,,,,,
5483,LND,,,,,,,,,,,,
5484,LND,,,,,,,,,,,,
5485,LND,,,,,,,,,,,,
5486,LND,,,,,,,,,,,,
5487,LND,,,,,,,,,,,,
5488,LND,,,,,,,,,,,,
5489,LND,,,,,,,,,,,,
5490,LND,,,,,,,,,,,,
5491,LND,,,,,,,,,,,,
5492,LND,,,,,,,,,,,,
5493,LND,,,,,,,,,,,,
5494,LND,,,,,,,,,,,,
5495,LND,,,,,,,,,,,,
5496,LND,,,,,,,,,,,,
5497,LND,,,,,,,,,,,,
5498,LND,,,,,,,,,,,,
5499,LND,,,,,,,,,,,,
5500,LND,,,,,,,,,,,,
5501,LND,,,,,,,,,,,,
5502,LND,,,,,,,,,,,,
5503,LND,,,,,,,,,,,,
5504,LND,,,,,,,,,,,,
5505,LND,,,,,,,,,,,,
5506,LND,,,,,,,,,,,,
5507,LND,,,,,,,,,,,,
5508,LND,,,,,,,,,,,,
5509,LND,,,,,,,,,,,,
5510,LND,,,,,,,,,,,,
5511,LND,,,,,,,,,,,,
5512,LND,,,,,,,,,,,,
5513,LND,,,,,,,,,,,,
5514,LND,,,,,,,,,,,,
5515,LND,,,,,,,,,,,,
5516,LND,,,,,,,,,,,,
5517,LND,,,,,,,,,,,,
5518,LND,,,,,,,,,,,,
5519,LND,,,,,,,,,,,,
5520,LND,,,,,,,,,,,,
5521,LND,,,,,,,,,,,,
5522,LND,,,,,,,,,,,,
5523,LND,,,,,,,,,,,,
5524,LND,,,,,,,,,,,,
5525,LND,,,,,,,,,,,,
5526,LND,,,,,,,,,,,,
5527,LND,,,,,,,,,,,,
5528,LND,,,,,,,,,,,,
5529,LND,,,,,,,,,,,,
5530,LND,,,,,,,,,,,,
5531,LND,,,,,,,,,,,,
5532,LND,,,,,,,,,,,,
5533,LND,,,,,,,,,,,,
5534,CLN,63,2376,108,54636,703,2099,0.7,1131155,100,10000000,100,10000000
5535,LND,,,,,,,,,,,,
5536,CLN,66,2012,115,50893,634,2427,0.76,8225092,100,10000000,100,10000000
5537,LND,,,,,,,,,,,,
5538,LND,,,,,,,,,,,,
5539,LND,,,,,,,,,,,,
5540,LND,,,,,,,,,,,,
5541,LND,,,,,,,,,,,,
5542,LND,,,,,,,,,,,,
5543,LND,,,,,,,,,,,,
5544,LND,,,,,,,,,,,,
5545,LND,,,,,,,,,,,,
5546,LND,,,,,,,,,,,,
5547,LND,,,,,,,,,,,,
5548,LND,,,,,,,,,,,,
5549,LND,,,,,,,,,,,,
5550,LND,,,,,,,,,,,,
5551,LND,,,,,,,,,,,,
5552,LND,,,,,,,,,,,,
5553,LND,,,,,,,,,,,,
5554,LND,,,,,,,,,,,,
5555,LND,,,,,,,,,,,,
5556,LND,,,,,,,,,,,,
5557,LND,,,,,,,,,,,,
5558,LND,,,,,,,,,,,,
5559,LND,,,,,,,,,,,,
5560,LND,,,,,,,,,,,,
5561,LND,,,,,,,,,,,,
5562,LND,,,,,,,,,,,,
5563,LND,,,,,,,,,,,,
5564,LND,,,,,,,,,,,,
5565,LND,,,,,,,,,,,,
5566,LND,,,,,,,,,,,,
5567,CLN,57,2153,91,56554,696,2565,0.84,3755524,100,10000000,100,10000000
5568,LND,,,,,,,,,,,,
5569,LND,,,,,,,,,,,,
5570,LND,,,,,,,,,,,,
5571,LND,,,,,,,,,,,,
5572,LND,,,,,,,,,,,,
5573,LND,,,,,,,,,,,,
5574,CLN,60,2074,108,53720,596,2501,0.7,9527419,100,10000000,100,10000000
5575,LND,,,,,,,,,,,,
5576,LND,,,,,,,,,,,,
5577,LND,,,,,,,,,,,,
5578,LND,,,,,,,,,,,,
5579,LND,,,,,,,,,,,,
5580,LND,,,,,,,,,,,,
5581,LND,,,,,,,,,,,,
5582,LND,,,,,,,,,,,,
5583,LND,,,,,,,,,,,,
5584,LND,,,,,,,,,,,,
5585,LND,,,,,,,,,,,,
5586,LND,,,,,,,,,,,,
5587,LND,,,,,,,,,,,,
5588,LND,,,,,,,,,,,,
5589,LND,,,,,,,,,,,,
5590,LND,,,,,,,,,,,,
5591,LND,,,,,,,,,,,,
5592,LND,,,,,,,,,,,,
5593,LND,,,,,,,,,,,,
5594,LND,,,,,,,,,,,,
5595,LND,,,,,,,,,,,,
5596,LND,,,,,,,,,,,,
5597,LND,,,,,,,,,,,,
5598,LND,,,,,,,,,,,,
5599,LND,,,,,,,,,,,,
5600,LND,,,,,,,,,,,,
5601,LND,,,,,,,,,,,,
5602,LND,,,,,,,,,,,,
5603,LND,,,,,,,,,,,,
5604,LND,,,,,,,,,,,,
5605,LND,,,,,,,,,,,,
5606,LND,,,,,,,,,,,,
5607,LND,,,,,,,,,,,,
5608,LND,,,,,,,,,,,,
5609,LND,,,,,,,,,,,,
5610,CLN,72,1875,102,57954,692,2820,0.78,7300375,100,10000000,100,10000000
5611,LND,,,,,,,,,,,,
5612,LND,,,,,,,,,,,,
5613,LND,,,,,,,,,,,,
5614,LND,,,,,,,,,,,,
5615,LND,,,,,,,,,,,,
5616,LND,,,,,,,,,,,,
5617,LND,,,,,,,,,,,,
5618,LND,,,,,,,,,,,,
5619,LND,,,,,,,,,,,,
5620,LND,,,,,,,,,,,,
5621,LND,,,,,,,,,,,,
5622,LND,,,,,,,,,,,,
5623,LND,,,,,,,,,,,,
5624,LND,,,,,,,,,,,,
5625,LND,,,,,,,,,,,,
5626,LND,,,,,,,,,,,,
5627,LND,,,,,,,,,,,,
5628,LND,,,,,,,,,,,,
5629,LND,,,,,,,,,,,,
5630,LND,,,,,,,,,,,,
5631,LND,,,,,,,,,,,,
5632,LND,,,,,,,,,,,,
5633,LND,,,,,,,,,,,,
5634,LND,,,,,,,,,,,,
5635,CLN,73,1790,108,57631,643,2821,0.6,9274630,100,10000000,100,10000000
5636,LND,,,,,,,,,,,,
5637,LND,,,,,,,,,,,,
5638,LND,,,,,,,,,,,,
5639,LND,,,,,,,,,,,,
5640,LND,,,,,,,,,,,,
5641,LND,,,,,,,,,,,,
5642,LND,,,,,,,,,,,,
5643,LND,,,,,,,,,,,,
5644,LND,,,,,,,,,,,,
5645,LND,,,,,,,,,,,,
5646,LND,,,,,,,,,,,,
5647,LND,,,,,,,,,,,,
5648,LND,,,,,,,,,,,,
5649,LND,,,,,,,,,,,,
5650,LND,,,,,,,,,,,,
5651,LND,,,,,,,,,,,,
5652,LND,,,,,,,,,,,,
5653,LND,,,,,,,,,,,,
5654,LND,,,,,,,,,,,,
5655,LND,,,,,,,,,,,,
5656,LND,,,,,,,,,,,,
5657,LND,,,,,,,,,,,,
5658,LND,,,,,,,,,,,,
5659,LND,,,,,,,,,,,,
5660,LND,,,,,,,,,,,,
5661,LND,,,,,,,,,,,,
5662,LND,,,,,,,,,,,,
5663,LND,,,,,,,,,,,,
5664,LND,,,,,,,,,,,,
5665,LND,,,,,,,,,,,,
5666,LND,,,,,,,,,,,,
5667,LND,,,,,,,,,,,,
5668,LND,,,,,,,,,,,,
5669,LND,,,,,,,,,,,,
5670,LND,,,,,,,,,,,,
5671,LND,,,,,,,,,,,,
5672,LND,,,,,,,,,,,,
5673,CLN,75,1550,113,42126,736,2786,0.74,242825,100,10000000,100,10000000
5674,LND,,,,,,,,,,,,
5675,LND,,,,,,,,,,,,
5676,LND,,,,,,,,,,,,
5677,LND,,,,,,,,,,,,
5678,LND,,,,,,,,,,,,
5679,LND,,,,,,,,,,,,
5680,LND,,,,,,,,,,,,
5681,LND,,,,,,,,,,,,
5682,LND,,,,,,,,,,,,
5683,LND,,,,,,,,,,,,
5684,LND,,,,,,,,,,,,
5685,LND,,,,,,,,,,,,
5686,LND,,,,,,,,,,,,
5687,LND,,,,,,,,,,,,
5688,LND,,,,,,,,,,,,
5689,LND,,,,,,,,,,,,
5690,LND,,,,,,,,,,,,
5691,LND,,,,,,,,,,,,
5692,LND,,,,,,,,,,,,
5693,LND,,,,,,,,,,,,
5694,LND,,,,,,,,,,,,
5695,LND,,,,,,,,,,,,
5696,LND,,,,,,,,,,,,
5697,LND,,,,,,,,,,,,
5698,LND,,,,,,,,,,,,
5699,LND,,,,,,,,,,,,
5700,LND,,,,,,,,,,,,
5701,LND,,,,,,,,,,,,
5702,LND,,,,,,,,,,,,
5703,LND,,,,,,,,,,,,
5704,LND,,,,,,,,,,,,
5705,LND,,,,,,,,,,,,
5706,LND,,,,,,,,,,,,
5707,LND,,,,,,,,,,,,
5708,LND,,,,,,,,,,,,
5709,LND,,,,,,,,,,,,
5710,LND,,,,,,,,,,,,
5711,LND,,,,,,,,,,,,
5712,LND,,,,,,,,,,,,
5713,LND,,,,,,,,,,,,
5714,LND,,,,,,,,,,,,
5715,CLN,70,2040,100,48298,754,2070,0.75,2866281,100,10000000,100,10000000
5716,LND,,,,,,,,,,,,
5717,LND,,,,,,,,,,,,
5718,LND,,,,,,,,,,,,
5719,LND,,,,,,,,,,,,
5720,CLN,61,2340,116,54373,630,2012,0.91,9451901,100,10000000,100,10000000
5721,LND,,,,,,,,,,,,
5722,LND,,,,,,,,,,,,
5723,LND,,,,,,,,,,,,
5724,LND,,,,,,,,,,,,
5725,CLN,65,2382,117,54194,754,2778,0.91,3118977,100,10000000,100,10000000
5726,LND,,,,,,,,,,,,
5727,LND,,,,,,,,,,,,
5728,LND,,,,,,,,,,,,
5729,LND,,,,,,,,,,,,
5730,LND,,,,,,,,,,,,
5731,LND,,,,,,,,,,,,
5732,LND,,,,,,,,,,,,
5733,LND,,,,,,,,,,,,
5734,LND,,,,,,,,,,,,
5735,LND,,,,,,,,,,,,
5736,LND,,,,,,,,,,,,
5737,LND,,,,,,,,,,,,
5738,LND,,,,,,,,,,,,
5739,LND,,,,,,,,,,,,
5740,LND,,,,,,,,,,,,
5741,LND,,,,,,,,,,,,
5742,LND,,,,,,,,,,,,
5743,LND,,,,,,,,,,,,
5744,LND,,,,,,,,,,,,
5745,LND,,,,,,,,,,,,
5746,LND,,,,,,,,,,,,
5747,LND,,,,,,,,,,,,
5748,LND,,,,,,,,,,,,
5749,LND,,,,,,,,,,,,
5750,LND,,,,,,,,,,,,
5751,LND,,,,,,,,,,,,
5752,LND,,,,,,,,,,,,
5753,LND,,,,,,,,,,,,
5754,LND,,,,,,,,,,,,
5755,LND,,,,,,,,,,,,
5756,LND,,,,,,,,,,,,
5757,LND,,,,,,,,,,,,
5758,LND,,,,,,,,,,,,
5759,LND,,,,,,,,,,,,
5760,LND,,,,,,,,,,,,
5761,LND,,,,,,,,,,,,
5762,LND,,,,,,,,,,,,
5763,LND,,,,,,,,,,,,
5764,LND,,,,,,,,,,,,
5765,LND,,,,,,,,,,,,
5766,LND,,,,,,,,,,,,
5767,LND,,,,,,,,,,,,
5768,CLN,69,1598,89,53729,662,2998,0.72,7230841,100,10000000,100,10000000
5769,LND,,,,,,,,,,,,
5770,LND,,,,,,,,,,,,
5771,LND,,,,,,,,,,,,
5772,LND,,,,,,,,,,,,
5773,LND,,,,,,,,,,,,
5774,LND,,,,,,,,,,,,
5775,LND,,,,,,,,,,,,
5776,LND,,,,,,,,,,,,
5777,LND,,,,,,,,,,,,
5778,LND,,,,,,,,,,,,
5779,LND,,,,,,,,,,,,
5780,LND,,,,,,,,,,,,
5781,LND,,,,,,,,,,,,
5782,LND,,,,,,,,,,,,
5783,LND,,,,,,,,,,,,
5784,LND,,,,,,,,,,,,
5785,LND,,,,,,,,,,,,
5786,LND,,,,,,,,,,,,
5787,LND,,,,,,,,,,,,
5788,CLN,57,2462,109,40113,676,2730,0.66,5345028,100,10000000,100,10000000
5789,LND,,,,,,,,,,,,
5790,LND,,,,,,,,,,,,
5791,LND,,,,,,,,,,,,
5792,LND,,,,,,,,,,,,
5793,CLN,60,1508,88,53290,715,2665,0.68,9083891,100,10000000,100,10000000
5794,LND,,,,,,,,,,,,
5795,LND,,,,,,,,,,,,
5796,LND,,,,,,,,,,,,
5797,LND,,,,,,,,,,,,
5798,LND,,,,,,,,,,,,
5799,LND,,,,,,,,,,,,
5800,LND,,,,,,,,,,,,
5801,LND,,,,,,,,,,,,
5802,LND,,,,,,,,,,,,
5803,LND,,,,,,,,,,,,
5804,LND,,,,,,,,,,,,
5805,LND,,,,,,,,,,,,
5806,LND,,,,,,,,,,,,
5807,LND,,,,,,,,,,,,
5808,LND,,,,,,,,,,,,
5809,LND,,,,,,,,,,,,
5810,LND,,,,,,,,,,,,
5811,LND,,,,,,,,,,,,
5812,LND,,,,,,,,,,,,
5813,CLN,65,1769,117,50674,691,2402,0.93,2383579,100,10000000,100,10000000
5814,LND,,,,,,,,,,,,
5815,CLN,62,2314,103,57320,594,2514,0.81,2175273,100,10000000,100,10000000
5816,LND,,,,,,,,,,,,
5817,LND,,,,,,,,,,,,
5818,LND,,,,,,,,,,,,
5819,LND,,,,,,,,,,,,
5820,LND,,,,,,,,,,,,
5821,LND,,,,,,,,,,,,
5822,LND,,,,,,,,,,,,
5823,LND,,,,,,,,,,,,
5824,LND,,,,,,,,,,,,
5825,LND,,,,,,,,,,,,
5826,LND,,,,,,,,,,,,
5827,LND,,,,,,,,,,,,
5828,LND,,,,,,,,,,,,
5829,LND,,,,,,,,,,,,
5830,LND,,,,,,,,,,,,
5831,LND,,,,,,,,,,,,
5832,LND,,,,,,,,,,,,
5833,LND,,,,,,,,,,,,
5834,LND,,,,,,,,,,,,
5835,LND,,,,,,,,,,,,
5836,LND,,,,,,,,,,,,
5837,LND,,,,,,,,,,,,
5838,LND,,,,,,,,,,,,
5839,CLN,69,2437,88,57788,744,2504,0.96,5677476,100,10000000,100,10000000
5840,LND,,,,,,,,,,,,
5841,CLN,62,1548,107,54456,587,2705,0.79,8760593,100,10000000,100,10000000
5842,LND,,,,,,,,,,,,
5843,LND,,,,,,,,,,,,
5844,LND,,,,,,,,,,,,
5845,LND,,,,,,,,,,,,
5846,LND,,,,,,,,,,,,
5847,LND,,,,,,,,,,,,
5848,LND,,,,,,,,,,,,
5849,LND,,,,,,,,,,,,
5850,CLN,59,2168,100,47963,702,2267,0.78,3555587,100,10000000,100,10000000
5851,LND,,,,,,,,,,,,
5852,LND,,,,,,,,,,,,
5853,LND,,,,,,,,,,,,
5854,LND,,,,,,,,,,,,
5855,LND,,,,,,,,,,,,
5856,LND,,,,,,,,,,,,
5857,LND,,,,,,,,,,,,
5858,LND,,,,,,,,,,,,
5859,LND,,,,,,,,,,,,
5860,CLN,62,2328,102,50137,597,2857,0.67,2026006,100,10000000,100,10000000
5861,LND,,,,,,,,,,,,
5862,LND,,,,,,,,,,,,
5863,CLN,68,1776,112,50509,580,2451,0.68,96749,100,10000000,100,10000000
5864,LND,,,,,,,,,,,,
5865,LND,,,,,,,,,,,,
5866,LND,,,,,,,,,,,,
5867,LND,,,,,,,,,,,,
5868,LND,,,,,,,,,,,,
5869,LND,,,,,,,,,,,,
5870,LND,,,,,,,,,,,,
5871,LND,,,,,,,,,,,,
5872,LND,,,,,,,,,,,,
5873,LND,,,,,,,,,,,,
5874,LND,,,,,,,,,,,,
5875,LND,,,,,,,,,,,,
5876,CLN,74,2103,120,50153,631,2797,0.7,9583465,100,10000000,100,10000000
5877,LND,,,,,,,,,,,,
5878,LND,,,,,,,,,,,,
5879,LND,,,,,,,,,,,,
5880,LND,,,,,,,,,,,,
5881,LND,,,,,,,,,,,,
5882,LND,,,,,,,,,,,,
5883,LND,,,,,,,,,,,,
5884,LND,,,,,,,,,,,,
5885,LND,,,,,,,,,,,,
5886,LND,,,,,,,,,,,,
5887,LND,,,,,,,,,,,,
5888,LND,,,,,,,,,,,,
5889,LND,,,,,,,,,,,,
5890,LND,,,,,,,,,,,,
5891,LND,,,,,,,,,,,,
5892,LND,,,,,,,,,,,,
5893,LND,,,,,,,,,,,,
5894,CLN,59,1700,90,42442,685,2801,0.87,4544922,100,10000000,100,10000000
5895,LND,,,,,,,,,,,,
5896,LND,,,,,,,,,,,,
5897,LND,,,,,,,,,,,,
5898,LND,,,,,,,,,,,,
5899,LND,,,,,,,,,,,,
5900,LND,,,,,,,,,,,,
5901,LND,,,,,,,,,,,,
5902,LND,,,,,,,,,,,,
5903,CLN,64,2451,116,52139,590,2419,0.96,3467098,100,10000000,100,10000000
5904,CLN,71,2107,96,53559,743,2404,0.64,5350587,100,10000000,100,10000000
5905,LND,,,,,,,,,,,,
5906,LND,,,,,,,,,,,,
5907,LND,,,,,,,,,,,,
5908,LND,,,,,,,,,,,,
5909,LND,,,,,,,,,,,,
5910,LND,,,,,,,,,,,,
5911,LND,,,,,,,,,,,,
5912,LND,,,,,,,,,,,,
5913,LND,,,,,,,,,,,,
5914,LND,,,,,,,,,,,,
5915,LND,,,,,,,,,,,,
5916,LND,,,,,,,,,,,,
5917,LND,,,,,,,,,,,,
5918,LND,,,,,,,,,,,,
5919,LND,,,,,,,,,,,,
5920,LND,,,,,,,,,,,,
5921,LND,,,,,,,,,,,,
5922,LND,,,,,,,,,,,,
5923,CLN,59,1738,91,58533,764,2103,0.82,5057431,100,10000000,100,10000000
5924,LND,,,,,,,,,,,,
5925,LND,,,,,,,,,,,,
5926,LND,,,,,,,,,,,,
5927,LND,,,,,,,,,,,,
5928,LND,,,,,,,,,,,,
5929,LND,,,,,,,,,,,,
5930,LND,,,,,,,,,,,,
5931,LND,,,,,,,,,,,,
5932,LND,,,,,,,,,,,,
5933,LND,,,,,,,,,,,,
5934,LND,,,,,,,,,,,,
5935,LND,,,,,,,,,,,,
5936,LND,,,,,,,,,,,,
5937,LND,,,,,,,,,,,,
5938,LND,,,,,,,,,,,,
5939,LND,,,,,,,,,,,,
5940,LND,,,,,,,,,,,,
5941,LND,,,,,,,,,,,,
5942,LND,,,,,,,,,,,,
5943,LND,,,,,,,,,,,,
5944,LND,,,,,,,,,,,,
5945,LND,,,,,,,,,,,,
5946,LND,,,,,,,,,,,,
5947,LND,,,,,,,,,,,,
5948,LND,,,,,,,,,,,,
5949,LND,,,,,,,,,,,,
5950,LND,,,,,,,,,,,,
5951,LND,,,,,,,,,,,,
5952,LND,,,,,,,,,,,,
5953,LND,,,,,,,,,,,,
5954,LND,,,,,,,,,,,,
5955,LND,,,,,,,,,,,,
5956,LND,,,,,,,,,,,,
5957,LND,,,,,,,,,,,,
5958,LND,,,,,,,,,,,,
5959,LND,,,,,,,,,,,,
5960,LND,,,,,,,,,,,,
5961,LND,,,,,,,,,,,,
5962,LND,,,,,,,,,,,,
5963,LND,,,,,,,,,,,,
5964,LND,,,,,,,,,,,,
5965,LND,,,,,,,,,,,,
5966,LND,,,,,,,,,,,,
5967,LND,,,,,,,,,,,,
5968,LND,,,,,,,,,,,,
5969,LND,,,,,,,,,,,,
5970,LND,,,,,,,,,,,,
5971,LND,,,,,,,,,,,,
5972,LND,,,,,,,,,,,,
5973,LND,,,,,,,,,,,,
5974,LND,,,,,,,,,,,,
5975,CLN,62,2374,109,48144,661,2294,0.61,7518581,100,10000000,100,10000000
5976,LND,,,,,,,,,,,,
5977,LND,,,,,,,,,,,,
5978,LND,,,,,,,,,,,,
5979,LND,,,,,,,,,,,,
5980,LND,,,,,,,,,,,,
5981,LND,,,,,,,,,,,,
5982,LND,,,,,,,,,,,,
5983,LND,,,,,,,,,,,,
5984,LND,,,,,,,,,,,,
5985,LND,,,,,,,,,,,,
5986,LND,,,,,,,,,,,,
5987,LND,,,,,,,,,,,,
5988,LND,,,,,,,,,,,,
5989,LND,,,,,,,,,,,,
5990,LND,,,,,,,,,,,,
5991,LND,,,,,,,,,,,,
5992,LND,,,,,,,,,,,,
5993,LND,,,,,,,,,,,,
5994,LND,,,,,,,,,,,,
5995,LND,,,,,,,,,,,,
5996,LND,,,,,,,,,,,,
5997,LND,,,,,,,,,,,,
5998,LND,,,,,,,,,,,,
5999,LND,,,,,,,,,,,,
6000,LND,,,,,,,,,,,,
6001,LND,,,,,,,,,,,,
6002,LND,,,,,,,,,,,,
6003,LND,,,,,,,,,,,,
6004,LND,,,,,,,,,,,,
6005,LND,,,,,,,,,,,,
6006,LND,,,,,,,,,,,,
6007,LND,,,,,,,,,,,,
6008,LND,,,,,,,,,,,,
6009,LND,,,,,,,,,,,,
6010,LND,,,,,,,,,,,,
6011,LND,,,,,,,,,,,,
6012,LND,,,,,,,,,,,,
6013,CLN,68,2046,92,50419,735,2670,0.99,5718006,100,10000000,100,10000000
6014,LND,,,,,,,,,,,,
6015,LND,,,,,,,,,,,,
6016,LND,,,,,,,,,,,,
6017,LND,,,,,,,,,,,,
6018,LND,,,,,,,,,,,,
6019,CLN,70,2267,119,57888,704,2387,0.68,8647674,100,10000000,100,10000000
6020,LND,,,,,,,,,,,,
6021,LND,,,,,,,,,,,,
6022,LND,,,,,,,,,,,,
6023,LND,,,,,,,,,,,,
6024,LND,,,,,,,,,,,,
6025,LND,,,,,,,,,,,,
6026,LND,,,,,,,,,,,,
6027,LND,,,,,,,,,,,,
6028,LND,,,,,,,,,,,,
6029,LND,,,,,,,,,,,,
6030,LND,,,,,,,,,,,,
6031,LND,,,,,,,,,,,,
6032,LND,,,,,,,,,,,,
6033,LND,,,,,,,,,,,,
6034,LND,,,,,,,,,,,,
6035,LND,,,,,,,,,,,,
6036,LND,,,,,,,,,,,,
6037,LND,,,,,,,,,,,,
6038,LND,,,,,,,,,,,,
6039,LND,,,,,,,,,,,,
6040,LND,,,,,,,,,,,,
6041,LND,,,,,,,,,,,,
6042,LND,,,,,,,,,,,,
6043,LND,,,,,,,,,,,,
6044,LND,,,,,,,,,,,,
6045,LND,,,,,,,,,,,,
6046,LND,,,,,,,,,,,,
6047,LND,,,,,,,,,,,,
6048,LND,,,,,,,,,,,,
6049,LND,,,,,,,,,,,,
6050,LND,,,,,,,,,,,,
6051,LND,,,,,,,,,,,,
6052,LND,,,,,,,,,,,,
6053,LND,,,,,,,,,,,,
6054,LND,,,,,,,,,,,,
6055,LND,,,,,,,,,,,,
6056,LND,,,,,,,,,,,,
6057,LND,,,,,,,,,,,,
6058,LND,,,,,,,,,,,,
6059,LND,,,,,,,,,,,,
6060,LND,,,,,,,,,,,,
6061,LND,,,,,,,,,,,,
6062,LND,,,,,,,,,,,,
6063,LND,,,,,,,,,,,,
6064,LND,,,,,,,,,,,,
6065,LND,,,,,,,,,,,,
6066,LND,,,,,,,,,,,,
6067,LND,,,,,,,,,,,,
6068,LND,,,,,,,,,,,,
6069,LND,,,,,,,,,,,,
6070,LND,,,,,,,,,,,,
6071,LND,,,,,,,,,,,,
6072,LND,,,,,,,,,,,,
6073,LND,,,,,,,,,,,,
6074,LND,,,,,,,,,,,,
6075,LND,,,,,,,,,,,,
6076,CLN,57,2480,103,52600,663,2285,0.72,711897,100,10000000,100,10000000
6077,CLN,63,2340,120,51670,584,2162,0.99,8110257,100,10000000,100,10000000
6078,LND,,,,,,,,,,,,
6079,LND,,,,,,,,,,,,
6080,LND,,,,,,,,,,,,
6081,LND,,,,,,,,,,,,
6082,LND,,,,,,,,,,,,
6083,LND,,,,,,,,,,,,
6084,LND,,,,,,,,,,,,
6085,CLN,71,2478,88,56555,616,2905,0.72,24996,100,10000000,100,10000000
6086,LND,,,,,,,,,,,,
6087,LND,,,,,,,,,,,,
6088,LND,,,,,,,,,,,,
6089,LND,,,,,,,,,,,,
6090,LND,,,,,,,,,,,,
6091,LND,,,,,,,,,,,,
6092,LND,,,,,,,,,,,,
6093,CLN,55,2486,86,47971,702,2830,0.7,3880062,100,10000000,100,10000000
6094,LND,,,,,,,,,,,,
6095,CLN,72,1833,82,41357,583,2202,0.77,8967987,100,10000000,100,10000000
6096,LND,,,,,,,,,,,,
6097,LND,,,,,,,,,,,,
6098,LND,,,,,,,,,,,,
6099,LND,,,,,,,,,,,,
6100,LND,,,,,,,,,,,,
6101,LND,,,,,,,,,,,,
6102,LND,,,,,,,,,,,,
6103,LND,,,,,,,,,,,,
6104,LND,,,,,,,,,,,,
6105,CLN,70,1808,81,59202,676,2239,0.77,3716174,100,10000000,100,10000000
6106,LND,,,,,,,,,,,,
6107,LND,,,,,,,,,,,,
6108,LND,,,,,,,,,,,,
6109,LND,,,,,,,,,,,,
6110,LND,,,,,,,,,,,,
6111,LND,,,,,,,,,,,,
6112,LND,,,,,,,,,,,,
6113,CLN,58,1681,93,54607,677,2325,0.8,2335758,100,10000000,100,10000000
6114,LND,,,,,,,,,,,,
6115,LND,,,,,,,,,,,,
6116,LND,,,,,,,,,,,,
6117,LND,,,,,,,,,,,,
6118,LND,,,,,,,,,,,,
6119,LND,,,,,,,,,,,,
6120,LND,,,,,,,,,,,,
6121,LND,,,,,,,,,,,,
6122,LND,,,,,,,,,,,,
6123,LND,,,,,,,,,,,,
6124,LND,,,,,,,,,,,,
6125,LND,,,,,,,,,,,,
6126,LND,,,,,,,,,,,,
6127,LND,,,,,,,,,,,,
6128,LND,,,,,,,,,,,,
6129,LND,,,,,,,,,,,,
6130,LND,,,,,,,,,,,,
6131,LND,,,,,,,,,,,,
6132,LND,,,,,,,,,,,,
6133,LND,,,,,,,,,,,,
6134,LND,,,,,,,,,,,,
6135,LND,,,,,,,,,,,,
6136,LND,,,,,,,,,,,,
6137,CLN,60,1571,87,46711,655,2483,0.97,4948392,100,10000000,100,10000000
6138,LND,,,,,,,,,,,,
6139,LND,,,,,,,,,,,,
6140,LND,,,,,,,,,,,,
6141,LND,,,,,,,,,,,,
6142,CLN,58,1682,114,53538,758,2247,0.85,37767,100,10000000,100,10000000
6143,LND,,,,,,,,,,,,
6144,LND,,,,,,,,,,,,
6145,LND,,,,,,,,,,,,
6146,LND,,,,,,,,,,,,
6147,LND,,,,,,,,,,,,
6148,LND,,,,,,,,,,,,
6149,LND,,,,,,,,,,,,
6150,LND,,,,,,,,,,,,
6151,LND,,,,,,,,,,,,
6152,LND,,,,,,,,,,,,
6153,LND,,,,,,,,,,,,
6154,LND,,,,,,,,,,,,
6155,LND,,,,,,,,,,,,
6156,LND,,,,,,,,,,,,
6157,LND,,,,,,,,,,,,
6158,LND,,,,,,,,,,,,
6159,LND,,,,,,,,,,,,
6160,LND,,,,,,,,,,,,
6161,LND,,,,,,,,,,,,
6162,LND,,,,,,,,,,,,
6163,LND,,,,,,,,,,,,
6164,LND,,,,,,,,,,,,
6165,LND,,,,,,,,,,,,
6166,LND,,,,,,,,,,,,
6167,LND,,,,,,,,,,,,
6168,LND,,,,,,,,,,,,
6169,LND,,,,,,,,,,,,
6170,LND,,,,,,,,,,,,
6171,LND,,,,,,,,,,,,
6172,CLN,61,2001,107,53668,636,2158,0.85,5777920,100,10000000,100,10000000
6173,LND,,,,,,,,,,,,
6174,CLN,72,2208,87,57695,653,2641,0.97,4937356,100,10000000,100,10000000
6175,LND,,,,,,,,,,,,
6176,LND,,,,,,,,,,,,
6177,LND,,,,,,,,,,,,
6178,LND,,,,,,,,,,,,
6179,LND,,,,,,,,,,,,
6180,LND,,,,,,,,,,,,
6181,LND,,,,,,,,,,,,
6182,LND,,,,,,,,,,,,
6183,LND,,,,,,,,,,,,
6184,LND,,,,,,,,,,,,
6185,LND,,,,,,,,,,,,
6186,CLN,75,1836,106,51071,754,2307,0.76,3651035,100,10000000,100,10000000
6187,LND,,,,,,,,,,,,
6188,LND,,,,,,,,,,,,
6189,LND,,,,,,,,,,,,
6190,LND,,,,,,,,,,,,
6191,LND,,,,,,,,,,,,
6192,LND,,,,,,,,,,,,
6193,LND,,,,,,,,,,,,
6194,LND,,,,,,,,,,,,
6195,CLN,65,1787,103,57614,623,2394,0.68,3098619,100,10000000,100,10000000
6196,LND,,,,,,,,,,,,
6197,LND,,,,,,,,,,,,
6198,LND,,,,,,,,,,,,
6199,LND,,,,,,,,,,,,
6200,LND,,,,,,,,,,,,
6201,LND,,,,,,,,,,,,
6202,LND,,,,,,,,,,,,
6203,LND,,,,,,,,,,,,
6204,LND,,,,,,,,,,,,
6205,LND,,,,,,,,,,,,
6206,LND,,,,,,,,,,,,
6207,LND,,,,,,,,,,,,
6208,CLN,56,2031,88,47064,650,2476,0.87,4033572,100,10000000,100,10000000
6209,LND,,,,,,,,,,,,
6210,CLN,69,2237,118,46022,750,2811,0.86,1190906,100,10000000,100,10000000
6211,LND,,,,,,,,,,,,
6212,LND,,,,,,,,,,,,
6213,LND,,,,,,,,,,,,
6214,LND,,,,,,,,,,,,
6215,LND,,,,,,,,,,,,
6216,LND,,,,,,,,,,,,
6217,LND,,,,,,,,,,,,
6218,LND,,,,,,,,,,,,
6219,LND,,,,,,,,,,,,
6220,LND,,,,,,,,,,,,
6221,LND,,,,,,,,,,,,
6222,LND,,,,,,,,,,,,
6223,LND,,,,,,,,,,,,
6224,LND,,,,,,,,,,,,
6225,LND,,,,,,,,,,,,
6226,LND,,,,,,,,,,,,
6227,LND,,,,,,,,,,,,
6228,LND,,,,,,,,,,,,
6229,LND,,,,,,,,,,,,
6230,LND,,,,,,,,,,,,
6231,LND,,,,,,,,,,,,
6232,LND,,,,,,,,,,,,
6233,LND,,,,,,,,,,,,
6234,LND,,,,,,,,,,,,
6235,CLN,57,2158,115,48644,734,2019,0.84,5848565,100,10000000,100,10000000
6236,LND,,,,,,,,,,,,
6237,LND,,,,,,,,,,,,
6238,LND,,,,,,,,,,,,
6239,LND,,,,,,,,,,,,
6240,LND,,,,,,,,,,,,
6241,LND,,,,,,,,,,,,
6242,LND,,,,,,,,,,,,
6243,LND,,,,,,,,,,,,
6244,LND,,,,,,,,,,,,
6245,LND,,,,,,,,,,,,
6246,LND,,,,,,,,,,,,
6247,CLN,66,1857,84,47746,633,2698,0.68,4445381,100,10000000,100,10000000
6248,LND,,,,,,,,,,,,
6249,CLN,68,2124,94,53598,734,2942,0.75,1670503,100,10000000,100,10000000
6250,LND,,,,,,,,,,,,
6251,LND,,,,,,,,,,,,
6252,LND,,,,,,,,,,,,
6253,LND,,,,,,,,,,,,
6254,LND,,,,,,,,,,,,
6255,LND,,,,,,,,,,,,
6256,LND,,,,,,,,,,,,
6257,LND,,,,,,,,,,,,
6258,LND,,,,,,,,,,,,
6259,LND,,,,,,,,,,,,
6260,LND,,,,,,,,,,,,
6261,LND,,,,,,,,,,,,
6262,LND,,,,,,,,,,,,
6263,LND,,,,,,,,,,,,
6264,LND,,,,,,,,,,,,
6265,LND,,,,,,,,,,,,
6266,LND,,,,,,,,,,,,
6267,LND,,,,,,,,,,,,
6268,LND,,,,,,,,,,,,
6269,LND,,,,,,,,,,,,
6270,LND,,,,,,,,,,,,
6271,LND,,,,,,,,,,,,
6272,LND,,,,,,,,,,,,
6273,LND,,,,,,,,,,,,
6274,LND,,,,,,,,,,,,
6275,LND,,,,,,,,,,,,
6276,CLN,58,2319,91,46453,603,2753,0.88,1946998,100,10000000,100,10000000
6277,LND,,,,,,,,,,,,
6278,LND,,,,,,,,,,,,
6279,LND,,,,,,,,,,,,
6280,LND,,,,,,,,,,,,
6281,LND,,,,,,,,,,,,
6282,LND,,,,,,,,,,,,
6283,LND,,,,,,,,,,,,
6284,LND,,,,,,,,,,,,
6285,LND,,,,,,,,,,,,
6286,LND,,,,,,,,,,,,
6287,LND,,,,,,,,,,,,
6288,LND,,,,,,,,,,,,
6289,LND,,,,,,,,,,,,
6290,CLN,63,1756,86,50326,739,2459,0.79,3250815,100,10000000,100,10000000
6291,LND,,,,,,,,,,,,
6292,LND,,,,,,,,,,,,
6293,LND,,,,,,,,,,,,
6294,LND,,,,,,,,,,,,
6295,LND,,,,,,,,,,,,
6296,LND,,,,,,,,,,,,
6297,LND,,,,,,,,,,,,
6298,LND,,,,,,,,,,,,
6299,LND,,,,,,,,,,,,
6300,LND,,,,,,,,,,,,
6301,LND,,,,,,,,,,,,
6302,LND,,,,,,,,,,,,
6303,LND,,,,,,,,,,,,
6304,LND,,,,,,,,,,,,
6305,LND,,,,,,,,,,,,
6306,LND,,,,,,,,,,,,
6307,LND,,,,,,,,,,,,
6308,LND,,,,,,,,,,,,
6309,LND,,,,,,,,,,,,
6310,LND,,,,,,,,,,,,
6311,LND,,,,,,,,,,,,
6312,LND,,,,,,,,,,,,
6313,LND,,,,,,,,,,,,
6314,LND,,,,,,,,,,,,
6315,LND,,,,,,,,,,,,
6316,LND,,,,,,,,,,,,
6317,LND,,,,,,,,,,,,
6318,LND,,,,,,,,,,,,
6319,LND,,,,,,,,,,,,
6320,CLN,56,2012,90,56675,569,2609,0.67,7964074,100,10000000,100,10000000
6321,LND,,,,,,,,,,,,
6322,LND,,,,,,,,,,,,
6323,LND,,,,,,,,,,,,
6324,LND,,,,,,,,,,,,
6325,LND,,,,,,,,,,,,
6326,CLN,69,2478,99,51245,611,2953,0.92,5987829,100,10000000,100,10000000
6327,LND,,,,,,,,,,,,
6328,LND,,,,,,,,,,,,
6329,LND,,,,,,,,,,,,
6330,LND,,,,,,,,,,,,
6331,LND,,,,,,,,,,,,
6332,LND,,,,,,,,,,,,
6333,LND,,,,,,,,,,,,
6334,LND,,,,,,,,,,,,
6335,LND,,,,,,,,,,,,
6336,LND,,,,,,,,,,,,
6337,CLN,72,1887,80,48906,603,2892,0.6,9643786,100,10000000,100,10000000
6338,LND,,,,,,,,,,,,
6339,LND,,,,,,,,,,,,
6340,CLN,72,2469,90,50988,743,2630,0.81,3603101,100,10000000,100,10000000
6341,LND,,,,,,,,,,,,
6342,LND,,,,,,,,,,,,
6343,LND,,,,,,,,,,,,
6344,LND,,,,,,,,,,,,
6345,LND,,,,,,,,,,,,
6346,LND,,,,,,,,,,,,
6347,LND,,,,,,,,,,,,
6348,LND,,,,,,,,,,,,
6349,LND,,,,,,,,,,,,
6350,LND,,,,,,,,,,,,
6351,LND,,,,,,,,,,,,
6352,LND,,,,,,,,,,,,
6353,LND,,,,,,,,,,,,
6354,LND,,,,,,,,,,,,
6355,CLN,65,2497,93,49077,676,2504,0.85,4166773,100,10000000,100,10000000
6356,LND,,,,,,,,,,,,
6357,LND,,,,,,,,,,,,
6358,LND,,,,,,,,,,,,
6359,LND,,,,,,,,,,,,
6360,LND,,,,,,,,,,,,
6361,LND,,,,,,,,,,,,
6362,LND,,,,,,,,,,,,
6363,LND,,,,,,,,,,,,
6364,LND,,,,,,,,,,,,
6365,LND,,,,,,,,,,,,
6366,LND,,,,,,,,,,,,
6367,LND,,,,,,,,,,,,
6368,LND,,,,,,,,,,,,
6369,LND,,,,,,,,,,,,
6370,LND,,,,,,,,,,,,
6371,LND,,,,,,,,,,,,
6372,CLN,72,2143,87,55692,599,2534,0.82,6745727,100,10000000,100,10000000
6373,LND,,,,,,,,,,,,
6374,LND,,,,,,,,,,,,
6375,LND,,,,,,,,,,,,
6376,LND,,,,,,,,,,,,
6377,LND,,,,,,,,,,,,
6378,LND,,,,,,,,,,,,
6379,LND,,,,,,,,,,,,
6380,LND,,,,,,,,,,,,
6381,LND,,,,,,,,,,,,
6382,LND,,,,,,,,,,,,
6383,CLN,68,2097,97,41692,710,2674,0.63,7809373,100,10000000,100,10000000
6384,LND,,,,,,,,,,,,
6385,LND,,,,,,,,,,,,
6386,LND,,,,,,,,,,,,
6387,LND,,,,,,,,,,,,
6388,LND,,,,,,,,,,,,
6389,LND,,,,,,,,,,,,
6390,LND,,,,,,,,,,,,
6391,LND,,,,,,,,,,,,
6392,LND,,,,,,,,,,,,
6393,LND,,,,,,,,,,,,
6394,LND,,,,,,,,,,,,
6395,LND,,,,,,,,,,,,
6396,LND,,,,,,,,,,,,
6397,LND,,,,,,,,,,,,
6398,LND,,,,,,,,,,,,
6399,LND,,,,,,,,,,,,
6400,LND,,,,,,,,,,,,
6401,LND,,,,,,,,,,,,
6402,CLN,55,2158,101,44948,640,2845,0.94,5777627,100,10000000,100,10000000
6403,LND,,,,,,,,,,,,
6404,LND,,,,,,,,,,,,
6405,LND,,,,,,,,,,,,
6406,LND,,,,,,,,,,,,
6407,LND,,,,,,,,,,,,
6408,LND,,,,,,,,,,,,
6409,LND,,,,,,,,,,,,
6410,LND,,,,,,,,,,,,
6411,LND,,,,,,,,,,,,
6412,LND,,,,,,,,,,,,
6413,CLN,73,1529,114,55030,640,2632,0.73,891239,100,10000000,100,10000000
6414,CLN,68,2495,100,47335,581,2923,0.9,6006238,100,10000000,100,10000000
6415,LND,,,,,,,,,,,,
6416,LND,,,,,,,,,,,,
6417,LND,,,,,,,,,,,,
6418,LND,,,,,,,,,,,,
6419,LND,,,,,,,,,,,,
6420,LND,,,,,,,,,,,,
6421,LND,,,,,,,,,,,,
6422,LND,,,,,,,,,,,,
6423,LND,,,,,,,,,,,,
6424,LND,,,,,,,,,,,,
6425,LND,,,,,,,,,,,,
6426,LND,,,,,,,,,,,,
6427,LND,,,,,,,,,,,,
6428,LND,,,,,,,,,,,,
6429,LND,,,,,,,,,,,,
6430,LND,,,,,,,,,,,,
6431,LND,,,,,,,,,,,,
6432,LND,,,,,,,,,,,,
6433,LND,,,,,,,,,,,,
6434,LND,,,,,,,,,,,,
6435,LND,,,,,,,,,,,,
6436,LND,,,,,,,,,,,,
6437,CLN,73,1855,98,50084,600,2450,0.83,6648138,100,10000000,100,10000000
6438,LND,,,,,,,,,,,,
6439,LND,,,,,,,,,,,,
6440,LND,,,,,,,,,,,,
6441,LND,,,,,,,,,,,,
6442,LND,,,,,,,,,,,,
6443,LND,,,,,,,,,,,,
6444,LND,,,,,,,,,,,,
6445,LND,,,,,,,,,,,,
6446,LND,,,,,,,,,,,,
6447,LND,,,,,,,,,,,,
6448,LND,,,,,,,,,,,,
6449,LND,,,,,,,,,,,,
6450,LND,,,,,,,,,,,,
6451,LND,,,,,,,,,,,,
6452,LND,,,,,,,,,,,,
6453,LND,,,,,,,,,,,,
6454,LND,,,,,,,,,,,,
6455,LND,,,,,,,,,,,,
6456,LND,,,,,,,,,,,,
6457,LND,,,,,,,,,,,,
6458,LND,,,,,,,,,,,,
6459,LND,,,,,,,,,,,,
6460,LND,,,,,,,,,,,,
6461,LND,,,,,,,,,,,,
6462,LND,,,,,,,,,,,,
6463,LND,,,,,,,,,,,,
6464,LND,,,,,,,,,,,,
6465,LND,,,,,,,,,,,,
6466,LND,,,,,,,,,,,,
6467,CLN,59,1961,117,55116,623,2265,0.73,6211737,100,10000000,100,10000000
6468,LND,,,,,,,,,,,,
6469,LND,,,,,,,,,,,,
6470,LND,,,,,,,,,,,,
6471,LND,,,,,,,,,,,,
6472,LND,,,,,,,,,,,,
6473,LND,,,,,,,,,,,,
6474,LND,,,,,,,,,,,,
6475,LND,,,,,,,,,,,,
6476,LND,,,,,,,,,,,,
6477,LND,,,,,,,,,,,,
6478,LND,,,,,,,,,,,,
6479,LND,,,,,,,,,,,,
6480,LND,,,,,,,,,,,,
6481,LND,,,,,,,,,,,,
6482,LND,,,,,,,,,,,,
6483,LND,,,,,,,,,,,,
6484,LND,,,,,,,,,,,,
6485,LND,,,,,,,,,,,,
6486,LND,,,,,,,,,,,,
6487,LND,,,,,,,,,,,,
6488,LND,,,,,,,,,,,,
6489,LND,,,,,,,,,,,,
6490,CLN,72,1874,115,42214,655,2117,0.62,9858835,100,10000000,100,10000000
6491,LND,,,,,,,,,,,,
6492,LND,,,,,,,,,,,,
6493,CLN,72,2392,109,59128,581,2303,0.73,1919751,100,10000000,100,10000000
6494,LND,,,,,,,,,,,,
6495,LND,,,,,,,,,,,,
6496,LND,,,,,,,,,,,,
6497,LND,,,,,,,,,,,,
6498,LND,,,,,,,,,,,,
6499,LND,,,,,,,,,,,,
6500,LND,,,,,,,,,,,,
6501,CLN,66,1533,119,57384,638,2411,0.87,596828,100,10000000,100,10000000
6502,LND,,,,,,,,,,,,
6503,LND,,,,,,,,,,,,
6504,LND,,,,,,,,,,,,
6505,LND,,,,,,,,,,,,
6506,LND,,,,,,,,,,,,
6507,LND,,,,,,,,,,,,
6508,LND,,,,,,,,,,,,
6509,LND,,,,,,,,,,,,
6510,LND,,,,,,,,,,,,
6511,LND,,,,,,,,,,,,
6512,LND,,,,,,,,,,,,
6513,LND,,,,,,,,,,,,
6514,LND,,,,,,,,,,,,
6515,LND,,,,,,,,,,,,
6516,LND,,,,,,,,,,,,
6517,LND,,,,,,,,,,,,
6518,LND,,,,,,,,,,,,
6519,LND,,,,,,,,,,,,
6520,LND,,,,,,,,,,,,
6521,LND,,,,,,,,,,,,
6522,LND,,,,,,,,,,,,
6523,LND,,,,,,,,,,,,
6524,CLN,70,2357,103,46958,579,2226,0.68,7077837,100,10000000,100,10000000
6525,LND,,,,,,,,,,,,
6526,LND,,,,,,,,,,,,
6527,LND,,,,,,,,,,,,
6528,LND,,,,,,,,,,,,
6529,LND,,,,,,,,,,,,
6530,LND,,,,,,,,,,,,
6531,LND,,,,,,,,,,,,
6532,LND,,,,,,,,,,,,
6533,LND,,,,,,,,,,,,
6534,LND,,,,,,,,,,,,
6535,LND,,,,,,,,,,,,
6536,LND,,,,,,,,,,,,
6537,LND,,,,,,,,,,,,
6538,LND,,,,,,,,,,,,
6539,LND,,,,,,,,,,,,
6540,LND,,,,,,,,,,,,
6541,CLN,73,1520,91,55323,571,2553,0.62,5510552,100,10000000,100,10000000
6542,LND,,,,,,,,,,,,
6543,LND,,,,,,,,,,,,
6544,LND,,,,,,,,,,,,
6545,LND,,,,,,,,,,,,
6546,LND,,,,,,,,,,,,
6547,LND,,,,,,,,,,,,
6548,LND,,,,,,,,,,,,
6549,LND,,,,,,,,,,,,
6550,LND,,,,,,,,,,,,
6551,LND,,,,,,,,,,,,
6552,LND,,,,,,,,,,,,
6553,LND,,,,,,,,,,,,
6554,LND,,,,,,,,,,,,
6555,LND,,,,,,,,,,,,
6556,LND,,,,,,,,,,,,
6557,CLN,63,1801,108,45978,701,2983,0.91,8188289,100,10000000,100,10000000
6558,LND,,,,,,,,,,,,
6559,LND,,,,,,,,,,,,
6560,LND,,,,,,,,,,,,
6561,LND,,,,,,,,,,,,
6562,LND,,,,,,,,,,,,
6563,LND,,,,,,,,,,,,
6564,LND,,,,,,,,,,,,
6565,LND,,,,,,,,,,,,
6566,LND,,,,,,,,,,,,
6567,CLN,65,2410,120,41519,606,2417,0.61,6329607,100,10000000,100,10000000
6568,LND,,,,,,,,,,,,
6569,LND,,,,,,,,,,,,
6570,LND,,,,,,,,,,,,
6571,LND,,,,,,,,,,,,
6572,LND,,,,,,,,,,,,
6573,LND,,,,,,,,,,,,
6574,LND,,,,,,,,,,,,
6575,LND,,,,,,,,,,,,
6576,LND,,,,,,,,,,,,
6577,LND,,,,,,,,,,,,
6578,LND,,,,,,,,,,,,
6579,LND,,,,,,,,,,,,
6580,LND,,,,,,,,,,,,
6581,LND,,,,,,,,,,,,
6582,LND,,,,,,,,,,,,
6583,LND,,,,,,,,,,,,
6584,LND,,,,,,,,,,,,
6585,LND,,,,,,,,,,,,
6586,LND,,,,,,,,,,,,
6587,LND,,,,,,,,,,,,
6588,LND,,,,,,,,,,,,
6589,LND,,,,,,,,,,,,
6590,LND,,,,,,,,,,,,
6591,LND,,,,,,,,,,,,
6592,LND,,,,,,,,,,,,
6593,LND,,,,,,,,,,,,
6594,LND,,,,,,,,,,,,
6595,LND,,,,,,,,,,,,
6596,CLN,73,2149,112,41650,663,3000,0.73,1776581,100,10000000,100,10000000
6597,LND,,,,,,,,,,,,
6598,CLN,73,1644,86,52202,678,2900,0.96,7506996,100,10000000,100,10000000
6599,LND,,,,,,,,,,,,
6600,LND,,,,,,,,,,,,
6601,LND,,,,,,,,,,,,
6602,LND,,,,,,,,,,,,
6603,LND,,,,,,,,,,,,
6604,LND,,,,,,,,,,,,
6605,LND,,,,,,,,,,,,
6606,CLN,71,2027,108,49155,571,2569,0.9,1927989,100,10000000,100,10000000
6607,LND,,,,,,,,,,,,
6608,LND,,,,,,,,,,,,
6609,LND,,,,,,,,,,,,
6610,LND,,,,,,,,,,,,
6611,CLN,69,2066,94,40469,754,2854,0.83,9806987,100,10000000,100,10000000
6612,LND,,,,,,,,,,,,
6613,LND,,,,,,,,,,,,
6614,LND,,,,,,,,,,,,
6615,LND,,,,,,,,,,,,
6616,LND,,,,,,,,,,,,
6617,LND,,,,,,,,,,,,
6618,LND,,,,,,,,,,,,
6619,LND,,,,,,,,,,,,
6620,LND,,,,,,,,,,,,
6621,LND,,,,,,,,,,,,
6622,CLN,56,1822,86,47401,627,2712,0.84,2451719,100,10000000,100,10000000
6623,LND,,,,,,,,,,,,
6624,LND,,,,,,,,,,,,
6625,LND,,,,,,,,,,,,
6626,LND,,,,,,,,,,,,
6627,LND,,,,,,,,,,,,
6628,LND,,,,,,,,,,,,
6629,LND,,,,,,,,,,,,
6630,LND,,,,,,,,,,,,
6631,LND,,,,,,,,,,,,
6632,LND,,,,,,,,,,,,
6633,LND,,,,,,,,,,,,
6634,LND,,,,,,,,,,,,
6635,LND,,,,,,,,,,,,
6636,LND,,,,,,,,,,,,
6637,LND,,,,,,,,,,,,
6638,LND,,,,,,,,,,,,
6639,LND,,,,,,,,,,,,
6640,LND,,,,,,,,,,,,
6641,LND,,,,,,,,,,,,
6642,LND,,,,,,,,,,,,
6643,LND,,,,,,,,,,,,
6644,LND,,,,,,,,,,,,
6645,LND,,,,,,,,,,,,
6646,LND,,,,,,,,,,,,
6647,LND,,,,,,,,,,,,
6648,LND,,,,,,,,,,,,
6649,LND,,,,,,,,,,,,
6650,LND,,,,,,,,,,,,
6651,LND,,,,,,,,,,,,
6652,LND,,,,,,,,,,,,
6653,LND,,,,,,,,,,,,
6654,LND,,,,,,,,,,,,
6655,LND,,,,,,,,,,,,
6656,LND,,,,,,,,,,,,
6657,LND,,,,,,,,,,,,
6658,LND,,,,,,,,,,,,
6659,LND,,,,,,,,,,,,
6660,LND,,,,,,,,,,,,
6661,LND,,,,,,,,,,,,
6662,CLN,70,2273,90,55341,756,2135,0.65,2065672,100,10000000,100,10000000
6663,LND,,,,,,,,,,,,
6664,LND,,,,,,,,,,,,
6665,LND,,,,,,,,,,,,
6666,LND,,,,,,,,,,,,
6667,LND,,,,,,,,,,,,
6668,LND,,,,,,,,,,,,
6669,CLN,62,2349,105,56407,592,2642,0.73,3317950,100,10000000,100,10000000
6670,LND,,,,,,,,,,,,
6671,LND,,,,,,,,,,,,
6672,LND,,,,,,,,,,,,
6673,CLN,62,1898,119,54694,724,2431,0.78,552412,100,10000000,100,10000000
6674,LND,,,,,,,,,,,,
6675,LND,,,,,,,,,,,,
6676,LND,,,,,,,,,,,,
6677,LND,,,,,,,,,,,,
6678,CLN,61,2138,113,57802,683,2025,0.87,8491418,100,10000000,100,10000000
6679,LND,,,,,,,,,,,,
6680,LND,,,,,,,,,,,,
6681,LND,,,,,,,,,,,,
6682,CLN,65,1527,83,58089,679,2476,0.6,532287,100,10000000,100,10000000
6683,LND,,,,,,,,,,,,
6684,LND,,,,,,,,,,,,
6685,LND,,,,,,,,,,,,
6686,LND,,,,,,,,,,,,
6687,LND,,,,,,,,,,,,
6688,CLN,71,1570,95,47405,739,2439,0.87,2464328,100,10000000,100,10000000
6689,LND,,,,,,,,,,,,
6690,LND,,,,,,,,,,,,
6691,LND,,,,,,,,,,,,
6692,CLN,64,2356,96,47542,689,2104,0.79,9030925,100,10000000,100,10000000
6693,LND,,,,,,,,,,,,
6694,LND,,,,,,,,,,,,
6695,LND,,,,,,,,,,,,
6696,LND,,,,,,,,,,,,
6697,LND,,,,,,,,,,,,
6698,LND,,,,,,,,,,,,
6699,LND,,,,,,,,,,,,
6700,LND,,,,,,,,,,,,
6701,LND,,,,,,,,,,,,
6702,LND,,,,,,,,,,,,
6703,LND,,,,,,,,,,,,
6704,LND,,,,,,,,,,,,
6705,LND,,,,,,,,,,,,
6706,LND,,,,,,,,,,,,
6707,LND,,,,,,,,,,,,
6708,LND,,,,,,,,,,,,
6709,LND,,,,,,,,,,,,
6710,LND,,,,,,,,,,,,
6711,LND,,,,,,,,,,,,
6712,LND,,,,,,,,,,,,
6713,LND,,,,,,,,,,,,
6714,LND,,,,,,,,,,,,
6715,LND,,,,,,,,,,,,
6716,LND,,,,,,,,,,,,
6717,LND,,,,,,,,,,,,
6718,LND,,,,,,,,,,,,
6719,LND,,,,,,,,,,,,
6720,LND,,,,,,,,,,,,
6721,LND,,,,,,,,,,,,
6722,LND,,,,,,,,,,,,
6723,LND,,,,,,,,,,,,
6724,LND,,,,,,,,,,,,
6725,LND,,,,,,,,,,,,
6726,LND,,,,,,,,,,,,
6727,LND,,,,,,,,,,,,
6728,LND,,,,,,,,,,,,
6729,LND,,,,,,,,,,,,
6730,LND,,,,,,,,,,,,
6731,LND,,,,,,,,,,,,
6732,LND,,,,,,,,,,,,
6733,LND,,,,,,,,,,,,
6734,LND,,,,,,,,,,,,
6735,LND,,,,,,,,,,,,
6736,LND,,,,,,,,,,,,
6737,LND,,,,,,,,,,,,
6738,LND,,,,,,,,,,,,
6739,LND,,,,,,,,,,,,
6740,LND,,,,,,,,,,,,
6741,LND,,,,,,,,,,,,
6742,LND,,,,,,,,,,,,
6743,LND,,,,,,,,,,,,
6744,LND,,,,,,,,,,,,
6745,LND,,,,,,,,,,,,
6746,LND,,,,,,,,,,,,
6747,LND,,,,,,,,,,,,
6748,LND,,,,,,,,,,,,
6749,LND,,,,,,,,,,,,
6750,LND,,,,,,,,,,,,
6751,LND,,,,,,,,,,,,
6752,LND,,,,,,,,,,,,
6753,CLN,70,2186,112,44058,569,2137,0.6,3501754,100,10000000,100,10000000
6754,LND,,,,,,,,,,,,
6755,LND,,,,,,,,,,,,
6756,LND,,,,,,,,,,,,
6757,LND,,,,,,,,,,,,
6758,LND,,,,,,,,,,,,
6759,LND,,,,,,,,,,,,
6760,LND,,,,,,,,,,,,
6761,LND,,,,,,,,,,,,
6762,LND,,,,,,,,,,,,
6763,LND,,,,,,,,,,,,
6764,LND,,,,,,,,,,,,
6765,LND,,,,,,,,,,,,
6766,CLN,65,2298,89,56013,764,2393,0.87,8637742,100,10000000,100,10000000
6767,LND,,,,,,,,,,,,
6768,LND,,,,,,,,,,,,
6769,LND,,,,,,,,,,,,
6770,LND,,,,,,,,,,,,
6771,LND,,,,,,,,,,,,
6772,CLN,61,1528,112,45597,679,2078,0.7,5571709,100,10000000,100,10000000
6773,LND,,,,,,,,,,,,
6774,LND,,,,,,,,,,,,
6775,LND,,,,,,,,,,,,
6776,LND,,,,,,,,,,,,
6777,LND,,,,,,,,,,,,
6778,LND,,,,,,,,,,,,
6779,LND,,,,,,,,,,,,
6780,LND,,,,,,,,,,,,
6781,LND,,,,,,,,,,,,
6782,LND,,,,,,,,,,,,
6783,LND,,,,,,,,,,,,
6784,LND,,,,,,,,,,,,
6785,LND,,,,,,,,,,,,
6786,LND,,,,,,,,,,,,
6787,LND,,,,,,,,,,,,
6788,LND,,,,,,,,,,,,
6789,LND,,,,,,,,,,,,
6790,LND,,,,,,,,,,,,
6791,LND,,,,,,,,,,,,
6792,LND,,,,,,,,,,,,
6793,LND,,,,,,,,,,,,
6794,LND,,,,,,,,,,,,
6795,LND,,,,,,,,,,,,
6796,LND,,,,,,,,,,,,
6797,LND,,,,,,,,,,,,
6798,LND,,,,,,,,,,,,
6799,LND,,,,,,,,,,,,
6800,LND,,,,,,,,,,,,
6801,LND,,,,,,,,,,,,
6802,LND,,,,,,,,,,,,
6803,LND,,,,,,,,,,,,
6804,LND,,,,,,,,,,,,
6805,LND,,,,,,,,,,,,
6806,LND,,,,,,,,,,,,
6807,LND,,,,,,,,,,,,
6808,LND,,,,,,,,,,,,
6809,LND,,,,,,,,,,,,
6810,LND,,,,,,,,,,,,
6811,LND,,,,,,,,,,,,
6812,LND,,,,,,,,,,,,
6813,LND,,,,,,,,,,,,
6814,LND,,,,,,,,,,,,
6815,LND,,,,,,,,,,,,
6816,LND,,,,,,,,,,,,
6817,LND,,,,,,,,,,,,
6818,LND,,,,,,,,,,,,
6819,CLN,72,1521,84,44218,585,2894,0.77,6967195,100,10000000,100,10000000
6820,LND,,,,,,,,,,,,
6821,LND,,,,,,,,,,,,
6822,LND,,,,,,,,,,,,
6823,LND,,,,,,,,,,,,
6824,LND,,,,,,,,,,,,
6825,LND,,,,,,,,,,,,
6826,LND,,,,,,,,,,,,
6827,LND,,,,,,,,,,,,
6828,LND,,,,,,,,,,,,
6829,LND,,,,,,,,,,,,
6830,CLN,68,1609,107,53907,676,2284,0.64,2053071,100,10000000,100,10000000
6831,LND,,,,,,,,,,,,
6832,LND,,,,,,,,,,,,
6833,LND,,,,,,,,,,,,
6834,LND,,,,,,,,,,,,
6835,LND,,,,,,,,,,,,
6836,LND,,,,,,,,,,,,
6837,LND,,,,,,,,,,,,
6838,LND,,,,,,,,,,,,
6839,LND,,,,,,,,,,,,
6840,LND,,,,,,,,,,,,
6841,LND,,,,,,,,,,,,
6842,LND,,,,,,,,,,,,
6843,LND,,,,,,,,,,,,
6844,LND,,,,,,,,,,,,
6845,LND,,,,,,,,,,,,
6846,LND,,,,,,,,,,,,
6847,LND,,,,,,,,,,,,
6848,LND,,,,,,,,,,,,
6849,LND,,,,,,,,,,,,
6850,CLN,56,2099,114,49827,706,2174,0.93,8318560,100,10000000,100,10000000
6851,CLN,64,1821,83,52354,677,2893,0.64,7900655,100,10000000,100,10000000
6852,LND,,,,,,,,,,,,
6853,LND,,,,,,,,,,,,
6854,LND,,,,,,,,,,,,
6855,LND,,,,,,,,,,,,
6856,LND,,,,,,,,,,,,
6857,LND,,,,,,,,,,,,
6858,LND,,,,,,,,,,,,
6859,CLN,73,2268,94,49127,637,2919,0.63,1130550,100,10000000,100,10000000
6860,LND,,,,,,,,,,,,
6861,LND,,,,,,,,,,,,
6862,CLN,61,2094,112,51000,711,2579,0.81,3935122,100,10000000,100,10000000
6863,LND,,,,,,,,,,,,
6864,LND,,,,,,,,,,,,
6865,LND,,,,,,,,,,,,
6866,LND,,,,,,,,,,,,
6867,LND,,,,,,,,,,,,
6868,LND,,,,,,,,,,,,
6869,LND,,,,,,,,,,,,
6870,CLN,60,2433,85,53674,580,2313,0.9,9002365,100,10000000,100,10000000
6871,CLN,70,2022,91,59993,628,2605,0.62,894217,100,10000000,100,10000000
6872,LND,,,,,,,,,,,,
6873,LND,,,,,,,,,,,,
6874,LND,,,,,,,,,,,,
6875,LND,,,,,,,,,,,,
6876,CLN,66,1812,110,40007,621,2025,0.79,6897477,100,10000000,100,10000000
6877,LND,,,,,,,,,,,,
6878,LND,,,,,,,,,,,,
6879,LND,,,,,,,,,,,,
6880,CLN,56,2286,106,52619,628,2476,0.75,8288609,100,10000000,100,10000000
6881,LND,,,,,,,,,,,,
6882,LND,,,,,,,,,,,,
6883,LND,,,,,,,,,,,,
6884,LND,,,,,,,,,,,,
6885,LND,,,,,,,,,,,,
6886,LND,,,,,,,,,,,,
6887,LND,,,,,,,,,,,,
6888,LND,,,,,,,,,,,,
6889,LND,,,,,,,,,,,,
6890,LND,,,,,,,,,,,,
6891,LND,,,,,,,,,,,,
6892,LND,,,,,,,,,,,,
6893,LND,,,,,,,,,,,,
6894,LND,,,,,,,,,,,,
6895,LND,,,,,,,,,,,,
6896,CLN,61,2121,98,52953,636,2404,0.72,8698272,100,10000000,100,10000000
6897,LND,,,,,,,,,,,,
6898,LND,,,,,,,,,,,,
6899,LND,,,,,,,,,,,,
6900,LND,,,,,,,,,,,,
6901,LND,,,,,,,,,,,,
6902,LND,,,,,,,,,,,,
6903,LND,,,,,,,,,,,,
6904,CLN,75,2482,99,43602,765,2754,0.95,3750289,100,10000000,100,10000000
6905,LND,,,,,,,,,,,,
6906,LND,,,,,,,,,,,,
6907,LND,,,,,,,,,,,,
6908,LND,,,,,,,,,,,,
6909,LND,,,,,,,,,,,,
6910,LND,,,,,,,,,,,,
6911,CLN,57,1878,80,59508,763,2082,0.83,9824611,100,10000000,100,10000000
6912,LND,,,,,,,,,,,,
6913,LND,,,,,,,,,,,,
6914,LND,,,,,,,,,,,,
6915,LND,,,,,,,,,,,,
6916,LND,,,,,,,,,,,,
6917,LND,,,,,,,,,,,,
6918,LND,,,,,,,,,,,,
6919,LND,,,,,,,,,,,,
6920,LND,,,,,,,,,,,,
6921,LND,,,,,,,,,,,,
6922,LND,,,,,,,,,,,,
6923,LND,,,,,,,,,,,,
6924,LND,,,,,,,,,,,,
6925,LND,,,,,,,,,,,,
6926,LND,,,,,,,,,,,,
6927,LND,,,,,,,,,,,,
6928,LND,,,,,,,,,,,,
6929,LND,,,,,,,,,,,,
6930,LND,,,,,,,,,,,,
6931,CLN,71,2343,98,59275,661,2625,1.0,5955692,100,10000000,100,10000000
6932,LND,,,,,,,,,,,,
6933,LND,,,,,,,,,,,,
6934,LND,,,,,,,,,,,,
6935,LND,,,,,,,,,,,,
6936,LND,,,,,,,,,,,,
6937,LND,,,,,,,,,,,,
6938,LND,,,,,,,,,,,,
6939,LND,,,,,,,,,,,,
6940,LND,,,,,,,,,,,,
6941,CLN,60,2266,102,43787,696,2417,0.96,8634882,100,10000000,100,10000000
6942,LND,,,,,,,,,,,,
6943,LND,,,,,,,,,,,,
6944,LND,,,,,,,,,,,,
6945,LND,,,,,,,,,,,,
6946,LND,,,,,,,,,,,,
6947,CLN,68,2361,85,53343,709,2943,0.79,4057093,100,10000000,100,10000000
6948,LND,,,,,,,,,,,,
6949,LND,,,,,,,,,,,,
6950,LND,,,,,,,,,,,,
6951,LND,,,,,,,,,,,,
6952,LND,,,,,,,,,,,,
6953,LND,,,,,,,,,,,,
6954,LND,,,,,,,,,,,,
6955,CLN,59,1639,99,56421,611,2602,0.8,621561,100,10000000,100,10000000
6956,LND,,,,,,,,,,,,
6957,LND,,,,,,,,,,,,
6958,LND,,,,,,,,,,,,
6959,LND,,,,,,,,,,,,
6960,LND,,,,,,,,,,,,
6961,CLN,68,1634,96,55435,637,2028,0.72,1458978,100,10000000,100,10000000
6962,LND,,,,,,,,,,,,
6963,LND,,,,,,,,,,,,
6964,LND,,,,,,,,,,,,
6965,LND,,,,,,,,,,,,
6966,LND,,,,,,,,,,,,
6967,LND,,,,,,,,,,,,
6968,LND,,,,,,,,,,,,
6969,LND,,,,,,,,,,,,
6970,CLN,65,1561,113,48038,622,2857,0.65,7113778,100,10000000,100,10000000
6971,LND,,,,,,,,,,,,
6972,CLN,74,2048,82,41825,662,2996,0.81,1878221,100,10000000,100,10000000
6973,LND,,,,,,,,,,,,
6974,LND,,,,,,,,,,,,
6975,LND,,,,,,,,,,,,
6976,LND,,,,,,,,,,,,
6977,LND,,,,,,,,,,,,
6978,LND,,,,,,,,,,,,
6979,LND,,,,,,,,,,,,
6980,LND,,,,,,,,,,,,
6981,LND,,,,,,,,,,,,
6982,LND,,,,,,,,,,,,
6983,LND,,,,,,,,,,,,
6984,LND,,,,,,,,,,,,
6985,LND,,,,,,,,,,,,
6986,LND,,,,,,,,,,,,
6987,CLN,72,1592,114,48787,716,2614,0.82,620914,100,10000000,100,10000000
6988,LND,,,,,,,,,,,,
6989,LND,,,,,,,,,,,,
6990,LND,,,,,,,,,,,,
6991,LND,,,,,,,,,,,,
6992,LND,,,,,,,,,,,,
6993,LND,,,,,,,,,,,,
6994,LND,,,,,,,,,,,,
6995,LND,,,,,,,,,,,,
6996,LND,,,,,,,,,,,,
6997,LND,,,,,,,,,,,,
6998,LND,,,,,,,,,,,,
6999,LND,,,,,,,,,,,,
7000,LND,,,,,,,,,,,,
7001,LND,,,,,,,,,,,,
7002,LND,,,,,,,,,,,,
7003,LND,,,,,,,,,,,,
7004,LND,,,,,,,,,,,,
7005,LND,,,,,,,,,,,,
7006,LND,,,,,,,,,,,,
7007,LND,,,,,,,,,,,,
7008,LND,,,,,,,,,,,,
7009,LND,,,,,,,,,,,,
7010,LND,,,,,,,,,,,,
7011,CLN,68,2468,83,54146,595,2616,0.87,519213,100,10000000,100,10000000
7012,LND,,,,,,,,,,,,
7013,LND,,,,,,,,,,,,
7014,LND,,,,,,,,,,,,
7015,CLN,66,1978,110,46955,595,2356,0.8,9879413,100,10000000,100,10000000
7016,LND,,,,,,,,,,,,
7017,LND,,,,,,,,,,,,
7018,LND,,,,,,,,,,,,
7019,LND,,,,,,,,,,,,
7020,LND,,,,,,,,,,,,
7021,LND,,,,,,,,,,,,
7022,LND,,,,,,,,,,,,
7023,LND,,,,,,,,,,,,
7024,LND,,,,,,,,,,,,
7025,CLN,71,2345,117,41094,613,2623,0.93,6636397,100,10000000,100,10000000
7026,LND,,,,,,,,,,,,
7027,LND,,,,,,,,,,,,
7028,LND,,,,,,,,,,,,
7029,LND,,,,,,,,,,,,
7030,LND,,,,,,,,,,,,
7031,LND,,,,,,,,,,,,
7032,LND,,,,,,,,,,,,
7033,LND,,,,,,,,,,,,
7034,LND,,,,,,,,,,,,
7035,LND,,,,,,,,,,,,
7036,LND,,,,,,,,,,,,
7037,CLN,65,1914,80,52546,595,2497,0.96,3789354,100,10000000,100,10000000
7038,LND,,,,,,,,,,,,
7039,LND,,,,,,,,,,,,
7040,LND,,,,,,,,,,,,
7041,LND,,,,,,,,,,,,
7042,CLN,57,2159,113,50412,640,2800,0.76,5990631,100,10000000,100,10000000
7043,LND,,,,,,,,,,,,
7044,LND,,,,,,,,,,,,
7045,LND,,,,,,,,,,,,
7046,LND,,,,,,,,,,,,
7047,LND,,,,,,,,,,,,
7048,LND,,,,,,,,,,,,
7049,LND,,,,,,,,,,,,
7050,LND,,,,,,,,,,,,
7051,LND,,,,,,,,,,,,
7052,LND,,,,,,,,,,,,
7053,LND,,,,,,,,,,,,
7054,LND,,,,,,,,,,,,
7055,LND,,,,,,,,,,,,
7056,LND,,,,,,,,,,,,
7057,LND,,,,,,,,,,,,
7058,LND,,,,,,,,,,,,
7059,LND,,,,,,,,,,,,
7060,LND,,,,,,,,,,,,
7061,LND,,,,,,,,,,,,
7062,LND,,,,,,,,,,,,
7063,LND,,,,,,,,,,,,
7064,LND,,,,,,,,,,,,
7065,CLN,57,1965,108,45716,608,2653,0.91,8511027,100,10000000,100,10000000
7066,LND,,,,,,,,,,,,
7067,LND,,,,,,,,,,,,
7068,LND,,,,,,,,,,,,
7069,LND,,,,,,,,,,,,
7070,LND,,,,,,,,,,,,
7071,LND,,,,,,,,,,,,
7072,LND,,,,,,,,,,,,
7073,LND,,,,,,,,,,,,
7074,LND,,,,,,,,,,,,
7075,LND,,,,,,,,,,,,
7076,LND,,,,,,,,,,,,
7077,LND,,,,,,,,,,,,
7078,LND,,,,,,,,,,,,
7079,LND,,,,,,,,,,,,
7080,LND,,,,,,,,,,,,
7081,LND,,,,,,,,,,,,
7082,LND,,,,,,,,,,,,
7083,LND,,,,,,,,,,,,
7084,LND,,,,,,,,,,,,
7085,LND,,,,,,,,,,,,
7086,LND,,,,,,,,,,,,
7087,LND,,,,,,,,,,,,
7088,LND,,,,,,,,,,,,
7089,LND,,,,,,,,,,,,
7090,LND,,,,,,,,,,,,
7091,LND,,,,,,,,,,,,
7092,LND,,,,,,,,,,,,
7093,LND,,,,,,,,,,,,
7094,LND,,,,,,,,,,,,
7095,LND,,,,,,,,,,,,
7096,LND,,,,,,,,,,,,
7097,LND,,,,,,,,,,,,
7098,LND,,,,,,,,,,,,
7099,LND,,,,,,,,,,,,
7100,LND,,,,,,,,,,,,
7101,LND,,,,,,,,,,,,
7102,LND,,,,,,,,,,,,
7103,LND,,,,,,,,,,,,
7104,LND,,,,,,,,,,,,
7105,LND,,,,,,,,,,,,
7106,LND,,,,,,,,,,,,
7107,LND,,,,,,,,,,,,
7108,LND,,,,,,,,,,,,
7109,LND,,,,,,,,,,,,
7110,LND,,,,,,,,,,,,
7111,LND,,,,,,,,,,,,
7112,LND,,,,,,,,,,,,
7113,LND,,,,,,,,,,,,
7114,LND,,,,,,,,,,,,
7115,LND,,,,,,,,,,,,
7116,LND,,,,,,,,,,,,
7117,LND,,,,,,,,,,,,
7118,CLN,67,2396,109,49781,754,2141,0.63,7075539,100,10000000,100,10000000
7119,LND,,,,,,,,,,,,
7120,LND,,,,,,,,,,,,
7121,LND,,,,,,,,,,,,
7122,LND,,,,,,,,,,,,
7123,LND,,,,,,,,,,,,
7124,LND,,,,,,,,,,,,
7125,LND,,,,,,,,,,,,
7126,LND,,,,,,,,,,,,
7127,LND,,,,,,,,,,,,
7128,LND,,,,,,,,,,,,
7129,LND,,,,,,,,,,,,
7130,CLN,73,2042,91,50436,738,2570,0.81,5806780,100,10000000,100,10000000
7131,LND,,,,,,,,,,,,
7132,LND,,,,,,,,,,,,
7133,LND,,,,,,,,,,,,
7134,LND,,,,,,,,,,,,
7135,LND,,,,,,,,,,,,
7136,CLN,62,2009,110,59101,604,2341,0.89,3861405,100,10000000,100,10000000
7137,LND,,,,,,,,,,,,
7138,LND,,,,,,,,,,,,
7139,LND,,,,,,,,,,,,
7140,LND,,,,,,,,,,,,
7141,LND,,,,,,,,,,,,
7142,LND,,,,,,,,,,,,
7143,LND,,,,,,,,,,,,
7144,LND,,,,,,,,,,,,
7145,CLN,58,1673,106,47750,759,2962,0.73,350750,100,10000000,100,10000000
7146,LND,,,,,,,,,,,,
7147,LND,,,,,,,,,,,,
7148,LND,,,,,,,,,,,,
7149,LND,,,,,,,,,,,,
7150,LND,,,,,,,,,,,,
7151,LND,,,,,,,,,,,,
7152,LND,,,,,,,,,,,,
7153,LND,,,,,,,,,,,,
7154,LND,,,,,,,,,,,,
7155,LND,,,,,,,,,,,,
7156,LND,,,,,,,,,,,,
7157,LND,,,,,,,,,,,,
7158,LND,,,,,,,,,,,,
7159,LND,,,,,,,,,,,,
7160,LND,,,,,,,,,,,,
7161,LND,,,,,,,,,,,,
7162,LND,,,,,,,,,,,,
7163,LND,,,,,,,,,,,,
7164,LND,,,,,,,,,,,,
7165,LND,,,,,,,,,,,,
7166,LND,,,,,,,,,,,,
7167,CLN,72,1770,91,48999,664,2586,0.97,8652825,100,10000000,100,10000000
7168,LND,,,,,,,,,,,,
7169,LND,,,,,,,,,,,,
7170,LND,,,,,,,,,,,,
7171,LND,,,,,,,,,,,,
7172,LND,,,,,,,,,,,,
7173,LND,,,,,,,,,,,,
7174,LND,,,,,,,,,,,,
7175,LND,,,,,,,,,,,,
7176,LND,,,,,,,,,,,,
7177,LND,,,,,,,,,,,,
7178,LND,,,,,,,,,,,,
7179,LND,,,,,,,,,,,,
7180,LND,,,,,,,,,,,,
7181,LND,,,,,,,,,,,,
7182,LND,,,,,,,,,,,,
7183,LND,,,,,,,,,,,,
7184,LND,,,,,,,,,,,,
7185,CLN,60,2330,96,54345,760,2243,0.8,9648983,100,10000000,100,10000000
7186,LND,,,,,,,,,,,,
7187,CLN,75,1930,88,55691,633,2015,0.84,4117913,100,10000000,100,10000000
7188,LND,,,,,,,,,,,,
7189,LND,,,,,,,,,,,,
7190,LND,,,,,,,,,,,,
7191,LND,,,,,,,,,,,,
7192,CLN,57,2408,109,59153,764,2462,0.75,9397546,100,10000000,100,10000000
7193,LND,,,,,,,,,,,,
7194,LND,,,,,,,,,,,,
7195,LND,,,,,,,,,,,,
7196,LND,,,,,,,,,,,,
7197,LND,,,,,,,,,,,,
7198,LND,,,,,,,,,,,,
7199,LND,,,,,,,,,,,,
7200,LND,,,,,,,,,,,,
7201,LND,,,,,,,,,,,,
7202,LND,,,,,,,,,,,,
7203,LND,,,,,,,,,,,,
7204,CLN,59,2090,103,49676,598,2042,0.91,5676072,100,10000000,100,10000000
7205,LND,,,,,,,,,,,,
7206,LND,,,,,,,,,,,,
7207,LND,,,,,,,,,,,,
7208,LND,,,,,,,,,,,,
7209,LND,,,,,,,,,,,,
7210,LND,,,,,,,,,,,,
7211,LND,,,,,,,,,,,,
7212,LND,,,,,,,,,,,,
7213,LND,,,,,,,,,,,,
7214,LND,,,,,,,,,,,,
7215,CLN,67,1584,88,54397,730,2496,0.72,8567040,100,10000000,100,10000000
7216,LND,,,,,,,,,,,,
7217,LND,,,,,,,,,,,,
7218,LND,,,,,,,,,,,,
7219,LND,,,,,,,,,,,,
7220,LND,,,,,,,,,,,,
7221,LND,,,,,,,,,,,,
7222,LND,,,,,,,,,,,,
7223,LND,,,,,,,,,,,,
7224,LND,,,,,,,,,,,,
7225,LND,,,,,,,,,,,,
7226,CLN,70,2120,106,56923,641,2713,0.79,8262003,100,10000000,100,10000000
7227,LND,,,,,,,,,,,,
7228,LND,,,,,,,,,,,,
7229,LND,,,,,,,,,,,,
7230,LND,,,,,,,,,,,,
7231,LND,,,,,,,,,,,,
7232,LND,,,,,,,,,,,,
7233,LND,,,,,,,,,,,,
7234,LND,,,,,,,,,,,,
7235,CLN,71,2206,89,50983,688,2680,0.85,6796651,100,10000000,100,10000000
7236,LND,,,,,,,,,,,,
7237,CLN,64,1805,80,47273,579,2271,0.93,1755949,100,10000000,100,10000000
7238,LND,,,,,,,,,,,,
7239,LND,,,,,,,,,,,,
7240,CLN,57,1574,116,57234,689,2382,0.84,4202893,100,10000000,100,10000000
7241,LND,,,,,,,,,,,,
7242,LND,,,,,,,,,,,,
7243,LND,,,,,,,,,,,,
7244,LND,,,,,,,,,,,,
7245,LND,,,,,,,,,,,,
7246,LND,,,,,,,,,,,,
7247,LND,,,,,,,,,,,,
7248,LND,,,,,,,,,,,,
7249,LND,,,,,,,,,,,,
7250,LND,,,,,,,,,,,,
7251,LND,,,,,,,,,,,,
7252,LND,,,,,,,,,,,,
7253,LND,,,,,,,,,,,,
7254,LND,,,,,,,,,,,,
7255,LND,,,,,,,,,,,,
7256,LND,,,,,,,,,,,,
7257,LND,,,,,,,,,,,,
7258,LND,,,,,,,,,,,,
7259,LND,,,,,,,,,,,,
7260,LND,,,,,,,,,,,,
7261,LND,,,,,,,,,,,,
7262,LND,,,,,,,,,,,,
7263,LND,,,,,,,,,,,,
7264,LND,,,,,,,,,,,,
7265,LND,,,,,,,,,,,,
7266,LND,,,,,,,,,,,,
7267,LND,,,,,,,,,,,,
7268,LND,,,,,,,,,,,,
7269,LND,,,,,,,,,,,,
7270,LND,,,,,,,,,,,,
7271,LND,,,,,,,,,,,,
7272,LND,,,,,,,,,,,,
7273,LND,,,,,,,,,,,,
7274,LND,,,,,,,,,,,,
7275,LND,,,,,,,,,,,,
7276,LND,,,,,,,,,,,,
7277,LND,,,,,,,,,,,,
7278,LND,,,,,,,,,,,,
7279,LND,,,,,,,,,,,,
7280,LND,,,,,,,,,,,,
7281,LND,,,,,,,,,,,,
7282,LND,,,,,,,,,,,,
7283,LND,,,,,,,,,,,,
7284,LND,,,,,,,,,,,,
7285,LND,,,,,,,,,,,,
7286,LND,,,,,,,,,,,,
7287,LND,,,,,,,,,,,,
7288,LND,,,,,,,,,,,,
7289,LND,,,,,,,,,,,,
7290,LND,,,,,,,,,,,,
7291,LND,,,,,,,,,,,,
7292,LND,,,,,,,,,,,,
7293,LND,,,,,,,,,,,,
7294,LND,,,,,,,,,,,,
7295,LND,,,,,,,,,,,,
7296,LND,,,,,,,,,,,,
7297,LND,,,,,,,,,,,,
7298,LND,,,,,,,,,,,,
7299,LND,,,,,,,,,,,,
7300,LND,,,,,,,,,,,,
7301,LND,,,,,,,,,,,,
7302,LND,,,,,,,,,,,,
7303,LND,,,,,,,,,,,,
7304,LND,,,,,,,,,,,,
7305,LND,,,,,,,,,,,,
7306,LND,,,,,,,,,,,,
7307,LND,,,,,,,,,,,,
7308,LND,,,,,,,,,,,,
7309,LND,,,,,,,,,,,,
7310,LND,,,,,,,,,,,,
7311,LND,,,,,,,,,,,,
7312,CLN,69,2142,118,51733,678,2130,0.71,9472332,100,10000000,100,10000000
7313,LND,,,,,,,,,,,,
7314,LND,,,,,,,,,,,,
7315,LND,,,,,,,,,,,,
7316,LND,,,,,,,,,,,,
7317,LND,,,,,,,,,,,,
7318,CLN,61,1987,95,43132,738,2621,0.68,5100493,100,10000000,100,10000000
7319,CLN,57,2371,116,41248,731,2421,0.72,5850586,100,10000000,100,10000000
7320,LND,,,,,,,,,,,,
7321,LND,,,,,,,,,,,,
7322,LND,,,,,,,,,,,,
7323,LND,,,,,,,,,,,,
7324,LND,,,,,,,,,,,,
7325,LND,,,,,,,,,,,,
7326,LND,,,,,,,,,,,,
7327,LND,,,,,,,,,,,,
7328,LND,,,,,,,,,,,,
7329,LND,,,,,,,,,,,,
7330,LND,,,,,,,,,,,,
7331,LND,,,,,,,,,,,,
7332,LND,,,,,,,,,,,,
7333,LND,,,,,,,,,,,,
7334,LND,,,,,,,,,,,,
7335,LND,,,,,,,,,,,,
7336,LND,,,,,,,,,,,,
7337,LND,,,,,,,,,,,,
7338,LND,,,,,,,,,,,,
7339,LND,,,,,,,,,,,,
7340,LND,,,,,,,,,,,,
7341,LND,,,,,,,,,,,,
7342,LND,,,,,,,,,,,,
7343,LND,,,,,,,,,,,,
7344,LND,,,,,,,,,,,,
7345,LND,,,,,,,,,,,,
7346,LND,,,,,,,,,,,,
7347,LND,,,,,,,,,,,,
7348,CLN,65,2403,82,48027,733,2309,0.94,8965274,100,10000000,100,10000000
7349,LND,,,,,,,,,,,,
7350,LND,,,,,,,,,,,,
7351,LND,,,,,,,,,,,,
7352,LND,,,,,,,,,,,,
7353,LND,,,,,,,,,,,,
7354,LND,,,,,,,,,,,,
7355,LND,,,,,,,,,,,,
7356,LND,,,,,,,,,,,,
7357,LND,,,,,,,,,,,,
7358,LND,,,,,,,,,,,,
7359,CLN,75,2120,103,46692,621,2347,0.86,7443082,100,10000000,100,10000000
7360,LND,,,,,,,,,,,,
7361,LND,,,,,,,,,,,,
7362,LND,,,,,,,,,,,,
7363,LND,,,,,,,,,,,,
7364,LND,,,,,,,,,,,,
7365,LND,,,,,,,,,,,,
7366,LND,,,,,,,,,,,,
7367,LND,,,,,,,,,,,,
7368,LND,,,,,,,,,,,,
7369,LND,,,,,,,,,,,,
7370,LND,,,,,,,,,,,,
7371,CLN,71,1686,98,55854,721,2826,0.79,4155932,100,10000000,100,10000000
7372,LND,,,,,,,,,,,,
7373,LND,,,,,,,,,,,,
7374,LND,,,,,,,,,,,,
7375,LND,,,,,,,,,,,,
7376,LND,,,,,,,,,,,,
7377,LND,,,,,,,,,,,,
7378,LND,,,,,,,,,,,,
7379,LND,,,,,,,,,,,,
7380,LND,,,,,,,,,,,,
7381,LND,,,,,,,,,,,,
7382,LND,,,,,,,,,,,,
7383,LND,,,,,,,,,,,,
7384,LND,,,,,,,,,,,,
7385,LND,,,,,,,,,,,,
7386,LND,,,,,,,,,,,,
7387,LND,,,,,,,,,,,,
7388,LND,,,,,,,,,,,,
7389,LND,,,,,,,,,,,,
7390,LND,,,,,,,,,,,,
7391,LND,,,,,,,,,,,,
7392,LND,,,,,,,,,,,,
7393,LND,,,,,,,,,,,,
7394,LND,,,,,,,,,,,,
7395,LND,,,,,,,,,,,,
7396,LND,,,,,,,,,,,,
7397,LND,,,,,,,,,,,,
7398,LND,,,,,,,,,,,,
7399,LND,,,,,,,,,,,,
7400,LND,,,,,,,,,,,,
7401,LND,,,,,,,,,,,,
7402,CLN,69,1995,119,59833,630,2171,0.87,4560141,100,10000000,100,10000000
7403,LND,,,,,,,,,,,,
7404,LND,,,,,,,,,,,,
7405,LND,,,,,,,,,,,,
7406,LND,,,,,,,,,,,,
7407,LND,,,,,,,,,,,,
7408,CLN,72,2256,117,47909,701,2703,0.82,646289,100,10000000,100,10000000
7409,LND,,,,,,,,,,,,
7410,LND,,,,,,,,,,,,
7411,LND,,,,,,,,,,,,
7412,LND,,,,,,,,,,,,
7413,LND,,,,,,,,,,,,
7414,LND,,,,,,,,,,,,
7415,LND,,,,,,,,,,,,
7416,LND,,,,,,,,,,,,
7417,LND,,,,,,,,,,,,
7418,LND,,,,,,,,,,,,
7419,LND,,,,,,,,,,,,
7420,LND,,,,,,,,,,,,
7421,CLN,64,1949,108,41322,750,2529,0.64,5709117,100,10000000,100,10000000
7422,LND,,,,,,,,,,,,
7423,LND,,,,,,,,,,,,
7424,CLN,59,2010,114,42931,584,2752,0.65,4736393,100,10000000,100,10000000
7425,LND,,,,,,,,,,,,
7426,LND,,,,,,,,,,,,
7427,LND,,,,,,,,,,,,
7428,LND,,,,,,,,,,,,
7429,LND,,,,,,,,,,,,
7430,LND,,,,,,,,,,,,
7431,LND,,,,,,,,,,,,
7432,LND,,,,,,,,,,,,
7433,LND,,,,,,,,,,,,
7434,LND,,,,,,,,,,,,
7435,LND,,,,,,,,,,,,
7436,LND,,,,,,,,,,,,
7437,LND,,,,,,,,,,,,
7438,LND,,,,,,,,,,,,
7439,LND,,,,,,,,,,,,
7440,LND,,,,,,,,,,,,
7441,LND,,,,,,,,,,,,
7442,LND,,,,,,,,,,,,
7443,LND,,,,,,,,,,,,
7444,LND,,,,,,,,,,,,
7445,LND,,,,,,,,,,,,
7446,LND,,,,,,,,,,,,
7447,LND,,,,,,,,,,,,
7448,LND,,,,,,,,,,,,
7449,LND,,,,,,,,,,,,
7450,LND,,,,,,,,,,,,
7451,LND,,,,,,,,,,,,
7452,LND,,,,,,,,,,,,
7453,LND,,,,,,,,,,,,
7454,LND,,,,,,,,,,,,
7455,LND,,,,,,,,,,,,
7456,LND,,,,,,,,,,,,
7457,LND,,,,,,,,,,,,
7458,LND,,,,,,,,,,,,
7459,LND,,,,,,,,,,,,
7460,LND,,,,,,,,,,,,
7461,LND,,,,,,,,,,,,
7462,LND,,,,,,,,,,,,
7463,LND,,,,,,,,,,,,
7464,LND,,,,,,,,,,,,
7465,LND,,,,,,,,,,,,
7466,LND,,,,,,,,,,,,
7467,LND,,,,,,,,,,,,
7468,LND,,,,,,,,,,,,
7469,LND,,,,,,,,,,,,
7470,LND,,,,,,,,,,,,
7471,LND,,,,,,,,,,,,
7472,LND,,,,,,,,,,,,
7473,LND,,,,,,,,,,,,
7474,LND,,,,,,,,,,,,
7475,LND,,,,,,,,,,,,
7476,LND,,,,,,,,,,,,
7477,LND,,,,,,,,,,,,
7478,LND,,,,,,,,,,,,
7479,LND,,,,,,,,,,,,
7480,LND,,,,,,,,,,,,
7481,LND,,,,,,,,,,,,
7482,LND,,,,,,,,,,,,
7483,LND,,,,,,,,,,,,
7484,LND,,,,,,,,,,,,
7485,LND,,,,,,,,,,,,
7486,LND,,,,,,,,,,,,
7487,LND,,,,,,,,,,,,
7488,LND,,,,,,,,,,,,
7489,LND,,,,,,,,,,,,
7490,LND,,,,,,,,,,,,
7491,LND,,,,,,,,,,,,
7492,LND,,,,,,,,,,,,
7493,LND,,,,,,,,,,,,
7494,LND,,,,,,,,,,,,
7495,LND,,,,,,,,,,,,
7496,LND,,,,,,,,,,,,
7497,LND,,,,,,,,,,,,
7498,LND,,,,,,,,,,,,
7499,CLN,60,2408,112,44249,690,2085,0.93,7109848,100,10000000,100,10000000
7500,LND,,,,,,,,,,,,
7501,LND,,,,,,,,,,,,
7502,LND,,,,,,,,,,,,
7503,LND,,,,,,,,,,,,
7504,LND,,,,,,,,,,,,
7505,LND,,,,,,,,,,,,
7506,LND,,,,,,,,,,,,
7507,LND,,,,,,,,,,,,
7508,LND,,,,,,,,,,,,
7509,LND,,,,,,,,,,,,
7510,LND,,,,,,,,,,,,
7511,LND,,,,,,,,,,,,
7512,LND,,,,,,,,,,,,
7513,CLN,63,2036,108,48635,567,2330,0.83,9577744,100,10000000,100,10000000
7514,CLN,73,2295,110,45157,567,2259,0.93,5892658,100,10000000,100,10000000
7515,LND,,,,,,,,,,,,
7516,LND,,,,,,,,,,,,
7517,LND,,,,,,,,,,,,
7518,LND,,,,,,,,,,,,
7519,CLN,66,2039,119,55100,682,2070,0.69,914938,100,10000000,100,10000000
7520,LND,,,,,,,,,,,,
7521,LND,,,,,,,,,,,,
7522,LND,,,,,,,,,,,,
7523,CLN,63,2451,87,48400,744,2977,0.65,4681596,100,10000000,100,10000000
7524,LND,,,,,,,,,,,,
7525,LND,,,,,,,,,,,,
7526,LND,,,,,,,,,,,,
7527,LND,,,,,,,,,,,,
7528,LND,,,,,,,,,,,,
7529,LND,,,,,,,,,,,,
7530,LND,,,,,,,,,,,,
7531,LND,,,,,,,,,,,,
7532,LND,,,,,,,,,,,,
7533,LND,,,,,,,,,,,,
7534,LND,,,,,,,,,,,,
7535,LND,,,,,,,,,,,,
7536,LND,,,,,,,,,,,,
7537,LND,,,,,,,,,,,,
7538,LND,,,,,,,,,,,,
7539,LND,,,,,,,,,,,,
7540,LND,,,,,,,,,,,,
7541,LND,,,,,,,,,,,,
7542,LND,,,,,,,,,,,,
7543,LND,,,,,,,,,,,,
7544,CLN,61,2056,98,55578,739,2643,0.64,7520158,100,10000000,100,10000000
7545,LND,,,,,,,,,,,,
7546,LND,,,,,,,,,,,,
7547,LND,,,,,,,,,,,,
7548,LND,,,,,,,,,,,,
7549,LND,,,,,,,,,,,,
7550,LND,,,,,,,,,,,,
7551,LND,,,,,,,,,,,,
7552,LND,,,,,,,,,,,,
7553,LND,,,,,,,,,,,,
7554,LND,,,,,,,,,,,,
7555,LND,,,,,,,,,,,,
7556,LND,,,,,,,,,,,,
7557,LND,,,,,,,,,,,,
7558,LND,,,,,,,,,,,,
7559,LND,,,,,,,,,,,,
7560,LND,,,,,,,,,,,,
7561,LND,,,,,,,,,,,,
7562,LND,,,,,,,,,,,,
7563,LND,,,,,,,,,,,,
7564,LND,,,,,,,,,,,,
7565,LND,,,,,,,,,,,,
7566,LND,,,,,,,,,,,,
7567,LND,,,,,,,,,,,,
7568,LND,,,,,,,,,,,,
7569,CLN,62,1636,108,44753,746,2151,0.69,3982280,100,10000000,100,10000000
7570,LND,,,,,,,,,,,,
7571,LND,,,,,,,,,,,,
7572,LND,,,,,,,,,,,,
7573,LND,,,,,,,,,,,,
7574,LND,,,,,,,,,,,,
7575,LND,,,,,,,,,,,,
7576,LND,,,,,,,,,,,,
7577,LND,,,,,,,,,,,,
7578,LND,,,,,,,,,,,,
7579,LND,,,,,,,,,,,,
7580,LND,,,,,,,,,,,,
7581,CLN,60,1706,89,52956,582,2192,0.83,196438,100,10000000,100,10000000
7582,LND,,,,,,,,,,,,
7583,LND,,,,,,,,,,,,
7584,LND,,,,,,,,,,,,
7585,LND,,,,,,,,,,,,
7586,LND,,,,,,,,,,,,
7587,LND,,,,,,,,,,,,
7588,LND,,,,,,,,,,,,
7589,LND,,,,,,,,,,,,
7590,LND,,,,,,,,,,,,
7591,LND,,,,,,,,,,,,
7592,CLN,72,2457,88,56882,653,2242,0.72,394569,100,10000000,100,10000000
7593,LND,,,,,,,,,,,,
7594,LND,,,,,,,,,,,,
7595,LND,,,,,,,,,,,,
7596,LND,,,,,,,,,,,,
7597,CLN,75,2189,111,56829,637,2431,0.61,1106162,100,10000000,100,10000000
7598,LND,,,,,,,,,,,,
7599,LND,,,,,,,,,,,,
7600,LND,,,,,,,,,,,,
7601,CLN,66,1506,118,58969,718,2535,0.88,8232430,100,10000000,100,10000000
7602,LND,,,,,,,,,,,,
7603,LND,,,,,,,,,,,,
7604,LND,,,,,,,,,,,,
7605,LND,,,,,,,,,,,,
7606,LND,,,,,,,,,,,,
7607,LND,,,,,,,,,,,,
7608,LND,,,,,,,,,,,,
7609,LND,,,,,,,,,,,,
7610,LND,,,,,,,,,,,,
7611,LND,,,,,,,,,,,,
7612,LND,,,,,,,,,,,,
7613,LND,,,,,,,,,,,,
7614,LND,,,,,,,,,,,,
7615,CLN,66,1684,92,46905,762,2470,0.96,6998898,100,10000000,100,10000000
7616,LND,,,,,,,,,,,,
7617,LND,,,,,,,,,,,,
7618,LND,,,,,,,,,,,,
7619,LND,,,,,,,,,,,,
7620,CLN,67,1849,100,53300,569,2277,0.96,4017675,100,10000000,100,10000000
7621,LND,,,,,,,,,,,,
7622,LND,,,,,,,,,,,,
7623,LND,,,,,,,,,,,,
7624,CLN,58,2314,87,54620,725,2400,0.77,9620793,100,10000000,100,10000000
7625,LND,,,,,,,,,,,,
7626,LND,,,,,,,,,,,,
7627,LND,,,,,,,,,,,,
7628,LND,,,,,,,,,,,,
7629,LND,,,,,,,,,,,,
7630,LND,,,,,,,,,,,,
7631,CLN,61,1887,91,51588,612,2300,0.95,8056113,100,10000000,100,10000000
7632,LND,,,,,,,,,,,,
7633,LND,,,,,,,,,,,,
7634,LND,,,,,,,,,,,,
7635,LND,,,,,,,,,,,,
7636,LND,,,,,,,,,,,,
7637,LND,,,,,,,,,,,,
7638,LND,,,,,,,,,,,,
7639,LND,,,,,,,,,,,,
7640,LND,,,,,,,,,,,,
7641,LND,,,,,,,,,,,,
7642,LND,,,,,,,,,,,,
7643,LND,,,,,,,,,,,,
7644,LND,,,,,,,,,,,,
7645,LND,,,,,,,,,,,,
7646,LND,,,,,,,,,,,,
7647,LND,,,,,,,,,,,,
7648,LND,,,,,,,,,,,,
7649,LND,,,,,,,,,,,,
7650,LND,,,,,,,,,,,,
7651,LND,,,,,,,,,,,,
7652,LND,,,,,,,,,,,,
7653,LND,,,,,,,,,,,,
7654,LND,,,,,,,,,,,,
7655,LND,,,,,,,,,,,,
7656,LND,,,,,,,,,,,,
7657,LND,,,,,,,,,,,,
7658,LND,,,,,,,,,,,,
7659,LND,,,,,,,,,,,,
7660,LND,,,,,,,,,,,,
7661,LND,,,,,,,,,,,,
7662,LND,,,,,,,,,,,,
7663,LND,,,,,,,,,,,,
7664,LND,,,,,,,,,,,,
7665,LND,,,,,,,,,,,,
7666,LND,,,,,,,,,,,,
7667,LND,,,,,,,,,,,,
7668,LND,,,,,,,,,,,,
7669,LND,,,,,,,,,,,,
7670,LND,,,,,,,,,,,,
7671,CLN,67,2153,91,43844,673,2983,0.75,789500,100,10000000,100,10000000
7672,LND,,,,,,,,,,,,
7673,CLN,64,2201,96,55250,729,2818,0.92,6336487,100,10000000,100,10000000
7674,LND,,,,,,,,,,,,
7675,LND,,,,,,,,,,,,
7676,LND,,,,,,,,,,,,
7677,LND,,,,,,,,,,,,
7678,LND,,,,,,,,,,,,
7679,LND,,,,,,,,,,,,
7680,LND,,,,,,,,,,,,
7681,LND,,,,,,,,,,,,
7682,CLN,58,2111,104,46735,682,2361,0.7,6764206,100,10000000,100,10000000
7683,LND,,,,,,,,,,,,
7684,LND,,,,,,,,,,,,
7685,LND,,,,,,,,,,,,
7686,LND,,,,,,,,,,,,
7687,LND,,,,,,,,,,,,
7688,LND,,,,,,,,,,,,
7689,CLN,55,1657,107,49233,760,2923,0.65,8707784,100,10000000,100,10000000
7690,LND,,,,,,,,,,,,
7691,LND,,,,,,,,,,,,
7692,LND,,,,,,,,,,,,
7693,LND,,,,,,,,,,,,
7694,LND,,,,,,,,,,,,
7695,LND,,,,,,,,,,,,
7696,LND,,,,,,,,,,,,
7697,LND,,,,,,,,,,,,
7698,LND,,,,,,,,,,,,
7699,LND,,,,,,,,,,,,
7700,LND,,,,,,,,,,,,
7701,LND,,,,,,,,,,,,
7702,LND,,,,,,,,,,,,
7703,LND,,,,,,,,,,,,
7704,LND,,,,,,,,,,,,
7705,LND,,,,,,,,,,,,
7706,LND,,,,,,,,,,,,
7707,LND,,,,,,,,,,,,
7708,LND,,,,,,,,,,,,
7709,LND,,,,,,,,,,,,
7710,LND,,,,,,,,,,,,
7711,LND,,,,,,,,,,,,
7712,LND,,,,,,,,,,,,
7713,LND,,,,,,,,,,,,
7714,LND,,,,,,,,,,,,
7715,LND,,,,,,,,,,,,
7716,LND,,,,,,,,,,,,
7717,LND,,,,,,,,,,,,
7718,CLN,63,2282,91,46088,750,2964,0.67,9971556,100,10000000,100,10000000
7719,LND,,,,,,,,,,,,
7720,LND,,,,,,,,,,,,
7721,LND,,,,,,,,,,,,
7722,LND,,,,,,,,,,,,
7723,LND,,,,,,,,,,,,
7724,LND,,,,,,,,,,,,
7725,LND,,,,,,,,,,,,
7726,LND,,,,,,,,,,,,
7727,LND,,,,,,,,,,,,
7728,LND,,,,,,,,,,,,
7729,LND,,,,,,,,,,,,
7730,LND,,,,,,,,,,,,
7731,LND,,,,,,,,,,,,
7732,LND,,,,,,,,,,,,
7733,LND,,,,,,,,,,,,
7734,LND,,,,,,,,,,,,
7735,LND,,,,,,,,,,,,
7736,LND,,,,,,,,,,,,
7737,LND,,,,,,,,,,,,
7738,CLN,70,2261,91,56341,577,2342,0.64,5666481,100,10000000,100,10000000
7739,LND,,,,,,,,,,,,
7740,LND,,,,,,,,,,,,
7741,LND,,,,,,,,,,,,
7742,LND,,,,,,,,,,,,
7743,LND,,,,,,,,,,,,
7744,LND,,,,,,,,,,,,
7745,LND,,,,,,,,,,,,
7746,LND,,,,,,,,,,,,
7747,LND,,,,,,,,,,,,
7748,LND,,,,,,,,,,,,
7749,LND,,,,,,,,,,,,
7750,LND,,,,,,,,,,,,
7751,LND,,,,,,,,,,,,
7752,LND,,,,,,,,,,,,
7753,LND,,,,,,,,,,,,
7754,LND,,,,,,,,,,,,
7755,LND,,,,,,,,,,,,
7756,LND,,,,,,,,,,,,
7757,LND,,,,,,,,,,,,
7758,CLN,73,2385,94,58908,645,2858,0.71,7559029,100,10000000,100,10000000
7759,LND,,,,,,,,,,,,
7760,LND,,,,,,,,,,,,
7761,LND,,,,,,,,,,,,
7762,LND,,,,,,,,,,,,
7763,LND,,,,,,,,,,,,
7764,CLN,68,2162,90,40250,739,2763,0.71,1201747,100,10000000,100,10000000
7765,LND,,,,,,,,,,,,
7766,LND,,,,,,,,,,,,
7767,LND,,,,,,,,,,,,
7768,LND,,,,,,,,,,,,
7769,LND,,,,,,,,,,,,
7770,LND,,,,,,,,,,,,
7771,LND,,,,,,,,,,,,
7772,LND,,,,,,,,,,,,
7773,LND,,,,,,,,,,,,
7774,LND,,,,,,,,,,,,
7775,LND,,,,,,,,,,,,
7776,LND,,,,,,,,,,,,
7777,LND,,,,,,,,,,,,
7778,LND,,,,,,,,,,,,
7779,LND,,,,,,,,,,,,
7780,LND,,,,,,,,,,,,
7781,LND,,,,,,,,,,,,
7782,LND,,,,,,,,,,,,
7783,LND,,,,,,,,,,,,
7784,LND,,,,,,,,,,,,
7785,LND,,,,,,,,,,,,
7786,CLN,57,1628,86,41468,704,2781,0.64,44491,100,10000000,100,10000000
7787,LND,,,,,,,,,,,,
7788,LND,,,,,,,,,,,,
7789,LND,,,,,,,,,,,,
7790,LND,,,,,,,,,,,,
7791,LND,,,,,,,,,,,,
7792,LND,,,,,,,,,,,,
7793,LND,,,,,,,,,,,,
7794,LND,,,,,,,,,,,,
7795,LND,,,,,,,,,,,,
7796,LND,,,,,,,,,,,,
7797,LND,,,,,,,,,,,,
7798,LND,,,,,,,,,,,,
7799,LND,,,,,,,,,,,,
7800,LND,,,,,,,,,,,,
7801,LND,,,,,,,,,,,,
7802,LND,,,,,,,,,,,,
7803,LND,,,,,,,,,,,,
7804,LND,,,,,,,,,,,,
7805,LND,,,,,,,,,,,,
7806,LND,,,,,,,,,,,,
7807,LND,,,,,,,,,,,,
7808,LND,,,,,,,,,,,,
7809,LND,,,,,,,,,,,,
7810,LND,,,,,,,,,,,,
7811,LND,,,,,,,,,,,,
7812,LND,,,,,,,,,,,,
7813,LND,,,,,,,,,,,,
7814,LND,,,,,,,,,,,,
7815,LND,,,,,,,,,,,,
7816,LND,,,,,,,,,,,,
7817,LND,,,,,,,,,,,,
7818,LND,,,,,,,,,,,,
7819,LND,,,,,,,,,,,,
7820,LND,,,,,,,,,,,,
7821,LND,,,,,,,,,,,,
7822,LND,,,,,,,,,,,,
7823,CLN,63,1805,101,48328,736,2148,0.87,8359415,100,10000000,100,10000000
7824,LND,,,,,,,,,,,,
7825,LND,,,,,,,,,,,,
7826,LND,,,,,,,,,,,,
7827,LND,,,,,,,,,,,,
7828,LND,,,,,,,,,,,,
7829,LND,,,,,,,,,,,,
7830,LND,,,,,,,,,,,,
7831,LND,,,,,,,,,,,,
7832,LND,,,,,,,,,,,,
7833,LND,,,,,,,,,,,,
7834,LND,,,,,,,,,,,,
7835,LND,,,,,,,,,,,,
7836,LND,,,,,,,,,,,,
7837,LND,,,,,,,,,,,,
7838,LND,,,,,,,,,,,,
7839,LND,,,,,,,,,,,,
7840,LND,,,,,,,,,,,,
7841,LND,,,,,,,,,,,,
7842,LND,,,,,,,,,,,,
7843,LND,,,,,,,,,,,,
7844,LND,,,,,,,,,,,,
7845,LND,,,,,,,,,,,,
7846,LND,,,,,,,,,,,,
7847,LND,,,,,,,,,,,,
7848,LND,,,,,,,,,,,,
7849,LND,,,,,,,,,,,,
7850,LND,,,,,,,,,,,,
7851,LND,,,,,,,,,,,,
7852,LND,,,,,,,,,,,,
7853,LND,,,,,,,,,,,,
7854,LND,,,,,,,,,,,,
7855,LND,,,,,,,,,,,,
7856,LND,,,,,,,,,,,,
7857,LND,,,,,,,,,,,,
7858,LND,,,,,,,,,,,,
7859,LND,,,,,,,,,,,,
7860,LND,,,,,,,,,,,,
7861,LND,,,,,,,,,,,,
7862,LND,,,,,,,,,,,,
7863,LND,,,,,,,,,,,,
7864,LND,,,,,,,,,,,,
7865,LND,,,,,,,,,,,,
7866,LND,,,,,,,,,,,,
7867,LND,,,,,,,,,,,,
7868,LND,,,,,,,,,,,,
7869,LND,,,,,,,,,,,,
7870,LND,,,,,,,,,,,,
7871,LND,,,,,,,,,,,,
7872,LND,,,,,,,,,,,,
7873,LND,,,,,,,,,,,,
7874,LND,,,,,,,,,,,,
7875,LND,,,,,,,,,,,,
7876,LND,,,,,,,,,,,,
7877,LND,,,,,,,,,,,,
7878,CLN,62,1992,92,51025,743,2131,0.9,789987,100,10000000,100,10000000
7879,LND,,,,,,,,,,,,
7880,LND,,,,,,,,,,,,
7881,LND,,,,,,,,,,,,
7882,LND,,,,,,,,,,,,
7883,LND,,,,,,,,,,,,
7884,LND,,,,,,,,,,,,
7885,LND,,,,,,,,,,,,
7886,LND,,,,,,,,,,,,
7887,LND,,,,,,,,,,,,
7888,LND,,,,,,,,,,,,
7889,CLN,70,1732,114,45749,759,2423,0.74,391658,100,10000000,100,10000000
7890,LND,,,,,,,,,,,,
7891,LND,,,,,,,,,,,,
7892,LND,,,,,,,,,,,,
7893,LND,,,,,,,,,,,,
7894,LND,,,,,,,,,,,,
7895,LND,,,,,,,,,,,,
7896,LND,,,,,,,,,,,,
7897,LND,,,,,,,,,,,,
7898,LND,,,,,,,,,,,,
7899,LND,,,,,,,,,,,,
7900,LND,,,,,,,,,,,,
7901,LND,,,,,,,,,,,,
7902,LND,,,,,,,,,,,,
7903,LND,,,,,,,,,,,,
7904,LND,,,,,,,,,,,,
7905,LND,,,,,,,,,,,,
7906,LND,,,,,,,,,,,,
7907,LND,,,,,,,,,,,,
7908,CLN,74,2431,80,54572,763,2425,0.87,3056526,100,10000000,100,10000000
7909,LND,,,,,,,,,,,,
7910,LND,,,,,,,,,,,,
7911,LND,,,,,,,,,,,,
7912,LND,,,,,,,,,,,,
7913,LND,,,,,,,,,,,,
7914,CLN,60,2409,105,42319,701,2760,0.95,9242117,100,10000000,100,10000000
7915,LND,,,,,,,,,,,,
7916,LND,,,,,,,,,,,,
7917,LND,,,,,,,,,,,,
7918,LND,,,,,,,,,,,,
7919,LND,,,,,,,,,,,,
7920,LND,,,,,,,,,,,,
7921,LND,,,,,,,,,,,,
7922,LND,,,,,,,,,,,,
7923,LND,,,,,,,,,,,,
7924,LND,,,,,,,,,,,,
7925,LND,,,,,,,,,,,,
7926,LND,,,,,,,,,,,,
7927,LND,,,,,,,,,,,,
7928,LND,,,,,,,,,,,,
7929,LND,,,,,,,,,,,,
7930,LND,,,,,,,,,,,,
7931,LND,,,,,,,,,,,,
7932,LND,,,,,,,,,,,,
7933,LND,,,,,,,,,,,,
7934,LND,,,,,,,,,,,,
7935,CLN,64,2154,112,56558,697,2497,0.68,8043747,100,10000000,100,10000000
7936,LND,,,,,,,,,,,,
7937,LND,,,,,,,,,,,,
7938,LND,,,,,,,,,,,,
7939,LND,,,,,,,,,,,,
7940,LND,,,,,,,,,,,,
7941,LND,,,,,,,,,,,,
7942,LND,,,,,,,,,,,,
7943,LND,,,,,,,,,,,,
7944,LND,,,,,,,,,,,,
7945,LND,,,,,,,,,,,,
7946,LND,,,,,,,,,,,,
7947,LND,,,,,,,,,,,,
7948,LND,,,,,,,,,,,,
7949,LND,,,,,,,,,,,,
7950,LND,,,,,,,,,,,,
7951,LND,,,,,,,,,,,,
7952,CLN,74,2319,112,59106,667,2041,0.98,6295773,100,10000000,100,10000000
7953,LND,,,,,,,,,,,,
7954,LND,,,,,,,,,,,,
7955,LND,,,,,,,,,,,,
7956,LND,,,,,,,,,,,,
7957,LND,,,,,,,,,,,,
7958,LND,,,,,,,,,,,,
7959,LND,,,,,,,,,,,,
7960,LND,,,,,,,,,,,,
7961,LND,,,,,,,,,,,,
7962,LND,,,,,,,,,,,,
7963,LND,,,,,,,,,,,,
7964,LND,,,,,,,,,,,,
7965,LND,,,,,,,,,,,,
7966,LND,,,,,,,,,,,,
7967,LND,,,,,,,,,,,,
7968,LND,,,,,,,,,,,,
7969,LND,,,,,,,,,,,,
7970,LND,,,,,,,,,,,,
7971,LND,,,,,,,,,,,,
7972,LND,,,,,,,,,,,,
7973,LND,,,,,,,,,,,,
7974,LND,,,,,,,,,,,,
7975,LND,,,,,,,,,,,,
7976,LND,,,,,,,,,,,,
7977,CLN,61,1930,118,44723,692,2957,0.79,3293678,100,10000000,100,10000000
7978,LND,,,,,,,,,,,,
7979,LND,,,,,,,,,,,,
7980,LND,,,,,,,,,,,,
7981,LND,,,,,,,,,,,,
7982,LND,,,,,,,,,,,,
7983,LND,,,,,,,,,,,,
7984,LND,,,,,,,,,,,,
7985,LND,,,,,,,,,,,,
7986,LND,,,,,,,,,,,,
7987,LND,,,,,,,,,,,,
7988,LND,,,,,,,,,,,,
7989,CLN,56,2075,86,55224,718,2950,0.98,6142852,100,10000000,100,10000000
7990,CLN,75,1560,104,58490,724,2009,0.75,4885082,100,10000000,100,10000000
7991,LND,,,,,,,,,,,,
7992,LND,,,,,,,,,,,,
7993,LND,,,,,,,,,,,,
7994,LND,,,,,,,,,,,,
7995,CLN,72,2161,83,55191,694,2282,0.9,1766206,100,10000000,100,10000000
7996,LND,,,,,,,,,,,,
7997,LND,,,,,,,,,,,,
7998,LND,,,,,,,,,,,,
7999,LND,,,,,,,,,,,,
8000,LND,,,,,,,,,,,,
8001,LND,,,,,,,,,,,,
8002,LND,,,,,,,,,,,,
8003,LND,,,,,,,,,,,,
8004,LND,,,,,,,,,,,,
8005,LND,,,,,,,,,,,,
8006,LND,,,,,,,,,,,,
8007,LND,,,,,,,,,,,,
8008,LND,,,,,,,,,,,,
8009,LND,,,,,,,,,,,,
8010,LND,,,,,,,,,,,,
8011,LND,,,,,,,,,,,,
8012,LND,,,,,,,,,,,,
8013,LND,,,,,,,,,,,,
8014,LND,,,,,,,,,,,,
8015,LND,,,,,,,,,,,,
8016,LND,,,,,,,,,,,,
8017,LND,,,,,,,,,,,,
8018,LND,,,,,,,,,,,,
8019,LND,,,,,,,,,,,,
8020,LND,,,,,,,,,,,,
8021,LND,,,,,,,,,,,,
8022,LND,,,,,,,,,,,,
8023,LND,,,,,,,,,,,,
8024,LND,,,,,,,,,,,,
8025,LND,,,,,,,,,,,,
8026,LND,,,,,,,,,,,,
8027,LND,,,,,,,,,,,,
8028,LND,,,,,,,,,,,,
8029,LND,,,,,,,,,,,,
8030,LND,,,,,,,,,,,,
8031,LND,,,,,,,,,,,,
8032,LND,,,,,,,,,,,,
8033,LND,,,,,,,,,,,,
8034,LND,,,,,,,,,,,,
8035,LND,,,,,,,,,,,,
8036,LND,,,,,,,,,,,,
8037,LND,,,,,,,,,,,,
8038,LND,,,,,,,,,,,,
8039,LND,,,,,,,,,,,,
8040,CLN,73,1555,82,48102,718,2623,0.73,7318738,100,10000000,100,10000000
8041,LND,,,,,,,,,,,,
8042,LND,,,,,,,,,,,,
8043,LND,,,,,,,,,,,,
8044,LND,,,,,,,,,,,,
8045,LND,,,,,,,,,,,,
8046,CLN,62,1620,107,43134,762,2734,0.96,960981,100,10000000,100,10000000
8047,LND,,,,,,,,,,,,
8048,CLN,62,1986,102,42486,624,2675,0.98,616045,100,10000000,100,10000000
8049,LND,,,,,,,,,,,,
8050,LND,,,,,,,,,,,,
8051,LND,,,,,,,,,,,,
8052,LND,,,,,,,,,,,,
8053,LND,,,,,,,,,,,,
8054,LND,,,,,,,,,,,,
8055,LND,,,,,,,,,,,,
8056,LND,,,,,,,,,,,,
8057,LND,,,,,,,,,,,,
8058,LND,,,,,,,,,,,,
8059,LND,,,,,,,,,,,,
8060,LND,,,,,,,,,,,,
8061,LND,,,,,,,,,,,,
8062,LND,,,,,,,,,,,,
8063,LND,,,,,,,,,,,,
8064,LND,,,,,,,,,,,,
8065,LND,,,,,,,,,,,,
8066,LND,,,,,,,,,,,,
8067,LND,,,,,,,,,,,,
8068,LND,,,,,,,,,,,,
8069,LND,,,,,,,,,,,,
8070,LND,,,,,,,,,,,,
8071,LND,,,,,,,,,,,,
8072,LND,,,,,,,,,,,,
8073,LND,,,,,,,,,,,,
8074,LND,,,,,,,,,,,,
8075,LND,,,,,,,,,,,,
8076,LND,,,,,,,,,,,,
8077,LND,,,,,,,,,,,,
8078,LND,,,,,,,,,,,,
8079,LND,,,,,,,,,,,,
8080,LND,,,,,,,,,,,,
8081,CLN,72,2290,115,44105,692,2828,0.75,285521,100,10000000,100,10000000
8082,LND,,,,,,,,,,,,
8083,LND,,,,,,,,,,,,
8084,LND,,,,,,,,,,,,
8085,LND,,,,,,,,,,,,
8086,LND,,,,,,,,,,,,
8087,CLN,59,1999,94,56744,671,2188,0.61,8050779,100,10000000,100,10000000
8088,LND,,,,,,,,,,,,
8089,LND,,,,,,,,,,,,
8090,CLN,62,1565,106,49245,595,2875,0.69,7221290,100,10000000,100,10000000
8091,LND,,,,,,,,,,,,
8092,LND,,,,,,,,,,,,
8093,LND,,,,,,,,,,,,
8094,LND,,,,,,,,,,,,
8095,LND,,,,,,,,,,,,
8096,LND,,,,,,,,,,,,
8097,LND,,,,,,,,,,,,
8098,LND,,,,,,,,,,,,
8099,LND,,,,,,,,,,,,
8100,LND,,,,,,,,,,,,
8101,LND,,,,,,,,,,,,
8102,LND,,,,,,,,,,,,
8103,LND,,,,,,,,,,,,
8104,LND,,,,,,,,,,,,
8105,LND,,,,,,,,,,,,
8106,LND,,,,,,,,,,,,
8107,LND,,,,,,,,,,,,
8108,LND,,,,,,,,,,,,
8109,LND,,,,,,,,,,,,
8110,LND,,,,,,,,,,,,
8111,LND,,,,,,,,,,,,
8112,LND,,,,,,,,,,,,
8113,LND,,,,,,,,,,,,
8114,LND,,,,,,,,,,,,
8115,LND,,,,,,,,,,,,
8116,LND,,,,,,,,,,,,
8117,LND,,,,,,,,,,,,
8118,LND,,,,,,,,,,,,
8119,LND,,,,,,,,,,,,
8120,LND,,,,,,,,,,,,
8121,LND,,,,,,,,,,,,
8122,LND,,,,,,,,,,,,
8123,LND,,,,,,,,,,,,
8124,LND,,,,,,,,,,,,
8125,LND,,,,,,,,,,,,
8126,LND,,,,,,,,,,,,
8127,LND,,,,,,,,,,,,
8128,LND,,,,,,,,,,,,
8129,LND,,,,,,,,,,,,
8130,LND,,,,,,,,,,,,
8131,LND,,,,,,,,,,,,
8132,LND,,,,,,,,,,,,
8133,LND,,,,,,,,,,,,
8134,LND,,,,,,,,,,,,
8135,LND,,,,,,,,,,,,
8136,LND,,,,,,,,,,,,
8137,LND,,,,,,,,,,,,
8138,LND,,,,,,,,,,,,
8139,LND,,,,,,,,,,,,
8140,LND,,,,,,,,,,,,
8141,CLN,66,1717,96,43785,711,2943,0.92,6767713,100,10000000,100,10000000
8142,LND,,,,,,,,,,,,
8143,LND,,,,,,,,,,,,
8144,LND,,,,,,,,,,,,
8145,LND,,,,,,,,,,,,
8146,LND,,,,,,,,,,,,
8147,LND,,,,,,,,,,,,
8148,CLN,62,2368,100,43903,645,2993,0.94,4985147,100,10000000,100,10000000
8149,LND,,,,,,,,,,,,
8150,LND,,,,,,,,,,,,
8151,LND,,,,,,,,,,,,
8152,LND,,,,,,,,,,,,
8153,LND,,,,,,,,,,,,
8154,LND,,,,,,,,,,,,
8155,LND,,,,,,,,,,,,
8156,LND,,,,,,,,,,,,
8157,LND,,,,,,,,,,,,
8158,LND,,,,,,,,,,,,
8159,LND,,,,,,,,,,,,
8160,LND,,,,,,,,,,,,
8161,LND,,,,,,,,,,,,
8162,LND,,,,,,,,,,,,
8163,LND,,,,,,,,,,,,
8164,LND,,,,,,,,,,,,
8165,LND,,,,,,,,,,,,
8166,LND,,,,,,,,,,,,
8167,LND,,,,,,,,,,,,
8168,CLN,73,1952,87,59433,752,2951,0.6,6818466,100,10000000,100,10000000
8169,LND,,,,,,,,,,,,
8170,LND,,,,,,,,,,,,
8171,LND,,,,,,,,,,,,
8172,LND,,,,,,,,,,,,
8173,LND,,,,,,,,,,,,
8174,LND,,,,,,,,,,,,
8175,LND,,,,,,,,,,,,
8176,LND,,,,,,,,,,,,
8177,LND,,,,,,,,,,,,
8178,LND,,,,,,,,,,,,
8179,LND,,,,,,,,,,,,
8180,LND,,,,,,,,,,,,
8181,LND,,,,,,,,,,,,
8182,LND,,,,,,,,,,,,
8183,LND,,,,,,,,,,,,
8184,LND,,,,,,,,,,,,
8185,LND,,,,,,,,,,,,
8186,LND,,,,,,,,,,,,
8187,LND,,,,,,,,,,,,
8188,LND,,,,,,,,,,,,
8189,LND,,,,,,,,,,,,
8190,LND,,,,,,,,,,,,
8191,LND,,,,,,,,,,,,
8192,LND,,,,,,,,,,,,
8193,LND,,,,,,,,,,,,
8194,LND,,,,,,,,,,,,
8195,LND,,,,,,,,,,,,
8196,LND,,,,,,,,,,,,
8197,LND,,,,,,,,,,,,
8198,LND,,,,,,,,,,,,
8199,LND,,,,,,,,,,,,
8200,LND,,,,,,,,,,,,
8201,LND,,,,,,,,,,,,
8202,LND,,,,,,,,,,,,
8203,LND,,,,,,,,,,,,
8204,LND,,,,,,,,,,,,
8205,LND,,,,,,,,,,,,
8206,LND,,,,,,,,,,,,
8207,LND,,,,,,,,,,,,
8208,LND,,,,,,,,,,,,
8209,LND,,,,,,,,,,,,
8210,LND,,,,,,,,,,,,
8211,LND,,,,,,,,,,,,
8212,LND,,,,,,,,,,,,
8213,LND,,,,,,,,,,,,
8214,LND,,,,,,,,,,,,
8215,LND,,,,,,,,,,,,
8216,LND,,,,,,,,,,,,
8217,LND,,,,,,,,,,,,
8218,LND,,,,,,,,,,,,
8219,CLN,55,1880,118,48771,586,2130,0.7,9540699,100,10000000,100,10000000
8220,LND,,,,,,,,,,,,
8221,LND,,,,,,,,,,,,
8222,LND,,,,,,,,,,,,
8223,LND,,,,,,,,,,,,
8224,LND,,,,,,,,,,,,
8225,LND,,,,,,,,,,,,
8226,LND,,,,,,,,,,,,
8227,LND,,,,,,,,,,,,
8228,LND,,,,,,,,,,,,
8229,CLN,74,1567,103,45376,594,2574,0.8,9830074,100,10000000,100,10000000
8230,LND,,,,,,,,,,,,
8231,LND,,,,,,,,,,,,
8232,LND,,,,,,,,,,,,
8233,LND,,,,,,,,,,,,
8234,LND,,,,,,,,,,,,
8235,LND,,,,,,,,,,,,
8236,LND,,,,,,,,,,,,
8237,LND,,,,,,,,,,,,
8238,LND,,,,,,,,,,,,
8239,LND,,,,,,,,,,,,
8240,LND,,,,,,,,,,,,
8241,LND,,,,,,,,,,,,
8242,LND,,,,,,,,,,,,
8243,LND,,,,,,,,,,,,
8244,LND,,,,,,,,,,,,
8245,CLN,57,1997,93,44290,623,2684,0.92,9897938,100,10000000,100,10000000
8246,CLN,63,1924,107,49605,755,2522,0.98,7513439,100,10000000,100,10000000
8247,LND,,,,,,,,,,,,
8248,LND,,,,,,,,,,,,
8249,LND,,,,,,,,,,,,
8250,LND,,,,,,,,,,,,
8251,LND,,,,,,,,,,,,
8252,LND,,,,,,,,,,,,
8253,LND,,,,,,,,,,,,
8254,LND,,,,,,,,,,,,
8255,LND,,,,,,,,,,,,
8256,LND,,,,,,,,,,,,
8257,LND,,,,,,,,,,,,
8258,LND,,,,,,,,,,,,
8259,LND,,,,,,,,,,,,
8260,LND,,,,,,,,,,,,
8261,LND,,,,,,,,,,,,
8262,LND,,,,,,,,,,,,
8263,LND,,,,,,,,,,,,
8264,LND,,,,,,,,,,,,
8265,LND,,,,,,,,,,,,
8266,LND,,,,,,,,,,,,
8267,LND,,,,,,,,,,,,
8268,LND,,,,,,,,,,,,
8269,LND,,,,,,,,,,,,
8270,LND,,,,,,,,,,,,
8271,LND,,,,,,,,,,,,
8272,LND,,,,,,,,,,,,
8273,LND,,,,,,,,,,,,
8274,LND,,,,,,,,,,,,
8275,LND,,,,,,,,,,,,
8276,LND,,,,,,,,,,,,
8277,LND,,,,,,,,,,,,
8278,LND,,,,,,,,,,,,
8279,LND,,,,,,,,,,,,
8280,LND,,,,,,,,,,,,
8281,LND,,,,,,,,,,,,
8282,LND,,,,,,,,,,,,
8283,LND,,,,,,,,,,,,
8284,LND,,,,,,,,,,,,
8285,LND,,,,,,,,,,,,
8286,LND,,,,,,,,,,,,
8287,LND,,,,,,,,,,,,
8288,LND,,,,,,,,,,,,
8289,LND,,,,,,,,,,,,
8290,LND,,,,,,,,,,,,
8291,LND,,,,,,,,,,,,
8292,LND,,,,,,,,,,,,
8293,LND,,,,,,,,,,,,
8294,LND,,,,,,,,,,,,
8295,LND,,,,,,,,,,,,
8296,LND,,,,,,,,,,,,
8297,LND,,,,,,,,,,,,
8298,LND,,,,,,,,,,,,
8299,LND,,,,,,,,,,,,
8300,LND,,,,,,,,,,,,
8301,LND,,,,,,,,,,,,
8302,LND,,,,,,,,,,,,
8303,LND,,,,,,,,,,,,
8304,LND,,,,,,,,,,,,
8305,LND,,,,,,,,,,,,
8306,LND,,,,,,,,,,,,
8307,LND,,,,,,,,,,,,
8308,CLN,55,1509,95,52914,687,2130,0.61,7524018,100,10000000,100,10000000
8309,CLN,72,1644,83,57777,590,2923,0.85,9432126,100,10000000,100,10000000
8310,LND,,,,,,,,,,,,
8311,CLN,65,2316,90,44332,701,2592,0.96,308548,100,10000000,100,10000000
8312,LND,,,,,,,,,,,,
8313,LND,,,,,,,,,,,,
8314,LND,,,,,,,,,,,,
8315,LND,,,,,,,,,,,,
8316,LND,,,,,,,,,,,,
8317,LND,,,,,,,,,,,,
8318,LND,,,,,,,,,,,,
8319,LND,,,,,,,,,,,,
8320,LND,,,,,,,,,,,,
8321,LND,,,,,,,,,,,,
8322,LND,,,,,,,,,,,,
8323,LND,,,,,,,,,,,,
8324,LND,,,,,,,,,,,,
8325,LND,,,,,,,,,,,,
8326,LND,,,,,,,,,,,,
8327,LND,,,,,,,,,,,,
8328,LND,,,,,,,,,,,,
8329,LND,,,,,,,,,,,,
8330,LND,,,,,,,,,,,,
8331,LND,,,,,,,,,,,,
8332,LND,,,,,,,,,,,,
8333,LND,,,,,,,,,,,,
8334,LND,,,,,,,,,,,,
8335,LND,,,,,,,,,,,,
8336,LND,,,,,,,,,,,,
8337,LND,,,,,,,,,,,,
8338,LND,,,,,,,,,,,,
8339,LND,,,,,,,,,,,,
8340,LND,,,,,,,,,,,,
8341,LND,,,,,,,,,,,,
8342,LND,,,,,,,,,,,,
8343,LND,,,,,,,,,,,,
8344,LND,,,,,,,,,,,,
8345,LND,,,,,,,,,,,,
8346,LND,,,,,,,,,,,,
8347,LND,,,,,,,,,,,,
8348,LND,,,,,,,,,,,,
8349,LND,,,,,,,,,,,,
8350,LND,,,,,,,,,,,,
8351,LND,,,,,,,,,,,,
8352,LND,,,,,,,,,,,,
8353,LND,,,,,,,,,,,,
8354,LND,,,,,,,,,,,,
8355,LND,,,,,,,,,,,,
8356,LND,,,,,,,,,,,,
8357,LND,,,,,,,,,,,,
8358,LND,,,,,,,,,,,,
8359,LND,,,,,,,,,,,,
8360,LND,,,,,,,,,,,,
8361,LND,,,,,,,,,,,,
8362,LND,,,,,,,,,,,,
8363,LND,,,,,,,,,,,,
8364,LND,,,,,,,,,,,,
8365,LND,,,,,,,,,,,,
8366,LND,,,,,,,,,,,,
8367,LND,,,,,,,,,,,,
8368,LND,,,,,,,,,,,,
8369,LND,,,,,,,,,,,,
8370,LND,,,,,,,,,,,,
8371,LND,,,,,,,,,,,,
8372,LND,,,,,,,,,,,,
8373,LND,,,,,,,,,,,,
8374,LND,,,,,,,,,,,,
8375,LND,,,,,,,,,,,,
8376,LND,,,,,,,,,,,,
8377,CLN,65,1813,104,46712,661,2395,0.87,5226848,100,10000000,100,10000000
8378,LND,,,,,,,,,,,,
8379,LND,,,,,,,,,,,,
8380,LND,,,,,,,,,,,,
8381,LND,,,,,,,,,,,,
8382,LND,,,,,,,,,,,,
8383,LND,,,,,,,,,,,,
8384,LND,,,,,,,,,,,,
8385,CLN,58,2180,120,45622,619,2808,0.77,4193498,100,10000000,100,10000000
8386,LND,,,,,,,,,,,,
8387,LND,,,,,,,,,,,,
8388,LND,,,,,,,,,,,,
8389,LND,,,,,,,,,,,,
8390,LND,,,,,,,,,,,,
8391,LND,,,,,,,,,,,,
8392,LND,,,,,,,,,,,,
8393,LND,,,,,,,,,,,,
8394,LND,,,,,,,,,,,,
8395,LND,,,,,,,,,,,,
8396,LND,,,,,,,,,,,,
8397,LND,,,,,,,,,,,,
8398,LND,,,,,,,,,,,,
8399,LND,,,,,,,,,,,,
8400,LND,,,,,,,,,,,,
8401,LND,,,,,,,,,,,,
8402,LND,,,,,,,,,,,,
8403,LND,,,,,,,,,,,,
8404,LND,,,,,,,,,,,,
8405,LND,,,,,,,,,,,,
8406,CLN,62,1836,108,59272,660,2750,0.86,9184681,100,10000000,100,10000000
8407,LND,,,,,,,,,,,,
8408,LND,,,,,,,,,,,,
8409,LND,,,,,,,,,,,,
8410,LND,,,,,,,,,,,,
8411,LND,,,,,,,,,,,,
8412,LND,,,,,,,,,,,,
8413,LND,,,,,,,,,,,,
8414,LND,,,,,,,,,,,,
8415,LND,,,,,,,,,,,,
8416,LND,,,,,,,,,,,,
8417,LND,,,,,,,,,,,,
8418,LND,,,,,,,,,,,,
8419,LND,,,,,,,,,,,,
8420,LND,,,,,,,,,,,,
8421,LND,,,,,,,,,,,,
8422,LND,,,,,,,,,,,,
8423,LND,,,,,,,,,,,,
8424,LND,,,,,,,,,,,,
8425,LND,,,,,,,,,,,,
8426,LND,,,,,,,,,,,,
8427,LND,,,,,,,,,,,,
8428,LND,,,,,,,,,,,,
8429,LND,,,,,,,,,,,,
8430,LND,,,,,,,,,,,,
8431,LND,,,,,,,,,,,,
8432,LND,,,,,,,,,,,,
8433,LND,,,,,,,,,,,,
8434,LND,,,,,,,,,,,,
8435,LND,,,,,,,,,,,,
8436,LND,,,,,,,,,,,,
8437,LND,,,,,,,,,,,,
8438,LND,,,,,,,,,,,,
8439,LND,,,,,,,,,,,,
8440,LND,,,,,,,,,,,,
8441,LND,,,,,,,,,,,,
8442,LND,,,,,,,,,,,,
8443,LND,,,,,,,,,,,,
8444,LND,,,,,,,,,,,,
8445,LND,,,,,,,,,,,,
8446,LND,,,,,,,,,,,,
8447,LND,,,,,,,,,,,,
8448,LND,,,,,,,,,,,,
8449,LND,,,,,,,,,,,,
8450,LND,,,,,,,,,,,,
8451,LND,,,,,,,,,,,,
8452,LND,,,,,,,,,,,,
8453,LND,,,,,,,,,,,,
8454,LND,,,,,,,,,,,,
8455,LND,,,,,,,,,,,,
8456,LND,,,,,,,,,,,,
8457,LND,,,,,,,,,,,,
8458,LND,,,,,,,,,,,,
8459,LND,,,,,,,,,,,,
8460,LND,,,,,,,,,,,,
8461,LND,,,,,,,,,,,,
8462,LND,,,,,,,,,,,,
8463,LND,,,,,,,,,,,,
8464,LND,,,,,,,,,,,,
8465,CLN,57,1565,90,48095,748,2052,0.65,853618,100,10000000,100,10000000
8466,LND,,,,,,,,,,,,
8467,LND,,,,,,,,,,,,
8468,LND,,,,,,,,,,,,
8469,LND,,,,,,,,,,,,
8470,LND,,,,,,,,,,,,
8471,LND,,,,,,,,,,,,
8472,LND,,,,,,,,,,,,
8473,LND,,,,,,,,,,,,
8474,LND,,,,,,,,,,,,
8475,LND,,,,,,,,,,,,
8476,LND,,,,,,,,,,,,
8477,LND,,,,,,,,,,,,
8478,LND,,,,,,,,,,,,
8479,LND,,,,,,,,,,,,
8480,LND,,,,,,,,,,,,
8481,LND,,,,,,,,,,,,
8482,LND,,,,,,,,,,,,
8483,LND,,,,,,,,,,,,
8484,CLN,55,1959,104,53850,617,2904,0.93,3724398,100,10000000,100,10000000
8485,LND,,,,,,,,,,,,
8486,LND,,,,,,,,,,,,
8487,LND,,,,,,,,,,,,
8488,LND,,,,,,,,,,,,
8489,LND,,,,,,,,,,,,
8490,LND,,,,,,,,,,,,
8491,CLN,55,2463,80,50519,578,2165,0.66,8326523,100,10000000,100,10000000
8492,LND,,,,,,,,,,,,
8493,LND,,,,,,,,,,,,
8494,LND,,,,,,,,,,,,
8495,LND,,,,,,,,,,,,
8496,LND,,,,,,,,,,,,
8497,LND,,,,,,,,,,,,
8498,LND,,,,,,,,,,,,
8499,LND,,,,,,,,,,,,
8500,LND,,,,,,,,,,,,
8501,CLN,57,2333,84,53485,609,2412,0.9,2750693,100,10000000,100,10000000
8502,LND,,,,,,,,,,,,
8503,LND,,,,,,,,,,,,
8504,LND,,,,,,,,,,,,
8505,CLN,61,1606,107,51159,628,2740,0.69,3437623,100,10000000,100,10000000
8506,LND,,,,,,,,,,,,
8507,LND,,,,,,,,,,,,
8508,LND,,,,,,,,,,,,
8509,LND,,,,,,,,,,,,
8510,LND,,,,,,,,,,,,
8511,LND,,,,,,,,,,,,
8512,LND,,,,,,,,,,,,
8513,LND,,,,,,,,,,,,
8514,LND,,,,,,,,,,,,
8515,LND,,,,,,,,,,,,
8516,LND,,,,,,,,,,,,
8517,LND,,,,,,,,,,,,
8518,LND,,,,,,,,,,,,
8519,LND,,,,,,,,,,,,
8520,LND,,,,,,,,,,,,
8521,LND,,,,,,,,,,,,
8522,LND,,,,,,,,,,,,
8523,LND,,,,,,,,,,,,
8524,LND,,,,,,,,,,,,
8525,LND,,,,,,,,,,,,
8526,LND,,,,,,,,,,,,
8527,LND,,,,,,,,,,,,
8528,LND,,,,,,,,,,,,
8529,LND,,,,,,,,,,,,
8530,LND,,,,,,,,,,,,
8531,LND,,,,,,,,,,,,
8532,LND,,,,,,,,,,,,
8533,LND,,,,,,,,,,,,
8534,LND,,,,,,,,,,,,
8535,LND,,,,,,,,,,,,
8536,LND,,,,,,,,,,,,
8537,LND,,,,,,,,,,,,
8538,LND,,,,,,,,,,,,
8539,LND,,,,,,,,,,,,
8540,LND,,,,,,,,,,,,
8541,LND,,,,,,,,,,,,
8542,LND,,,,,,,,,,,,
8543,LND,,,,,,,,,,,,
8544,LND,,,,,,,,,,,,
8545,LND,,,,,,,,,,,,
8546,LND,,,,,,,,,,,,
8547,LND,,,,,,,,,,,,
8548,LND,,,,,,,,,,,,
8549,LND,,,,,,,,,,,,
8550,LND,,,,,,,,,,,,
8551,LND,,,,,,,,,,,,
8552,LND,,,,,,,,,,,,
8553,LND,,,,,,,,,,,,
8554,LND,,,,,,,,,,,,
8555,LND,,,,,,,,,,,,
8556,LND,,,,,,,,,,,,
8557,LND,,,,,,,,,,,,
8558,LND,,,,,,,,,,,,
8559,LND,,,,,,,,,,,,
8560,LND,,,,,,,,,,,,
8561,LND,,,,,,,,,,,,
8562,LND,,,,,,,,,,,,
8563,LND,,,,,,,,,,,,
8564,LND,,,,,,,,,,,,
8565,LND,,,,,,,,,,,,
8566,LND,,,,,,,,,,,,
8567,LND,,,,,,,,,,,,
8568,LND,,,,,,,,,,,,
8569,CLN,75,2277,101,57630,607,2238,0.66,6547369,100,10000000,100,10000000
8570,LND,,,,,,,,,,,,
8571,CLN,65,1864,120,58218,735,2120,0.61,4438916,100,10000000,100,10000000
8572,LND,,,,,,,,,,,,
8573,LND,,,,,,,,,,,,
8574,LND,,,,,,,,,,,,
8575,CLN,71,1900,89,53223,579,2974,0.78,4575265,100,10000000,100,10000000
8576,LND,,,,,,,,,,,,
8577,LND,,,,,,,,,,,,
8578,LND,,,,,,,,,,,,
8579,LND,,,,,,,,,,,,
8580,LND,,,,,,,,,,,,
8581,LND,,,,,,,,,,,,
8582,LND,,,,,,,,,,,,
8583,LND,,,,,,,,,,,,
8584,LND,,,,,,,,,,,,
8585,LND,,,,,,,,,,,,
8586,LND,,,,,,,,,,,,
8587,LND,,,,,,,,,,,,
8588,LND,,,,,,,,,,,,
8589,LND,,,,,,,,,,,,
8590,LND,,,,,,,,,,,,
8591,LND,,,,,,,,,,,,
8592,LND,,,,,,,,,,,,
8593,LND,,,,,,,,,,,,
8594,LND,,,,,,,,,,,,
8595,LND,,,,,,,,,,,,
8596,LND,,,,,,,,,,,,
8597,LND,,,,,,,,,,,,
8598,LND,,,,,,,,,,,,
8599,LND,,,,,,,,,,,,
8600,LND,,,,,,,,,,,,
8601,LND,,,,,,,,,,,,
8602,LND,,,,,,,,,,,,
8603,LND,,,,,,,,,,,,
8604,LND,,,,,,,,,,,,
8605,LND,,,,,,,,,,,,
8606,LND,,,,,,,,,,,,
8607,LND,,,,,,,,,,,,
8608,LND,,,,,,,,,,,,
8609,LND,,,,,,,,,,,,
8610,LND,,,,,,,,,,,,
8611,LND,,,,,,,,,,,,
8612,LND,,,,,,,,,,,,
8613,LND,,,,,,,,,,,,
8614,LND,,,,,,,,,,,,
8615,LND,,,,,,,,,,,,
8616,LND,,,,,,,,,,,,
8617,LND,,,,,,,,,,,,
8618,LND,,,,,,,,,,,,
8619,LND,,,,,,,,,,,,
8620,LND,,,,,,,,,,,,
8621,LND,,,,,,,,,,,,
8622,LND,,,,,,,,,,,,
8623,LND,,,,,,,,,,,,
8624,LND,,,,,,,,,,,,
8625,LND,,,,,,,,,,,,
8626,LND,,,,,,,,,,,,
8627,LND,,,,,,,,,,,,
8628,LND,,,,,,,,,,,,
8629,LND,,,,,,,,,,,,
8630,LND,,,,,,,,,,,,
8631,LND,,,,,,,,,,,,
8632,LND,,,,,,,,,,,,
8633,LND,,,,,,,,,,,,
8634,LND,,,,,,,,,,,,
8635,LND,,,,,,,,,,,,
8636,LND,,,,,,,,,,,,
8637,LND,,,,,,,,,,,,
8638,LND,,,,,,,,,,,,
8639,LND,,,,,,,,,,,,
8640,LND,,,,,,,,,,,,
8641,LND,,,,,,,,,,,,
8642,LND,,,,,,,,,,,,
8643,LND,,,,,,,,,,,,
8644,LND,,,,,,,,,,,,
8645,CLN,72,2318,86,58626,693,2052,0.67,7250280,100,10000000,100,10000000
8646,LND,,,,,,,,,,,,
8647,LND,,,,,,,,,,,,
8648,LND,,,,,,,,,,,,
8649,LND,,,,,,,,,,,,
8650,LND,,,,,,,,,,,,
8651,LND,,,,,,,,,,,,
8652,LND,,,,,,,,,,,,
8653,LND,,,,,,,,,,,,
8654,LND,,,,,,,,,,,,
8655,LND,,,,,,,,,,,,
8656,LND,,,,,,,,,,,,
8657,LND,,,,,,,,,,,,
8658,LND,,,,,,,,,,,,
8659,LND,,,,,,,,,,,,
8660,LND,,,,,,,,,,,,
8661,CLN,58,1663,97,54806,614,2251,0.86,3363657,100,10000000,100,10000000
8662,CLN,63,2368,95,56043,735,2209,0.61,9416699,100,10000000,100,10000000
8663,LND,,,,,,,,,,,,
8664,LND,,,,,,,,,,,,
8665,LND,,,,,,,,,,,,
8666,LND,,,,,,,,,,,,
8667,LND,,,,,,,,,,,,
8668,LND,,,,,,,,,,,,
8669,LND,,,,,,,,,,,,
8670,LND,,,,,,,,,,,,
8671,LND,,,,,,,,,,,,
8672,LND,,,,,,,,,,,,
8673,LND,,,,,,,,,,,,
8674,LND,,,,,,,,,,,,
8675,LND,,,,,,,,,,,,
8676,LND,,,,,,,,,,,,
8677,LND,,,,,,,,,,,,
8678,LND,,,,,,,,,,,,
8679,LND,,,,,,,,,,,,
8680,LND,,,,,,,,,,,,
8681,LND,,,,,,,,,,,,
8682,LND,,,,,,,,,,,,
8683,LND,,,,,,,,,,,,
8684,LND,,,,,,,,,,,,
8685,LND,,,,,,,,,,,,
8686,LND,,,,,,,,,,,,
8687,LND,,,,,,,,,,,,
8688,LND,,,,,,,,,,,,
8689,LND,,,,,,,,,,,,
8690,LND,,,,,,,,,,,,
8691,LND,,,,,,,,,,,,
8692,LND,,,,,,,,,,,,
8693,LND,,,,,,,,,,,,
8694,LND,,,,,,,,,,,,
8695,LND,,,,,,,,,,,,
8696,LND,,,,,,,,,,,,
8697,LND,,,,,,,,,,,,
8698,LND,,,,,,,,,,,,
8699,LND,,,,,,,,,,,,
8700,LND,,,,,,,,,,,,
8701,CLN,73,2041,94,59405,656,2449,0.74,4194631,100,10000000,100,10000000
8702,LND,,,,,,,,,,,,
8703,LND,,,,,,,,,,,,
8704,LND,,,,,,,,,,,,
8705,LND,,,,,,,,,,,,
8706,LND,,,,,,,,,,,,
8707,LND,,,,,,,,,,,,
8708,LND,,,,,,,,,,,,
8709,LND,,,,,,,,,,,,
8710,LND,,,,,,,,,,,,
8711,LND,,,,,,,,,,,,
8712,LND,,,,,,,,,,,,
8713,LND,,,,,,,,,,,,
8714,LND,,,,,,,,,,,,
8715,LND,,,,,,,,,,,,
8716,LND,,,,,,,,,,,,
8717,LND,,,,,,,,,,,,
8718,LND,,,,,,,,,,,,
8719,LND,,,,,,,,,,,,
8720,LND,,,,,,,,,,,,
8721,LND,,,,,,,,,,,,
8722,LND,,,,,,,,,,,,
8723,LND,,,,,,,,,,,,
8724,LND,,,,,,,,,,,,
8725,LND,,,,,,,,,,,,
8726,LND,,,,,,,,,,,,
8727,LND,,,,,,,,,,,,
8728,LND,,,,,,,,,,,,
8729,LND,,,,,,,,,,,,
8730,LND,,,,,,,,,,,,
8731,LND,,,,,,,,,,,,
8732,LND,,,,,,,,,,,,
8733,LND,,,,,,,,,,,,
8734,LND,,,,,,,,,,,,
8735,LND,,,,,,,,,,,,
8736,LND,,,,,,,,,,,,
8737,LND,,,,,,,,,,,,
8738,LND,,,,,,,,,,,,
8739,LND,,,,,,,,,,,,
8740,LND,,,,,,,,,,,,
8741,LND,,,,,,,,,,,,
8742,LND,,,,,,,,,,,,
8743,LND,,,,,,,,,,,,
8744,LND,,,,,,,,,,,,
8745,LND,,,,,,,,,,,,
8746,LND,,,,,,,,,,,,
8747,LND,,,,,,,,,,,,
8748,LND,,,,,,,,,,,,
8749,LND,,,,,,,,,,,,
8750,LND,,,,,,,,,,,,
8751,LND,,,,,,,,,,,,
8752,LND,,,,,,,,,,,,
8753,LND,,,,,,,,,,,,
8754,LND,,,,,,,,,,,,
8755,LND,,,,,,,,,,,,
8756,LND,,,,,,,,,,,,
8757,LND,,,,,,,,,,,,
8758,LND,,,,,,,,,,,,
8759,LND,,,,,,,,,,,,
8760,LND,,,,,,,,,,,,
8761,CLN,69,2441,99,47595,612,2956,0.69,5710371,100,10000000,100,10000000
8762,LND,,,,,,,,,,,,
8763,LND,,,,,,,,,,,,
8764,LND,,,,,,,,,,,,
8765,LND,,,,,,,,,,,,
8766,LND,,,,,,,,,,,,
8767,LND,,,,,,,,,,,,
8768,LND,,,,,,,,,,,,
8769,LND,,,,,,,,,,,,
8770,LND,,,,,,,,,,,,
8771,CLN,60,2339,87,54701,693,2494,0.83,9542514,100,10000000,100,10000000
8772,CLN,65,1760,120,57876,606,2065,0.64,8476490,100,10000000,100,10000000
8773,CLN,57,1843,81,58793,719,2621,0.91,1523095,100,10000000,100,10000000
8774,CLN,69,1790,84,53958,606,2269,0.99,7882417,100,10000000,100,10000000
8775,LND,,,,,,,,,,,,
8776,LND,,,,,,,,,,,,
8777,LND,,,,,,,,,,,,
8778,LND,,,,,,,,,,,,
8779,LND,,,,,,,,,,,,
8780,LND,,,,,,,,,,,,
8781,LND,,,,,,,,,,,,
8782,LND,,,,,,,,,,,,
8783,LND,,,,,,,,,,,,
8784,LND,,,,,,,,,,,,
8785,LND,,,,,,,,,,,,
8786,LND,,,,,,,,,,,,
8787,LND,,,,,,,,,,,,
8788,LND,,,,,,,,,,,,
8789,LND,,,,,,,,,,,,
8790,CLN,58,1748,111,54372,643,2978,0.99,8838547,100,10000000,100,10000000
8791,LND,,,,,,,,,,,,
8792,LND,,,,,,,,,,,,
8793,LND,,,,,,,,,,,,
8794,LND,,,,,,,,,,,,
8795,LND,,,,,,,,,,,,
8796,LND,,,,,,,,,,,,
8797,LND,,,,,,,,,,,,
8798,LND,,,,,,,,,,,,
8799,LND,,,,,,,,,,,,
8800,LND,,,,,,,,,,,,
8801,LND,,,,,,,,,,,,
8802,LND,,,,,,,,,,,,
8803,LND,,,,,,,,,,,,
8804,LND,,,,,,,,,,,,
8805,LND,,,,,,,,,,,,
8806,LND,,,,,,,,,,,,
8807,CLN,74,2169,116,53493,642,2810,0.96,6292782,100,10000000,100,10000000
8808,LND,,,,,,,,,,,,
8809,CLN,68,1511,118,45690,763,2149,0.75,4096182,100,10000000,100,10000000
8810,LND,,,,,,,,,,,,
8811,LND,,,,,,,,,,,,
8812,LND,,,,,,,,,,,,
8813,LND,,,,,,,,,,,,
8814,LND,,,,,,,,,,,,
8815,CLN,55,2420,90,48106,704,2045,0.82,7420223,100,10000000,100,10000000
8816,LND,,,,,,,,,,,,
8817,LND,,,,,,,,,,,,
8818,LND,,,,,,,,,,,,
8819,LND,,,,,,,,,,,,
8820,LND,,,,,,,,,,,,
8821,LND,,,,,,,,,,,,
8822,LND,,,,,,,,,,,,
8823,LND,,,,,,,,,,,,
8824,LND,,,,,,,,,,,,
8825,LND,,,,,,,,,,,,
8826,LND,,,,,,,,,,,,
8827,CLN,56,1812,84,51637,686,2027,0.96,9040386,100,10000000,100,10000000
8828,LND,,,,,,,,,,,,
8829,LND,,,,,,,,,,,,
8830,LND,,,,,,,,,,,,
8831,LND,,,,,,,,,,,,
8832,LND,,,,,,,,,,,,
8833,LND,,,,,,,,,,,,
8834,LND,,,,,,,,,,,,
8835,LND,,,,,,,,,,,,
8836,LND,,,,,,,,,,,,
8837,LND,,,,,,,,,,,,
8838,LND,,,,,,,,,,,,
8839,LND,,,,,,,,,,,,
8840,LND,,,,,,,,,,,,
8841,LND,,,,,,,,,,,,
8842,CLN,75,2283,108,43693,595,2139,0.64,7046736,100,10000000,100,10000000
8843,LND,,,,,,,,,,,,
8844,LND,,,,,,,,,,,,
8845,LND,,,,,,,,,,,,
8846,LND,,,,,,,,,,,,
8847,LND,,,,,,,,,,,,
8848,LND,,,,,,,,,,,,
8849,LND,,,,,,,,,,,,
8850,LND,,,,,,,,,,,,
8851,CLN,68,2275,117,50756,763,2958,0.75,3800139,100,10000000,100,10000000
8852,LND,,,,,,,,,,,,
8853,LND,,,,,,,,,,,,
8854,LND,,,,,,,,,,,,
8855,LND,,,,,,,,,,,,
8856,LND,,,,,,,,,,,,
8857,LND,,,,,,,,,,,,
8858,LND,,,,,,,,,,,,
8859,LND,,,,,,,,,,,,
8860,CLN,72,1612,104,40246,619,2349,0.84,2924765,100,10000000,100,10000000
8861,LND,,,,,,,,,,,,
8862,LND,,,,,,,,,,,,
8863,LND,,,,,,,,,,,,
8864,LND,,,,,,,,,,,,
8865,CLN,69,1759,116,58698,653,2437,0.94,5182761,100,10000000,100,10000000
8866,LND,,,,,,,,,,,,
8867,LND,,,,,,,,,,,,
8868,LND,,,,,,,,,,,,
8869,LND,,,,,,,,,,,,
8870,LND,,,,,,,,,,,,
8871,LND,,,,,,,,,,,,
8872,LND,,,,,,,,,,,,
8873,LND,,,,,,,,,,,,
8874,LND,,,,,,,,,,,,
8875,LND,,,,,,,,,,,,
8876,LND,,,,,,,,,,,,
8877,CLN,63,2307,117,51511,570,2720,0.7,887719,100,10000000,100,10000000
8878,LND,,,,,,,,,,,,
8879,LND,,,,,,,,,,,,
8880,LND,,,,,,,,,,,,
8881,LND,,,,,,,,,,,,
8882,LND,,,,,,,,,,,,
8883,LND,,,,,,,,,,,,
8884,CLN,57,2377,83,59000,579,2583,0.65,7662988,100,10000000,100,10000000
8885,LND,,,,,,,,,,,,
8886,LND,,,,,,,,,,,,
8887,LND,,,,,,,,,,,,
8888,LND,,,,,,,,,,,,
8889,LND,,,,,,,,,,,,
8890,LND,,,,,,,,,,,,
8891,LND,,,,,,,,,,,,
8892,LND,,,,,,,,,,,,
8893,LND,,,,,,,,,,,,
8894,CLN,65,1722,94,48595,711,2801,0.64,9793714,100,10000000,100,10000000
8895,LND,,,,,,,,,,,,
8896,LND,,,,,,,,,,,,
8897,LND,,,,,,,,,,,,
8898,LND,,,,,,,,,,,,
8899,LND,,,,,,,,,,,,
8900,LND,,,,,,,,,,,,
8901,LND,,,,,,,,,,,,
8902,LND,,,,,,,,,,,,
8903,LND,,,,,,,,,,,,
8904,LND,,,,,,,,,,,,
8905,LND,,,,,,,,,,,,
8906,LND,,,,,,,,,,,,
8907,LND,,,,,,,,,,,,
8908,LND,,,,,,,,,,,,
8909,LND,,,,,,,,,,,,
8910,LND,,,,,,,,,,,,
8911,LND,,,,,,,,,,,,
8912,LND,,,,,,,,,,,,
8913,LND,,,,,,,,,,,,
8914,LND,,,,,,,,,,,,
8915,LND,,,,,,,,,,,,
8916,LND,,,,,,,,,,,,
8917,LND,,,,,,,,,,,,
8918,LND,,,,,,,,,,,,
8919,LND,,,,,,,,,,,,
8920,LND,,,,,,,,,,,,
8921,LND,,,,,,,,,,,,
8922,LND,,,,,,,,,,,,
8923,LND,,,,,,,,,,,,
8924,LND,,,,,,,,,,,,
8925,CLN,64,2439,93,56849,640,2963,0.68,6234754,100,10000000,100,10000000
8926,LND,,,,,,,,,,,,
8927,LND,,,,,,,,,,,,
8928,LND,,,,,,,,,,,,
8929,LND,,,,,,,,,,,,
8930,LND,,,,,,,,,,,,
8931,LND,,,,,,,,,,,,
8932,CLN,66,1795,96,58503,625,2674,0.78,4993582,100,10000000,100,10000000
8933,LND,,,,,,,,,,,,
8934,LND,,,,,,,,,,,,
8935,LND,,,,,,,,,,,,
8936,CLN,61,1758,110,52567,621,2793,0.74,5965297,100,10000000,100,10000000
8937,LND,,,,,,,,,,,,
8938,LND,,,,,,,,,,,,
8939,LND,,,,,,,,,,,,
8940,LND,,,,,,,,,,,,
8941,LND,,,,,,,,,,,,
8942,LND,,,,,,,,,,,,
8943,LND,,,,,,,,,,,,
8944,LND,,,,,,,,,,,,
8945,CLN,70,1941,93,56481,740,2680,0.65,6462963,100,10000000,100,10000000
8946,LND,,,,,,,,,,,,
8947,LND,,,,,,,,,,,,
8948,LND,,,,,,,,,,,,
8949,LND,,,,,,,,,,,,
8950,LND,,,,,,,,,,,,
8951,LND,,,,,,,,,,,,
8952,LND,,,,,,,,,,,,
8953,LND,,,,,,,,,,,,
8954,LND,,,,,,,,,,,,
8955,CLN,60,2006,110,53109,592,2466,0.85,2637828,100,10000000,100,10000000
8956,LND,,,,,,,,,,,,
8957,LND,,,,,,,,,,,,
8958,CLN,60,1623,117,42794,705,2984,0.64,819212,100,10000000,100,10000000
8959,LND,,,,,,,,,,,,
8960,LND,,,,,,,,,,,,
8961,LND,,,,,,,,,,,,
8962,LND,,,,,,,,,,,,
8963,CLN,67,1794,80,44267,710,2039,0.97,2065541,100,10000000,100,10000000
8964,LND,,,,,,,,,,,,
8965,LND,,,,,,,,,,,,
8966,LND,,,,,,,,,,,,
8967,LND,,,,,,,,,,,,
8968,LND,,,,,,,,,,,,
8969,LND,,,,,,,,,,,,
8970,LND,,,,,,,,,,,,
8971,LND,,,,,,,,,,,,
8972,LND,,,,,,,,,,,,
8973,LND,,,,,,,,,,,,
8974,LND,,,,,,,,,,,,
8975,LND,,,,,,,,,,,,
8976,LND,,,,,,,,,,,,
8977,LND,,,,,,,,,,,,
8978,LND,,,,,,,,,,,,
8979,LND,,,,,,,,,,,,
8980,CLN,70,1919,110,49383,609,2527,0.85,6428060,100,10000000,100,10000000
8981,LND,,,,,,,,,,,,
8982,LND,,,,,,,,,,,,
8983,LND,,,,,,,,,,,,
8984,LND,,,,,,,,,,,,
8985,LND,,,,,,,,,,,,
8986,LND,,,,,,,,,,,,
8987,LND,,,,,,,,,,,,
8988,LND,,,,,,,,,,,,
8989,LND,,,,,,,,,,,,
8990,LND,,,,,,,,,,,,
8991,LND,,,,,,,,,,,,
8992,LND,,,,,,,,,,,,
8993,LND,,,,,,,,,,,,
8994,LND,,,,,,,,,,,,
8995,LND,,,,,,,,,,,,
8996,CLN,60,1900,95,53476,635,2958,0.62,2632891,100,10000000,100,10000000
8997,LND,,,,,,,,,,,,
8998,LND,,,,,,,,,,,,
8999,LND,,,,,,,,,,,,
9000,LND,,,,,,,,,,,,
9001,LND,,,,,,,,,,,,
9002,LND,,,,,,,,,,,,
9003,LND,,,,,,,,,,,,
9004,LND,,,,,,,,,,,,
9005,LND,,,,,,,,,,,,
9006,LND,,,,,,,,,,,,
9007,LND,,,,,,,,,,,,
9008,LND,,,,,,,,,,,,
9009,LND,,,,,,,,,,,,
9010,LND,,,,,,,,,,,,
9011,LND,,,,,,,,,,,,
9012,LND,,,,,,,,,,,,
9013,LND,,,,,,,,,,,,
9014,LND,,,,,,,,,,,,
9015,LND,,,,,,,,,,,,
9016,LND,,,,,,,,,,,,
9017,LND,,,,,,,,,,,,
9018,CLN,74,1769,110,54477,624,2876,0.95,7820565,100,10000000,100,10000000
9019,LND,,,,,,,,,,,,
9020,LND,,,,,,,,,,,,
9021,LND,,,,,,,,,,,,
9022,LND,,,,,,,,,,,,
9023,LND,,,,,,,,,,,,
9024,LND,,,,,,,,,,,,
9025,LND,,,,,,,,,,,,
9026,LND,,,,,,,,,,,,
9027,LND,,,,,,,,,,,,
9028,LND,,,,,,,,,,,,
9029,LND,,,,,,,,,,,,
9030,LND,,,,,,,,,,,,
9031,CLN,74,1872,88,54304,667,2156,0.73,5542619,100,10000000,100,10000000
9032,LND,,,,,,,,,,,,
9033,LND,,,,,,,,,,,,
9034,LND,,,,,,,,,,,,
9035,LND,,,,,,,,,,,,
9036,LND,,,,,,,,,,,,
9037,LND,,,,,,,,,,,,
9038,LND,,,,,,,,,,,,
9039,LND,,,,,,,,,,,,
9040,LND,,,,,,,,,,,,
9041,LND,,,,,,,,,,,,
9042,LND,,,,,,,,,,,,
9043,LND,,,,,,,,,,,,
9044,LND,,,,,,,,,,,,
9045,LND,,,,,,,,,,,,
9046,LND,,,,,,,,,,,,
9047,LND,,,,,,,,,,,,
9048,LND,,,,,,,,,,,,
9049,LND,,,,,,,,,,,,
9050,LND,,,,,,,,,,,,
9051,LND,,,,,,,,,,,,
9052,LND,,,,,,,,,,,,
9053,LND,,,,,,,,,,,,
9054,LND,,,,,,,,,,,,
9055,LND,,,,,,,,,,,,
9056,LND,,,,,,,,,,,,
9057,LND,,,,,,,,,,,,
9058,LND,,,,,,,,,,,,
9059,LND,,,,,,,,,,,,
9060,LND,,,,,,,,,,,,
9061,LND,,,,,,,,,,,,
9062,LND,,,,,,,,,,,,
9063,LND,,,,,,,,,,,,
9064,LND,,,,,,,,,,,,
9065,LND,,,,,,,,,,,,
9066,LND,,,,,,,,,,,,
9067,LND,,,,,,,,,,,,
9068,LND,,,,,,,,,,,,
9069,LND,,,,,,,,,,,,
9070,LND,,,,,,,,,,,,
9071,LND,,,,,,,,,,,,
9072,LND,,,,,,,,,,,,
9073,CLN,66,1940,100,40536,620,2144,0.8,5305368,100,10000000,100,10000000
9074,LND,,,,,,,,,,,,
9075,LND,,,,,,,,,,,,
9076,CLN,68,1901,99,54848,734,2816,0.84,5564447,100,10000000,100,10000000
9077,LND,,,,,,,,,,,,
9078,LND,,,,,,,,,,,,
9079,LND,,,,,,,,,,,,
9080,LND,,,,,,,,,,,,
9081,LND,,,,,,,,,,,,
9082,LND,,,,,,,,,,,,
9083,LND,,,,,,,,,,,,
9084,LND,,,,,,,,,,,,
9085,LND,,,,,,,,,,,,
9086,LND,,,,,,,,,,,,
9087,LND,,,,,,,,,,,,
9088,LND,,,,,,,,,,,,
9089,LND,,,,,,,,,,,,
9090,CLN,72,1809,113,46165,592,2959,0.87,4993234,100,10000000,100,10000000
9091,LND,,,,,,,,,,,,
9092,LND,,,,,,,,,,,,
9093,LND,,,,,,,,,,,,
9094,LND,,,,,,,,,,,,
9095,LND,,,,,,,,,,,,
9096,LND,,,,,,,,,,,,
9097,LND,,,,,,,,,,,,
9098,LND,,,,,,,,,,,,
9099,CLN,57,1813,96,51415,670,2664,0.89,5345749,100,10000000,100,10000000
9100,LND,,,,,,,,,,,,
9101,LND,,,,,,,,,,,,
9102,LND,,,,,,,,,,,,
9103,LND,,,,,,,,,,,,
9104,LND,,,,,,,,,,,,
9105,LND,,,,,,,,,,,,
9106,LND,,,,,,,,,,,,
9107,LND,,,,,,,,,,,,
9108,LND,,,,,,,,,,,,
9109,LND,,,,,,,,,,,,
9110,LND,,,,,,,,,,,,
9111,LND,,,,,,,,,,,,
9112,LND,,,,,,,,,,,,
9113,LND,,,,,,,,,,,,
9114,LND,,,,,,,,,,,,
9115,LND,,,,,,,,,,,,
9116,LND,,,,,,,,,,,,
9117,LND,,,,,,,,,,,,
9118,LND,,,,,,,,,,,,
9119,LND,,,,,,,,,,,,
9120,LND,,,,,,,,,,,,
9121,LND,,,,,,,,,,,,
9122,LND,,,,,,,,,,,,
9123,LND,,,,,,,,,,,,
9124,LND,,,,,,,,,,,,
9125,CLN,63,2036,89,42169,664,2263,0.63,7490367,100,10000000,100,10000000
9126,LND,,,,,,,,,,,,
9127,LND,,,,,,,,,,,,
9128,LND,,,,,,,,,,,,
9129,LND,,,,,,,,,,,,
9130,LND,,,,,,,,,,,,
9131,LND,,,,,,,,,,,,
9132,LND,,,,,,,,,,,,
9133,CLN,56,2079,99,57001,636,2475,0.74,3219091,100,10000000,100,10000000
9134,LND,,,,,,,,,,,,
9135,LND,,,,,,,,,,,,
9136,LND,,,,,,,,,,,,
9137,LND,,,,,,,,,,,,
9138,LND,,,,,,,,,,,,
9139,LND,,,,,,,,,,,,
9140,LND,,,,,,,,,,,,
9141,LND,,,,,,,,,,,,
9142,LND,,,,,,,,,,,,
9143,LND,,,,,,,,,,,,
9144,LND,,,,,,,,,,,,
9145,LND,,,,,,,,,,,,
9146,LND,,,,,,,,,,,,
9147,LND,,,,,,,,,,,,
9148,LND,,,,,,,,,,,,
9149,LND,,,,,,,,,,,,
9150,LND,,,,,,,,,,,,
9151,LND,,,,,,,,,,,,
9152,LND,,,,,,,,,,,,
9153,CLN,60,2169,91,41486,677,2870,0.94,6629307,100,10000000,100,10000000
9154,LND,,,,,,,,,,,,
9155,LND,,,,,,,,,,,,
9156,LND,,,,,,,,,,,,
9157,LND,,,,,,,,,,,,
9158,LND,,,,,,,,,,,,
9159,LND,,,,,,,,,,,,
9160,LND,,,,,,,,,,,,
9161,LND,,,,,,,,,,,,
9162,LND,,,,,,,,,,,,
9163,CLN,74,2071,98,40078,765,2980,0.67,3919850,100,10000000,100,10000000
9164,LND,,,,,,,,,,,,
9165,LND,,,,,,,,,,,,
9166,LND,,,,,,,,,,,,
9167,LND,,,,,,,,,,,,
9168,LND,,,,,,,,,,,,
9169,LND,,,,,,,,,,,,
9170,LND,,,,,,,,,,,,
9171,LND,,,,,,,,,,,,
9172,LND,,,,,,,,,,,,
9173,LND,,,,,,,,,,,,
9174,LND,,,,,,,,,,,,
9175,LND,,,,,,,,,,,,
9176,LND,,,,,,,,,,,,
9177,CLN,63,1742,117,40276,608,2819,0.91,1909525,100,10000000,100,10000000
9178,LND,,,,,,,,,,,,
9179,LND,,,,,,,,,,,,
9180,LND,,,,,,,,,,,,
9181,LND,,,,,,,,,,,,
9182,LND,,,,,,,,,,,,
9183,LND,,,,,,,,,,,,
9184,LND,,,,,,,,,,,,
9185,LND,,,,,,,,,,,,
9186,LND,,,,,,,,,,,,
9187,LND,,,,,,,,,,,,
9188,LND,,,,,,,,,,,,
9189,LND,,,,,,,,,,,,
9190,LND,,,,,,,,,,,,
9191,LND,,,,,,,,,,,,
9192,LND,,,,,,,,,,,,
9193,LND,,,,,,,,,,,,
9194,LND,,,,,,,,,,,,
9195,CLN,64,1891,84,47520,597,2078,0.87,3510281,100,10000000,100,10000000
9196,LND,,,,,,,,,,,,
9197,LND,,,,,,,,,,,,
9198,LND,,,,,,,,,,,,
9199,LND,,,,,,,,,,,,
9200,LND,,,,,,,,,,,,
9201,LND,,,,,,,,,,,,
9202,LND,,,,,,,,,,,,
9203,LND,,,,,,,,,,,,
9204,LND,,,,,,,,,,,,
9205,LND,,,,,,,,,,,,
9206,LND,,,,,,,,,,,,
9207,LND,,,,,,,,,,,,
9208,LND,,,,,,,,,,,,
9209,LND,,,,,,,,,,,,
9210,LND,,,,,,,,,,,,
9211,LND,,,,,,,,,,,,
9212,LND,,,,,,,,,,,,
9213,LND,,,,,,,,,,,,
9214,LND,,,,,,,,,,,,
9215,LND,,,,,,,,,,,,
9216,LND,,,,,,,,,,,,
9217,LND,,,,,,,,,,,,
9218,LND,,,,,,,,,,,,
9219,LND,,,,,,,,,,,,
9220,LND,,,,,,,,,,,,
9221,LND,,,,,,,,,,,,
9222,LND,,,,,,,,,,,,
9223,LND,,,,,,,,,,,,
9224,LND,,,,,,,,,,,,
9225,LND,,,,,,,,,,,,
9226,LND,,,,,,,,,,,,
9227,LND,,,,,,,,,,,,
9228,LND,,,,,,,,,,,,
9229,LND,,,,,,,,,,,,
9230,LND,,,,,,,,,,,,
9231,LND,,,,,,,,,,,,
9232,LND,,,,,,,,,,,,
9233,LND,,,,,,,,,,,,
9234,LND,,,,,,,,,,,,
9235,LND,,,,,,,,,,,,
9236,LND,,,,,,,,,,,,
9237,LND,,,,,,,,,,,,
9238,LND,,,,,,,,,,,,
9239,LND,,,,,,,,,,,,
9240,LND,,,,,,,,,,,,
9241,LND,,,,,,,,,,,,
9242,LND,,,,,,,,,,,,
9243,LND,,,,,,,,,,,,
9244,CLN,72,1915,89,56300,679,2933,0.85,8378915,100,10000000,100,10000000
9245,LND,,,,,,,,,,,,
9246,LND,,,,,,,,,,,,
9247,LND,,,,,,,,,,,,
9248,LND,,,,,,,,,,,,
9249,LND,,,,,,,,,,,,
9250,LND,,,,,,,,,,,,
9251,LND,,,,,,,,,,,,
9252,LND,,,,,,,,,,,,
9253,LND,,,,,,,,,,,,
9254,LND,,,,,,,,,,,,
9255,LND,,,,,,,,,,,,
9256,LND,,,,,,,,,,,,
9257,LND,,,,,,,,,,,,
9258,LND,,,,,,,,,,,,
9259,CLN,75,1931,108,42202,749,2707,0.88,2510267,100,10000000,100,10000000
9260,LND,,,,,,,,,,,,
9261,LND,,,,,,,,,,,,
9262,LND,,,,,,,,,,,,
9263,LND,,,,,,,,,,,,
9264,LND,,,,,,,,,,,,
9265,LND,,,,,,,,,,,,
9266,LND,,,,,,,,,,,,
9267,LND,,,,,,,,,,,,
9268,LND,,,,,,,,,,,,
9269,LND,,,,,,,,,,,,
9270,LND,,,,,,,,,,,,
9271,LND,,,,,,,,,,,,
9272,LND,,,,,,,,,,,,
9273,LND,,,,,,,,,,,,
9274,CLN,66,2291,100,57229,699,2745,0.87,8035672,100,10000000,100,10000000
9275,LND,,,,,,,,,,,,
9276,LND,,,,,,,,,,,,
9277,CLN,73,2354,99,48455,706,2504,0.77,7118853,100,10000000,100,10000000
9278,LND,,,,,,,,,,,,
9279,LND,,,,,,,,,,,,
9280,LND,,,,,,,,,,,,
9281,LND,,,,,,,,,,,,
9282,LND,,,,,,,,,,,,
9283,LND,,,,,,,,,,,,
9284,LND,,,,,,,,,,,,
9285,LND,,,,,,,,,,,,
9286,LND,,,,,,,,,,,,
9287,LND,,,,,,,,,,,,
9288,LND,,,,,,,,,,,,
9289,LND,,,,,,,,,,,,
9290,LND,,,,,,,,,,,,
9291,LND,,,,,,,,,,,,
9292,LND,,,,,,,,,,,,
9293,LND,,,,,,,,,,,,
9294,LND,,,,,,,,,,,,
9295,LND,,,,,,,,,,,,
9296,LND,,,,,,,,,,,,
9297,LND,,,,,,,,,,,,
9298,LND,,,,,,,,,,,,
9299,LND,,,,,,,,,,,,
9300,LND,,,,,,,,,,,,
9301,CLN,66,2129,110,41653,707,2971,0.78,3819225,100,10000000,100,10000000
9302,CLN,70,1599,116,47183,575,2557,0.83,8605903,100,10000000,100,10000000
9303,LND,,,,,,,,,,,,
9304,LND,,,,,,,,,,,,
9305,LND,,,,,,,,,,,,
9306,LND,,,,,,,,,,,,
9307,LND,,,,,,,,,,,,
9308,LND,,,,,,,,,,,,
9309,LND,,,,,,,,,,,,
9310,CLN,63,2393,97,44082,743,2355,0.83,9122856,100,10000000,100,10000000
9311,LND,,,,,,,,,,,,
9312,LND,,,,,,,,,,,,
9313,LND,,,,,,,,,,,,
9314,LND,,,,,,,,,,,,
9315,CLN,55,2354,102,49186,722,2254,0.8,1966936,100,10000000,100,10000000
9316,LND,,,,,,,,,,,,
9317,LND,,,,,,,,,,,,
9318,LND,,,,,,,,,,,,
9319,LND,,,,,,,,,,,,
9320,LND,,,,,,,,,,,,
9321,CLN,56,1673,86,40897,708,2226,0.98,9282060,100,10000000,100,10000000
9322,LND,,,,,,,,,,,,
9323,LND,,,,,,,,,,,,
9324,LND,,,,,,,,,,,,
9325,LND,,,,,,,,,,,,
9326,LND,,,,,,,,,,,,
9327,LND,,,,,,,,,,,,
9328,LND,,,,,,,,,,,,
9329,LND,,,,,,,,,,,,
9330,CLN,59,2320,113,43548,712,2580,0.65,7880569,100,10000000,100,10000000
9331,LND,,,,,,,,,,,,
9332,CLN,72,1984,101,57414,677,2454,0.63,4844543,100,10000000,100,10000000
9333,LND,,,,,,,,,,,,
9334,LND,,,,,,,,,,,,
9335,LND,,,,,,,,,,,,
9336,LND,,,,,,,,,,,,
9337,LND,,,,,,,,,,,,
9338,LND,,,,,,,,,,,,
9339,LND,,,,,,,,,,,,
9340,LND,,,,,,,,,,,,
9341,LND,,,,,,,,,,,,
9342,LND,,,,,,,,,,,,
9343,LND,,,,,,,,,,,,
9344,LND,,,,,,,,,,,,
9345,LND,,,,,,,,,,,,
9346,LND,,,,,,,,,,,,
9347,LND,,,,,,,,,,,,
9348,LND,,,,,,,,,,,,
9349,LND,,,,,,,,,,,,
9350,LND,,,,,,,,,,,,
9351,CLN,58,1992,101,49073,661,2918,0.85,1950067,100,10000000,100,10000000
9352,LND,,,,,,,,,,,,
9353,LND,,,,,,,,,,,,
9354,LND,,,,,,,,,,,,
9355,LND,,,,,,,,,,,,
9356,CLN,55,1971,100,59629,632,2754,0.89,2316467,100,10000000,100,10000000
9357,LND,,,,,,,,,,,,
9358,LND,,,,,,,,,,,,
9359,LND,,,,,,,,,,,,
9360,CLN,55,2314,86,47243,620,2087,0.99,1106886,100,10000000,100,10000000
9361,LND,,,,,,,,,,,,
9362,LND,,,,,,,,,,,,
9363,LND,,,,,,,,,,,,
9364,LND,,,,,,,,,,,,
9365,LND,,,,,,,,,,,,
9366,LND,,,,,,,,,,,,
9367,LND,,,,,,,,,,,,
9368,LND,,,,,,,,,,,,
9369,LND,,,,,,,,,,,,
9370,LND,,,,,,,,,,,,
9371,CLN,58,1938,88,55021,593,2193,0.85,923225,100,10000000,100,10000000
9372,CLN,57,2364,116,40829,721,2351,0.73,7071433,100,10000000,100,10000000
9373,LND,,,,,,,,,,,,
9374,LND,,,,,,,,,,,,
9375,LND,,,,,,,,,,,,
9376,LND,,,,,,,,,,,,
9377,LND,,,,,,,,,,,,
9378,LND,,,,,,,,,,,,
9379,LND,,,,,,,,,,,,
9380,LND,,,,,,,,,,,,
9381,LND,,,,,,,,,,,,
9382,LND,,,,,,,,,,,,
9383,LND,,,,,,,,,,,,
9384,LND,,,,,,,,,,,,
9385,LND,,,,,,,,,,,,
9386,LND,,,,,,,,,,,,
9387,LND,,,,,,,,,,,,
9388,LND,,,,,,,,,,,,
9389,LND,,,,,,,,,,,,
9390,LND,,,,,,,,,,,,
9391,LND,,,,,,,,,,,,
9392,CLN,60,1841,84,46418,687,2608,0.64,2871614,100,10000000,100,10000000
9393,LND,,,,,,,,,,,,
9394,CLN,65,1511,118,47956,653,2350,0.92,4696385,100,10000000,100,10000000
9395,LND,,,,,,,,,,,,
9396,LND,,,,,,,,,,,,
9397,CLN,59,2328,92,46773,735,2372,0.89,6056823,100,10000000,100,10000000
9398,LND,,,,,,,,,,,,
9399,LND,,,,,,,,,,,,
9400,LND,,,,,,,,,,,,
9401,LND,,,,,,,,,,,,
9402,CLN,66,1598,113,43795,615,2055,0.91,8160865,100,10000000,100,10000000
9403,LND,,,,,,,,,,,,
9404,LND,,,,,,,,,,,,
9405,LND,,,,,,,,,,,,
9406,LND,,,,,,,,,,,,
9407,LND,,,,,,,,,,,,
9408,LND,,,,,,,,,,,,
9409,LND,,,,,,,,,,,,
9410,LND,,,,,,,,,,,,
9411,LND,,,,,,,,,,,,
9412,LND,,,,,,,,,,,,
9413,LND,,,,,,,,,,,,
9414,LND,,,,,,,,,,,,
9415,LND,,,,,,,,,,,,
9416,LND,,,,,,,,,,,,
9417,LND,,,,,,,,,,,,
9418,LND,,,,,,,,,,,,
9419,LND,,,,,,,,,,,,
9420,LND,,,,,,,,,,,,
9421,LND,,,,,,,,,,,,
9422,LND,,,,,,,,,,,,
9423,LND,,,,,,,,,,,,
9424,LND,,,,,,,,,,,,
9425,LND,,,,,,,,,,,,
9426,LND,,,,,,,,,,,,
9427,LND,,,,,,,,,,,,
9428,LND,,,,,,,,,,,,
9429,LND,,,,,,,,,,,,
9430,LND,,,,,,,,,,,,
9431,LND,,,,,,,,,,,,
9432,LND,,,,,,,,,,,,
9433,LND,,,,,,,,,,,,
9434,LND,,,,,,,,,,,,
9435,LND,,,,,,,,,,,,
9436,LND,,,,,,,,,,,,
9437,LND,,,,,,,,,,,,
9438,LND,,,,,,,,,,,,
9439,LND,,,,,,,,,,,,
9440,LND,,,,,,,,,,,,
9441,LND,,,,,,,,,,,,
9442,LND,,,,,,,,,,,,
9443,CLN,71,1912,110,57667,670,2888,0.79,1581845,100,10000000,100,10000000
9444,LND,,,,,,,,,,,,
9445,LND,,,,,,,,,,,,
9446,LND,,,,,,,,,,,,
9447,LND,,,,,,,,,,,,
9448,LND,,,,,,,,,,,,
9449,CLN,64,2237,83,46079,585,2999,0.99,8619477,100,10000000,100,10000000
9450,LND,,,,,,,,,,,,
9451,CLN,61,2135,104,42808,715,2045,0.84,9736785,100,10000000,100,10000000
9452,LND,,,,,,,,,,,,
9453,LND,,,,,,,,,,,,
9454,CLN,72,2321,80,59045,616,2467,0.62,43297,100,10000000,100,10000000
9455,LND,,,,,,,,,,,,
9456,LND,,,,,,,,,,,,
9457,LND,,,,,,,,,,,,
9458,LND,,,,,,,,,,,,
9459,LND,,,,,,,,,,,,
9460,LND,,,,,,,,,,,,
9461,LND,,,,,,,,,,,,
9462,LND,,,,,,,,,,,,
9463,LND,,,,,,,,,,,,
9464,LND,,,,,,,,,,,,
9465,LND,,,,,,,,,,,,
9466,CLN,56,2041,93,56452,749,2494,0.85,7061234,100,10000000,100,10000000
9467,LND,,,,,,,,,,,,
9468,LND,,,,,,,,,,,,
9469,LND,,,,,,,,,,,,
9470,LND,,,,,,,,,,,,
9471,LND,,,,,,,,,,,,
9472,LND,,,,,,,,,,,,
9473,LND,,,,,,,,,,,,
9474,LND,,,,,,,,,,,,
9475,LND,,,,,,,,,,,,
9476,CLN,66,1744,88,54770,641,2018,0.93,4944819,100,10000000,100,10000000
9477,LND,,,,,,,,,,,,
9478,LND,,,,,,,,,,,,
9479,LND,,,,,,,,,,,,
9480,LND,,,,,,,,,,,,
9481,LND,,,,,,,,,,,,
9482,LND,,,,,,,,,,,,
9483,LND,,,,,,,,,,,,
9484,LND,,,,,,,,,,,,
9485,LND,,,,,,,,,,,,
9486,LND,,,,,,,,,,,,
9487,LND,,,,,,,,,,,,
9488,LND,,,,,,,,,,,,
9489,LND,,,,,,,,,,,,
9490,LND,,,,,,,,,,,,
9491,LND,,,,,,,,,,,,
9492,LND,,,,,,,,,,,,
9493,LND,,,,,,,,,,,,
9494,LND,,,,,,,,,,,,
9495,LND,,,,,,,,,,,,
9496,LND,,,,,,,,,,,,
9497,LND,,,,,,,,,,,,
9498,LND,,,,,,,,,,,,
9499,CLN,73,1613,118,41667,619,2659,0.97,8752688,100,10000000,100,10000000
9500,LND,,,,,,,,,,,,
9501,LND,,,,,,,,,,,,
9502,LND,,,,,,,,,,,,
9503,LND,,,,,,,,,,,,
9504,LND,,,,,,,,,,,,
9505,CLN,55,2479,97,48536,601,2691,0.77,3837270,100,10000000,100,10000000
9506,CLN,59,2479,106,52522,681,2664,0.9,8491286,100,10000000,100,10000000
9507,LND,,,,,,,,,,,,
9508,LND,,,,,,,,,,,,
9509,LND,,,,,,,,,,,,
9510,LND,,,,,,,,,,,,
9511,LND,,,,,,,,,,,,
9512,LND,,,,,,,,,,,,
9513,LND,,,,,,,,,,,,
9514,LND,,,,,,,,,,,,
9515,LND,,,,,,,,,,,,
9516,LND,,,,,,,,,,,,
9517,LND,,,,,,,,,,,,
9518,LND,,,,,,,,,,,,
9519,LND,,,,,,,,,,,,
9520,LND,,,,,,,,,,,,
9521,LND,,,,,,,,,,,,
9522,LND,,,,,,,,,,,,
9523,LND,,,,,,,,,,,,
9524,LND,,,,,,,,,,,,
9525,LND,,,,,,,,,,,,
9526,LND,,,,,,,,,,,,
9527,LND,,,,,,,,,,,,
9528,LND,,,,,,,,,,,,
9529,LND,,,,,,,,,,,,
9530,LND,,,,,,,,,,,,
9531,LND,,,,,,,,,,,,
9532,LND,,,,,,,,,,,,
9533,LND,,,,,,,,,,,,
9534,LND,,,,,,,,,,,,
9535,LND,,,,,,,,,,,,
9536,CLN,63,1684,81,57653,726,2375,0.81,7481142,100,10000000,100,10000000
9537,LND,,,,,,,,,,,,
9538,LND,,,,,,,,,,,,
9539,LND,,,,,,,,,,,,
9540,LND,,,,,,,,,,,,
9541,LND,,,,,,,,,,,,
9542,LND,,,,,,,,,,,,
9543,LND,,,,,,,,,,,,
9544,LND,,,,,,,,,,,,
9545,CLN,64,1701,100,41156,659,2232,0.74,9205151,100,10000000,100,10000000
9546,LND,,,,,,,,,,,,
9547,LND,,,,,,,,,,,,
9548,LND,,,,,,,,,,,,
9549,LND,,,,,,,,,,,,
9550,LND,,,,,,,,,,,,
9551,LND,,,,,,,,,,,,
9552,LND,,,,,,,,,,,,
9553,LND,,,,,,,,,,,,
9554,LND,,,,,,,,,,,,
9555,LND,,,,,,,,,,,,
9556,CLN,64,1617,95,51273,667,2063,0.61,6471316,100,10000000,100,10000000
9557,LND,,,,,,,,,,,,
9558,LND,,,,,,,,,,,,
9559,CLN,60,1947,111,44126,642,2015,0.64,3324959,100,10000000,100,10000000
9560,LND,,,,,,,,,,,,
9561,LND,,,,,,,,,,,,
9562,LND,,,,,,,,,,,,
9563,LND,,,,,,,,,,,,
9564,LND,,,,,,,,,,,,
9565,LND,,,,,,,,,,,,
9566,LND,,,,,,,,,,,,
9567,CLN,56,1867,104,44197,587,2747,0.63,1104925,100,10000000,100,10000000
9568,CLN,74,1789,99,47318,604,2678,0.79,4581038,100,10000000,100,10000000
9569,LND,,,,,,,,,,,,
9570,LND,,,,,,,,,,,,
9571,LND,,,,,,,,,,,,
9572,LND,,,,,,,,,,,,
9573,LND,,,,,,,,,,,,
9574,LND,,,,,,,,,,,,
9575,LND,,,,,,,,,,,,
9576,LND,,,,,,,,,,,,
9577,LND,,,,,,,,,,,,
9578,LND,,,,,,,,,,,,
9579,CLN,75,1894,83,55037,731,2344,0.69,1994224,100,10000000,100,10000000
9580,LND,,,,,,,,,,,,
9581,LND,,,,,,,,,,,,
9582,LND,,,,,,,,,,,,
9583,LND,,,,,,,,,,,,
9584,LND,,,,,,,,,,,,
9585,LND,,,,,,,,,,,,
9586,LND,,,,,,,,,,,,
9587,LND,,,,,,,,,,,,
9588,LND,,,,,,,,,,,,
9589,LND,,,,,,,,,,,,
9590,LND,,,,,,,,,,,,
9591,LND,,,,,,,,,,,,
9592,LND,,,,,,,,,,,,
9593,LND,,,,,,,,,,,,
9594,CLN,60,1991,88,47042,758,2050,0.87,6438891,100,10000000,100,10000000
9595,LND,,,,,,,,,,,,
9596,LND,,,,,,,,,,,,
9597,LND,,,,,,,,,,,,
9598,LND,,,,,,,,,,,,
9599,LND,,,,,,,,,,,,
9600,LND,,,,,,,,,,,,
9601,LND,,,,,,,,,,,,
9602,LND,,,,,,,,,,,,
9603,LND,,,,,,,,,,,,
9604,LND,,,,,,,,,,,,
9605,LND,,,,,,,,,,,,
9606,LND,,,,,,,,,,,,
9607,CLN,67,1510,96,50874,668,2716,0.93,3686538,100,10000000,100,10000000
9608,LND,,,,,,,,,,,,
9609,LND,,,,,,,,,,,,
9610,CLN,74,2434,114,48615,569,2477,0.94,71245,100,10000000,100,10000000
9611,LND,,,,,,,,,,,,
9612,LND,,,,,,,,,,,,
9613,LND,,,,,,,,,,,,
9614,LND,,,,,,,,,,,,
9615,LND,,,,,,,,,,,,
9616,LND,,,,,,,,,,,,
9617,LND,,,,,,,,,,,,
9618,LND,,,,,,,,,,,,
9619,LND,,,,,,,,,,,,
9620,LND,,,,,,,,,,,,
9621,LND,,,,,,,,,,,,
9622,LND,,,,,,,,,,,,
9623,LND,,,,,,,,,,,,
9624,LND,,,,,,,,,,,,
9625,LND,,,,,,,,,,,,
9626,LND,,,,,,,,,,,,
9627,LND,,,,,,,,,,,,
9628,LND,,,,,,,,,,,,
9629,LND,,,,,,,,,,,,
9630,LND,,,,,,,,,,,,
9631,LND,,,,,,,,,,,,
9632,LND,,,,,,,,,,,,
9633,LND,,,,,,,,,,,,
9634,CLN,65,2159,91,49659,608,2328,0.8,2283349,100,10000000,100,10000000
9635,CLN,64,1746,97,55878,760,2621,0.75,4581101,100,10000000,100,10000000
9636,LND,,,,,,,,,,,,
9637,LND,,,,,,,,,,,,
9638,LND,,,,,,,,,,,,
9639,LND,,,,,,,,,,,,
9640,LND,,,,,,,,,,,,
9641,LND,,,,,,,,,,,,
9642,LND,,,,,,,,,,,,
9643,LND,,,,,,,,,,,,
9644,LND,,,,,,,,,,,,
9645,LND,,,,,,,,,,,,
9646,LND,,,,,,,,,,,,
9647,LND,,,,,,,,,,,,
9648,LND,,,,,,,,,,,,
9649,LND,,,,,,,,,,,,
9650,LND,,,,,,,,,,,,
9651,LND,,,,,,,,,,,,
9652,LND,,,,,,,,,,,,
9653,LND,,,,,,,,,,,,
9654,LND,,,,,,,,,,,,
9655,LND,,,,,,,,,,,,
9656,LND,,,,,,,,,,,,
9657,LND,,,,,,,,,,,,
9658,LND,,,,,,,,,,,,
9659,LND,,,,,,,,,,,,
9660,LND,,,,,,,,,,,,
9661,CLN,56,1908,108,54980,660,2638,0.79,1195247,100,10000000,100,10000000
9662,LND,,,,,,,,,,,,
9663,LND,,,,,,,,,,,,
9664,LND,,,,,,,,,,,,
9665,CLN,73,2372,110,41071,672,2978,0.92,8910378,100,10000000,100,10000000
9666,LND,,,,,,,,,,,,
9667,CLN,62,2048,119,58476,729,2070,0.82,1430465,100,10000000,100,10000000
9668,LND,,,,,,,,,,,,
9669,LND,,,,,,,,,,,,
9670,LND,,,,,,,,,,,,
9671,LND,,,,,,,,,,,,
9672,LND,,,,,,,,,,,,
9673,LND,,,,,,,,,,,,
9674,LND,,,,,,,,,,,,
9675,LND,,,,,,,,,,,,
9676,LND,,,,,,,,,,,,
9677,LND,,,,,,,,,,,,
9678,LND,,,,,,,,,,,,
9679,CLN,57,1843,88,44617,763,2868,0.88,7896180,100,10000000,100,10000000
9680,LND,,,,,,,,,,,,
9681,LND,,,,,,,,,,,,
9682,CLN,58,1626,120,50523,620,2480,0.77,7328881,100,10000000,100,10000000
9683,LND,,,,,,,,,,,,
9684,LND,,,,,,,,,,,,
9685,LND,,,,,,,,,,,,
9686,LND,,,,,,,,,,,,
9687,CLN,64,1918,88,46184,658,2758,0.84,4028319,100,10000000,100,10000000
9688,LND,,,,,,,,,,,,
9689,LND,,,,,,,,,,,,
9690,LND,,,,,,,,,,,,
9691,LND,,,,,,,,,,,,
9692,LND,,,,,,,,,,,,
9693,LND,,,,,,,,,,,,
9694,LND,,,,,,,,,,,,
9695,LND,,,,,,,,,,,,
9696,LND,,,,,,,,,,,,
9697,LND,,,,,,,,,,,,
9698,LND,,,,,,,,,,,,
9699,CLN,66,1815,92,46683,692,2650,0.88,9363174,100,10000000,100,10000000
9700,LND,,,,,,,,,,,,
9701,LND,,,,,,,,,,,,
9702,LND,,,,,,,,,,,,
9703,LND,,,,,,,,,,,,
9704,LND,,,,,,,,,,,,
9705,LND,,,,,,,,,,,,
9706,LND,,,,,,,,,,,,
9707,LND,,,,,,,,,,,,
9708,LND,,,,,,,,,,,,
9709,LND,,,,,,,,,,,,
9710,LND,,,,,,,,,,,,
9711,LND,,,,,,,,,,,,
9712,LND,,,,,,,,,,,,
9713,LND,,,,,,,,,,,,
9714,LND,,,,,,,,,,,,
9715,LND,,,,,,,,,,,,
9716,LND,,,,,,,,,,,,
9717,LND,,,,,,,,,,,,
9718,LND,,,,,,,,,,,,
9719,CLN,66,2210,102,55256,567,2975,0.93,7188780,100,10000000,100,10000000
9720,LND,,,,,,,,,,,,
9721,LND,,,,,,,,,,,,
9722,LND,,,,,,,,,,,,
9723,LND,,,,,,,,,,,,
9724,LND,,,,,,,,,,,,
9725,LND,,,,,,,,,,,,
9726,LND,,,,,,,,,,,,
9727,LND,,,,,,,,,,,,
9728,LND,,,,,,,,,,,,
9729,LND,,,,,,,,,,,,
9730,LND,,,,,,,,,,,,
9731,LND,,,,,,,,,,,,
9732,LND,,,,,,,,,,,,
9733,LND,,,,,,,,,,,,
9734,LND,,,,,,,,,,,,
9735,LND,,,,,,,,,,,,
9736,LND,,,,,,,,,,,,
9737,LND,,,,,,,,,,,,
9738,LND,,,,,,,,,,,,
9739,LND,,,,,,,,,,,,
9740,LND,,,,,,,,,,,,
9741,LND,,,,,,,,,,,,
9742,LND,,,,,,,,,,,,
9743,LND,,,,,,,,,,,,
9744,LND,,,,,,,,,,,,
9745,CLN,62,1698,118,49202,589,2829,0.84,8245853,100,10000000,100,10000000
9746,LND,,,,,,,,,,,,
9747,LND,,,,,,,,,,,,
9748,LND,,,,,,,,,,,,
9749,LND,,,,,,,,,,,,
9750,CLN,70,2314,84,56761,662,2521,0.93,6588034,100,10000000,100,10000000
9751,CLN,55,1845,102,51762,701,2474,0.68,9092786,100,10000000,100,10000000
9752,LND,,,,,,,,,,,,
9753,LND,,,,,,,,,,,,
9754,LND,,,,,,,,,,,,
9755,LND,,,,,,,,,,,,
9756,LND,,,,,,,,,,,,
9757,LND,,,,,,,,,,,,
9758,LND,,,,,,,,,,,,
9759,LND,,,,,,,,,,,,
9760,LND,,,,,,,,,,,,
9761,LND,,,,,,,,,,,,
9762,LND,,,,,,,,,,,,
9763,LND,,,,,,,,,,,,
9764,LND,,,,,,,,,,,,
9765,LND,,,,,,,,,,,,
9766,LND,,,,,,,,,,,,
9767,LND,,,,,,,,,,,,
9768,LND,,,,,,,,,,,,
9769,LND,,,,,,,,,,,,
9770,LND,,,,,,,,,,,,
9771,LND,,,,,,,,,,,,
9772,LND,,,,,,,,,,,,
9773,LND,,,,,,,,,,,,
9774,LND,,,,,,,,,,,,
9775,LND,,,,,,,,,,,,
9776,LND,,,,,,,,,,,,
9777,LND,,,,,,,,,,,,
9778,LND,,,,,,,,,,,,
9779,LND,,,,,,,,,,,,
9780,LND,,,,,,,,,,,,
9781,LND,,,,,,,,,,,,
9782,LND,,,,,,,,,,,,
9783,LND,,,,,,,,,,,,
9784,LND,,,,,,,,,,,,
9785,LND,,,,,,,,,,,,
9786,LND,,,,,,,,,,,,
9787,LND,,,,,,,,,,,,
9788,LND,,,,,,,,,,,,
9789,LND,,,,,,,,,,,,
9790,LND,,,,,,,,,,,,
9791,LND,,,,,,,,,,,,
9792,LND,,,,,,,,,,,,
9793,LND,,,,,,,,,,,,
9794,CLN,59,2110,108,58081,602,2446,0.79,3714950,100,10000000,100,10000000
9795,LND,,,,,,,,,,,,
9796,LND,,,,,,,,,,,,
9797,LND,,,,,,,,,,,,
9798,LND,,,,,,,,,,,,
9799,LND,,,,,,,,,,,,
9800,LND,,,,,,,,,,,,
9801,LND,,,,,,,,,,,,
9802,LND,,,,,,,,,,,,
9803,LND,,,,,,,,,,,,
9804,LND,,,,,,,,,,,,
9805,LND,,,,,,,,,,,,
9806,LND,,,,,,,,,,,,
9807,LND,,,,,,,,,,,,
9808,LND,,,,,,,,,,,,
9809,LND,,,,,,,,,,,,
9810,LND,,,,,,,,,,,,
9811,LND,,,,,,,,,,,,
9812,LND,,,,,,,,,,,,
9813,LND,,,,,,,,,,,,
9814,LND,,,,,,,,,,,,
9815,LND,,,,,,,,,,,,
9816,LND,,,,,,,,,,,,
9817,LND,,,,,,,,,,,,
9818,LND,,,,,,,,,,,,
9819,LND,,,,,,,,,,,,
9820,LND,,,,,,,,,,,,
9821,LND,,,,,,,,,,,,
9822,LND,,,,,,,,,,,,
9823,LND,,,,,,,,,,,,
9824,LND,,,,,,,,,,,,
9825,LND,,,,,,,,,,,,
9826,LND,,,,,,,,,,,,
9827,LND,,,,,,,,,,,,
9828,LND,,,,,,,,,,,,
9829,LND,,,,,,,,,,,,
9830,LND,,,,,,,,,,,,
9831,LND,,,,,,,,,,,,
9832,LND,,,,,,,,,,,,
9833,LND,,,,,,,,,,,,
9834,LND,,,,,,,,,,,,
9835,LND,,,,,,,,,,,,
9836,LND,,,,,,,,,,,,
9837,LND,,,,,,,,,,,,
9838,LND,,,,,,,,,,,,
9839,CLN,68,1756,95,58025,733,2754,0.88,2503170,100,10000000,100,10000000
9840,LND,,,,,,,,,,,,
9841,LND,,,,,,,,,,,,
9842,LND,,,,,,,,,,,,
9843,LND,,,,,,,,,,,,
9844,LND,,,,,,,,,,,,
9845,LND,,,,,,,,,,,,
9846,CLN,59,2427,119,46299,761,2291,0.87,9255944,100,10000000,100,10000000
9847,CLN,75,1829,99,50080,660,2084,0.74,8792823,100,10000000,100,10000000
9848,LND,,,,,,,,,,,,
9849,LND,,,,,,,,,,,,
9850,LND,,,,,,,,,,,,
9851,LND,,,,,,,,,,,,
9852,CLN,73,1804,109,56234,688,2298,0.66,8531019,100,10000000,100,10000000
9853,LND,,,,,,,,,,,,
9854,LND,,,,,,,,,,,,
9855,LND,,,,,,,,,,,,
9856,LND,,,,,,,,,,,,
9857,CLN,74,2481,104,53203,655,2357,0.82,3407408,100,10000000,100,10000000
9858,LND,,,,,,,,,,,,
9859,LND,,,,,,,,,,,,
9860,LND,,,,,,,,,,,,
9861,LND,,,,,,,,,,,,
9862,LND,,,,,,,,,,,,
9863,LND,,,,,,,,,,,,
9864,LND,,,,,,,,,,,,
9865,LND,,,,,,,,,,,,
9866,LND,,,,,,,,,,,,
9867,LND,,,,,,,,,,,,
9868,LND,,,,,,,,,,,,
9869,LND,,,,,,,,,,,,
9870,LND,,,,,,,,,,,,
9871,LND,,,,,,,,,,,,
9872,LND,,,,,,,,,,,,
9873,LND,,,,,,,,,,,,
9874,LND,,,,,,,,,,,,
9875,LND,,,,,,,,,,,,
9876,LND,,,,,,,,,,,,
9877,LND,,,,,,,,,,,,
9878,LND,,,,,,,,,,,,
9879,LND,,,,,,,,,,,,
9880,LND,,,,,,,,,,,,
9881,LND,,,,,,,,,,,,
9882,LND,,,,,,,,,,,,
9883,LND,,,,,,,,,,,,
9884,LND,,,,,,,,,,,,
9885,LND,,,,,,,,,,,,
9886,LND,,,,,,,,,,,,
9887,LND,,,,,,,,,,,,
9888,LND,,,,,,,,,,,,
9889,LND,,,,,,,,,,,,
9890,LND,,,,,,,,,,,,
9891,LND,,,,,,,,,,,,
9892,LND,,,,,,,,,,,,
9893,LND,,,,,,,,,,,,
9894,LND,,,,,,,,,,,,
9895,LND,,,,,,,,,,,,
9896,LND,,,,,,,,,,,,
9897,CLN,56,1934,113,42070,663,2389,0.7,2556332,100,10000000,100,10000000
9898,LND,,,,,,,,,,,,
9899,LND,,,,,,,,,,,,
9900,LND,,,,,,,,,,,,
9901,LND,,,,,,,,,,,,
9902,LND,,,,,,,,,,,,
9903,LND,,,,,,,,,,,,
9904,CLN,55,1708,84,59030,736,2799,0.8,3698194,100,10000000,100,10000000
9905,LND,,,,,,,,,,,,
9906,CLN,56,1932,104,50306,624,2341,0.68,5127796,100,10000000,100,10000000
9907,LND,,,,,,,,,,,,
9908,LND,,,,,,,,,,,,
9909,LND,,,,,,,,,,,,
9910,LND,,,,,,,,,,,,
9911,LND,,,,,,,,,,,,
9912,LND,,,,,,,,,,,,
9913,LND,,,,,,,,,,,,
9914,LND,,,,,,,,,,,,
9915,LND,,,,,,,,,,,,
9916,LND,,,,,,,,,,,,
9917,LND,,,,,,,,,,,,
9918,LND,,,,,,,,,,,,
9919,LND,,,,,,,,,,,,
9920,LND,,,,,,,,,,,,
9921,LND,,,,,,,,,,,,
9922,LND,,,,,,,,,,,,
9923,LND,,,,,,,,,,,,
9924,LND,,,,,,,,,,,,
9925,LND,,,,,,,,,,,,
9926,LND,,,,,,,,,,,,
9927,LND,,,,,,,,,,,,
9928,LND,,,,,,,,,,,,
9929,LND,,,,,,,,,,,,
9930,LND,,,,,,,,,,,,
9931,LND,,,,,,,,,,,,
9932,LND,,,,,,,,,,,,
9933,LND,,,,,,,,,,,,
9934,LND,,,,,,,,,,,,
9935,LND,,,,,,,,,,,,
9936,LND,,,,,,,,,,,,
9937,LND,,,,,,,,,,,,
9938,LND,,,,,,,,,,,,
9939,LND,,,,,,,,,,,,
9940,LND,,,,,,,,,,,,
9941,LND,,,,,,,,,,,,
9942,LND,,,,,,,,,,,,
9943,LND,,,,,,,,,,,,
9944,LND,,,,,,,,,,,,
9945,LND,,,,,,,,,,,,
9946,LND,,,,,,,,,,,,
9947,LND,,,,,,,,,,,,
9948,LND,,,,,,,,,,,,
9949,LND,,,,,,,,,,,,
9950,LND,,,,,,,,,,,,
9951,LND,,,,,,,,,,,,
9952,LND,,,,,,,,,,,,
9953,LND,,,,,,,,,,,,
9954,LND,,,,,,,,,,,,
9955,LND,,,,,,,,,,,,
9956,LND,,,,,,,,,,,,
9957,LND,,,,,,,,,,,,
9958,LND,,,,,,,,,,,,
9959,LND,,,,,,,,,,,,
9960,LND,,,,,,,,,,,,
9961,LND,,,,,,,,,,,,
9962,LND,,,,,,,,,,,,
9963,LND,,,,,,,,,,,,
9964,LND,,,,,,,,,,,,
9965,LND,,,,,,,,,,,,
9966,LND,,,,,,,,,,,,
9967,LND,,,,,,,,,,,,
9968,LND,,,,,,,,,,,,
9969,LND,,,,,,,,,,,,
9970,LND,,,,,,,,,,,,
9971,LND,,,,,,,,,,,,
9972,LND,,,,,,,,,,,,
9973,CLN,59,1974,105,51274,680,2868,0.7,5928357,100,10000000,100,10000000
9974,LND,,,,,,,,,,,,
9975,CLN,68,1511,111,51110,738,2073,0.97,2869088,100,10000000,100,10000000
9976,LND,,,,,,,,,,,,
9977,LND,,,,,,,,,,,,
9978,LND,,,,,,,,,,,,
9979,LND,,,,,,,,,,,,
9980,LND,,,,,,,,,,,,
9981,LND,,,,,,,,,,,,
9982,LND,,,,,,,,,,,,
9983,LND,,,,,,,,,,,,
9984,LND,,,,,,,,,,,,
9985,LND,,,,,,,,,,,,
9986,LND,,,,,,,,,,,,
9987,LND,,,,,,,,,,,,
9988,LND,,,,,,,,,,,,
9989,LND,,,,,,,,,,,,
9990,LND,,,,,,,,,,,,
9991,LND,,,,,,,,,,,,
9992,LND,,,,,,,,,,,,
9993,LND,,,,,,,,,,,,
9994,CLN,71,2469,88,50071,616,2964,0.99,6014735,100,10000000,100,10000000
9995,LND,,,,,,,,,,,,
9996,LND,,,,,,,,,,,,
9997,LND,,,,,,,,,,,,
9998,LND,,,,,,,,,,,,
9999,LND,,,,,,,,,,,,
10000,LND,,,,,,,,,,,,
10001,LND,,,,,,,,,,,,
10002,LND,,,,,,,,,,,,
10003,LND,,,,,,,,,,,,
10004,LND,,,,,,,,,,,,
10005,LND,,,,,,,,,,,,
10006,LND,,,,,,,,,,,,
10007,LND,,,,,,,,,,,,
10008,LND,,,,,,,,,,,,
10009,LND,,,,,,,,,,,,
10010,LND,,,,,,,,,,,,
10011,LND,,,,,,,,,,,,
10012,LND,,,,,,,,,,,,
10013,CLN,70,2447,82,53578,709,2099,0.8,9561710,100,10000000,100,10000000
10014,LND,,,,,,,,,,,,
10015,LND,,,,,,,,,,,,
10016,LND,,,,,,,,,,,,
10017,LND,,,,,,,,,,,,
10018,LND,,,,,,,,,,,,
10019,LND,,,,,,,,,,,,
10020,LND,,,,,,,,,,,,
10021,LND,,,,,,,,,,,,
10022,LND,,,,,,,,,,,,
10023,LND,,,,,,,,,,,,
10024,LND,,,,,,,,,,,,
10025,CLN,74,1825,118,44496,611,2605,0.91,2367694,100,10000000,100,10000000
10026,CLN,62,1935,119,41306,751,2948,0.95,9692915,100,10000000,100,10000000
10027,LND,,,,,,,,,,,,
10028,LND,,,,,,,,,,,,
10029,LND,,,,,,,,,,,,
10030,LND,,,,,,,,,,,,
10031,LND,,,,,,,,,,,,
10032,LND,,,,,,,,,,,,
10033,LND,,,,,,,,,,,,
10034,LND,,,,,,,,,,,,
10035,LND,,,,,,,,,,,,
10036,LND,,,,,,,,,,,,
10037,CLN,72,1922,108,48530,620,2446,0.67,6801942,100,10000000,100,10000000
10038,LND,,,,,,,,,,,,
10039,LND,,,,,,,,,,,,
10040,LND,,,,,,,,,,,,
10041,LND,,,,,,,,,,,,
10042,LND,,,,,,,,,,,,
10043,LND,,,,,,,,,,,,
10044,LND,,,,,,,,,,,,
10045,LND,,,,,,,,,,,,
10046,LND,,,,,,,,,,,,
10047,LND,,,,,,,,,,,,
10048,LND,,,,,,,,,,,,
10049,LND,,,,,,,,,,,,
10050,LND,,,,,,,,,,,,
10051,LND,,,,,,,,,,,,
10052,LND,,,,,,,,,,,,
10053,LND,,,,,,,,,,,,
10054,LND,,,,,,,,,,,,
10055,LND,,,,,,,,,,,,
10056,LND,,,,,,,,,,,,
10057,LND,,,,,,,,,,,,
10058,LND,,,,,,,,,,,,
10059,LND,,,,,,,,,,,,
10060,LND,,,,,,,,,,,,
10061,LND,,,,,,,,,,,,
10062,LND,,,,,,,,,,,,
10063,LND,,,,,,,,,,,,
10064,LND,,,,,,,,,,,,
10065,LND,,,,,,,,,,,,
10066,LND,,,,,,,,,,,,
10067,LND,,,,,,,,,,,,
10068,LND,,,,,,,,,,,,
10069,LND,,,,,,,,,,,,
10070,LND,,,,,,,,,,,,
10071,LND,,,,,,,,,,,,
10072,LND,,,,,,,,,,,,
10073,LND,,,,,,,,,,,,
10074,LND,,,,,,,,,,,,
10075,LND,,,,,,,,,,,,
10076,LND,,,,,,,,,,,,
10077,LND,,,,,,,,,,,,
10078,LND,,,,,,,,,,,,
10079,LND,,,,,,,,,,,,
10080,LND,,,,,,,,,,,,
10081,LND,,,,,,,,,,,,
10082,LND,,,,,,,,,,,,
10083,LND,,,,,,,,,,,,
10084,LND,,,,,,,,,,,,
10085,LND,,,,,,,,,,,,
10086,CLN,69,2482,86,54224,629,2088,0.7,6762112,100,10000000,100,10000000
10087,LND,,,,,,,,,,,,
10088,LND,,,,,,,,,,,,
10089,LND,,,,,,,,,,,,
10090,LND,,,,,,,,,,,,
10091,LND,,,,,,,,,,,,
10092,LND,,,,,,,,,,,,
10093,LND,,,,,,,,,,,,
10094,LND,,,,,,,,,,,,
10095,LND,,,,,,,,,,,,
10096,LND,,,,,,,,,,,,
10097,LND,,,,,,,,,,,,
10098,LND,,,,,,,,,,,,
10099,LND,,,,,,,,,,,,
10100,LND,,,,,,,,,,,,
10101,LND,,,,,,,,,,,,
10102,LND,,,,,,,,,,,,
10103,LND,,,,,,,,,,,,
10104,LND,,,,,,,,,,,,
10105,LND,,,,,,,,,,,,
10106,LND,,,,,,,,,,,,
10107,LND,,,,,,,,,,,,
10108,LND,,,,,,,,,,,,
10109,LND,,,,,,,,,,,,
10110,LND,,,,,,,,,,,,
10111,LND,,,,,,,,,,,,
10112,LND,,,,,,,,,,,,
10113,LND,,,,,,,,,,,,
10114,LND,,,,,,,,,,,,
10115,LND,,,,,,,,,,,,
10116,LND,,,,,,,,,,,,
10117,LND,,,,,,,,,,,,
10118,LND,,,,,,,,,,,,
10119,LND,,,,,,,,,,,,
10120,LND,,,,,,,,,,,,
10121,LND,,,,,,,,,,,,
10122,LND,,,,,,,,,,,,
10123,LND,,,,,,,,,,,,
10124,LND,,,,,,,,,,,,
10125,LND,,,,,,,,,,,,
10126,LND,,,,,,,,,,,,
10127,LND,,,,,,,,,,,,
10128,LND,,,,,,,,,,,,
10129,LND,,,,,,,,,,,,
10130,LND,,,,,,,,,,,,
10131,LND,,,,,,,,,,,,
10132,LND,,,,,,,,,,,,
10133,CLN,70,1686,117,58598,633,2867,0.94,4169110,100,10000000,100,10000000
10134,LND,,,,,,,,,,,,
10135,LND,,,,,,,,,,,,
10136,LND,,,,,,,,,,,,
10137,LND,,,,,,,,,,,,
10138,LND,,,,,,,,,,,,
10139,LND,,,,,,,,,,,,
10140,LND,,,,,,,,,,,,
10141,LND,,,,,,,,,,,,
10142,LND,,,,,,,,,,,,
10143,LND,,,,,,,,,,,,
10144,LND,,,,,,,,,,,,
10145,LND,,,,,,,,,,,,
10146,LND,,,,,,,,,,,,
10147,LND,,,,,,,,,,,,
10148,LND,,,,,,,,,,,,
10149,LND,,,,,,,,,,,,
10150,LND,,,,,,,,,,,,
10151,LND,,,,,,,,,,,,
10152,LND,,,,,,,,,,,,
10153,LND,,,,,,,,,,,,
10154,LND,,,,,,,,,,,,
10155,LND,,,,,,,,,,,,
10156,LND,,,,,,,,,,,,
10157,LND,,,,,,,,,,,,
10158,LND,,,,,,,,,,,,
10159,LND,,,,,,,,,,,,
10160,LND,,,,,,,,,,,,
10161,LND,,,,,,,,,,,,
10162,LND,,,,,,,,,,,,
10163,LND,,,,,,,,,,,,
10164,LND,,,,,,,,,,,,
10165,LND,,,,,,,,,,,,
10166,LND,,,,,,,,,,,,
10167,LND,,,,,,,,,,,,
10168,LND,,,,,,,,,,,,
10169,LND,,,,,,,,,,,,
10170,LND,,,,,,,,,,,,
10171,LND,,,,,,,,,,,,
10172,LND,,,,,,,,,,,,
10173,LND,,,,,,,,,,,,
10174,LND,,,,,,,,,,,,
10175,LND,,,,,,,,,,,,
10176,LND,,,,,,,,,,,,
10177,LND,,,,,,,,,,,,
10178,LND,,,,,,,,,,,,
10179,LND,,,,,,,,,,,,
10180,CLN,62,1861,109,49768,733,2240,0.64,2214374,100,10000000,100,10000000
10181,LND,,,,,,,,,,,,
10182,LND,,,,,,,,,,,,
10183,LND,,,,,,,,,,,,
10184,LND,,,,,,,,,,,,
10185,LND,,,,,,,,,,,,
10186,LND,,,,,,,,,,,,
10187,LND,,,,,,,,,,,,
10188,LND,,,,,,,,,,,,
10189,LND,,,,,,,,,,,,
10190,LND,,,,,,,,,,,,
10191,LND,,,,,,,,,,,,
10192,LND,,,,,,,,,,,,
10193,LND,,,,,,,,,,,,
10194,LND,,,,,,,,,,,,
10195,LND,,,,,,,,,,,,
10196,CLN,64,1636,96,50334,712,2137,0.87,5677986,100,10000000,100,10000000
10197,LND,,,,,,,,,,,,
10198,LND,,,,,,,,,,,,
10199,LND,,,,,,,,,,,,
10200,LND,,,,,,,,,,,,
10201,LND,,,,,,,,,,,,
10202,LND,,,,,,,,,,,,
10203,LND,,,,,,,,,,,,
10204,LND,,,,,,,,,,,,
10205,LND,,,,,,,,,,,,
10206,LND,,,,,,,,,,,,
10207,CLN,67,1640,103,50829,588,2790,0.79,2810084,100,10000000,100,10000000
10208,LND,,,,,,,,,,,,
10209,LND,,,,,,,,,,,,
10210,LND,,,,,,,,,,,,
10211,LND,,,,,,,,,,,,
10212,LND,,,,,,,,,,,,
10213,LND,,,,,,,,,,,,
10214,LND,,,,,,,,,,,,
10215,LND,,,,,,,,,,,,
10216,LND,,,,,,,,,,,,
10217,LND,,,,,,,,,,,,
10218,LND,,,,,,,,,,,,
10219,CLN,68,2181,89,53871,610,2230,0.65,1521631,100,10000000,100,10000000
10220,LND,,,,,,,,,,,,
10221,LND,,,,,,,,,,,,
10222,LND,,,,,,,,,,,,
10223,LND,,,,,,,,,,,,
10224,LND,,,,,,,,,,,,
10225,LND,,,,,,,,,,,,
10226,LND,,,,,,,,,,,,
10227,LND,,,,,,,,,,,,
10228,LND,,,,,,,,,,,,
10229,LND,,,,,,,,,,,,
10230,LND,,,,,,,,,,,,
10231,LND,,,,,,,,,,,,
10232,LND,,,,,,,,,,,,
10233,LND,,,,,,,,,,,,
10234,LND,,,,,,,,,,,,
10235,LND,,,,,,,,,,,,
10236,LND,,,,,,,,,,,,
10237,LND,,,,,,,,,,,,
10238,LND,,,,,,,,,,,,
10239,LND,,,,,,,,,,,,
10240,LND,,,,,,,,,,,,
10241,LND,,,,,,,,,,,,
10242,LND,,,,,,,,,,,,
10243,LND,,,,,,,,,,,,
10244,LND,,,,,,,,,,,,
10245,CLN,75,2223,97,45909,741,2182,0.92,7521455,100,10000000,100,10000000
10246,LND,,,,,,,,,,,,
10247,LND,,,,,,,,,,,,
10248,CLN,67,2183,87,57905,726,2508,0.78,804403,100,10000000,100,10000000
10249,LND,,,,,,,,,,,,
10250,LND,,,,,,,,,,,,
10251,LND,,,,,,,,,,,,
10252,CLN,67,1652,80,57647,674,2882,0.71,9979186,100,10000000,100,10000000
10253,LND,,,,,,,,,,,,
10254,LND,,,,,,,,,,,,
10255,LND,,,,,,,,,,,,
10256,LND,,,,,,,,,,,,
10257,LND,,,,,,,,,,,,
10258,LND,,,,,,,,,,,,
10259,LND,,,,,,,,,,,,
10260,LND,,,,,,,,,,,,
10261,LND,,,,,,,,,,,,
10262,CLN,70,1836,95,44283,752,2530,0.91,5718567,100,10000000,100,10000000
10263,LND,,,,,,,,,,,,
10264,LND,,,,,,,,,,,,
10265,LND,,,,,,,,,,,,
10266,LND,,,,,,,,,,,,
10267,LND,,,,,,,,,,,,
10268,LND,,,,,,,,,,,,
10269,LND,,,,,,,,,,,,
10270,LND,,,,,,,,,,,,
10271,LND,,,,,,,,,,,,
10272,LND,,,,,,,,,,,,
10273,LND,,,,,,,,,,,,
10274,LND,,,,,,,,,,,,
10275,LND,,,,,,,,,,,,
10276,LND,,,,,,,,,,,,
10277,CLN,70,1644,118,51191,664,2966,0.97,439839,100,10000000,100,10000000
10278,LND,,,,,,,,,,,,
10279,LND,,,,,,,,,,,,
10280,LND,,,,,,,,,,,,
10281,LND,,,,,,,,,,,,
10282,LND,,,,,,,,,,,,
10283,CLN,71,1666,80,48073,608,2334,0.68,6554190,100,10000000,100,10000000
10284,LND,,,,,,,,,,,,
10285,LND,,,,,,,,,,,,
10286,LND,,,,,,,,,,,,
10287,LND,,,,,,,,,,,,
10288,LND,,,,,,,,,,,,
10289,LND,,,,,,,,,,,,
10290,CLN,57,2296,91,44630,628,2584,0.61,8788930,100,10000000,100,10000000
10291,CLN,66,1918,115,46930,705,2232,0.82,6352049,100,10000000,100,10000000
10292,LND,,,,,,,,,,,,
10293,LND,,,,,,,,,,,,
10294,CLN,64,2025,82,55182,662,2174,0.7,3093656,100,10000000,100,10000000
10295,LND,,,,,,,,,,,,
10296,LND,,,,,,,,,,,,
10297,LND,,,,,,,,,,,,
10298,LND,,,,,,,,,,,,
10299,LND,,,,,,,,,,,,
10300,LND,,,,,,,,,,,,
10301,LND,,,,,,,,,,,,
10302,LND,,,,,,,,,,,,
10303,LND,,,,,,,,,,,,
10304,LND,,,,,,,,,,,,
10305,LND,,,,,,,,,,,,
10306,LND,,,,,,,,,,,,
10307,CLN,71,2172,90,41221,673,2877,0.83,1740460,100,10000000,100,10000000
10308,LND,,,,,,,,,,,,
10309,LND,,,,,,,,,,,,
10310,LND,,,,,,,,,,,,
10311,LND,,,,,,,,,,,,
10312,LND,,,,,,,,,,,,
10313,LND,,,,,,,,,,,,
10314,LND,,,,,,,,,,,,
10315,LND,,,,,,,,,,,,
10316,LND,,,,,,,,,,,,
10317,LND,,,,,,,,,,,,
10318,LND,,,,,,,,,,,,
10319,LND,,,,,,,,,,,,
10320,CLN,67,1594,82,44007,618,2832,0.81,6248480,100,10000000,100,10000000
10321,CLN,63,1594,93,43912,691,2748,0.76,4044773,100,10000000,100,10000000
10322,CLN,66,1927,100,45944,762,2579,0.83,6686412,100,10000000,100,10000000
10323,LND,,,,,,,,,,,,
10324,LND,,,,,,,,,,,,
10325,LND,,,,,,,,,,,,
10326,LND,,,,,,,,,,,,
10327,LND,,,,,,,,,,,,
10328,LND,,,,,,,,,,,,
10329,LND,,,,,,,,,,,,
10330,LND,,,,,,,,,,,,
10331,LND,,,,,,,,,,,,
10332,LND,,,,,,,,,,,,
10333,LND,,,,,,,,,,,,
10334,LND,,,,,,,,,,,,
10335,LND,,,,,,,,,,,,
10336,LND,,,,,,,,,,,,
10337,LND,,,,,,,,,,,,
10338,LND,,,,,,,,,,,,
10339,LND,,,,,,,,,,,,
10340,LND,,,,,,,,,,,,
10341,LND,,,,,,,,,,,,
10342,LND,,,,,,,,,,,,
10343,LND,,,,,,,,,,,,
10344,LND,,,,,,,,,,,,
10345,CLN,72,2017,106,41886,692,2022,0.62,7749782,100,10000000,100,10000000
10346,LND,,,,,,,,,,,,
10347,LND,,,,,,,,,,,,
10348,LND,,,,,,,,,,,,
10349,LND,,,,,,,,,,,,
10350,LND,,,,,,,,,,,,
10351,LND,,,,,,,,,,,,
10352,LND,,,,,,,,,,,,
10353,CLN,66,1645,83,58349,622,2078,0.64,5415454,100,10000000,100,10000000
10354,LND,,,,,,,,,,,,
10355,LND,,,,,,,,,,,,
10356,LND,,,,,,,,,,,,
10357,LND,,,,,,,,,,,,
10358,LND,,,,,,,,,,,,
10359,LND,,,,,,,,,,,,
10360,LND,,,,,,,,,,,,
10361,LND,,,,,,,,,,,,
10362,LND,,,,,,,,,,,,
10363,LND,,,,,,,,,,,,
10364,LND,,,,,,,,,,,,
10365,CLN,74,2440,110,55916,688,2152,0.76,4539112,100,10000000,100,10000000
10366,LND,,,,,,,,,,,,
10367,LND,,,,,,,,,,,,
10368,LND,,,,,,,,,,,,
10369,LND,,,,,,,,,,,,
10370,LND,,,,,,,,,,,,
10371,LND,,,,,,,,,,,,
10372,LND,,,,,,,,,,,,
10373,LND,,,,,,,,,,,,
10374,LND,,,,,,,,,,,,
10375,LND,,,,,,,,,,,,
10376,CLN,69,2169,88,53115,715,2731,0.9,7567912,100,10000000,100,10000000
10377,LND,,,,,,,,,,,,
10378,LND,,,,,,,,,,,,
10379,LND,,,,,,,,,,,,
10380,LND,,,,,,,,,,,,
10381,LND,,,,,,,,,,,,
10382,LND,,,,,,,,,,,,
10383,LND,,,,,,,,,,,,
10384,LND,,,,,,,,,,,,
10385,LND,,,,,,,,,,,,
10386,LND,,,,,,,,,,,,
10387,LND,,,,,,,,,,,,
10388,LND,,,,,,,,,,,,
10389,LND,,,,,,,,,,,,
10390,LND,,,,,,,,,,,,
10391,LND,,,,,,,,,,,,
10392,LND,,,,,,,,,,,,
10393,LND,,,,,,,,,,,,
10394,LND,,,,,,,,,,,,
10395,LND,,,,,,,,,,,,
10396,LND,,,,,,,,,,,,
10397,LND,,,,,,,,,,,,
10398,LND,,,,,,,,,,,,
10399,LND,,,,,,,,,,,,
10400,LND,,,,,,,,,,,,
10401,LND,,,,,,,,,,,,
10402,LND,,,,,,,,,,,,
10403,LND,,,,,,,,,,,,
10404,LND,,,,,,,,,,,,
10405,LND,,,,,,,,,,,,
10406,LND,,,,,,,,,,,,
10407,LND,,,,,,,,,,,,
10408,LND,,,,,,,,,,,,
10409,LND,,,,,,,,,,,,
10410,LND,,,,,,,,,,,,
10411,LND,,,,,,,,,,,,
10412,LND,,,,,,,,,,,,
10413,LND,,,,,,,,,,,,
10414,LND,,,,,,,,,,,,
10415,LND,,,,,,,,,,,,
10416,LND,,,,,,,,,,,,
10417,LND,,,,,,,,,,,,
10418,LND,,,,,,,,,,,,
10419,LND,,,,,,,,,,,,
10420,LND,,,,,,,,,,,,
10421,LND,,,,,,,,,,,,
10422,LND,,,,,,,,,,,,
10423,LND,,,,,,,,,,,,
10424,CLN,73,1893,102,47145,571,2208,0.72,6772575,100,10000000,100,10000000
10425,LND,,,,,,,,,,,,
10426,LND,,,,,,,,,,,,
10427,LND,,,,,,,,,,,,
10428,LND,,,,,,,,,,,,
10429,LND,,,,,,,,,,,,
10430,LND,,,,,,,,,,,,
10431,LND,,,,,,,,,,,,
10432,LND,,,,,,,,,,,,
10433,LND,,,,,,,,,,,,
10434,LND,,,,,,,,,,,,
10435,LND,,,,,,,,,,,,
10436,LND,,,,,,,,,,,,
10437,LND,,,,,,,,,,,,
10438,LND,,,,,,,,,,,,
10439,LND,,,,,,,,,,,,
10440,LND,,,,,,,,,,,,
10441,LND,,,,,,,,,,,,
10442,LND,,,,,,,,,,,,
10443,LND,,,,,,,,,,,,
10444,LND,,,,,,,,,,,,
10445,LND,,,,,,,,,,,,
10446,LND,,,,,,,,,,,,
10447,LND,,,,,,,,,,,,
10448,LND,,,,,,,,,,,,
10449,LND,,,,,,,,,,,,
10450,LND,,,,,,,,,,,,
10451,LND,,,,,,,,,,,,
10452,LND,,,,,,,,,,,,
10453,LND,,,,,,,,,,,,
10454,LND,,,,,,,,,,,,
10455,LND,,,,,,,,,,,,
10456,LND,,,,,,,,,,,,
10457,LND,,,,,,,,,,,,
10458,CLN,63,2181,105,41606,593,2946,0.75,6120031,100,10000000,100,10000000
10459,LND,,,,,,,,,,,,
10460,LND,,,,,,,,,,,,
10461,LND,,,,,,,,,,,,
10462,LND,,,,,,,,,,,,
10463,CLN,70,1756,91,54739,701,2710,0.61,1052710,100,10000000,100,10000000
10464,LND,,,,,,,,,,,,
10465,LND,,,,,,,,,,,,
10466,LND,,,,,,,,,,,,
10467,LND,,,,,,,,,,,,
10468,LND,,,,,,,,,,,,
10469,LND,,,,,,,,,,,,
10470,LND,,,,,,,,,,,,
10471,LND,,,,,,,,,,,,
10472,LND,,,,,,,,,,,,
10473,LND,,,,,,,,,,,,
10474,LND,,,,,,,,,,,,
10475,LND,,,,,,,,,,,,
10476,LND,,,,,,,,,,,,
10477,LND,,,,,,,,,,,,
10478,LND,,,,,,,,,,,,
10479,LND,,,,,,,,,,,,
10480,LND,,,,,,,,,,,,
10481,LND,,,,,,,,,,,,
10482,LND,,,,,,,,,,,,
10483,LND,,,,,,,,,,,,
10484,LND,,,,,,,,,,,,
10485,LND,,,,,,,,,,,,
10486,LND,,,,,,,,,,,,
10487,LND,,,,,,,,,,,,
10488,LND,,,,,,,,,,,,
10489,LND,,,,,,,,,,,,
10490,LND,,,,,,,,,,,,
10491,LND,,,,,,,,,,,,
10492,LND,,,,,,,,,,,,
10493,LND,,,,,,,,,,,,
10494,LND,,,,,,,,,,,,
10495,LND,,,,,,,,,,,,
10496,LND,,,,,,,,,,,,
10497,LND,,,,,,,,,,,,
10498,LND,,,,,,,,,,,,
10499,LND,,,,,,,,,,,,
10500,LND,,,,,,,,,,,,
10501,LND,,,,,,,,,,,,
10502,LND,,,,,,,,,,,,
10503,LND,,,,,,,,,,,,
10504,LND,,,,,,,,,,,,
10505,LND,,,,,,,,,,,,
10506,LND,,,,,,,,,,,,
10507,LND,,,,,,,,,,,,
10508,LND,,,,,,,,,,,,
10509,LND,,,,,,,,,,,,
10510,LND,,,,,,,,,,,,
10511,LND,,,,,,,,,,,,
10512,LND,,,,,,,,,,,,
10513,LND,,,,,,,,,,,,
10514,LND,,,,,,,,,,,,
10515,LND,,,,,,,,,,,,
10516,LND,,,,,,,,,,,,
10517,LND,,,,,,,,,,,,
10518,LND,,,,,,,,,,,,
10519,LND,,,,,,,,,,,,
10520,LND,,,,,,,,,,,,
10521,LND,,,,,,,,,,,,
10522,LND,,,,,,,,,,,,
10523,LND,,,,,,,,,,,,
10524,LND,,,,,,,,,,,,
10525,LND,,,,,,,,,,,,
10526,LND,,,,,,,,,,,,
10527,LND,,,,,,,,,,,,
10528,CLN,57,1518,101,58406,670,2025,0.98,9784145,100,10000000,100,10000000
10529,LND,,,,,,,,,,,,
10530,LND,,,,,,,,,,,,
10531,LND,,,,,,,,,,,,
10532,LND,,,,,,,,,,,,
10533,LND,,,,,,,,,,,,
10534,LND,,,,,,,,,,,,
10535,LND,,,,,,,,,,,,
10536,LND,,,,,,,,,,,,
10537,LND,,,,,,,,,,,,
10538,LND,,,,,,,,,,,,
10539,LND,,,,,,,,,,,,
10540,LND,,,,,,,,,,,,
10541,LND,,,,,,,,,,,,
10542,LND,,,,,,,,,,,,
10543,LND,,,,,,,,,,,,
10544,LND,,,,,,,,,,,,
10545,LND,,,,,,,,,,,,
10546,LND,,,,,,,,,,,,
10547,LND,,,,,,,,,,,,
10548,LND,,,,,,,,,,,,
10549,LND,,,,,,,,,,,,
10550,LND,,,,,,,,,,,,
10551,LND,,,,,,,,,,,,
10552,LND,,,,,,,,,,,,
10553,LND,,,,,,,,,,,,
10554,LND,,,,,,,,,,,,
10555,CLN,59,1645,102,53035,664,2314,0.62,8781711,100,10000000,100,10000000
10556,LND,,,,,,,,,,,,
10557,LND,,,,,,,,,,,,
10558,LND,,,,,,,,,,,,
10559,LND,,,,,,,,,,,,
10560,LND,,,,,,,,,,,,
10561,LND,,,,,,,,,,,,
10562,LND,,,,,,,,,,,,
10563,LND,,,,,,,,,,,,
10564,LND,,,,,,,,,,,,
10565,LND,,,,,,,,,,,,
10566,LND,,,,,,,,,,,,
10567,LND,,,,,,,,,,,,
10568,LND,,,,,,,,,,,,
10569,LND,,,,,,,,,,,,
10570,LND,,,,,,,,,,,,
10571,CLN,73,2113,81,58219,630,2551,0.68,6383663,100,10000000,100,10000000
10572,LND,,,,,,,,,,,,
10573,LND,,,,,,,,,,,,
10574,LND,,,,,,,,,,,,
10575,LND,,,,,,,,,,,,
10576,LND,,,,,,,,,,,,
10577,LND,,,,,,,,,,,,
10578,CLN,75,2386,120,51464,645,2723,0.76,3696395,100,10000000,100,10000000
10579,LND,,,,,,,,,,,,
10580,LND,,,,,,,,,,,,
10581,LND,,,,,,,,,,,,
10582,LND,,,,,,,,,,,,
10583,LND,,,,,,,,,,,,
10584,LND,,,,,,,,,,,,
10585,LND,,,,,,,,,,,,
10586,LND,,,,,,,,,,,,
10587,LND,,,,,,,,,,,,
10588,LND,,,,,,,,,,,,
10589,LND,,,,,,,,,,,,
10590,LND,,,,,,,,,,,,
10591,LND,,,,,,,,,,,,
10592,CLN,63,2267,82,54800,600,2114,0.94,2075969,100,10000000,100,10000000
10593,LND,,,,,,,,,,,,
10594,LND,,,,,,,,,,,,
10595,LND,,,,,,,,,,,,
10596,LND,,,,,,,,,,,,
10597,LND,,,,,,,,,,,,
10598,LND,,,,,,,,,,,,
10599,CLN,67,1576,95,51296,737,2400,0.61,405,100,10000000,100,10000000
10600,LND,,,,,,,,,,,,
10601,LND,,,,,,,,,,,,
10602,LND,,,,,,,,,,,,
10603,LND,,,,,,,,,,,,
10604,LND,,,,,,,,,,,,
10605,LND,,,,,,,,,,,,
10606,LND,,,,,,,,,,,,
10607,LND,,,,,,,,,,,,
10608,LND,,,,,,,,,,,,
10609,LND,,,,,,,,,,,,
10610,LND,,,,,,,,,,,,
10611,LND,,,,,,,,,,,,
10612,LND,,,,,,,,,,,,
10613,LND,,,,,,,,,,,,
10614,LND,,,,,,,,,,,,
10615,LND,,,,,,,,,,,,
10616,LND,,,,,,,,,,,,
10617,LND,,,,,,,,,,,,
10618,LND,,,,,,,,,,,,
10619,LND,,,,,,,,,,,,
10620,LND,,,,,,,,,,,,
10621,LND,,,,,,,,,,,,
10622,LND,,,,,,,,,,,,
10623,LND,,,,,,,,,,,,
10624,LND,,,,,,,,,,,,
10625,LND,,,,,,,,,,,,
10626,LND,,,,,,,,,,,,
10627,LND,,,,,,,,,,,,
10628,LND,,,,,,,,,,,,
10629,LND,,,,,,,,,,,,
10630,LND,,,,,,,,,,,,
10631,LND,,,,,,,,,,,,
10632,LND,,,,,,,,,,,,
10633,LND,,,,,,,,,,,,
10634,LND,,,,,,,,,,,,
10635,LND,,,,,,,,,,,,
10636,LND,,,,,,,,,,,,
10637,LND,,,,,,,,,,,,
10638,LND,,,,,,,,,,,,
10639,LND,,,,,,,,,,,,
10640,LND,,,,,,,,,,,,
10641,LND,,,,,,,,,,,,
10642,LND,,,,,,,,,,,,
10643,LND,,,,,,,,,,,,
10644,LND,,,,,,,,,,,,
10645,LND,,,,,,,,,,,,
10646,LND,,,,,,,,,,,,
10647,LND,,,,,,,,,,,,
10648,CLN,75,1538,100,40903,747,2123,0.97,4080389,100,10000000,100,10000000
10649,LND,,,,,,,,,,,,
10650,LND,,,,,,,,,,,,
10651,LND,,,,,,,,,,,,
10652,LND,,,,,,,,,,,,
10653,LND,,,,,,,,,,,,
10654,LND,,,,,,,,,,,,
10655,LND,,,,,,,,,,,,
10656,LND,,,,,,,,,,,,
10657,LND,,,,,,,,,,,,
10658,LND,,,,,,,,,,,,
10659,LND,,,,,,,,,,,,
10660,LND,,,,,,,,,,,,
10661,LND,,,,,,,,,,,,
10662,CLN,60,1712,112,51734,644,2730,0.96,6927468,100,10000000,100,10000000
10663,LND,,,,,,,,,,,,
10664,LND,,,,,,,,,,,,
10665,LND,,,,,,,,,,,,
10666,LND,,,,,,,,,,,,
10667,LND,,,,,,,,,,,,
10668,LND,,,,,,,,,,,,
10669,LND,,,,,,,,,,,,
10670,LND,,,,,,,,,,,,
10671,LND,,,,,,,,,,,,
10672,LND,,,,,,,,,,,,
10673,CLN,55,1755,84,50436,706,2929,0.87,7403038,100,10000000,100,10000000
10674,LND,,,,,,,,,,,,
10675,LND,,,,,,,,,,,,
10676,LND,,,,,,,,,,,,
10677,LND,,,,,,,,,,,,
10678,LND,,,,,,,,,,,,
10679,CLN,56,2247,111,49339,764,2335,0.68,7889205,100,10000000,100,10000000
10680,LND,,,,,,,,,,,,
10681,LND,,,,,,,,,,,,
10682,LND,,,,,,,,,,,,
10683,LND,,,,,,,,,,,,
10684,LND,,,,,,,,,,,,
10685,LND,,,,,,,,,,,,
10686,LND,,,,,,,,,,,,
10687,LND,,,,,,,,,,,,
10688,LND,,,,,,,,,,,,
10689,LND,,,,,,,,,,,,
10690,LND,,,,,,,,,,,,
10691,LND,,,,,,,,,,,,
10692,LND,,,,,,,,,,,,
10693,LND,,,,,,,,,,,,
10694,LND,,,,,,,,,,,,
10695,LND,,,,,,,,,,,,
10696,LND,,,,,,,,,,,,
10697,LND,,,,,,,,,,,,
10698,LND,,,,,,,,,,,,
10699,CLN,56,1737,116,43354,727,2856,0.92,8700240,100,10000000,100,10000000
10700,LND,,,,,,,,,,,,
10701,LND,,,,,,,,,,,,
10702,CLN,55,2212,104,43551,656,2064,0.69,6484395,100,10000000,100,10000000
10703,LND,,,,,,,,,,,,
10704,LND,,,,,,,,,,,,
10705,LND,,,,,,,,,,,,
10706,CLN,58,2033,105,54030,760,2815,0.98,2231443,100,10000000,100,10000000
10707,LND,,,,,,,,,,,,
10708,LND,,,,,,,,,,,,
10709,LND,,,,,,,,,,,,
10710,LND,,,,,,,,,,,,
10711,LND,,,,,,,,,,,,
10712,LND,,,,,,,,,,,,
10713,CLN,60,2044,90,47331,670,2134,0.83,6445777,100,10000000,100,10000000
10714,LND,,,,,,,,,,,,
10715,LND,,,,,,,,,,,,
10716,LND,,,,,,,,,,,,
10717,LND,,,,,,,,,,,,
10718,LND,,,,,,,,,,,,
10719,LND,,,,,,,,,,,,
10720,LND,,,,,,,,,,,,
10721,LND,,,,,,,,,,,,
10722,LND,,,,,,,,,,,,
10723,LND,,,,,,,,,,,,
10724,LND,,,,,,,,,,,,
10725,LND,,,,,,,,,,,,
10726,LND,,,,,,,,,,,,
10727,LND,,,,,,,,,,,,
10728,LND,,,,,,,,,,,,
10729,LND,,,,,,,,,,,,
10730,CLN,56,1959,119,48590,731,2201,0.72,6389805,100,10000000,100,10000000
10731,LND,,,,,,,,,,,,
10732,LND,,,,,,,,,,,,
10733,LND,,,,,,,,,,,,
10734,CLN,63,1609,120,50100,741,2531,0.89,819426,100,10000000,100,10000000
10735,LND,,,,,,,,,,,,
10736,LND,,,,,,,,,,,,
10737,LND,,,,,,,,,,,,
10738,LND,,,,,,,,,,,,
10739,LND,,,,,,,,,,,,
10740,LND,,,,,,,,,,,,
10741,CLN,56,2340,84,42259,664,2981,0.92,9720412,100,10000000,100,10000000
10742,LND,,,,,,,,,,,,
10743,LND,,,,,,,,,,,,
10744,LND,,,,,,,,,,,,
10745,LND,,,,,,,,,,,,
10746,LND,,,,,,,,,,,,
10747,LND,,,,,,,,,,,,
10748,LND,,,,,,,,,,,,
10749,LND,,,,,,,,,,,,
10750,LND,,,,,,,,,,,,
10751,LND,,,,,,,,,,,,
10752,LND,,,,,,,,,,,,
10753,LND,,,,,,,,,,,,
10754,LND,,,,,,,,,,,,
10755,LND,,,,,,,,,,,,
10756,LND,,,,,,,,,,,,
10757,LND,,,,,,,,,,,,
10758,LND,,,,,,,,,,,,
10759,LND,,,,,,,,,,,,
10760,LND,,,,,,,,,,,,
10761,LND,,,,,,,,,,,,
10762,LND,,,,,,,,,,,,
10763,LND,,,,,,,,,,,,
10764,LND,,,,,,,,,,,,
10765,LND,,,,,,,,,,,,
10766,LND,,,,,,,,,,,,
10767,LND,,,,,,,,,,,,
10768,LND,,,,,,,,,,,,
10769,LND,,,,,,,,,,,,
10770,LND,,,,,,,,,,,,
10771,LND,,,,,,,,,,,,
10772,LND,,,,,,,,,,,,
10773,LND,,,,,,,,,,,,
10774,LND,,,,,,,,,,,,
10775,LND,,,,,,,,,,,,
10776,LND,,,,,,,,,,,,
10777,LND,,,,,,,,,,,,
10778,LND,,,,,,,,,,,,
10779,LND,,,,,,,,,,,,
10780,LND,,,,,,,,,,,,
10781,CLN,74,2493,98,53540,633,2139,0.91,6408363,100,10000000,100,10000000
10782,LND,,,,,,,,,,,,
10783,LND,,,,,,,,,,,,
10784,LND,,,,,,,,,,,,
10785,LND,,,,,,,,,,,,
10786,LND,,,,,,,,,,,,
10787,LND,,,,,,,,,,,,
10788,LND,,,,,,,,,,,,
10789,LND,,,,,,,,,,,,
10790,LND,,,,,,,,,,,,
10791,LND,,,,,,,,,,,,
10792,LND,,,,,,,,,,,,
10793,LND,,,,,,,,,,,,
10794,LND,,,,,,,,,,,,
10795,LND,,,,,,,,,,,,
10796,LND,,,,,,,,,,,,
10797,LND,,,,,,,,,,,,
10798,LND,,,,,,,,,,,,
10799,LND,,,,,,,,,,,,
10800,LND,,,,,,,,,,,,
10801,LND,,,,,,,,,,,,
10802,LND,,,,,,,,,,,,
10803,LND,,,,,,,,,,,,
10804,LND,,,,,,,,,,,,
10805,LND,,,,,,,,,,,,
10806,LND,,,,,,,,,,,,
10807,LND,,,,,,,,,,,,
10808,LND,,,,,,,,,,,,
10809,LND,,,,,,,,,,,,
10810,LND,,,,,,,,,,,,
10811,LND,,,,,,,,,,,,
10812,LND,,,,,,,,,,,,
10813,LND,,,,,,,,,,,,
10814,CLN,62,1503,118,58740,585,2303,0.85,2111792,100,10000000,100,10000000
10815,LND,,,,,,,,,,,,
10816,LND,,,,,,,,,,,,
10817,LND,,,,,,,,,,,,
10818,LND,,,,,,,,,,,,
10819,LND,,,,,,,,,,,,
10820,LND,,,,,,,,,,,,
10821,LND,,,,,,,,,,,,
10822,LND,,,,,,,,,,,,
10823,LND,,,,,,,,,,,,
10824,CLN,56,2169,80,44389,573,2928,0.64,3385273,100,10000000,100,10000000
10825,LND,,,,,,,,,,,,
10826,LND,,,,,,,,,,,,
10827,LND,,,,,,,,,,,,
10828,LND,,,,,,,,,,,,
10829,LND,,,,,,,,,,,,
10830,LND,,,,,,,,,,,,
10831,LND,,,,,,,,,,,,
10832,LND,,,,,,,,,,,,
10833,LND,,,,,,,,,,,,
10834,LND,,,,,,,,,,,,
10835,LND,,,,,,,,,,,,
10836,LND,,,,,,,,,,,,
10837,LND,,,,,,,,,,,,
10838,LND,,,,,,,,,,,,
10839,LND,,,,,,,,,,,,
10840,LND,,,,,,,,,,,,
10841,LND,,,,,,,,,,,,
10842,CLN,62,1744,109,45808,720,2596,0.7,6141779,100,10000000,100,10000000
10843,LND,,,,,,,,,,,,
10844,LND,,,,,,,,,,,,
10845,CLN,62,1746,113,55571,574,2058,0.79,3545078,100,10000000,100,10000000
10846,CLN,60,1722,89,54928,626,2365,0.98,2414115,100,10000000,100,10000000
10847,LND,,,,,,,,,,,,
10848,LND,,,,,,,,,,,,
10849,LND,,,,,,,,,,,,
10850,LND,,,,,,,,,,,,
10851,LND,,,,,,,,,,,,
10852,LND,,,,,,,,,,,,
10853,LND,,,,,,,,,,,,
10854,LND,,,,,,,,,,,,
10855,LND,,,,,,,,,,,,
10856,LND,,,,,,,,,,,,
10857,LND,,,,,,,,,,,,
10858,LND,,,,,,,,,,,,
10859,LND,,,,,,,,,,,,
10860,LND,,,,,,,,,,,,
10861,LND,,,,,,,,,,,,
10862,LND,,,,,,,,,,,,
10863,LND,,,,,,,,,,,,
10864,LND,,,,,,,,,,,,
10865,LND,,,,,,,,,,,,
10866,LND,,,,,,,,,,,,
10867,LND,,,,,,,,,,,,
10868,LND,,,,,,,,,,,,
10869,LND,,,,,,,,,,,,
10870,LND,,,,,,,,,,,,
10871,LND,,,,,,,,,,,,
10872,LND,,,,,,,,,,,,
10873,LND,,,,,,,,,,,,
10874,LND,,,,,,,,,,,,
10875,LND,,,,,,,,,,,,
10876,LND,,,,,,,,,,,,
10877,LND,,,,,,,,,,,,
10878,CLN,62,1851,104,48528,591,2089,0.91,1060558,100,10000000,100,10000000
10879,LND,,,,,,,,,,,,
10880,LND,,,,,,,,,,,,
10881,LND,,,,,,,,,,,,
10882,LND,,,,,,,,,,,,
10883,LND,,,,,,,,,,,,
10884,LND,,,,,,,,,,,,
10885,CLN,71,1842,87,43883,732,2293,0.93,9049876,100,10000000,100,10000000
10886,LND,,,,,,,,,,,,
10887,LND,,,,,,,,,,,,
10888,LND,,,,,,,,,,,,
10889,LND,,,,,,,,,,,,
10890,LND,,,,,,,,,,,,
10891,LND,,,,,,,,,,,,
10892,LND,,,,,,,,,,,,
10893,LND,,,,,,,,,,,,
10894,LND,,,,,,,,,,,,
10895,LND,,,,,,,,,,,,
10896,LND,,,,,,,,,,,,
10897,LND,,,,,,,,,,,,
10898,LND,,,,,,,,,,,,
10899,LND,,,,,,,,,,,,
10900,LND,,,,,,,,,,,,
10901,LND,,,,,,,,,,,,
10902,LND,,,,,,,,,,,,
10903,CLN,66,2302,106,49161,756,2222,0.73,8662886,100,10000000,100,10000000
10904,LND,,,,,,,,,,,,
10905,LND,,,,,,,,,,,,
10906,LND,,,,,,,,,,,,
10907,LND,,,,,,,,,,,,
10908,LND,,,,,,,,,,,,
10909,LND,,,,,,,,,,,,
10910,LND,,,,,,,,,,,,
10911,LND,,,,,,,,,,,,
10912,LND,,,,,,,,,,,,
10913,LND,,,,,,,,,,,,
10914,LND,,,,,,,,,,,,
10915,LND,,,,,,,,,,,,
10916,LND,,,,,,,,,,,,
10917,LND,,,,,,,,,,,,
10918,LND,,,,,,,,,,,,
10919,LND,,,,,,,,,,,,
10920,LND,,,,,,,,,,,,
10921,LND,,,,,,,,,,,,
10922,LND,,,,,,,,,,,,
10923,LND,,,,,,,,,,,,
10924,LND,,,,,,,,,,,,
10925,LND,,,,,,,,,,,,
10926,LND,,,,,,,,,,,,
10927,LND,,,,,,,,,,,,
10928,LND,,,,,,,,,,,,
10929,LND,,,,,,,,,,,,
10930,LND,,,,,,,,,,,,
10931,LND,,,,,,,,,,,,
10932,LND,,,,,,,,,,,,
10933,LND,,,,,,,,,,,,
10934,LND,,,,,,,,,,,,
10935,LND,,,,,,,,,,,,
10936,LND,,,,,,,,,,,,
10937,LND,,,,,,,,,,,,
10938,LND,,,,,,,,,,,,
10939,LND,,,,,,,,,,,,
10940,LND,,,,,,,,,,,,
10941,LND,,,,,,,,,,,,
10942,LND,,,,,,,,,,,,
10943,LND,,,,,,,,,,,,
10944,LND,,,,,,,,,,,,
10945,LND,,,,,,,,,,,,
10946,LND,,,,,,,,,,,,
10947,LND,,,,,,,,,,,,
10948,LND,,,,,,,,,,,,
10949,LND,,,,,,,,,,,,
10950,LND,,,,,,,,,,,,
10951,LND,,,,,,,,,,,,
10952,LND,,,,,,,,,,,,
10953,CLN,74,2368,96,41097,651,2095,0.67,5649952,100,10000000,100,10000000
10954,LND,,,,,,,,,,,,
10955,LND,,,,,,,,,,,,
10956,LND,,,,,,,,,,,,
10957,LND,,,,,,,,,,,,
10958,CLN,75,2073,88,45021,655,2348,0.81,9236295,100,10000000,100,10000000
10959,LND,,,,,,,,,,,,
10960,LND,,,,,,,,,,,,
10961,LND,,,,,,,,,,,,
10962,LND,,,,,,,,,,,,
10963,LND,,,,,,,,,,,,
10964,LND,,,,,,,,,,,,
10965,LND,,,,,,,,,,,,
10966,LND,,,,,,,,,,,,
10967,LND,,,,,,,,,,,,
10968,LND,,,,,,,,,,,,
10969,LND,,,,,,,,,,,,
10970,LND,,,,,,,,,,,,
10971,LND,,,,,,,,,,,,
10972,LND,,,,,,,,,,,,
10973,LND,,,,,,,,,,,,
10974,LND,,,,,,,,,,,,
10975,LND,,,,,,,,,,,,
10976,LND,,,,,,,,,,,,
10977,LND,,,,,,,,,,,,
10978,LND,,,,,,,,,,,,
10979,LND,,,,,,,,,,,,
10980,LND,,,,,,,,,,,,
10981,LND,,,,,,,,,,,,
10982,LND,,,,,,,,,,,,
10983,LND,,,,,,,,,,,,
10984,LND,,,,,,,,,,,,
10985,LND,,,,,,,,,,,,
10986,LND,,,,,,,,,,,,
10987,LND,,,,,,,,,,,,
10988,LND,,,,,,,,,,,,
10989,LND,,,,,,,,,,,,
10990,LND,,,,,,,,,,,,
10991,LND,,,,,,,,,,,,
10992,LND,,,,,,,,,,,,
10993,LND,,,,,,,,,,,,
10994,LND,,,,,,,,,,,,
10995,LND,,,,,,,,,,,,
10996,LND,,,,,,,,,,,,
10997,CLN,71,2118,93,59354,653,2741,0.98,4278441,100,10000000,100,10000000
10998,LND,,,,,,,,,,,,
10999,LND,,,,,,,,,,,,
11000,LND,,,,,,,,,,,,
11001,LND,,,,,,,,,,,,
11002,LND,,,,,,,,,,,,
11003,LND,,,,,,,,,,,,
11004,LND,,,,,,,,,,,,
11005,CLN,64,1522,85,42997,642,2105,0.77,17600,100,10000000,100,10000000
11006,LND,,,,,,,,,,,,
11007,LND,,,,,,,,,,,,
11008,LND,,,,,,,,,,,,
11009,LND,,,,,,,,,,,,
11010,LND,,,,,,,,,,,,
11011,LND,,,,,,,,,,,,
11012,LND,,,,,,,,,,,,
11013,LND,,,,,,,,,,,,
11014,LND,,,,,,,,,,,,
11015,LND,,,,,,,,,,,,
11016,LND,,,,,,,,,,,,
11017,LND,,,,,,,,,,,,
11018,CLN,60,1548,80,46414,738,2308,0.73,6392757,100,10000000,100,10000000
11019,LND,,,,,,,,,,,,
11020,LND,,,,,,,,,,,,
11021,LND,,,,,,,,,,,,
11022,LND,,,,,,,,,,,,
11023,LND,,,,,,,,,,,,
11024,LND,,,,,,,,,,,,
11025,LND,,,,,,,,,,,,
11026,LND,,,,,,,,,,,,
11027,LND,,,,,,,,,,,,
11028,LND,,,,,,,,,,,,
11029,LND,,,,,,,,,,,,
11030,LND,,,,,,,,,,,,
11031,LND,,,,,,,,,,,,
11032,LND,,,,,,,,,,,,
11033,LND,,,,,,,,,,,,
11034,CLN,58,2297,107,57511,647,2439,0.67,7964845,100,10000000,100,10000000
11035,CLN,74,1719,91,47815,723,2356,0.8,5181876,100,10000000,100,10000000
11036,LND,,,,,,,,,,,,
11037,LND,,,,,,,,,,,,
11038,LND,,,,,,,,,,,,
11039,LND,,,,,,,,,,,,
11040,LND,,,,,,,,,,,,
11041,LND,,,,,,,,,,,,
11042,LND,,,,,,,,,,,,
11043,LND,,,,,,,,,,,,
11044,LND,,,,,,,,,,,,
11045,LND,,,,,,,,,,,,
11046,LND,,,,,,,,,,,,
11047,LND,,,,,,,,,,,,
11048,LND,,,,,,,,,,,,
11049,LND,,,,,,,,,,,,
11050,LND,,,,,,,,,,,,
11051,LND,,,,,,,,,,,,
11052,CLN,70,1784,81,46937,606,2890,0.83,5209132,100,10000000,100,10000000
11053,LND,,,,,,,,,,,,
11054,LND,,,,,,,,,,,,
11055,LND,,,,,,,,,,,,
11056,LND,,,,,,,,,,,,
11057,LND,,,,,,,,,,,,
11058,LND,,,,,,,,,,,,
11059,LND,,,,,,,,,,,,
11060,LND,,,,,,,,,,,,
11061,CLN,57,2254,118,47149,712,2748,0.74,4073243,100,10000000,100,10000000
11062,LND,,,,,,,,,,,,
11063,LND,,,,,,,,,,,,
11064,LND,,,,,,,,,,,,
11065,LND,,,,,,,,,,,,
11066,LND,,,,,,,,,,,,
11067,CLN,61,1807,85,58412,694,2474,0.9,3532454,100,10000000,100,10000000
11068,LND,,,,,,,,,,,,
11069,LND,,,,,,,,,,,,
11070,CLN,64,2056,95,46534,586,2819,0.8,71358,100,10000000,100,10000000
11071,LND,,,,,,,,,,,,
11072,LND,,,,,,,,,,,,
11073,LND,,,,,,,,,,,,
11074,LND,,,,,,,,,,,,
11075,LND,,,,,,,,,,,,
11076,LND,,,,,,,,,,,,
11077,LND,,,,,,,,,,,,
11078,LND,,,,,,,,,,,,
11079,LND,,,,,,,,,,,,
11080,LND,,,,,,,,,,,,
11081,LND,,,,,,,,,,,,
11082,LND,,,,,,,,,,,,
11083,LND,,,,,,,,,,,,
11084,LND,,,,,,,,,,,,
11085,CLN,61,1559,106,44144,682,2613,0.88,9664362,100,10000000,100,10000000
11086,LND,,,,,,,,,,,,
11087,LND,,,,,,,,,,,,
11088,LND,,,,,,,,,,,,
11089,LND,,,,,,,,,,,,
11090,LND,,,,,,,,,,,,
11091,LND,,,,,,,,,,,,
11092,LND,,,,,,,,,,,,
11093,LND,,,,,,,,,,,,
11094,LND,,,,,,,,,,,,
11095,LND,,,,,,,,,,,,
11096,LND,,,,,,,,,,,,
11097,LND,,,,,,,,,,,,
11098,LND,,,,,,,,,,,,
11099,LND,,,,,,,,,,,,
11100,LND,,,,,,,,,,,,
11101,LND,,,,,,,,,,,,
11102,LND,,,,,,,,,,,,
11103,LND,,,,,,,,,,,,
11104,LND,,,,,,,,,,,,
11105,LND,,,,,,,,,,,,
11106,LND,,,,,,,,,,,,
11107,LND,,,,,,,,,,,,
11108,LND,,,,,,,,,,,,
11109,LND,,,,,,,,,,,,
11110,LND,,,,,,,,,,,,
11111,LND,,,,,,,,,,,,
11112,LND,,,,,,,,,,,,
11113,LND,,,,,,,,,,,,
11114,LND,,,,,,,,,,,,
11115,LND,,,,,,,,,,,,
11116,LND,,,,,,,,,,,,
11117,LND,,,,,,,,,,,,
11118,LND,,,,,,,,,,,,
11119,LND,,,,,,,,,,,,
11120,LND,,,,,,,,,,,,
11121,LND,,,,,,,,,,,,
11122,LND,,,,,,,,,,,,
11123,CLN,62,2017,92,56878,723,2475,0.78,2698397,100,10000000,100,10000000
11124,LND,,,,,,,,,,,,
11125,LND,,,,,,,,,,,,
11126,LND,,,,,,,,,,,,
11127,LND,,,,,,,,,,,,
11128,LND,,,,,,,,,,,,
11129,LND,,,,,,,,,,,,
11130,LND,,,,,,,,,,,,
11131,CLN,58,1773,113,40908,763,2653,0.7,4978994,100,10000000,100,10000000
11132,LND,,,,,,,,,,,,
11133,CLN,64,2259,91,49676,582,2351,0.71,9356676,100,10000000,100,10000000
11134,LND,,,,,,,,,,,,
11135,LND,,,,,,,,,,,,
11136,LND,,,,,,,,,,,,
11137,LND,,,,,,,,,,,,
11138,LND,,,,,,,,,,,,
11139,LND,,,,,,,,,,,,
11140,LND,,,,,,,,,,,,
11141,LND,,,,,,,,,,,,
11142,LND,,,,,,,,,,,,
11143,LND,,,,,,,,,,,,
11144,LND,,,,,,,,,,,,
11145,LND,,,,,,,,,,,,
11146,LND,,,,,,,,,,,,
11147,LND,,,,,,,,,,,,
11148,LND,,,,,,,,,,,,
11149,LND,,,,,,,,,,,,
11150,LND,,,,,,,,,,,,
11151,LND,,,,,,,,,,,,
11152,LND,,,,,,,,,,,,
11153,LND,,,,,,,,,,,,
11154,LND,,,,,,,,,,,,
11155,LND,,,,,,,,,,,,
11156,LND,,,,,,,,,,,,
11157,LND,,,,,,,,,,,,
11158,CLN,62,1884,96,53924,694,2264,0.63,9603425,100,10000000,100,10000000
11159,LND,,,,,,,,,,,,
11160,LND,,,,,,,,,,,,
11161,LND,,,,,,,,,,,,
11162,LND,,,,,,,,,,,,
11163,LND,,,,,,,,,,,,
11164,LND,,,,,,,,,,,,
11165,LND,,,,,,,,,,,,
11166,CLN,58,1549,96,40997,632,2949,0.83,5355822,100,10000000,100,10000000
11167,LND,,,,,,,,,,,,
11168,LND,,,,,,,,,,,,
11169,LND,,,,,,,,,,,,
11170,LND,,,,,,,,,,,,
11171,LND,,,,,,,,,,,,
11172,LND,,,,,,,,,,,,
11173,LND,,,,,,,,,,,,
11174,LND,,,,,,,,,,,,
11175,LND,,,,,,,,,,,,
11176,LND,,,,,,,,,,,,
11177,LND,,,,,,,,,,,,
11178,LND,,,,,,,,,,,,
11179,LND,,,,,,,,,,,,
11180,LND,,,,,,,,,,,,
11181,LND,,,,,,,,,,,,
11182,LND,,,,,,,,,,,,
11183,LND,,,,,,,,,,,,
11184,LND,,,,,,,,,,,,
11185,LND,,,,,,,,,,,,
11186,LND,,,,,,,,,,,,
11187,LND,,,,,,,,,,,,
11188,LND,,,,,,,,,,,,
11189,LND,,,,,,,,,,,,
11190,LND,,,,,,,,,,,,
11191,CLN,71,1928,82,41336,593,2833,0.97,3891827,100,10000000,100,10000000
11192,LND,,,,,,,,,,,,
11193,LND,,,,,,,,,,,,
11194,LND,,,,,,,,,,,,
11195,LND,,,,,,,,,,,,
11196,LND,,,,,,,,,,,,
11197,LND,,,,,,,,,,,,
11198,LND,,,,,,,,,,,,
11199,LND,,,,,,,,,,,,
11200,LND,,,,,,,,,,,,
11201,LND,,,,,,,,,,,,
11202,LND,,,,,,,,,,,,
11203,CLN,63,2457,101,50574,661,2790,0.66,5766228,100,10000000,100,10000000
11204,LND,,,,,,,,,,,,
11205,LND,,,,,,,,,,,,
11206,LND,,,,,,,,,,,,
11207,LND,,,,,,,,,,,,
11208,LND,,,,,,,,,,,,
11209,LND,,,,,,,,,,,,
11210,LND,,,,,,,,,,,,
11211,LND,,,,,,,,,,,,
11212,LND,,,,,,,,,,,,
11213,LND,,,,,,,,,,,,
11214,LND,,,,,,,,,,,,
11215,LND,,,,,,,,,,,,
11216,LND,,,,,,,,,,,,
11217,LND,,,,,,,,,,,,
11218,LND,,,,,,,,,,,,
11219,LND,,,,,,,,,,,,
11220,LND,,,,,,,,,,,,
11221,LND,,,,,,,,,,,,
11222,LND,,,,,,,,,,,,
11223,LND,,,,,,,,,,,,
11224,LND,,,,,,,,,,,,
11225,LND,,,,,,,,,,,,
11226,LND,,,,,,,,,,,,
11227,LND,,,,,,,,,,,,
11228,CLN,66,2437,87,54566,580,2573,0.65,2090279,100,10000000,100,10000000
11229,LND,,,,,,,,,,,,
11230,LND,,,,,,,,,,,,
11231,LND,,,,,,,,,,,,
11232,LND,,,,,,,,,,,,
11233,LND,,,,,,,,,,,,
11234,LND,,,,,,,,,,,,
11235,LND,,,,,,,,,,,,
11236,LND,,,,,,,,,,,,
11237,LND,,,,,,,,,,,,
11238,LND,,,,,,,,,,,,
11239,LND,,,,,,,,,,,,
11240,LND,,,,,,,,,,,,
11241,LND,,,,,,,,,,,,
11242,LND,,,,,,,,,,,,
11243,LND,,,,,,,,,,,,
11244,LND,,,,,,,,,,,,
11245,LND,,,,,,,,,,,,
11246,LND,,,,,,,,,,,,
11247,LND,,,,,,,,,,,,
11248,LND,,,,,,,,,,,,
11249,LND,,,,,,,,,,,,
11250,LND,,,,,,,,,,,,
11251,LND,,,,,,,,,,,,
11252,LND,,,,,,,,,,,,
11253,CLN,74,1801,118,50624,700,2124,0.62,5019653,100,10000000,100,10000000
11254,LND,,,,,,,,,,,,
11255,LND,,,,,,,,,,,,
11256,LND,,,,,,,,,,,,
11257,LND,,,,,,,,,,,,
11258,LND,,,,,,,,,,,,
11259,LND,,,,,,,,,,,,
11260,LND,,,,,,,,,,,,
11261,LND,,,,,,,,,,,,
11262,LND,,,,,,,,,,,,
11263,LND,,,,,,,,,,,,
11264,LND,,,,,,,,,,,,
11265,LND,,,,,,,,,,,,
11266,LND,,,,,,,,,,,,
11267,LND,,,,,,,,,,,,
11268,LND,,,,,,,,,,,,
11269,LND,,,,,,,,,,,,
11270,LND,,,,,,,,,,,,
11271,LND,,,,,,,,,,,,
11272,LND,,,,,,,,,,,,
11273,LND,,,,,,,,,,,,
11274,CLN,65,2274,106,55141,614,2286,0.8,6511589,100,10000000,100,10000000
11275,LND,,,,,,,,,,,,
11276,LND,,,,,,,,,,,,
11277,CLN,69,1661,108,58754,694,2114,0.61,2542763,100,10000000,100,10000000
11278,LND,,,,,,,,,,,,
11279,LND,,,,,,,,,,,,
11280,LND,,,,,,,,,,,,
11281,LND,,,,,,,,,,,,
11282,LND,,,,,,,,,,,,
11283,LND,,,,,,,,,,,,
11284,LND,,,,,,,,,,,,
11285,LND,,,,,,,,,,,,
11286,LND,,,,,,,,,,,,
11287,LND,,,,,,,,,,,,
11288,LND,,,,,,,,,,,,
11289,LND,,,,,,,,,,,,
11290,LND,,,,,,,,,,,,
11291,LND,,,,,,,,,,,,
11292,LND,,,,,,,,,,,,
11293,LND,,,,,,,,,,,,
11294,LND,,,,,,,,,,,,
11295,CLN,64,2376,83,53442,766,2209,0.83,3160264,100,10000000,100,10000000
11296,LND,,,,,,,,,,,,
11297,LND,,,,,,,,,,,,
11298,LND,,,,,,,,,,,,
11299,LND,,,,,,,,,,,,
11300,LND,,,,,,,,,,,,
11301,LND,,,,,,,,,,,,
11302,LND,,,,,,,,,,,,
11303,LND,,,,,,,,,,,,
11304,LND,,,,,,,,,,,,
11305,LND,,,,,,,,,,,,
11306,LND,,,,,,,,,,,,
11307,LND,,,,,,,,,,,,
11308,LND,,,,,,,,,,,,
11309,LND,,,,,,,,,,,,
11310,LND,,,,,,,,,,,,
11311,LND,,,,,,,,,,,,
11312,LND,,,,,,,,,,,,
11313,LND,,,,,,,,,,,,
11314,LND,,,,,,,,,,,,
11315,LND,,,,,,,,,,,,
11316,LND,,,,,,,,,,,,
11317,LND,,,,,,,,,,,,
11318,LND,,,,,,,,,,,,
11319,LND,,,,,,,,,,,,
11320,LND,,,,,,,,,,,,
11321,LND,,,,,,,,,,,,
11322,LND,,,,,,,,,,,,
11323,LND,,,,,,,,,,,,
11324,LND,,,,,,,,,,,,
11325,CLN,70,1995,109,52708,624,2974,0.67,6482080,100,10000000,100,10000000
11326,LND,,,,,,,,,,,,
11327,CLN,75,2331,90,58485,626,2605,0.74,8318868,100,10000000,100,10000000
11328,LND,,,,,,,,,,,,
11329,LND,,,,,,,,,,,,
11330,CLN,64,1996,115,41366,668,2208,0.73,8150898,100,10000000,100,10000000
11331,LND,,,,,,,,,,,,
11332,LND,,,,,,,,,,,,
11333,LND,,,,,,,,,,,,
11334,LND,,,,,,,,,,,,
11335,LND,,,,,,,,,,,,
11336,LND,,,,,,,,,,,,
11337,LND,,,,,,,,,,,,
11338,LND,,,,,,,,,,,,
11339,LND,,,,,,,,,,,,
11340,LND,,,,,,,,,,,,
11341,LND,,,,,,,,,,,,
11342,LND,,,,,,,,,,,,
11343,CLN,58,2424,105,45277,602,2983,0.63,8744565,100,10000000,100,10000000
11344,LND,,,,,,,,,,,,
11345,LND,,,,,,,,,,,,
11346,LND,,,,,,,,,,,,
11347,CLN,61,1548,120,57058,717,2189,0.79,6963145,100,10000000,100,10000000
11348,LND,,,,,,,,,,,,
11349,LND,,,,,,,,,,,,
11350,LND,,,,,,,,,,,,
11351,LND,,,,,,,,,,,,
11352,LND,,,,,,,,,,,,
11353,LND,,,,,,,,,,,,
11354,LND,,,,,,,,,,,,
11355,LND,,,,,,,,,,,,
11356,LND,,,,,,,,,,,,
11357,CLN,73,1507,83,52183,687,2505,0.9,8123414,100,10000000,100,10000000
11358,LND,,,,,,,,,,,,
11359,LND,,,,,,,,,,,,
11360,LND,,,,,,,,,,,,
11361,LND,,,,,,,,,,,,
11362,LND,,,,,,,,,,,,
11363,LND,,,,,,,,,,,,
11364,LND,,,,,,,,,,,,
11365,LND,,,,,,,,,,,,
11366,LND,,,,,,,,,,,,
11367,LND,,,,,,,,,,,,
11368,LND,,,,,,,,,,,,
11369,LND,,,,,,,,,,,,
11370,LND,,,,,,,,,,,,
11371,LND,,,,,,,,,,,,
11372,LND,,,,,,,,,,,,
11373,LND,,,,,,,,,,,,
11374,LND,,,,,,,,,,,,
11375,LND,,,,,,,,,,,,
11376,LND,,,,,,,,,,,,
11377,LND,,,,,,,,,,,,
11378,LND,,,,,,,,,,,,
11379,CLN,73,2203,99,54131,571,2641,0.73,1139555,100,10000000,100,10000000
11380,LND,,,,,,,,,,,,
11381,LND,,,,,,,,,,,,
11382,CLN,72,2287,98,43445,687,2711,0.61,473690,100,10000000,100,10000000
11383,LND,,,,,,,,,,,,
11384,CLN,63,1544,114,59475,742,2936,0.81,7412118,100,10000000,100,10000000
11385,LND,,,,,,,,,,,,
11386,LND,,,,,,,,,,,,
11387,LND,,,,,,,,,,,,
11388,LND,,,,,,,,,,,,
11389,LND,,,,,,,,,,,,
11390,CLN,67,2258,99,51094,647,2285,0.94,8513363,100,10000000,100,10000000
11391,LND,,,,,,,,,,,,
11392,LND,,,,,,,,,,,,
11393,LND,,,,,,,,,,,,
11394,LND,,,,,,,,,,,,
11395,LND,,,,,,,,,,,,
11396,LND,,,,,,,,,,,,
11397,LND,,,,,,,,,,,,
11398,LND,,,,,,,,,,,,
11399,LND,,,,,,,,,,,,
11400,LND,,,,,,,,,,,,
11401,LND,,,,,,,,,,,,
11402,LND,,,,,,,,,,,,
11403,CLN,58,2330,97,41894,679,2882,0.74,728624,100,10000000,100,10000000
11404,LND,,,,,,,,,,,,
11405,LND,,,,,,,,,,,,
11406,LND,,,,,,,,,,,,
11407,LND,,,,,,,,,,,,
11408,LND,,,,,,,,,,,,
11409,LND,,,,,,,,,,,,
11410,LND,,,,,,,,,,,,
11411,LND,,,,,,,,,,,,
11412,LND,,,,,,,,,,,,
11413,LND,,,,,,,,,,,,
11414,LND,,,,,,,,,,,,
11415,LND,,,,,,,,,,,,
11416,LND,,,,,,,,,,,,
11417,LND,,,,,,,,,,,,
11418,LND,,,,,,,,,,,,
11419,LND,,,,,,,,,,,,
11420,LND,,,,,,,,,,,,
11421,LND,,,,,,,,,,,,
11422,LND,,,,,,,,,,,,
11423,LND,,,,,,,,,,,,
11424,LND,,,,,,,,,,,,
11425,LND,,,,,,,,,,,,
11426,LND,,,,,,,,,,,,
11427,LND,,,,,,,,,,,,
11428,LND,,,,,,,,,,,,
11429,LND,,,,,,,,,,,,
11430,LND,,,,,,,,,,,,
11431,LND,,,,,,,,,,,,
11432,LND,,,,,,,,,,,,
11433,LND,,,,,,,,,,,,
11434,LND,,,,,,,,,,,,
11435,LND,,,,,,,,,,,,
11436,LND,,,,,,,,,,,,
11437,LND,,,,,,,,,,,,
11438,LND,,,,,,,,,,,,
11439,LND,,,,,,,,,,,,
11440,LND,,,,,,,,,,,,
11441,LND,,,,,,,,,,,,
11442,LND,,,,,,,,,,,,
11443,LND,,,,,,,,,,,,
11444,LND,,,,,,,,,,,,
11445,LND,,,,,,,,,,,,
11446,LND,,,,,,,,,,,,
11447,CLN,71,1722,99,42769,600,2334,0.67,575767,100,10000000,100,10000000
11448,LND,,,,,,,,,,,,
11449,LND,,,,,,,,,,,,
11450,LND,,,,,,,,,,,,
11451,LND,,,,,,,,,,,,
11452,LND,,,,,,,,,,,,
11453,LND,,,,,,,,,,,,
11454,LND,,,,,,,,,,,,
11455,LND,,,,,,,,,,,,
11456,LND,,,,,,,,,,,,
11457,LND,,,,,,,,,,,,
11458,LND,,,,,,,,,,,,
11459,LND,,,,,,,,,,,,
11460,LND,,,,,,,,,,,,
11461,LND,,,,,,,,,,,,
11462,LND,,,,,,,,,,,,
11463,LND,,,,,,,,,,,,
11464,LND,,,,,,,,,,,,
11465,LND,,,,,,,,,,,,
11466,LND,,,,,,,,,,,,
11467,LND,,,,,,,,,,,,
11468,LND,,,,,,,,,,,,
11469,LND,,,,,,,,,,,,
11470,LND,,,,,,,,,,,,
11471,LND,,,,,,,,,,,,
11472,LND,,,,,,,,,,,,
11473,LND,,,,,,,,,,,,
11474,LND,,,,,,,,,,,,
11475,LND,,,,,,,,,,,,
11476,LND,,,,,,,,,,,,
11477,LND,,,,,,,,,,,,
11478,LND,,,,,,,,,,,,
11479,LND,,,,,,,,,,,,
11480,LND,,,,,,,,,,,,
11481,CLN,61,1961,94,48934,712,2868,0.94,6011754,100,10000000,100,10000000
11482,LND,,,,,,,,,,,,
11483,LND,,,,,,,,,,,,
11484,LND,,,,,,,,,,,,
11485,LND,,,,,,,,,,,,
11486,LND,,,,,,,,,,,,
11487,LND,,,,,,,,,,,,
11488,LND,,,,,,,,,,,,
11489,LND,,,,,,,,,,,,
11490,LND,,,,,,,,,,,,
11491,LND,,,,,,,,,,,,
11492,LND,,,,,,,,,,,,
11493,LND,,,,,,,,,,,,
11494,LND,,,,,,,,,,,,
11495,LND,,,,,,,,,,,,
11496,CLN,74,1500,106,59275,698,2951,0.91,36128,100,10000000,100,10000000
11497,LND,,,,,,,,,,,,
11498,LND,,,,,,,,,,,,
11499,LND,,,,,,,,,,,,
11500,LND,,,,,,,,,,,,
11501,LND,,,,,,,,,,,,
11502,LND,,,,,,,,,,,,
11503,LND,,,,,,,,,,,,
11504,LND,,,,,,,,,,,,
11505,LND,,,,,,,,,,,,
11506,LND,,,,,,,,,,,,
11507,LND,,,,,,,,,,,,
11508,LND,,,,,,,,,,,,
11509,LND,,,,,,,,,,,,
11510,LND,,,,,,,,,,,,
11511,LND,,,,,,,,,,,,
11512,LND,,,,,,,,,,,,
11513,LND,,,,,,,,,,,,
11514,LND,,,,,,,,,,,,
11515,LND,,,,,,,,,,,,
11516,LND,,,,,,,,,,,,
11517,LND,,,,,,,,,,,,
11518,LND,,,,,,,,,,,,
11519,LND,,,,,,,,,,,,
11520,CLN,67,2134,101,50976,692,2733,0.73,4547931,100,10000000,100,10000000
11521,LND,,,,,,,,,,,,
11522,LND,,,,,,,,,,,,
11523,CLN,68,2390,98,40810,571,2684,0.63,4852234,100,10000000,100,10000000
11524,LND,,,,,,,,,,,,
11525,LND,,,,,,,,,,,,
11526,LND,,,,,,,,,,,,
11527,LND,,,,,,,,,,,,
11528,LND,,,,,,,,,,,,
11529,LND,,,,,,,,,,,,
11530,LND,,,,,,,,,,,,
11531,LND,,,,,,,,,,,,
11532,LND,,,,,,,,,,,,
11533,LND,,,,,,,,,,,,
11534,LND,,,,,,,,,,,,
11535,CLN,64,1845,104,51229,765,2304,0.66,4368463,100,10000000,100,10000000
11536,LND,,,,,,,,,,,,
11537,LND,,,,,,,,,,,,
11538,LND,,,,,,,,,,,,
11539,LND,,,,,,,,,,,,
11540,LND,,,,,,,,,,,,
11541,LND,,,,,,,,,,,,
11542,LND,,,,,,,,,,,,
11543,LND,,,,,,,,,,,,
11544,LND,,,,,,,,,,,,
11545,LND,,,,,,,,,,,,
11546,LND,,,,,,,,,,,,
11547,LND,,,,,,,,,,,,
11548,LND,,,,,,,,,,,,
11549,LND,,,,,,,,,,,,
11550,LND,,,,,,,,,,,,
11551,LND,,,,,,,,,,,,
11552,LND,,,,,,,,,,,,
11553,LND,,,,,,,,,,,,
11554,LND,,,,,,,,,,,,
11555,LND,,,,,,,,,,,,
11556,CLN,63,1928,113,55212,762,2684,0.98,2492704,100,10000000,100,10000000
11557,LND,,,,,,,,,,,,
11558,LND,,,,,,,,,,,,
11559,LND,,,,,,,,,,,,
11560,LND,,,,,,,,,,,,
11561,LND,,,,,,,,,,,,
11562,LND,,,,,,,,,,,,
11563,LND,,,,,,,,,,,,
11564,CLN,75,1916,111,56727,686,2157,0.79,9560473,100,10000000,100,10000000
11565,LND,,,,,,,,,,,,
11566,LND,,,,,,,,,,,,
11567,LND,,,,,,,,,,,,
11568,LND,,,,,,,,,,,,
11569,CLN,66,2350,84,50391,658,2132,0.69,3693320,100,10000000,100,10000000
11570,LND,,,,,,,,,,,,
11571,LND,,,,,,,,,,,,
11572,LND,,,,,,,,,,,,
11573,LND,,,,,,,,,,,,
11574,LND,,,,,,,,,,,,
11575,LND,,,,,,,,,,,,
11576,LND,,,,,,,,,,,,
11577,LND,,,,,,,,,,,,
11578,LND,,,,,,,,,,,,
11579,LND,,,,,,,,,,,,
11580,LND,,,,,,,,,,,,
11581,LND,,,,,,,,,,,,
11582,LND,,,,,,,,,,,,
11583,CLN,60,2077,88,47926,660,2769,0.72,9744922,100,10000000,100,10000000
11584,LND,,,,,,,,,,,,
11585,LND,,,,,,,,,,,,
11586,LND,,,,,,,,,,,,
11587,LND,,,,,,,,,,,,
11588,LND,,,,,,,,,,,,
11589,LND,,,,,,,,,,,,
11590,LND,,,,,,,,,,,,
11591,LND,,,,,,,,,,,,
11592,LND,,,,,,,,,,,,
11593,LND,,,,,,,,,,,,
11594,LND,,,,,,,,,,,,
11595,LND,,,,,,,,,,,,
11596,LND,,,,,,,,,,,,
11597,LND,,,,,,,,,,,,
11598,LND,,,,,,,,,,,,
11599,LND,,,,,,,,,,,,
11600,LND,,,,,,,,,,,,
11601,LND,,,,,,,,,,,,
11602,LND,,,,,,,,,,,,
11603,LND,,,,,,,,,,,,
11604,LND,,,,,,,,,,,,
11605,LND,,,,,,,,,,,,
11606,LND,,,,,,,,,,,,
11607,LND,,,,,,,,,,,,
11608,LND,,,,,,,,,,,,
11609,LND,,,,,,,,,,,,
11610,LND,,,,,,,,,,,,
11611,LND,,,,,,,,,,,,
11612,LND,,,,,,,,,,,,
11613,LND,,,,,,,,,,,,
11614,LND,,,,,,,,,,,,
11615,LND,,,,,,,,,,,,
11616,LND,,,,,,,,,,,,
11617,LND,,,,,,,,,,,,
11618,LND,,,,,,,,,,,,
11619,LND,,,,,,,,,,,,
11620,LND,,,,,,,,,,,,
11621,LND,,,,,,,,,,,,
11622,LND,,,,,,,,,,,,
11623,LND,,,,,,,,,,,,
11624,LND,,,,,,,,,,,,
11625,LND,,,,,,,,,,,,
11626,LND,,,,,,,,,,,,
11627,LND,,,,,,,,,,,,
11628,LND,,,,,,,,,,,,
11629,LND,,,,,,,,,,,,
11630,LND,,,,,,,,,,,,
11631,LND,,,,,,,,,,,,
11632,LND,,,,,,,,,,,,
11633,LND,,,,,,,,,,,,
11634,LND,,,,,,,,,,,,
11635,LND,,,,,,,,,,,,
11636,LND,,,,,,,,,,,,
11637,LND,,,,,,,,,,,,
11638,LND,,,,,,,,,,,,
11639,CLN,58,1694,82,57882,702,2812,0.86,4985133,100,10000000,100,10000000
11640,LND,,,,,,,,,,,,
11641,LND,,,,,,,,,,,,
11642,CLN,71,1757,118,59772,639,2966,0.68,2516359,100,10000000,100,10000000
11643,LND,,,,,,,,,,,,
11644,LND,,,,,,,,,,,,
11645,LND,,,,,,,,,,,,
11646,LND,,,,,,,,,,,,
11647,LND,,,,,,,,,,,,
11648,CLN,63,2263,102,53453,596,2030,0.61,2102551,100,10000000,100,10000000
11649,LND,,,,,,,,,,,,
11650,LND,,,,,,,,,,,,
11651,LND,,,,,,,,,,,,
11652,LND,,,,,,,,,,,,
11653,LND,,,,,,,,,,,,
11654,LND,,,,,,,,,,,,
11655,LND,,,,,,,,,,,,
11656,LND,,,,,,,,,,,,
11657,LND,,,,,,,,,,,,
11658,LND,,,,,,,,,,,,
11659,LND,,,,,,,,,,,,
11660,LND,,,,,,,,,,,,
11661,LND,,,,,,,,,,,,
11662,LND,,,,,,,,,,,,
11663,LND,,,,,,,,,,,,
11664,LND,,,,,,,,,,,,
11665,LND,,,,,,,,,,,,
11666,LND,,,,,,,,,,,,
11667,LND,,,,,,,,,,,,
11668,LND,,,,,,,,,,,,
11669,LND,,,,,,,,,,,,
11670,CLN,71,1954,100,55416,746,2463,0.73,586018,100,10000000,100,10000000
11671,LND,,,,,,,,,,,,
11672,LND,,,,,,,,,,,,
11673,LND,,,,,,,,,,,,
11674,LND,,,,,,,,,,,,
11675,CLN,67,2056,112,43132,575,2536,0.6,6461188,100,10000000,100,10000000
11676,LND,,,,,,,,,,,,
11677,LND,,,,,,,,,,,,
11678,LND,,,,,,,,,,,,
11679,LND,,,,,,,,,,,,
11680,LND,,,,,,,,,,,,
11681,LND,,,,,,,,,,,,
11682,LND,,,,,,,,,,,,
11683,LND,,,,,,,,,,,,
11684,LND,,,,,,,,,,,,
11685,LND,,,,,,,,,,,,
11686,LND,,,,,,,,,,,,
11687,LND,,,,,,,,,,,,
11688,LND,,,,,,,,,,,,
11689,LND,,,,,,,,,,,,
11690,CLN,62,1969,91,42837,643,2542,0.75,7453638,100,10000000,100,10000000
11691,LND,,,,,,,,,,,,
11692,LND,,,,,,,,,,,,
11693,LND,,,,,,,,,,,,
11694,LND,,,,,,,,,,,,
11695,LND,,,,,,,,,,,,
11696,LND,,,,,,,,,,,,
11697,LND,,,,,,,,,,,,
11698,LND,,,,,,,,,,,,
11699,LND,,,,,,,,,,,,
11700,LND,,,,,,,,,,,,
11701,LND,,,,,,,,,,,,
11702,LND,,,,,,,,,,,,
11703,LND,,,,,,,,,,,,
11704,LND,,,,,,,,,,,,
11705,LND,,,,,,,,,,,,
11706,LND,,,,,,,,,,,,
11707,LND,,,,,,,,,,,,
11708,LND,,,,,,,,,,,,
11709,LND,,,,,,,,,,,,
11710,LND,,,,,,,,,,,,
11711,LND,,,,,,,,,,,,
11712,LND,,,,,,,,,,,,
11713,LND,,,,,,,,,,,,
11714,LND,,,,,,,,,,,,
11715,LND,,,,,,,,,,,,
11716,LND,,,,,,,,,,,,
11717,LND,,,,,,,,,,,,
11718,LND,,,,,,,,,,,,
11719,LND,,,,,,,,,,,,
11720,LND,,,,,,,,,,,,
11721,LND,,,,,,,,,,,,
11722,LND,,,,,,,,,,,,
11723,LND,,,,,,,,,,,,
11724,LND,,,,,,,,,,,,
11725,LND,,,,,,,,,,,,
11726,LND,,,,,,,,,,,,
11727,LND,,,,,,,,,,,,
11728,LND,,,,,,,,,,,,
11729,LND,,,,,,,,,,,,
11730,LND,,,,,,,,,,,,
11731,LND,,,,,,,,,,,,
11732,LND,,,,,,,,,,,,
11733,LND,,,,,,,,,,,,
11734,LND,,,,,,,,,,,,
11735,LND,,,,,,,,,,,,
11736,LND,,,,,,,,,,,,
11737,LND,,,,,,,,,,,,
11738,LND,,,,,,,,,,,,
11739,CLN,56,1635,116,48305,693,2484,0.94,8021985,100,10000000,100,10000000
11740,LND,,,,,,,,,,,,
11741,LND,,,,,,,,,,,,
11742,LND,,,,,,,,,,,,
11743,LND,,,,,,,,,,,,
11744,LND,,,,,,,,,,,,
11745,CLN,66,2257,117,49114,699,2720,0.96,7661357,100,10000000,100,10000000
11746,LND,,,,,,,,,,,,
11747,LND,,,,,,,,,,,,
11748,LND,,,,,,,,,,,,
11749,LND,,,,,,,,,,,,
11750,LND,,,,,,,,,,,,
11751,LND,,,,,,,,,,,,
11752,LND,,,,,,,,,,,,
11753,LND,,,,,,,,,,,,
11754,LND,,,,,,,,,,,,
11755,LND,,,,,,,,,,,,
11756,LND,,,,,,,,,,,,
11757,LND,,,,,,,,,,,,
11758,LND,,,,,,,,,,,,
11759,LND,,,,,,,,,,,,
11760,LND,,,,,,,,,,,,
11761,CLN,55,1532,96,48642,582,2269,0.76,243867,100,10000000,100,10000000
11762,LND,,,,,,,,,,,,
11763,LND,,,,,,,,,,,,
11764,LND,,,,,,,,,,,,
11765,LND,,,,,,,,,,,,
11766,LND,,,,,,,,,,,,
11767,LND,,,,,,,,,,,,
11768,LND,,,,,,,,,,,,
11769,LND,,,,,,,,,,,,
11770,LND,,,,,,,,,,,,
11771,LND,,,,,,,,,,,,
11772,LND,,,,,,,,,,,,
11773,CLN,73,1657,105,58730,670,2718,0.75,2154136,100,10000000,100,10000000
11774,LND,,,,,,,,,,,,
11775,LND,,,,,,,,,,,,
11776,LND,,,,,,,,,,,,
11777,LND,,,,,,,,,,,,
11778,LND,,,,,,,,,,,,
11779,LND,,,,,,,,,,,,
11780,LND,,,,,,,,,,,,
11781,LND,,,,,,,,,,,,
11782,LND,,,,,,,,,,,,
11783,LND,,,,,,,,,,,,
11784,LND,,,,,,,,,,,,
11785,LND,,,,,,,,,,,,
11786,LND,,,,,,,,,,,,
11787,LND,,,,,,,,,,,,
11788,LND,,,,,,,,,,,,
11789,LND,,,,,,,,,,,,
11790,LND,,,,,,,,,,,,
11791,LND,,,,,,,,,,,,
11792,LND,,,,,,,,,,,,
11793,LND,,,,,,,,,,,,
11794,LND,,,,,,,,,,,,
11795,LND,,,,,,,,,,,,
11796,LND,,,,,,,,,,,,
11797,LND,,,,,,,,,,,,
11798,LND,,,,,,,,,,,,
11799,LND,,,,,,,,,,,,
11800,LND,,,,,,,,,,,,
11801,LND,,,,,,,,,,,,
11802,LND,,,,,,,,,,,,
11803,LND,,,,,,,,,,,,
11804,LND,,,,,,,,,,,,
11805,LND,,,,,,,,,,,,
11806,LND,,,,,,,,,,,,
11807,LND,,,,,,,,,,,,
11808,LND,,,,,,,,,,,,
11809,LND,,,,,,,,,,,,
11810,LND,,,,,,,,,,,,
11811,LND,,,,,,,,,,,,
11812,LND,,,,,,,,,,,,
11813,LND,,,,,,,,,,,,
11814,LND,,,,,,,,,,,,
11815,LND,,,,,,,,,,,,
11816,LND,,,,,,,,,,,,
11817,LND,,,,,,,,,,,,
11818,LND,,,,,,,,,,,,
11819,LND,,,,,,,,,,,,
11820,LND,,,,,,,,,,,,
11821,LND,,,,,,,,,,,,
11822,LND,,,,,,,,,,,,
11823,LND,,,,,,,,,,,,
11824,LND,,,,,,,,,,,,
11825,LND,,,,,,,,,,,,
11826,LND,,,,,,,,,,,,
11827,LND,,,,,,,,,,,,
11828,CLN,60,1938,95,49296,619,2272,0.86,1585781,100,10000000,100,10000000
11829,LND,,,,,,,,,,,,
11830,LND,,,,,,,,,,,,
11831,LND,,,,,,,,,,,,
11832,LND,,,,,,,,,,,,
11833,LND,,,,,,,,,,,,
11834,LND,,,,,,,,,,,,
11835,LND,,,,,,,,,,,,
11836,LND,,,,,,,,,,,,
11837,LND,,,,,,,,,,,,
11838,LND,,,,,,,,,,,,
11839,LND,,,,,,,,,,,,
11840,CLN,70,2489,112,51613,748,2797,0.6,5080412,100,10000000,100,10000000
11841,LND,,,,,,,,,,,,
11842,LND,,,,,,,,,,,,
11843,LND,,,,,,,,,,,,
11844,LND,,,,,,,,,,,,
11845,LND,,,,,,,,,,,,
11846,LND,,,,,,,,,,,,
11847,LND,,,,,,,,,,,,
11848,LND,,,,,,,,,,,,
11849,LND,,,,,,,,,,,,
11850,LND,,,,,,,,,,,,
11851,LND,,,,,,,,,,,,
11852,LND,,,,,,,,,,,,
11853,LND,,,,,,,,,,,,
11854,LND,,,,,,,,,,,,
11855,LND,,,,,,,,,,,,
11856,LND,,,,,,,,,,,,
11857,LND,,,,,,,,,,,,
11858,LND,,,,,,,,,,,,
11859,LND,,,,,,,,,,,,
11860,LND,,,,,,,,,,,,
11861,LND,,,,,,,,,,,,
11862,LND,,,,,,,,,,,,
11863,LND,,,,,,,,,,,,
11864,LND,,,,,,,,,,,,
11865,LND,,,,,,,,,,,,
11866,LND,,,,,,,,,,,,
11867,LND,,,,,,,,,,,,
11868,LND,,,,,,,,,,,,
11869,LND,,,,,,,,,,,,
11870,LND,,,,,,,,,,,,
11871,LND,,,,,,,,,,,,
11872,LND,,,,,,,,,,,,
11873,LND,,,,,,,,,,,,
11874,LND,,,,,,,,,,,,
11875,LND,,,,,,,,,,,,
11876,LND,,,,,,,,,,,,
11877,LND,,,,,,,,,,,,
11878,LND,,,,,,,,,,,,
11879,LND,,,,,,,,,,,,
11880,LND,,,,,,,,,,,,
11881,LND,,,,,,,,,,,,
11882,LND,,,,,,,,,,,,
11883,LND,,,,,,,,,,,,
11884,LND,,,,,,,,,,,,
11885,LND,,,,,,,,,,,,
11886,LND,,,,,,,,,,,,
11887,LND,,,,,,,,,,,,
11888,LND,,,,,,,,,,,,
11889,LND,,,,,,,,,,,,
11890,LND,,,,,,,,,,,,
11891,LND,,,,,,,,,,,,
11892,LND,,,,,,,,,,,,
11893,LND,,,,,,,,,,,,
11894,LND,,,,,,,,,,,,
11895,LND,,,,,,,,,,,,
11896,LND,,,,,,,,,,,,
11897,LND,,,,,,,,,,,,
11898,LND,,,,,,,,,,,,
11899,CLN,75,1793,113,59905,586,2735,0.98,770955,100,10000000,100,10000000
11900,LND,,,,,,,,,,,,
11901,LND,,,,,,,,,,,,
11902,LND,,,,,,,,,,,,
11903,LND,,,,,,,,,,,,
11904,LND,,,,,,,,,,,,
11905,LND,,,,,,,,,,,,
11906,LND,,,,,,,,,,,,
11907,LND,,,,,,,,,,,,
11908,LND,,,,,,,,,,,,
11909,LND,,,,,,,,,,,,
11910,LND,,,,,,,,,,,,
11911,LND,,,,,,,,,,,,
11912,CLN,67,2159,89,56662,758,2961,0.68,3263157,100,10000000,100,10000000
11913,LND,,,,,,,,,,,,
11914,CLN,75,1518,120,44451,568,2995,0.9,4873175,100,10000000,100,10000000
11915,LND,,,,,,,,,,,,
11916,LND,,,,,,,,,,,,
11917,LND,,,,,,,,,,,,
11918,LND,,,,,,,,,,,,
11919,LND,,,,,,,,,,,,
11920,LND,,,,,,,,,,,,
11921,LND,,,,,,,,,,,,
11922,LND,,,,,,,,,,,,
11923,LND,,,,,,,,,,,,
11924,CLN,70,1916,105,41087,571,2439,0.99,2822436,100,10000000,100,10000000
11925,LND,,,,,,,,,,,,
11926,LND,,,,,,,,,,,,
11927,LND,,,,,,,,,,,,
11928,LND,,,,,,,,,,,,
11929,LND,,,,,,,,,,,,
11930,LND,,,,,,,,,,,,
11931,LND,,,,,,,,,,,,
11932,LND,,,,,,,,,,,,
11933,LND,,,,,,,,,,,,
11934,LND,,,,,,,,,,,,
11935,LND,,,,,,,,,,,,
11936,LND,,,,,,,,,,,,
11937,LND,,,,,,,,,,,,
11938,LND,,,,,,,,,,,,
11939,LND,,,,,,,,,,,,
11940,LND,,,,,,,,,,,,
11941,LND,,,,,,,,,,,,
11942,LND,,,,,,,,,,,,
11943,LND,,,,,,,,,,,,
11944,LND,,,,,,,,,,,,
11945,LND,,,,,,,,,,,,
11946,CLN,66,1771,84,54138,710,2708,0.66,8595432,100,10000000,100,10000000
11947,LND,,,,,,,,,,,,
11948,LND,,,,,,,,,,,,
11949,LND,,,,,,,,,,,,
11950,LND,,,,,,,,,,,,
11951,LND,,,,,,,,,,,,
11952,LND,,,,,,,,,,,,
11953,LND,,,,,,,,,,,,
11954,LND,,,,,,,,,,,,
11955,LND,,,,,,,,,,,,
11956,LND,,,,,,,,,,,,
11957,LND,,,,,,,,,,,,
11958,LND,,,,,,,,,,,,
11959,LND,,,,,,,,,,,,
11960,LND,,,,,,,,,,,,
11961,CLN,63,2116,97,42172,616,2303,0.63,772477,100,10000000,100,10000000
11962,CLN,66,2185,109,43997,699,2789,0.67,8491476,100,10000000,100,10000000
11963,LND,,,,,,,,,,,,
11964,LND,,,,,,,,,,,,
11965,LND,,,,,,,,,,,,
11966,LND,,,,,,,,,,,,
11967,LND,,,,,,,,,,,,
11968,LND,,,,,,,,,,,,
11969,LND,,,,,,,,,,,,
11970,LND,,,,,,,,,,,,
11971,LND,,,,,,,,,,,,
11972,LND,,,,,,,,,,,,
11973,CLN,59,1945,87,46368,674,2815,0.72,7112656,100,10000000,100,10000000
11974,CLN,70,1725,115,40762,760,2063,0.71,446902,100,10000000,100,10000000
11975,LND,,,,,,,,,,,,
11976,LND,,,,,,,,,,,,
11977,LND,,,,,,,,,,,,
11978,CLN,67,2368,82,58264,719,2459,0.94,635358,100,10000000,100,10000000
11979,CLN,61,1860,94,41063,610,2401,0.73,8891925,100,10000000,100,10000000
11980,LND,,,,,,,,,,,,
11981,LND,,,,,,,,,,,,
11982,LND,,,,,,,,,,,,
11983,LND,,,,,,,,,,,,
11984,LND,,,,,,,,,,,,
11985,LND,,,,,,,,,,,,
11986,LND,,,,,,,,,,,,
11987,LND,,,,,,,,,,,,
11988,LND,,,,,,,,,,,,
11989,LND,,,,,,,,,,,,
11990,LND,,,,,,,,,,,,
11991,LND,,,,,,,,,,,,
11992,LND,,,,,,,,,,,,
11993,LND,,,,,,,,,,,,
11994,LND,,,,,,,,,,,,
11995,LND,,,,,,,,,,,,
11996,LND,,,,,,,,,,,,
11997,LND,,,,,,,,,,,,
11998,LND,,,,,,,,,,,,
11999,CLN,58,1614,113,51848,671,2615,0.82,544800,100,10000000,100,10000000
12000,LND,,,,,,,,,,,,
12001,LND,,,,,,,,,,,,
12002,LND,,,,,,,,,,,,
12003,CLN,72,1794,87,55249,689,2394,0.83,6246678,100,10000000,100,10000000
12004,LND,,,,,,,,,,,,
12005,LND,,,,,,,,,,,,
12006,LND,,,,,,,,,,,,
12007,LND,,,,,,,,,,,,
12008,LND,,,,,,,,,,,,
12009,LND,,,,,,,,,,,,
12010,LND,,,,,,,,,,,,
12011,LND,,,,,,,,,,,,
12012,LND,,,,,,,,,,,,
12013,LND,,,,,,,,,,,,
12014,LND,,,,,,,,,,,,
12015,LND,,,,,,,,,,,,
12016,LND,,,,,,,,,,,,
12017,LND,,,,,,,,,,,,
12018,LND,,,,,,,,,,,,
12019,LND,,,,,,,,,,,,
12020,CLN,73,2198,80,59198,595,2797,0.95,4455548,100,10000000,100,10000000
12021,LND,,,,,,,,,,,,
12022,LND,,,,,,,,,,,,
12023,CLN,57,2077,109,56608,745,2341,1.0,3390105,100,10000000,100,10000000
12024,LND,,,,,,,,,,,,
12025,LND,,,,,,,,,,,,
12026,LND,,,,,,,,,,,,
12027,LND,,,,,,,,,,,,
12028,LND,,,,,,,,,,,,
12029,LND,,,,,,,,,,,,
12030,LND,,,,,,,,,,,,
12031,CLN,75,2487,113,41267,583,2067,0.7,6020221,100,10000000,100,10000000
12032,LND,,,,,,,,,,,,
12033,LND,,,,,,,,,,,,
12034,LND,,,,,,,,,,,,
12035,LND,,,,,,,,,,,,
12036,LND,,,,,,,,,,,,
12037,LND,,,,,,,,,,,,
12038,LND,,,,,,,,,,,,
12039,LND,,,,,,,,,,,,
12040,LND,,,,,,,,,,,,
12041,LND,,,,,,,,,,,,
12042,LND,,,,,,,,,,,,
12043,LND,,,,,,,,,,,,
12044,LND,,,,,,,,,,,,
12045,LND,,,,,,,,,,,,
12046,LND,,,,,,,,,,,,
12047,LND,,,,,,,,,,,,
12048,LND,,,,,,,,,,,,
12049,LND,,,,,,,,,,,,
12050,LND,,,,,,,,,,,,
12051,LND,,,,,,,,,,,,
12052,LND,,,,,,,,,,,,
12053,LND,,,,,,,,,,,,
12054,LND,,,,,,,,,,,,
12055,LND,,,,,,,,,,,,
12056,LND,,,,,,,,,,,,
12057,LND,,,,,,,,,,,,
12058,LND,,,,,,,,,,,,
12059,LND,,,,,,,,,,,,
12060,LND,,,,,,,,,,,,
12061,LND,,,,,,,,,,,,
12062,LND,,,,,,,,,,,,
12063,LND,,,,,,,,,,,,
12064,LND,,,,,,,,,,,,
12065,LND,,,,,,,,,,,,
12066,LND,,,,,,,,,,,,
12067,LND,,,,,,,,,,,,
12068,LND,,,,,,,,,,,,
12069,LND,,,,,,,,,,,,
12070,LND,,,,,,,,,,,,
12071,LND,,,,,,,,,,,,
12072,LND,,,,,,,,,,,,
12073,LND,,,,,,,,,,,,
12074,LND,,,,,,,,,,,,
12075,LND,,,,,,,,,,,,
12076,CLN,64,2220,88,56320,764,2155,0.62,3624794,100,10000000,100,10000000
12077,LND,,,,,,,,,,,,
12078,LND,,,,,,,,,,,,
12079,LND,,,,,,,,,,,,
12080,LND,,,,,,,,,,,,
12081,LND,,,,,,,,,,,,
12082,LND,,,,,,,,,,,,
12083,LND,,,,,,,,,,,,
12084,LND,,,,,,,,,,,,
12085,CLN,70,2430,93,52341,584,2179,0.61,6996225,100,10000000,100,10000000
12086,LND,,,,,,,,,,,,
12087,LND,,,,,,,,,,,,
12088,LND,,,,,,,,,,,,
12089,LND,,,,,,,,,,,,
12090,LND,,,,,,,,,,,,
12091,LND,,,,,,,,,,,,
12092,LND,,,,,,,,,,,,
12093,CLN,58,1668,80,47270,607,2874,0.99,6533505,100,10000000,100,10000000
12094,LND,,,,,,,,,,,,
12095,LND,,,,,,,,,,,,
12096,LND,,,,,,,,,,,,
12097,LND,,,,,,,,,,,,
12098,LND,,,,,,,,,,,,
12099,LND,,,,,,,,,,,,
12100,LND,,,,,,,,,,,,
12101,LND,,,,,,,,,,,,
12102,LND,,,,,,,,,,,,
12103,LND,,,,,,,,,,,,
12104,LND,,,,,,,,,,,,
12105,LND,,,,,,,,,,,,
12106,LND,,,,,,,,,,,,
12107,LND,,,,,,,,,,,,
12108,LND,,,,,,,,,,,,
12109,LND,,,,,,,,,,,,
12110,LND,,,,,,,,,,,,
12111,CLN,73,1622,116,40368,757,2713,0.7,2155096,100,10000000,100,10000000
12112,LND,,,,,,,,,,,,
12113,LND,,,,,,,,,,,,
12114,LND,,,,,,,,,,,,
12115,LND,,,,,,,,,,,,
12116,LND,,,,,,,,,,,,
12117,CLN,60,2194,100,59737,691,2620,0.97,9382178,100,10000000,100,10000000
12118,LND,,,,,,,,,,,,
12119,LND,,,,,,,,,,,,
12120,LND,,,,,,,,,,,,
12121,LND,,,,,,,,,,,,
12122,LND,,,,,,,,,,,,
12123,LND,,,,,,,,,,,,
12124,LND,,,,,,,,,,,,
12125,LND,,,,,,,,,,,,
12126,LND,,,,,,,,,,,,
12127,LND,,,,,,,,,,,,
12128,LND,,,,,,,,,,,,
12129,LND,,,,,,,,,,,,
12130,LND,,,,,,,,,,,,
12131,LND,,,,,,,,,,,,
12132,LND,,,,,,,,,,,,
12133,LND,,,,,,,,,,,,
12134,LND,,,,,,,,,,,,
12135,LND,,,,,,,,,,,,
12136,LND,,,,,,,,,,,,
12137,LND,,,,,,,,,,,,
12138,LND,,,,,,,,,,,,
12139,LND,,,,,,,,,,,,
12140,LND,,,,,,,,,,,,
12141,LND,,,,,,,,,,,,
12142,LND,,,,,,,,,,,,
12143,LND,,,,,,,,,,,,
12144,LND,,,,,,,,,,,,
12145,LND,,,,,,,,,,,,
12146,LND,,,,,,,,,,,,
12147,LND,,,,,,,,,,,,
12148,LND,,,,,,,,,,,,
12149,LND,,,,,,,,,,,,
12150,LND,,,,,,,,,,,,
12151,LND,,,,,,,,,,,,
12152,LND,,,,,,,,,,,,
12153,LND,,,,,,,,,,,,
12154,CLN,75,2233,98,48527,648,2436,1.0,4335970,100,10000000,100,10000000
12155,LND,,,,,,,,,,,,
12156,LND,,,,,,,,,,,,
12157,LND,,,,,,,,,,,,
12158,LND,,,,,,,,,,,,
12159,LND,,,,,,,,,,,,
12160,LND,,,,,,,,,,,,
12161,LND,,,,,,,,,,,,
12162,LND,,,,,,,,,,,,
12163,LND,,,,,,,,,,,,
12164,CLN,59,2251,95,49085,608,2893,1.0,306594,100,10000000,100,10000000
12165,LND,,,,,,,,,,,,
12166,LND,,,,,,,,,,,,
12167,CLN,66,2277,98,56831,577,2359,0.72,4246780,100,10000000,100,10000000
12168,LND,,,,,,,,,,,,
12169,LND,,,,,,,,,,,,
12170,LND,,,,,,,,,,,,
12171,LND,,,,,,,,,,,,
12172,LND,,,,,,,,,,,,
12173,LND,,,,,,,,,,,,
12174,LND,,,,,,,,,,,,
12175,LND,,,,,,,,,,,,
12176,LND,,,,,,,,,,,,
12177,LND,,,,,,,,,,,,
12178,LND,,,,,,,,,,,,
12179,LND,,,,,,,,,,,,
12180,LND,,,,,,,,,,,,
12181,LND,,,,,,,,,,,,
12182,LND,,,,,,,,,,,,
12183,CLN,66,1836,103,44911,591,2573,0.6,8609411,100,10000000,100,10000000
12184,LND,,,,,,,,,,,,
12185,LND,,,,,,,,,,,,
12186,LND,,,,,,,,,,,,
12187,LND,,,,,,,,,,,,
12188,CLN,75,1868,90,47632,631,2727,0.72,7320350,100,10000000,100,10000000
12189,LND,,,,,,,,,,,,
12190,LND,,,,,,,,,,,,
12191,LND,,,,,,,,,,,,
12192,LND,,,,,,,,,,,,
12193,LND,,,,,,,,,,,,
12194,LND,,,,,,,,,,,,
12195,LND,,,,,,,,,,,,
12196,LND,,,,,,,,,,,,
12197,LND,,,,,,,,,,,,
12198,LND,,,,,,,,,,,,
12199,LND,,,,,,,,,,,,
12200,LND,,,,,,,,,,,,
12201,CLN,68,1782,119,58575,576,2042,0.91,8494765,100,10000000,100,10000000
12202,LND,,,,,,,,,,,,
12203,LND,,,,,,,,,,,,
12204,LND,,,,,,,,,,,,
12205,LND,,,,,,,,,,,,
12206,CLN,75,1710,99,51207,601,2857,0.88,9997213,100,10000000,100,10000000
12207,LND,,,,,,,,,,,,
12208,LND,,,,,,,,,,,,
12209,LND,,,,,,,,,,,,
12210,LND,,,,,,,,,,,,
12211,LND,,,,,,,,,,,,
12212,LND,,,,,,,,,,,,
12213,LND,,,,,,,,,,,,
12214,LND,,,,,,,,,,,,
12215,LND,,,,,,,,,,,,
12216,CLN,57,2322,113,54630,692,2422,0.67,2420413,100,10000000,100,10000000
12217,LND,,,,,,,,,,,,
12218,LND,,,,,,,,,,,,
12219,LND,,,,,,,,,,,,
12220,LND,,,,,,,,,,,,
12221,LND,,,,,,,,,,,,
12222,LND,,,,,,,,,,,,
12223,LND,,,,,,,,,,,,
12224,LND,,,,,,,,,,,,
12225,LND,,,,,,,,,,,,
12226,LND,,,,,,,,,,,,
12227,LND,,,,,,,,,,,,
12228,LND,,,,,,,,,,,,
12229,LND,,,,,,,,,,,,
12230,LND,,,,,,,,,,,,
12231,LND,,,,,,,,,,,,
12232,LND,,,,,,,,,,,,
12233,LND,,,,,,,,,,,,
12234,LND,,,,,,,,,,,,
12235,LND,,,,,,,,,,,,
12236,LND,,,,,,,,,,,,
12237,LND,,,,,,,,,,,,
12238,LND,,,,,,,,,,,,
12239,LND,,,,,,,,,,,,
12240,LND,,,,,,,,,,,,
12241,LND,,,,,,,,,,,,
12242,LND,,,,,,,,,,,,
12243,LND,,,,,,,,,,,,
12244,LND,,,,,,,,,,,,
12245,LND,,,,,,,,,,,,
12246,LND,,,,,,,,,,,,
12247,LND,,,,,,,,,,,,
12248,LND,,,,,,,,,,,,
12249,LND,,,,,,,,,,,,
12250,LND,,,,,,,,,,,,
12251,LND,,,,,,,,,,,,
12252,LND,,,,,,,,,,,,
12253,LND,,,,,,,,,,,,
12254,LND,,,,,,,,,,,,
12255,LND,,,,,,,,,,,,
12256,LND,,,,,,,,,,,,
12257,LND,,,,,,,,,,,,
12258,LND,,,,,,,,,,,,
12259,LND,,,,,,,,,,,,
12260,LND,,,,,,,,,,,,
12261,LND,,,,,,,,,,,,
12262,CLN,71,1892,98,54937,588,2152,0.82,2364810,100,10000000,100,10000000
12263,LND,,,,,,,,,,,,
12264,LND,,,,,,,,,,,,
12265,LND,,,,,,,,,,,,
12266,LND,,,,,,,,,,,,
12267,LND,,,,,,,,,,,,
12268,LND,,,,,,,,,,,,
12269,LND,,,,,,,,,,,,
12270,LND,,,,,,,,,,,,
12271,LND,,,,,,,,,,,,
12272,LND,,,,,,,,,,,,
12273,LND,,,,,,,,,,,,
12274,LND,,,,,,,,,,,,
12275,LND,,,,,,,,,,,,
12276,LND,,,,,,,,,,,,
12277,LND,,,,,,,,,,,,
12278,LND,,,,,,,,,,,,
12279,LND,,,,,,,,,,,,
12280,LND,,,,,,,,,,,,
12281,LND,,,,,,,,,,,,
12282,LND,,,,,,,,,,,,
12283,LND,,,,,,,,,,,,
12284,LND,,,,,,,,,,,,
12285,LND,,,,,,,,,,,,
12286,LND,,,,,,,,,,,,
12287,LND,,,,,,,,,,,,
12288,LND,,,,,,,,,,,,
12289,CLN,64,2447,98,51601,574,2015,0.62,3010666,100,10000000,100,10000000
12290,LND,,,,,,,,,,,,
12291,LND,,,,,,,,,,,,
12292,LND,,,,,,,,,,,,
12293,LND,,,,,,,,,,,,
12294,LND,,,,,,,,,,,,
12295,LND,,,,,,,,,,,,
12296,LND,,,,,,,,,,,,
12297,LND,,,,,,,,,,,,
12298,LND,,,,,,,,,,,,
12299,LND,,,,,,,,,,,,
12300,LND,,,,,,,,,,,,
12301,LND,,,,,,,,,,,,
12302,LND,,,,,,,,,,,,
12303,LND,,,,,,,,,,,,
12304,LND,,,,,,,,,,,,
12305,LND,,,,,,,,,,,,
12306,LND,,,,,,,,,,,,
12307,LND,,,,,,,,,,,,
12308,LND,,,,,,,,,,,,
12309,LND,,,,,,,,,,,,
12310,LND,,,,,,,,,,,,
12311,LND,,,,,,,,,,,,
12312,LND,,,,,,,,,,,,
12313,LND,,,,,,,,,,,,
12314,LND,,,,,,,,,,,,
12315,LND,,,,,,,,,,,,
12316,CLN,65,2315,93,56248,585,2879,0.65,4456673,100,10000000,100,10000000
12317,LND,,,,,,,,,,,,
12318,LND,,,,,,,,,,,,
12319,LND,,,,,,,,,,,,
12320,LND,,,,,,,,,,,,
12321,LND,,,,,,,,,,,,
12322,LND,,,,,,,,,,,,
12323,LND,,,,,,,,,,,,
12324,LND,,,,,,,,,,,,
12325,LND,,,,,,,,,,,,
12326,LND,,,,,,,,,,,,
12327,CLN,69,2051,106,53083,589,2870,0.65,9616175,100,10000000,100,10000000
12328,LND,,,,,,,,,,,,
12329,LND,,,,,,,,,,,,
12330,LND,,,,,,,,,,,,
12331,LND,,,,,,,,,,,,
12332,LND,,,,,,,,,,,,
12333,LND,,,,,,,,,,,,
12334,LND,,,,,,,,,,,,
12335,LND,,,,,,,,,,,,
12336,LND,,,,,,,,,,,,
12337,LND,,,,,,,,,,,,
12338,LND,,,,,,,,,,,,
12339,CLN,59,1747,114,55594,610,2735,0.72,1737691,100,10000000,100,10000000
12340,LND,,,,,,,,,,,,
12341,LND,,,,,,,,,,,,
12342,LND,,,,,,,,,,,,
12343,LND,,,,,,,,,,,,
12344,CLN,71,2092,100,48170,649,2379,0.73,4316335,100,10000000,100,10000000
12345,LND,,,,,,,,,,,,
12346,LND,,,,,,,,,,,,
12347,LND,,,,,,,,,,,,
12348,LND,,,,,,,,,,,,
12349,LND,,,,,,,,,,,,
12350,LND,,,,,,,,,,,,
12351,LND,,,,,,,,,,,,
12352,LND,,,,,,,,,,,,
12353,LND,,,,,,,,,,,,
12354,LND,,,,,,,,,,,,
12355,LND,,,,,,,,,,,,
12356,LND,,,,,,,,,,,,
12357,LND,,,,,,,,,,,,
12358,LND,,,,,,,,,,,,
12359,LND,,,,,,,,,,,,
12360,LND,,,,,,,,,,,,
12361,LND,,,,,,,,,,,,
12362,LND,,,,,,,,,,,,
12363,LND,,,,,,,,,,,,
12364,LND,,,,,,,,,,,,
12365,LND,,,,,,,,,,,,
12366,LND,,,,,,,,,,,,
12367,LND,,,,,,,,,,,,
12368,LND,,,,,,,,,,,,
12369,LND,,,,,,,,,,,,
12370,LND,,,,,,,,,,,,
12371,LND,,,,,,,,,,,,
12372,LND,,,,,,,,,,,,
12373,LND,,,,,,,,,,,,
12374,LND,,,,,,,,,,,,
12375,LND,,,,,,,,,,,,
12376,LND,,,,,,,,,,,,
12377,LND,,,,,,,,,,,,
12378,CLN,59,1980,116,59790,664,2760,0.92,8472825,100,10000000,100,10000000
12379,LND,,,,,,,,,,,,
12380,LND,,,,,,,,,,,,
12381,LND,,,,,,,,,,,,
12382,LND,,,,,,,,,,,,
12383,LND,,,,,,,,,,,,
12384,LND,,,,,,,,,,,,
12385,LND,,,,,,,,,,,,
12386,LND,,,,,,,,,,,,
12387,LND,,,,,,,,,,,,
12388,LND,,,,,,,,,,,,
12389,LND,,,,,,,,,,,,
12390,LND,,,,,,,,,,,,
12391,LND,,,,,,,,,,,,
12392,LND,,,,,,,,,,,,
12393,LND,,,,,,,,,,,,
12394,LND,,,,,,,,,,,,
12395,CLN,66,2020,92,49248,745,2811,0.93,1449372,100,10000000,100,10000000
12396,LND,,,,,,,,,,,,
12397,LND,,,,,,,,,,,,
12398,CLN,73,1624,94,57606,755,2020,0.92,5100979,100,10000000,100,10000000
12399,LND,,,,,,,,,,,,
12400,LND,,,,,,,,,,,,
12401,CLN,60,2114,102,42580,756,2444,0.65,8374895,100,10000000,100,10000000
12402,LND,,,,,,,,,,,,
12403,LND,,,,,,,,,,,,
12404,LND,,,,,,,,,,,,
12405,LND,,,,,,,,,,,,
12406,LND,,,,,,,,,,,,
12407,LND,,,,,,,,,,,,
12408,LND,,,,,,,,,,,,
12409,LND,,,,,,,,,,,,
12410,LND,,,,,,,,,,,,
12411,LND,,,,,,,,,,,,
12412,LND,,,,,,,,,,,,
12413,LND,,,,,,,,,,,,
12414,LND,,,,,,,,,,,,
12415,LND,,,,,,,,,,,,
12416,LND,,,,,,,,,,,,
12417,CLN,67,2142,118,49901,573,2207,0.7,9988159,100,10000000,100,10000000
12418,CLN,70,1992,88,45610,717,2938,0.93,7635957,100,10000000,100,10000000
12419,LND,,,,,,,,,,,,
12420,LND,,,,,,,,,,,,
12421,LND,,,,,,,,,,,,
12422,LND,,,,,,,,,,,,
12423,LND,,,,,,,,,,,,
12424,LND,,,,,,,,,,,,
12425,LND,,,,,,,,,,,,
12426,LND,,,,,,,,,,,,
12427,LND,,,,,,,,,,,,
12428,LND,,,,,,,,,,,,
12429,LND,,,,,,,,,,,,
12430,LND,,,,,,,,,,,,
12431,LND,,,,,,,,,,,,
12432,LND,,,,,,,,,,,,
12433,CLN,63,1886,100,55791,625,2435,0.98,1187467,100,10000000,100,10000000
12434,LND,,,,,,,,,,,,
12435,LND,,,,,,,,,,,,
12436,LND,,,,,,,,,,,,
12437,LND,,,,,,,,,,,,
12438,LND,,,,,,,,,,,,
12439,LND,,,,,,,,,,,,
12440,LND,,,,,,,,,,,,
12441,LND,,,,,,,,,,,,
12442,LND,,,,,,,,,,,,
12443,CLN,59,1513,99,55646,629,2310,0.85,6107306,100,10000000,100,10000000
12444,LND,,,,,,,,,,,,
12445,LND,,,,,,,,,,,,
12446,LND,,,,,,,,,,,,
12447,LND,,,,,,,,,,,,
12448,CLN,74,1667,90,56376,688,2858,0.84,3173200,100,10000000,100,10000000
12449,LND,,,,,,,,,,,,
12450,LND,,,,,,,,,,,,
12451,LND,,,,,,,,,,,,
12452,LND,,,,,,,,,,,,
12453,LND,,,,,,,,,,,,
12454,LND,,,,,,,,,,,,
12455,LND,,,,,,,,,,,,
12456,LND,,,,,,,,,,,,
12457,LND,,,,,,,,,,,,
12458,LND,,,,,,,,,,,,
12459,LND,,,,,,,,,,,,
12460,LND,,,,,,,,,,,,
12461,LND,,,,,,,,,,,,
12462,LND,,,,,,,,,,,,
12463,LND,,,,,,,,,,,,
12464,CLN,71,1605,116,49444,688,2653,0.67,2836705,100,10000000,100,10000000
12465,LND,,,,,,,,,,,,
12466,LND,,,,,,,,,,,,
12467,LND,,,,,,,,,,,,
12468,LND,,,,,,,,,,,,
12469,LND,,,,,,,,,,,,
12470,LND,,,,,,,,,,,,
12471,LND,,,,,,,,,,,,
12472,LND,,,,,,,,,,,,
12473,LND,,,,,,,,,,,,
12474,LND,,,,,,,,,,,,
12475,LND,,,,,,,,,,,,
12476,LND,,,,,,,,,,,,
12477,LND,,,,,,,,,,,,
12478,LND,,,,,,,,,,,,
12479,LND,,,,,,,,,,,,
12480,LND,,,,,,,,,,,,
12481,LND,,,,,,,,,,,,
12482,CLN,58,2120,81,43501,671,2999,0.74,8668632,100,10000000,100,10000000
12483,LND,,,,,,,,,,,,
12484,LND,,,,,,,,,,,,
12485,LND,,,,,,,,,,,,
12486,LND,,,,,,,,,,,,
12487,LND,,,,,,,,,,,,
12488,LND,,,,,,,,,,,,
12489,LND,,,,,,,,,,,,
12490,LND,,,,,,,,,,,,
12491,LND,,,,,,,,,,,,
12492,LND,,,,,,,,,,,,
12493,LND,,,,,,,,,,,,
12494,LND,,,,,,,,,,,,
12495,LND,,,,,,,,,,,,
12496,LND,,,,,,,,,,,,
12497,LND,,,,,,,,,,,,
12498,LND,,,,,,,,,,,,
12499,LND,,,,,,,,,,,,
12500,LND,,,,,,,,,,,,
12501,CLN,72,1529,114,47838,765,2215,0.89,2746663,100,10000000,100,10000000
12502,LND,,,,,,,,,,,,
12503,LND,,,,,,,,,,,,
12504,LND,,,,,,,,,,,,
12505,LND,,,,,,,,,,,,
12506,LND,,,,,,,,,,,,
12507,LND,,,,,,,,,,,,
12508,LND,,,,,,,,,,,,
12509,LND,,,,,,,,,,,,
12510,LND,,,,,,,,,,,,
12511,LND,,,,,,,,,,,,
12512,LND,,,,,,,,,,,,
12513,LND,,,,,,,,,,,,
12514,LND,,,,,,,,,,,,
12515,LND,,,,,,,,,,,,
12516,LND,,,,,,,,,,,,
12517,LND,,,,,,,,,,,,
12518,LND,,,,,,,,,,,,
12519,LND,,,,,,,,,,,,
12520,LND,,,,,,,,,,,,
12521,LND,,,,,,,,,,,,
12522,LND,,,,,,,,,,,,
12523,LND,,,,,,,,,,,,
12524,LND,,,,,,,,,,,,
12525,LND,,,,,,,,,,,,
12526,LND,,,,,,,,,,,,
12527,LND,,,,,,,,,,,,
12528,LND,,,,,,,,,,,,
12529,LND,,,,,,,,,,,,
12530,LND,,,,,,,,,,,,
12531,CLN,60,2298,106,50017,669,2907,0.99,8911191,100,10000000,100,10000000
12532,LND,,,,,,,,,,,,
12533,CLN,74,1831,107,42092,690,2382,0.74,4062248,100,10000000,100,10000000
12534,CLN,61,2027,99,47522,577,2020,0.67,5037890,100,10000000,100,10000000
12535,LND,,,,,,,,,,,,
12536,LND,,,,,,,,,,,,
12537,LND,,,,,,,,,,,,
12538,CLN,75,2047,116,50523,626,2132,0.87,6086410,100,10000000,100,10000000
12539,LND,,,,,,,,,,,,
12540,LND,,,,,,,,,,,,
12541,CLN,66,2227,81,40836,593,2157,0.87,5517656,100,10000000,100,10000000
12542,LND,,,,,,,,,,,,
12543,LND,,,,,,,,,,,,
12544,LND,,,,,,,,,,,,
12545,LND,,,,,,,,,,,,
12546,LND,,,,,,,,,,,,
12547,LND,,,,,,,,,,,,
12548,CLN,74,2244,110,43988,677,2739,0.77,3527950,100,10000000,100,10000000
12549,LND,,,,,,,,,,,,
12550,LND,,,,,,,,,,,,
12551,LND,,,,,,,,,,,,
12552,LND,,,,,,,,,,,,
12553,LND,,,,,,,,,,,,
12554,LND,,,,,,,,,,,,
12555,LND,,,,,,,,,,,,
12556,LND,,,,,,,,,,,,
12557,LND,,,,,,,,,,,,
12558,LND,,,,,,,,,,,,
12559,LND,,,,,,,,,,,,
12560,LND,,,,,,,,,,,,
12561,LND,,,,,,,,,,,,
12562,LND,,,,,,,,,,,,
12563,LND,,,,,,,,,,,,
12564,CLN,63,1904,91,54722,572,2552,0.67,2285862,100,10000000,100,10000000
12565,LND,,,,,,,,,,,,
12566,LND,,,,,,,,,,,,
12567,CLN,66,1526,105,44425,611,2058,0.99,6181593,100,10000000,100,10000000
12568,LND,,,,,,,,,,,,
12569,LND,,,,,,,,,,,,
12570,LND,,,,,,,,,,,,
12571,LND,,,,,,,,,,,,
12572,LND,,,,,,,,,,,,
12573,LND,,,,,,,,,,,,
12574,LND,,,,,,,,,,,,
12575,LND,,,,,,,,,,,,
12576,LND,,,,,,,,,,,,
12577,LND,,,,,,,,,,,,
12578,LND,,,,,,,,,,,,
12579,LND,,,,,,,,,,,,
12580,LND,,,,,,,,,,,,
12581,LND,,,,,,,,,,,,
12582,LND,,,,,,,,,,,,
12583,LND,,,,,,,,,,,,
12584,LND,,,,,,,,,,,,
12585,LND,,,,,,,,,,,,
12586,LND,,,,,,,,,,,,
12587,LND,,,,,,,,,,,,
12588,LND,,,,,,,,,,,,
12589,LND,,,,,,,,,,,,
12590,LND,,,,,,,,,,,,
12591,LND,,,,,,,,,,,,
12592,LND,,,,,,,,,,,,
12593,LND,,,,,,,,,,,,
12594,LND,,,,,,,,,,,,
12595,CLN,61,2333,107,40365,633,2539,0.82,8890849,100,10000000,100,10000000
12596,LND,,,,,,,,,,,,
12597,LND,,,,,,,,,,,,
12598,LND,,,,,,,,,,,,
12599,LND,,,,,,,,,,,,
12600,LND,,,,,,,,,,,,
12601,LND,,,,,,,,,,,,
12602,LND,,,,,,,,,,,,
12603,LND,,,,,,,,,,,,
12604,LND,,,,,,,,,,,,
12605,LND,,,,,,,,,,,,
12606,LND,,,,,,,,,,,,
12607,LND,,,,,,,,,,,,
12608,LND,,,,,,,,,,,,
12609,LND,,,,,,,,,,,,
12610,LND,,,,,,,,,,,,
12611,LND,,,,,,,,,,,,
12612,LND,,,,,,,,,,,,
12613,LND,,,,,,,,,,,,
12614,LND,,,,,,,,,,,,
12615,LND,,,,,,,,,,,,
12616,LND,,,,,,,,,,,,
12617,LND,,,,,,,,,,,,
12618,LND,,,,,,,,,,,,
12619,LND,,,,,,,,,,,,
12620,LND,,,,,,,,,,,,
12621,LND,,,,,,,,,,,,
12622,LND,,,,,,,,,,,,
12623,LND,,,,,,,,,,,,
12624,LND,,,,,,,,,,,,
12625,LND,,,,,,,,,,,,
12626,LND,,,,,,,,,,,,
12627,LND,,,,,,,,,,,,
12628,LND,,,,,,,,,,,,
12629,LND,,,,,,,,,,,,
12630,LND,,,,,,,,,,,,
12631,LND,,,,,,,,,,,,
12632,LND,,,,,,,,,,,,
12633,LND,,,,,,,,,,,,
12634,LND,,,,,,,,,,,,
12635,LND,,,,,,,,,,,,
12636,LND,,,,,,,,,,,,
12637,LND,,,,,,,,,,,,
12638,LND,,,,,,,,,,,,
12639,LND,,,,,,,,,,,,
12640,LND,,,,,,,,,,,,
12641,LND,,,,,,,,,,,,
12642,LND,,,,,,,,,,,,
12643,LND,,,,,,,,,,,,
12644,LND,,,,,,,,,,,,
12645,LND,,,,,,,,,,,,
12646,LND,,,,,,,,,,,,
12647,LND,,,,,,,,,,,,
12648,LND,,,,,,,,,,,,
12649,CLN,55,1930,109,58996,756,2393,0.61,1025260,100,10000000,100,10000000
12650,LND,,,,,,,,,,,,
12651,LND,,,,,,,,,,,,
12652,LND,,,,,,,,,,,,
12653,LND,,,,,,,,,,,,
12654,LND,,,,,,,,,,,,
12655,LND,,,,,,,,,,,,
12656,LND,,,,,,,,,,,,
12657,LND,,,,,,,,,,,,
12658,LND,,,,,,,,,,,,
12659,LND,,,,,,,,,,,,
12660,LND,,,,,,,,,,,,
12661,LND,,,,,,,,,,,,
12662,LND,,,,,,,,,,,,
12663,LND,,,,,,,,,,,,
12664,LND,,,,,,,,,,,,
12665,LND,,,,,,,,,,,,
12666,LND,,,,,,,,,,,,
12667,LND,,,,,,,,,,,,
12668,LND,,,,,,,,,,,,
12669,LND,,,,,,,,,,,,
12670,LND,,,,,,,,,,,,
12671,LND,,,,,,,,,,,,
12672,LND,,,,,,,,,,,,
12673,LND,,,,,,,,,,,,
12674,LND,,,,,,,,,,,,
12675,LND,,,,,,,,,,,,
12676,LND,,,,,,,,,,,,
12677,LND,,,,,,,,,,,,
12678,LND,,,,,,,,,,,,
12679,LND,,,,,,,,,,,,
12680,LND,,,,,,,,,,,,
12681,LND,,,,,,,,,,,,
12682,LND,,,,,,,,,,,,
12683,LND,,,,,,,,,,,,
12684,CLN,70,2081,94,55543,716,2946,0.82,5267497,100,10000000,100,10000000
12685,LND,,,,,,,,,,,,
12686,LND,,,,,,,,,,,,
12687,LND,,,,,,,,,,,,
12688,LND,,,,,,,,,,,,
12689,CLN,59,1871,120,53413,735,2124,0.68,3432351,100,10000000,100,10000000
12690,LND,,,,,,,,,,,,
12691,LND,,,,,,,,,,,,
12692,LND,,,,,,,,,,,,
12693,LND,,,,,,,,,,,,
12694,LND,,,,,,,,,,,,
12695,LND,,,,,,,,,,,,
12696,LND,,,,,,,,,,,,
12697,LND,,,,,,,,,,,,
12698,LND,,,,,,,,,,,,
12699,LND,,,,,,,,,,,,
12700,LND,,,,,,,,,,,,
12701,LND,,,,,,,,,,,,
12702,CLN,63,2316,112,47816,658,2331,0.82,6813937,100,10000000,100,10000000
12703,LND,,,,,,,,,,,,
12704,LND,,,,,,,,,,,,
12705,LND,,,,,,,,,,,,
12706,LND,,,,,,,,,,,,
12707,LND,,,,,,,,,,,,
12708,LND,,,,,,,,,,,,
12709,LND,,,,,,,,,,,,
12710,LND,,,,,,,,,,,,
12711,LND,,,,,,,,,,,,
12712,LND,,,,,,,,,,,,
12713,LND,,,,,,,,,,,,
12714,LND,,,,,,,,,,,,
12715,LND,,,,,,,,,,,,
12716,LND,,,,,,,,,,,,
12717,LND,,,,,,,,,,,,
12718,LND,,,,,,,,,,,,
12719,LND,,,,,,,,,,,,
12720,LND,,,,,,,,,,,,
12721,LND,,,,,,,,,,,,
12722,LND,,,,,,,,,,,,
12723,LND,,,,,,,,,,,,
12724,LND,,,,,,,,,,,,
12725,LND,,,,,,,,,,,,
12726,LND,,,,,,,,,,,,
12727,LND,,,,,,,,,,,,
12728,LND,,,,,,,,,,,,
12729,LND,,,,,,,,,,,,
12730,LND,,,,,,,,,,,,
12731,LND,,,,,,,,,,,,
12732,LND,,,,,,,,,,,,
12733,LND,,,,,,,,,,,,
12734,LND,,,,,,,,,,,,
12735,LND,,,,,,,,,,,,
12736,LND,,,,,,,,,,,,
12737,LND,,,,,,,,,,,,
12738,LND,,,,,,,,,,,,
12739,LND,,,,,,,,,,,,
12740,LND,,,,,,,,,,,,
12741,LND,,,,,,,,,,,,
12742,LND,,,,,,,,,,,,
12743,LND,,,,,,,,,,,,
12744,LND,,,,,,,,,,,,
12745,LND,,,,,,,,,,,,
12746,LND,,,,,,,,,,,,
12747,LND,,,,,,,,,,,,
12748,LND,,,,,,,,,,,,
12749,LND,,,,,,,,,,,,
12750,CLN,70,2481,90,49387,624,2591,0.74,2627919,100,10000000,100,10000000
12751,LND,,,,,,,,,,,,
12752,LND,,,,,,,,,,,,
12753,LND,,,,,,,,,,,,
12754,LND,,,,,,,,,,,,
12755,LND,,,,,,,,,,,,
12756,LND,,,,,,,,,,,,
12757,LND,,,,,,,,,,,,
12758,LND,,,,,,,,,,,,
12759,LND,,,,,,,,,,,,
12760,LND,,,,,,,,,,,,
12761,LND,,,,,,,,,,,,
12762,LND,,,,,,,,,,,,
12763,LND,,,,,,,,,,,,
12764,LND,,,,,,,,,,,,
12765,LND,,,,,,,,,,,,
12766,LND,,,,,,,,,,,,
12767,LND,,,,,,,,,,,,
12768,LND,,,,,,,,,,,,
12769,LND,,,,,,,,,,,,
12770,LND,,,,,,,,,,,,
12771,LND,,,,,,,,,,,,
12772,LND,,,,,,,,,,,,
12773,LND,,,,,,,,,,,,
12774,LND,,,,,,,,,,,,
12775,LND,,,,,,,,,,,,
12776,LND,,,,,,,,,,,,
12777,LND,,,,,,,,,,,,
12778,LND,,,,,,,,,,,,
12779,LND,,,,,,,,,,,,
12780,CLN,71,2048,81,58177,599,2490,0.96,7811299,100,10000000,100,10000000
12781,LND,,,,,,,,,,,,
12782,CLN,60,1692,80,48766,747,2845,0.98,4610398,100,10000000,100,10000000
12783,LND,,,,,,,,,,,,
12784,CLN,69,1600,89,55821,700,2002,0.85,4964485,100,10000000,100,10000000
12785,LND,,,,,,,,,,,,
12786,CLN,62,2468,111,50379,698,2360,0.81,3589999,100,10000000,100,10000000
12787,LND,,,,,,,,,,,,
12788,LND,,,,,,,,,,,,
12789,LND,,,,,,,,,,,,
12790,LND,,,,,,,,,,,,
12791,LND,,,,,,,,,,,,
12792,LND,,,,,,,,,,,,
12793,LND,,,,,,,,,,,,
12794,LND,,,,,,,,,,,,
12795,LND,,,,,,,,,,,,
12796,CLN,75,2487,115,57479,631,2879,0.94,5235415,100,10000000,100,10000000
12797,LND,,,,,,,,,,,,
12798,LND,,,,,,,,,,,,
12799,LND,,,,,,,,,,,,
12800,LND,,,,,,,,,,,,
12801,LND,,,,,,,,,,,,
12802,LND,,,,,,,,,,,,
12803,LND,,,,,,,,,,,,
12804,LND,,,,,,,,,,,,
12805,LND,,,,,,,,,,,,
12806,LND,,,,,,,,,,,,
12807,LND,,,,,,,,,,,,
12808,LND,,,,,,,,,,,,
12809,LND,,,,,,,,,,,,
12810,LND,,,,,,,,,,,,
12811,LND,,,,,,,,,,,,
12812,LND,,,,,,,,,,,,
12813,LND,,,,,,,,,,,,
12814,LND,,,,,,,,,,,,
12815,LND,,,,,,,,,,,,
12816,LND,,,,,,,,,,,,
12817,LND,,,,,,,,,,,,
12818,LND,,,,,,,,,,,,
12819,LND,,,,,,,,,,,,
12820,LND,,,,,,,,,,,,
12821,LND,,,,,,,,,,,,
12822,CLN,63,1749,117,48809,702,2223,0.98,6345971,100,10000000,100,10000000
12823,LND,,,,,,,,,,,,
12824,LND,,,,,,,,,,,,
12825,LND,,,,,,,,,,,,
12826,LND,,,,,,,,,,,,
12827,LND,,,,,,,,,,,,
12828,LND,,,,,,,,,,,,
12829,LND,,,,,,,,,,,,
12830,LND,,,,,,,,,,,,
12831,LND,,,,,,,,,,,,
12832,LND,,,,,,,,,,,,
12833,LND,,,,,,,,,,,,
12834,LND,,,,,,,,,,,,
12835,LND,,,,,,,,,,,,
12836,LND,,,,,,,,,,,,
12837,LND,,,,,,,,,,,,
12838,LND,,,,,,,,,,,,
12839,LND,,,,,,,,,,,,
12840,CLN,73,1798,113,45741,747,2604,0.66,2655228,100,10000000,100,10000000
12841,LND,,,,,,,,,,,,
12842,LND,,,,,,,,,,,,
12843,LND,,,,,,,,,,,,
12844,LND,,,,,,,,,,,,
12845,LND,,,,,,,,,,,,
12846,LND,,,,,,,,,,,,
12847,LND,,,,,,,,,,,,
12848,LND,,,,,,,,,,,,
12849,LND,,,,,,,,,,,,
12850,LND,,,,,,,,,,,,
12851,LND,,,,,,,,,,,,
12852,LND,,,,,,,,,,,,
12853,CLN,73,2145,91,52771,639,2300,0.85,2164141,100,10000000,100,10000000
12854,LND,,,,,,,,,,,,
12855,LND,,,,,,,,,,,,
12856,LND,,,,,,,,,,,,
12857,LND,,,,,,,,,,,,
12858,LND,,,,,,,,,,,,
12859,LND,,,,,,,,,,,,
12860,LND,,,,,,,,,,,,
12861,LND,,,,,,,,,,,,
12862,LND,,,,,,,,,,,,
12863,LND,,,,,,,,,,,,
12864,LND,,,,,,,,,,,,
12865,LND,,,,,,,,,,,,
12866,LND,,,,,,,,,,,,
12867,LND,,,,,,,,,,,,
12868,LND,,,,,,,,,,,,
12869,LND,,,,,,,,,,,,
12870,LND,,,,,,,,,,,,
12871,LND,,,,,,,,,,,,
12872,LND,,,,,,,,,,,,
12873,LND,,,,,,,,,,,,
12874,LND,,,,,,,,,,,,
12875,LND,,,,,,,,,,,,
12876,LND,,,,,,,,,,,,
12877,LND,,,,,,,,,,,,
12878,LND,,,,,,,,,,,,
12879,LND,,,,,,,,,,,,
12880,LND,,,,,,,,,,,,
12881,LND,,,,,,,,,,,,
12882,LND,,,,,,,,,,,,
12883,LND,,,,,,,,,,,,
12884,LND,,,,,,,,,,,,
12885,LND,,,,,,,,,,,,
12886,LND,,,,,,,,,,,,
12887,LND,,,,,,,,,,,,
12888,LND,,,,,,,,,,,,
12889,LND,,,,,,,,,,,,
12890,LND,,,,,,,,,,,,
12891,LND,,,,,,,,,,,,
12892,LND,,,,,,,,,,,,
12893,LND,,,,,,,,,,,,
12894,LND,,,,,,,,,,,,
12895,LND,,,,,,,,,,,,
12896,LND,,,,,,,,,,,,
12897,LND,,,,,,,,,,,,
12898,LND,,,,,,,,,,,,
12899,LND,,,,,,,,,,,,
12900,LND,,,,,,,,,,,,
12901,LND,,,,,,,,,,,,
12902,LND,,,,,,,,,,,,
12903,LND,,,,,,,,,,,,
12904,LND,,,,,,,,,,,,
12905,LND,,,,,,,,,,,,
12906,LND,,,,,,,,,,,,
12907,LND,,,,,,,,,,,,
12908,LND,,,,,,,,,,,,
12909,CLN,56,1871,97,45956,567,2754,0.88,1456733,100,10000000,100,10000000
12910,LND,,,,,,,,,,,,
12911,LND,,,,,,,,,,,,
12912,LND,,,,,,,,,,,,
12913,LND,,,,,,,,,,,,
12914,LND,,,,,,,,,,,,
12915,CLN,67,2155,118,49951,730,2061,0.95,2986524,100,10000000,100,10000000
12916,LND,,,,,,,,,,,,
12917,LND,,,,,,,,,,,,
12918,LND,,,,,,,,,,,,
12919,LND,,,,,,,,,,,,
12920,CLN,68,1849,106,50096,628,2133,0.81,2744608,100,10000000,100,10000000
12921,LND,,,,,,,,,,,,
12922,LND,,,,,,,,,,,,
12923,LND,,,,,,,,,,,,
12924,LND,,,,,,,,,,,,
12925,LND,,,,,,,,,,,,
12926,LND,,,,,,,,,,,,
12927,LND,,,,,,,,,,,,
12928,LND,,,,,,,,,,,,
12929,LND,,,,,,,,,,,,
12930,LND,,,,,,,,,,,,
12931,LND,,,,,,,,,,,,
12932,LND,,,,,,,,,,,,
12933,LND,,,,,,,,,,,,
12934,CLN,66,1935,120,50236,657,2401,0.8,8585981,100,10000000,100,10000000
12935,LND,,,,,,,,,,,,
12936,CLN,63,2082,88,41111,599,2252,0.86,2060718,100,10000000,100,10000000
12937,LND,,,,,,,,,,,,
12938,LND,,,,,,,,,,,,
12939,LND,,,,,,,,,,,,
12940,LND,,,,,,,,,,,,
12941,LND,,,,,,,,,,,,
12942,LND,,,,,,,,,,,,
12943,LND,,,,,,,,,,,,
12944,LND,,,,,,,,,,,,
12945,CLN,69,1825,89,49784,639,2984,0.69,4458196,100,10000000,100,10000000
12946,LND,,,,,,,,,,,,
12947,LND,,,,,,,,,,,,
12948,LND,,,,,,,,,,,,
12949,LND,,,,,,,,,,,,
12950,LND,,,,,,,,,,,,
12951,LND,,,,,,,,,,,,
12952,LND,,,,,,,,,,,,
12953,CLN,56,1572,94,51766,722,2911,0.74,4050165,100,10000000,100,10000000
12954,LND,,,,,,,,,,,,
12955,CLN,72,1868,105,45104,649,2836,0.76,7637061,100,10000000,100,10000000
12956,LND,,,,,,,,,,,,
12957,LND,,,,,,,,,,,,
12958,CLN,72,1507,104,53009,752,2679,0.65,553083,100,10000000,100,10000000
12959,LND,,,,,,,,,,,,
12960,LND,,,,,,,,,,,,
12961,LND,,,,,,,,,,,,
12962,LND,,,,,,,,,,,,
12963,LND,,,,,,,,,,,,
12964,LND,,,,,,,,,,,,
12965,CLN,71,2160,82,55002,766,2368,0.92,186023,100,10000000,100,10000000
12966,LND,,,,,,,,,,,,
12967,LND,,,,,,,,,,,,
12968,LND,,,,,,,,,,,,
12969,LND,,,,,,,,,,,,
12970,LND,,,,,,,,,,,,
12971,LND,,,,,,,,,,,,
12972,LND,,,,,,,,,,,,
12973,LND,,,,,,,,,,,,
12974,LND,,,,,,,,,,,,
12975,LND,,,,,,,,,,,,
12976,LND,,,,,,,,,,,,
12977,LND,,,,,,,,,,,,
12978,LND,,,,,,,,,,,,
12979,LND,,,,,,,,,,,,
12980,LND,,,,,,,,,,,,
12981,LND,,,,,,,,,,,,
12982,LND,,,,,,,,,,,,
12983,LND,,,,,,,,,,,,
12984,LND,,,,,,,,,,,,
12985,LND,,,,,,,,,,,,
12986,LND,,,,,,,,,,,,
12987,LND,,,,,,,,,,,,
12988,LND,,,,,,,,,,,,
12989,LND,,,,,,,,,,,,
12990,LND,,,,,,,,,,,,
12991,LND,,,,,,,,,,,,
12992,LND,,,,,,,,,,,,
12993,LND,,,,,,,,,,,,
12994,LND,,,,,,,,,,,,
12995,CLN,63,2146,80,54701,709,2896,0.84,5214072,100,10000000,100,10000000
12996,LND,,,,,,,,,,,,
12997,LND,,,,,,,,,,,,
12998,LND,,,,,,,,,,,,
12999,LND,,,,,,,,,,,,
13000,LND,,,,,,,,,,,,
13001,LND,,,,,,,,,,,,
13002,LND,,,,,,,,,,,,
13003,LND,,,,,,,,,,,,
13004,LND,,,,,,,,,,,,
13005,CLN,68,1926,112,50683,634,2457,0.61,1142278,100,10000000,100,10000000
13006,LND,,,,,,,,,,,,
13007,LND,,,,,,,,,,,,
13008,LND,,,,,,,,,,,,
13009,LND,,,,,,,,,,,,
13010,CLN,71,2163,86,44360,680,2361,0.86,94142,100,10000000,100,10000000
13011,LND,,,,,,,,,,,,
